run_id,is_synthetic,session,timestamp,elapsed_smoking_min,remaining_min,remaining_min_from_heat,remaining_min_from_weight,remaining_min_gated,start_weight_g,dht11_temp_c,dht11_humidity_pct,oven_temp_c,mq6_adc,mq6_ratio,weight_g,weight_corrected_g,weight_smooth_g,weight_loss_from_start_g,moisture_removed_frac,target_loss_frac,weight_progress_frac,drying_rate_g_per_min,oven_deg_h,target_oven_deg_h,heat_progress_frac,target_hours
catfish_3342g,0,catfish_main,2026-08-31 11:46:40.000000,0.0,28.833333333333332,127.2494791666667,6406.000000000004,6406.000000000004,3342.3,30.1,53.0,28.25,687.0,18.22,3342.3,3342.3,3336.9,0.0,0.0,0.09583221135146461,0.0,0.0,0.0,169.66597222222228,0.0,0.4805555555555555
catfish_3342g,0,catfish_main,2026-08-31 11:46:45.000000,0.08333333333333333,28.75,127.22005208333339,6378.000000000002,6378.000000000002,3342.3,30.1,53.1,28.25,688.0,18.26,3340.9,3340.9,3338.8,1.400000000000091,0.0004188732310086141,0.09583221135146461,0.004370902279113613,0.0,0.03923611111111111,169.66597222222228,0.00023125503951800712,0.4805555555555555
catfish_3342g,0,catfish_main,2026-08-31 11:46:50.000000,0.16666666666666666,28.666666666666664,127.19062500000004,6443.999999999996,6443.999999999996,3342.3,30.2,53.1,28.25,687.0,18.13,3344.2,3344.2,3339.8500000000004,-1.8999999999996362,-0.0005684708135115448,0.09583221135146461,0.0,0.0,0.07847222222222222,169.66597222222228,0.00046251007903601424,0.4805555555555555
catfish_3342g,0,catfish_main,2026-08-31 11:46:55.000000,0.25,28.583333333333332,127.16145833333339,6218.000000000002,6218.000000000002,3342.3,30.2,53.1,28.0,691.0,18.16,3332.9,3332.9,3340.9,9.400000000000091,0.002812434551057682,0.09583221135146461,0.029347486731189778,0.0,0.11736111111111111,169.66597222222228,0.0006917186137795257,0.4805555555555555
catfish_3342g,0,catfish_main,2026-08-31 11:47:00.000000,0.3333333333333333,28.5,127.1315104166667,6150.0,6150.0,3342.3,30.2,53.1,28.75,693.0,17.88,3329.5,3329.5,3341.6000000000004,12.800000000000182,0.003829698112078563,0.09583221135146461,0.03996253512332243,12.599999999999454,0.15729166666666666,169.66597222222228,0.0009270666628465241,0.4805555555555555
catfish_3342g,0,catfish_main,2026-08-31 11:47:05.000000,0.4166666666666667,28.416666666666664,127.10208333333335,6218.000000000002,6218.000000000002,3342.3,30.2,53.1,28.25,692.0,17.78,3332.9,3332.9,3342.3,9.400000000000091,0.002812434551057682,0.09583221135146461,0.029347486731189778,12.599999999996724,0.19652777777777777,169.66597222222228,0.0011583217023645313,0.4805555555555555
catfish_3342g,0,catfish_main,2026-08-31 11:47:10.000000,0.5,28.333333333333332,127.07239583333339,6336.000000000004,6336.000000000004,3342.3,30.2,53.1,28.5,719.0,17.27,3338.8,3338.8,3343.25,3.5,0.0010471830775214673,0.09583221135146461,0.010927255697783323,11.999999999997272,0.2361111111111111,169.66597222222228,0.001391623246657034,0.4805555555555555
catfish_3342g,0,catfish_main,2026-08-31 11:47:15.000000,0.5833333333333334,28.25,127.04244791666673,7411.999999999998,7411.999999999998,3342.3,30.2,53.1,28.75,695.0,18.07,3392.6,3392.6,3367.95,-50.29999999999973,-0.015049516799808432,0.09583221135146461,0.0,12.599999999996724,0.2760416666666667,169.66597222222228,0.0016269712957240326,0.4805555555555555
catfish_3342g,0,catfish_main,2026-08-31 11:47:20.000000,0.6666666666666666,28.166666666666664,127.01302083333339,7411.999999999998,7411.999999999998,3342.3,30.2,53.1,28.25,691.0,17.63,3310.6,3392.6,3391.75,-50.29999999999973,-0.015049516799808432,0.09583221135146461,0.0,12.599999999999454,0.31527777777777777,169.66597222222228,0.0018582263352420394,0.4805555555555555
catfish_3342g,0,catfish_main,2026-08-31 11:47:25.000000,0.75,28.083333333333332,126.9830729166667,7403.999999999996,7403.999999999996,3342.3,30.3,53.1,28.75,693.0,17.97,3310.2,3392.2,3392.0,-49.899999999999636,-0.014929838733805953,0.09583221135146461,0.0,12.599999999996724,0.35520833333333335,169.66597222222228,0.002093574384309038,0.4805555555555555
catfish_3342g,0,catfish_main,2026-08-31 11:47:30.000000,0.8333333333333334,28.0,126.95312500000004,7396.000000000004,7396.000000000004,3342.3,30.3,53.1,28.75,699.0,17.91,3309.8,3391.8,3392.0,-49.5,-0.014810160667803607,0.09583221135146461,0.0,11.999999999997272,0.39513888888888893,169.66597222222228,0.0023289224333760366,0.4805555555555555
catfish_3342g,0,catfish_main,2026-08-31 11:47:35.000000,0.9166666666666666,27.916666666666664,126.92239583333338,7413.999999999996,7413.999999999996,3342.3,30.3,53.1,29.5,699.0,17.78,3310.7,3392.7,3392.0,-50.399999999999636,-0.015079436316309019,0.09583221135146461,0.0,11.399999999997819,0.43611111111111117,169.66597222222228,0.002570409996766522,0.4805555555555555
catfish_3342g,0,catfish_main,2026-08-31 11:47:40.000000,1.0,27.833333333333332,126.88984375000003,7393.999999999996,7393.999999999996,3342.3,30.3,53.1,31.25,701.0,17.57,3309.7,3391.7,3392.0,-49.399999999999636,-0.014780241151302885,0.09583221135146461,0.0,9.900000000000547,0.47951388888888896,169.66597222222228,0.0028262230935784767,0.4805555555555555
catfish_3342g,0,catfish_main,2026-08-31 11:47:45.000000,1.0833333333333333,27.75,126.85364583333337,7410.0,7410.0,3342.3,30.3,53.1,34.75,705.0,17.63,3310.5,3392.5,3392.0,-50.19999999999982,-0.015019597283307847,0.09583221135146461,0.0,8.400000000003276,0.5277777777777779,169.66597222222228,0.003110687257233371,0.4805555555555555
catfish_3342g,0,catfish_main,2026-08-31 11:47:50.000000,1.1666666666666667,27.666666666666664,126.81328125000005,7406.000000000004,7406.000000000004,3342.3,30.3,53.1,38.75,706.0,17.42,3310.3,3392.3,3391.75,-50.0,-0.014959758250306675,0.09583221135146461,0.0,8.400000000000546,0.5815972222222223,169.66597222222228,0.0034278954972801947,0.4805555555555555
catfish_3342g,0,catfish_main,2026-08-31 11:47:55.000000,1.25,27.583333333333332,126.76822916666671,7338.000000000002,7338.000000000002,3342.3,30.4,53.1,43.25,705.0,17.57,3306.9,3388.9,3391.55,-46.59999999999991,-0.013942494689285793,0.09583221135146461,0.0,8.399999999997814,0.6416666666666667,169.66597222222228,0.0037819408232679396,0.4805555555555555
catfish_3342g,0,catfish_main,2026-08-31 11:48:00.000000,1.3333333333333333,27.5,126.7174479166667,7388.000000000002,7388.000000000002,3342.3,30.4,53.2,48.75,707.0,17.48,3309.4,3391.4,3390.8,-49.09999999999991,-0.014690482601801128,0.09583221135146461,0.0,5.699999999998906,0.7093750000000001,169.66597222222228,0.004181009254294589,0.4805555555555555
catfish_3342g,0,catfish_main,2026-08-31 11:48:05.000000,1.4166666666666667,27.416666666666664,126.6604166666667,7363.999999999996,7363.999999999996,3342.3,30.4,53.2,54.75,718.0,17.78,3308.2,3390.2,3389.7,-47.899999999999636,-0.014331448403793684,0.09583221135146461,0.0,2.9999999999999987,0.7854166666666668,169.66597222222228,0.004629193799909134,0.4805555555555555
catfish_3342g,0,catfish_main,2026-08-31 11:48:10.000000,1.5,27.333333333333332,126.59661458333336,7343.999999999996,7343.999999999996,3342.3,30.4,53.2,61.25,709.0,17.1,3307.2,3389.2,3389.05,-46.899999999999636,-0.014032253238787552,0.09583221135146461,0.0,1.4999999999999993,0.8704861111111112,169.66597222222228,0.0051305874696605655,0.4805555555555555
catfish_3342g,0,catfish_main,2026-08-31 11:48:15.000000,1.5833333333333333,27.25,126.52473958333337,7310.0,7310.0,3342.3,30.5,53.2,69.0,709.0,17.36,3305.5,3387.5,3388.2,-45.19999999999982,-0.01352362145827718,0.09583221135146461,0.0,0.0,0.9663194444444445,169.66597222222228,0.005695422787421361,0.4805555555555555
catfish_3342g,0,catfish_main,2026-08-31 11:48:20.000000,1.6666666666666667,27.166666666666664,126.44453125000003,7301.999999999998,7301.999999999998,3342.3,30.5,53.2,77.0,709.0,17.48,3305.1,3387.1,3387.3,-44.79999999999973,-0.013403943392274699,0.09583221135146461,0.0,0.0,1.073263888888889,169.66597222222228,0.0063257462579660185,0.4805555555555555
catfish_3342g,0,catfish_main,2026-08-31 11:48:25.000000,1.75,27.083333333333332,118.5742913000978,7253.999999999996,7253.999999999996,3342.3,30.6,53.3,85.25,709.0,17.36,3302.7,3384.7,3385.8999999999996,-42.399999999999636,-0.012685874996259951,0.09583221135146461,0.0,0.0,1.1916666666666669,169.66597222222228,0.007023604386069032,0.4805555555555555
catfish_3342g,0,catfish_main,2026-08-31 11:48:30.000000,1.8333333333333333,27.0,106.8844797178131,7238.000000000002,7238.000000000002,3342.3,30.7,53.3,94.5,708.0,17.57,3301.9,3383.9,3384.3,-41.59999999999991,-0.012446518864255126,0.09583221135146461,0.0,0.0,1.322916666666667,169.66597222222228,0.0077971831908283835,0.4805555555555555
catfish_3342g,0,catfish_main,2026-08-31 11:48:35.000000,1.9166666666666667,26.916666666666664,97.98058252427187,7086.000000000004,7086.000000000004,3342.3,30.7,53.3,103.0,710.0,17.51,3294.3,3376.3,3381.95,-34.0,-0.01017263561020854,0.09583221135146461,0.0,0.0,1.4659722222222225,169.66597222222228,0.008640343157920586,0.4805555555555555
catfish_3342g,0,catfish_main,2026-08-31 11:48:40.000000,2.0,26.833333333333332,89.8231254639941,7160.0,7160.0,3342.3,30.8,53.3,112.25,713.0,17.42,3298.0,3380.0,3379.0,-37.69999999999982,-0.011279657720731178,0.09583221135146461,0.0,0.0,1.6218750000000002,169.66597222222228,0.009559223801669127,0.4805555555555555
catfish_3342g,0,catfish_main,2026-08-31 11:48:45.000000,2.0833333333333335,26.75,82.7310061601643,296.66666666693624,296.66666666693624,3342.3,30.9,53.4,121.75,709.0,17.36,3296.0,3378.0,3377.15,-35.69999999999982,-0.010681267390718912,0.09583221135146461,0.0,-1.1999999999989097,1.7909722222222224,169.66597222222228,0.010555871626848503,0.4805555555555555
catfish_3342g,0,catfish_main,2026-08-31 11:48:50.000000,2.1666666666666665,26.666666666666664,77.10057471264369,130.59259259264545,130.59259259264545,3342.3,31.0,53.4,130.5,718.0,17.66,3292.6,3374.6,3375.45,-32.29999999999973,-0.00966400382969803,0.09583221135146461,0.0,-2.699999999998907,1.9722222222222223,169.66597222222228,0.011624147119135226,0.4805555555555555
catfish_3342g,0,catfish_main,2026-08-31 11:48:55.000000,2.25,26.583333333333332,71.65730837789664,65.1111111111374,71.65730837789664,3342.3,31.0,53.2,140.25,714.0,17.1,3291.6,3373.6,3374.1,-31.299999999999727,-0.009364808664691896,0.09583221135146461,0.0,-5.399999999997818,2.167013888888889,169.66597222222228,0.012772236297627278,0.4805555555555555
catfish_3342g,0,catfish_main,2026-08-31 11:49:00.000000,2.3333333333333335,26.5,67.02810239287705,41.69047619048697,67.02810239287705,3342.3,31.1,53.2,149.75,715.0,16.54,3290.2,3372.2,3372.8999999999996,-29.899999999999636,-0.008945935433683282,0.09583221135146461,0.0,-8.399999999997824,2.375,169.66597222222228,0.013998092657550166,0.4805555555555555
catfish_3342g,0,catfish_main,2026-08-31 11:49:05.000000,2.4166666666666665,26.416666666666664,63.24447949526816,36.291666666658394,63.24447949526816,3342.3,31.3,53.3,158.5,720.0,17.1,3288.4,3370.4,3371.3,-28.09999999999991,-0.008407384136672323,0.09583221135146461,0.0,-9.600000000002192,2.595138888888889,169.66597222222228,0.015295576684580401,0.4805555555555555
catfish_3342g,0,catfish_main,2026-08-31 11:49:10.000000,2.5,26.333333333333332,59.85239162929747,32.742857142857176,59.85239162929747,3342.3,31.4,53.3,167.25,720.0,17.1,3283.8,3365.8,3368.1000000000004,-23.5,-0.007031086377644137,0.09583221135146461,0.0,-10.499999999999995,2.827430555555556,169.66597222222228,0.016664688378717984,0.4805555555555555
catfish_3342g,0,catfish_main,2026-08-31 11:49:15.000000,2.5833333333333335,26.25,56.632318224740345,28.525000000000066,56.632318224740345,3342.3,31.6,53.4,176.5,719.0,17.1,3282.3,3364.3,3365.05,-22.0,-0.006582293630134937,0.09583221135146461,0.0,-11.999999999999979,3.072569444444445,169.66597222222228,0.018109520749511904,0.4805555555555555
catfish_3342g,0,catfish_main,2026-08-31 11:49:20.000000,2.6666666666666665,26.166666666666664,53.874044084570414,24.49275362318167,53.874044084570414,3342.3,31.7,53.5,185.25,720.0,17.1,3278.0,3360.0,3362.15,-17.699999999999818,-0.005295754420608508,0.09583221135146461,0.0,-13.800000000003795,3.3298611111111116,169.66597222222228,0.019625980787413174,0.4805555555555555
catfish_3342g,0,catfish_main,2026-08-31 11:49:25.000000,2.75,26.083333333333332,51.62737478411056,21.934640522874286,51.62737478411056,3342.3,31.9,53.5,193.0,730.0,16.76,3275.6,3357.6,3358.8,-15.299999999999727,-0.00457768602459376,0.09583221135146461,0.0,-15.300000000001065,3.5979166666666673,169.66597222222228,0.021205882473323806,0.4805555555555555
catfish_3342g,0,catfish_main,2026-08-31 11:49:30.000000,2.8333333333333335,26.0,49.304935976869075,20.248484848481503,49.304935976869075,3342.3,32.0,53.6,201.75,733.0,16.93,3274.1,3356.1,3356.85,-13.799999999999727,-0.004128893277084561,0.09583221135146461,0.0,-16.50000000000272,3.8781250000000007,169.66597222222228,0.022857411826341788,0.4805555555555555
catfish_3342g,0,catfish_main,2026-08-31 11:49:35.000000,2.9166666666666665,25.916666666666664,47.51126395534292,18.32777777777777,47.51126395534292,3342.3,32.1,53.4,209.0,736.0,16.65,3269.9,3351.9,3354.0,-9.599999999999909,-0.002872273584058854,0.09583221135146461,0.0,-18.000000000000014,4.168402777777779,169.66597222222228,0.02456828981782014,0.4805555555555555
catfish_3342g,0,catfish_main,2026-08-31 11:49:45.000000,3.0833333333333335,25.75,44.21256983240225,16.781250000005677,44.21256983240225,3342.3,32.6,53.6,223.75,746.0,16.51,3262.2,3344.2,3348.05,-1.8999999999996362,-0.0005684708135115448,0.09583221135146461,0.0,-19.199999999993494,4.789930555555556,169.66597222222228,0.028231533364167335,0.4805555555555555
catfish_3342g,0,catfish_main,2026-08-31 11:49:50.000000,3.1666666666666665,25.666666666666664,42.695315315315334,16.13131313131441,42.695315315315334,3342.3,32.8,53.6,231.25,752.0,16.22,3259.4,3341.4,3342.8,0.900000000000091,0.00026927564850554736,0.09583221135146461,0.0028098657508588525,-19.799999999998434,5.111111111111112,169.66597222222228,0.0301245502805758,0.4805555555555555
catfish_3342g,0,catfish_main,2026-08-31 11:49:55.000000,3.25,25.583333333333332,41.44470732562217,14.8779342722997,41.44470732562217,3342.3,33.0,53.5,237.75,751.0,16.14,3256.9,3338.9,3340.15,3.400000000000091,0.001017263561020881,0.09583221135146461,0.010615048392132653,-21.300000000001106,5.441319444444445,169.66597222222228,0.032070776321121146,0.4805555555555555
catfish_3342g,0,catfish_main,2026-08-31 11:50:00.000000,3.3333333333333335,25.5,40.2584442169908,13.75877192982392,40.2584442169908,3342.3,33.2,53.6,244.25,742.0,16.22,3253.7,3335.7,3337.3,6.600000000000364,0.00197468808904059,0.09583221135146461,0.020605682172963973,-22.80000000000105,5.780555555555556,169.66597222222228,0.03407021148580339,0.4805555555555555
catfish_3342g,0,catfish_main,2026-08-31 11:50:05.000000,3.4166666666666665,25.416666666666664,39.170658682634745,11.945736434106772,39.170658682634745,3342.3,33.5,53.6,250.5,762.0,15.91,3248.2,3330.2,3332.95,12.100000000000364,0.003620261496574324,0.09583221135146461,0.037777083983766335,-25.800000000003774,6.128472222222222,169.66597222222228,0.036120809269848016,0.4805555555555555
catfish_3342g,0,catfish_main,2026-08-31 11:50:10.000000,3.5,25.333333333333332,38.09662775616084,10.213333333332425,38.09662775616084,3342.3,33.8,53.7,257.0,767.0,15.24,3246.4,3328.4,3329.3,13.900000000000091,0.004158812793585283,0.09583221135146461,0.043396815485482625,-30.000000000002675,6.485416666666667,169.66597222222228,0.03822461617802953,0.4805555555555555
catfish_3342g,0,catfish_main,2026-08-31 11:50:15.000000,3.5833333333333335,25.25,37.14416983523448,9.619047619046803,37.14416983523448,3342.3,34.0,53.5,263.0,767.0,16.22,3243.0,3325.0,3326.7,17.300000000000182,0.005176076354606164,0.09583221135146461,0.05401186387761527,-31.50000000000267,6.850694444444445,169.66597222222228,0.040377539200798944,0.4805555555555555
catfish_3342g,0,catfish_main,2026-08-31 11:50:20.000000,3.6666666666666665,25.166666666666664,36.29996896337679,9.468553459119972,36.29996896337679,3342.3,34.3,53.6,268.5,770.0,15.58,3241.1,3323.1,3324.05,19.200000000000273,0.005744547168117844,0.09583221135146461,0.059943802684983644,-31.79999999999839,7.223611111111111,169.66597222222228,0.042575485328607256,0.4805555555555555
catfish_3342g,0,catfish_main,2026-08-31 11:50:30.000000,3.8333333333333335,25.0,34.61135890573893,9.226415094340092,34.61135890573893,3342.3,34.8,53.8,280.25,784.0,15.41,3233.4,3315.4,3319.25,26.90000000000009,0.008048349938665019,0.09583221135146461,0.0839837652201064,-31.79999999999839,8.002083333333333,169.66597222222228,0.047163749033026475,0.4805555555555555
catfish_3342g,0,catfish_main,2026-08-31 11:50:35.000000,3.9166666666666665,24.916666666666664,33.27808827744341,8.775757575757588,33.27808827744341,3342.3,35.1,53.7,290.75,784.0,15.26,3229.6,3311.6,3313.5,30.700000000000273,0.00918529156568838,0.09583221135146461,0.09584764283484314,-32.99999999999994,8.405902777777778,169.66597222222228,0.049543834085764904,0.4805555555555555
catfish_3342g,0,catfish_main,2026-08-31 11:50:40.000000,4.0,24.833333333333332,33.280818965517255,8.397660818713707,33.280818965517255,3342.3,35.4,53.8,290.0,785.0,15.41,3227.2,3309.2,3310.3999999999996,33.100000000000364,0.009903359961703127,0.09583221135146461,0.10334061817046628,-34.19999999999894,8.808680555555556,169.66597222222228,0.05191777962417985,0.4805555555555555
catfish_3342g,0,catfish_main,2026-08-31 11:50:45.000000,4.083333333333333,24.75,33.341558441558455,8.20869565217388,33.341558441558455,3342.3,35.8,53.9,288.75,793.0,15.14,3223.2,3305.2,3307.2,37.100000000000364,0.01110014062172766,0.09583221135146461,0.11582891039650434,-34.50000000000012,9.209722222222222,169.66597222222228,0.054281492638722305,0.4805555555555555
catfish_3342g,0,catfish_main,2026-08-31 11:50:50.000000,4.166666666666667,24.666666666666664,32.46907579599888,8.156521739131097,32.46907579599888,3342.3,36.1,53.9,295.75,794.0,15.12,3221.4,3303.4,3304.3,38.90000000000009,0.01163869191873862,0.09583221135146461,0.12144864189822063,-34.49999999999721,9.620486111111111,169.66597222222228,0.05670250778695065,0.4805555555555555
catfish_3342g,0,catfish_main,2026-08-31 11:50:55.000000,4.25,24.583333333333332,31.298134531590424,7.948275862069352,31.298134531590424,3342.3,36.4,54.0,306.0,790.0,15.0,3216.6,3298.6,3301.0,43.70000000000027,0.013074828710768115,0.09583221135146461,0.1364345925694669,-34.7999999999983,10.045486111111112,169.66597222222228,0.05920742963093331,0.4805555555555555
catfish_3342g,0,catfish_main,2026-08-31 11:51:00.000000,4.333333333333333,24.5,30.662185660781176,7.787234042553186,30.662185660781176,3342.3,36.7,54.1,311.5,818.0,15.1,3214.5,3296.5,3297.55,45.80000000000018,0.013703138557280968,0.09583221135146461,0.1429909459881366,-35.25000000000003,10.478125,169.66597222222228,0.06175737457995488,0.4805555555555555
catfish_3342g,0,catfish_main,2026-08-31 11:51:05.000000,4.416666666666667,24.416666666666664,30.62814844587354,7.4661134163207885,30.62814844587354,3342.3,37.1,54.1,311.0,799.0,15.0,3209.9,3291.9,3294.2,50.40000000000009,0.015079436316309154,0.09583221135146461,0.1573524820480801,-36.15000000000048,10.910069444444446,169.66597222222228,0.06430322651942745,0.4805555555555555
catfish_3342g,0,catfish_main,2026-08-31 11:51:10.000000,4.5,24.333333333333332,30.594135802469143,7.216802168021057,30.594135802469143,3342.3,37.5,54.2,310.5,806.0,14.86,3206.3,3288.3,3290.1000000000004,54.0,0.016156538910331208,0.09583221135146461,0.16859194505151412,-36.90000000000321,11.341319444444446,169.66597222222228,0.06684498544935104,0.4805555555555555
catfish_3342g,0,catfish_main,2026-08-31 11:51:15.000000,4.583333333333333,24.25,30.073743386243393,6.923280423280231,30.073743386243393,3342.3,37.8,54.3,315.0,797.0,14.68,3201.7,3283.7,3286.0,58.600000000000364,0.017532836669359533,0.09583221135146461,0.18295348111145907,-37.80000000000102,11.778819444444446,169.66597222222228,0.06942358146521554,0.4805555555555555
catfish_3342g,0,catfish_main,2026-08-31 11:51:20.000000,4.666666666666667,24.166666666666664,29.155028292181083,6.93333333333286,29.155028292181083,3342.3,38.2,54.3,324.0,811.0,14.7,3200.0,3282.0,3282.85,60.30000000000018,0.018041468449869903,0.09583221135146461,0.18826100530752465,-37.50000000000256,12.228819444444445,169.66597222222228,0.07207585165296189,0.4805555555555555
catfish_3342g,0,catfish_main,2026-08-31 11:51:25.000000,4.75,24.083333333333332,28.56330553449584,6.829333333332865,28.56330553449584,3342.3,38.6,54.4,329.75,809.0,15.05,3196.1,3278.1,3280.05,64.20000000000027,0.01920832959339385,0.09583221135146461,0.20043709022791206,-37.50000000000256,12.686805555555557,169.66597222222228,0.07477519145052164,0.4805555555555555
catfish_3342g,0,catfish_main,2026-08-31 11:51:30.000000,4.833333333333333,24.0,28.24373433583961,6.815999999999533,28.24373433583961,3342.3,39.0,54.4,332.5,799.0,15.17,3195.6,3277.6,3277.85,64.70000000000027,0.01935792717589692,0.09583221135146461,0.20199812675616685,-37.50000000000256,13.148611111111112,169.66597222222228,0.07749704280060084,0.4805555555555555
catfish_3342g,0,catfish_main,2026-08-31 11:51:35.000000,4.916666666666667,23.916666666666664,28.202936746987962,6.9300411522630725,28.202936746987962,3342.3,39.4,54.6,332.0,790.0,15.33,3192.6,3274.6,3276.1,67.70000000000027,0.02025551267091532,0.09583221135146461,0.21136434592569542,-36.45000000000157,13.609722222222222,169.66597222222228,0.08021480114113104,0.4805555555555555
catfish_3342g,0,catfish_main,2026-08-31 11:51:40.000000,5.0,23.833333333333332,28.35516324981019,6.639999999999547,28.35516324981019,3342.3,39.8,54.7,329.25,795.0,15.03,3189.0,3271.0,3272.8,71.30000000000018,0.021332615264937373,0.09583221135146461,0.2226038089291294,-37.50000000000256,14.067013888888889,169.66597222222228,0.08291004792914179,0.4805555555555555
catfish_3342g,0,catfish_main,2026-08-31 11:51:45.000000,5.083333333333333,23.75,27.558228472736253,6.59999999999955,27.558228472736253,3342.3,40.2,54.7,337.75,791.0,15.1,3187.5,3269.5,3270.25,72.80000000000018,0.021781408012446574,0.09583221135146461,0.22728691851389368,-37.50000000000256,14.536111111111111,169.66597222222228,0.0856748758794854,0.4805555555555555
catfish_3342g,0,catfish_main,2026-08-31 11:51:50.000000,5.166666666666667,23.666666666666664,27.053085519922266,6.485333333332886,27.053085519922266,3342.3,40.6,54.8,343.0,784.0,15.36,3183.2,3265.2,3267.35,77.10000000000036,0.023067947221973,0.09583221135146461,0.24071183265688517,-37.50000000000256,15.012500000000001,169.66597222222228,0.08848268043009341,0.4805555555555555
catfish_3342g,0,catfish_main,2026-08-31 11:51:55.000000,5.25,23.583333333333332,27.248649975454107,6.738888888888405,27.248649975454107,3342.3,41.0,54.8,339.5,784.0,14.98,3182.6,3264.6,3264.8999999999996,77.70000000000027,0.023247464320976654,0.09583221135146461,0.2425850764907906,-36.00000000000257,15.48402777777778,169.66597222222228,0.0912618339138585,0.4805555555555555
catfish_3342g,0,catfish_main,2026-08-31 11:52:00.000000,5.333333333333333,23.5,27.20550639134711,6.6361111111106394,27.20550639134711,3342.3,41.4,54.9,339.0,784.0,15.19,3178.9,3260.9,3262.75,81.40000000000009,0.024354486431499293,0.09583221135146461,0.25413674679987525,-36.00000000000257,15.954861111111112,169.66597222222228,0.09403689438807458,0.4805555555555555
catfish_3342g,0,catfish_main,2026-08-31 11:52:05.000000,5.416666666666667,23.416666666666664,26.765769044153338,6.586111111110638,26.765769044153338,3342.3,41.9,55.1,343.5,791.0,15.24,3177.1,3259.1,3260.0,83.20000000000027,0.024893037728510387,0.09583221135146461,0.259756478301593,-36.00000000000257,16.431944444444447,169.66597222222228,0.0968487919482316,0.4805555555555555
catfish_3342g,0,catfish_main,2026-08-31 11:52:10.000000,5.5,23.333333333333332,26.26062559694366,6.761494252873935,26.26062559694366,3342.3,42.3,55.0,349.0,791.0,15.17,3175.3,3257.3,3258.2,85.0,0.025431589025521346,0.09583221135146461,0.2653762098033092,-34.799999999998114,16.916666666666668,169.66597222222228,0.0997057126134275,0.4805555555555555
catfish_3342g,0,catfish_main,2026-08-31 11:52:15.000000,5.583333333333333,23.25,25.916548463356985,6.777777777778553,25.916548463356985,3342.3,42.7,55.2,352.5,786.0,15.33,3171.8,3253.8,3255.55,88.5,0.026478772103042815,0.09583221135146461,0.2763034655010926,-34.199999999996116,17.40625,169.66597222222228,0.10259128434546634,0.4805555555555555
catfish_3342g,0,catfish_main,2026-08-31 11:52:20.000000,5.666666666666667,23.166666666666664,25.906946420104326,6.760233918129417,25.906946420104326,3342.3,43.0,55.1,351.5,784.0,15.38,3171.2,3253.2,3253.5,89.10000000000036,0.026658289202046603,0.09583221135146461,0.27817670933499944,-34.199999999996116,17.894444444444446,169.66597222222228,0.10546867005840722,0.4805555555555555
catfish_3342g,0,catfish_main,2026-08-31 11:52:25.000000,5.75,23.083333333333332,26.046628407460553,6.637426900585549,26.046628407460553,3342.3,43.4,55.3,348.5,784.0,15.33,3167.0,3249.0,3251.1,93.30000000000018,0.02791490889507231,0.09583221135146461,0.29128941617233883,-34.199999999996116,18.378472222222225,169.66597222222228,0.10832149771405415,0.4805555555555555
catfish_3342g,0,catfish_main,2026-08-31 11:52:30.000000,5.833333333333333,23.0,25.851666666666674,6.6052631578954895,25.851666666666674,3342.3,43.8,55.4,350.0,796.0,15.14,3165.9,3247.9,3248.45,94.40000000000009,0.028244023576579028,0.09583221135146461,0.29472369653449904,-34.199999999996116,18.864583333333336,169.66597222222228,0.11118660439834804,0.4805555555555555
catfish_3342g,0,catfish_main,2026-08-31 11:52:35.000000,5.916666666666667,22.916666666666664,25.386288998357976,6.6876876876880225,25.386288998357976,3342.3,44.3,55.4,355.25,793.0,15.0,3162.7,3244.7,3246.3,97.60000000000036,0.029201448104598737,0.09583221135146461,0.30471433031533035,-33.299999999998306,19.357986111111114,169.66597222222228,0.11409468768290634,0.4805555555555555
catfish_3342g,0,catfish_main,2026-08-31 11:52:40.000000,6.0,22.833333333333332,25.00283959202597,6.567567567567896,25.00283959202597,3342.3,44.7,55.6,359.5,786.0,15.41,3158.7,3240.7,3242.8,101.60000000000036,0.03039822876462327,0.09583221135146461,0.31720262254136844,-33.299999999998306,19.85729166666667,169.66597222222228,0.11703756154863107,0.4805555555555555
catfish_3342g,0,catfish_main,2026-08-31 11:52:45.000000,6.083333333333333,22.75,24.832871332871346,6.756172839506074,24.832871332871346,3342.3,45.1,55.6,360.75,783.0,15.41,3158.9,3240.9,3240.8,101.40000000000009,0.03033838973162196,0.09583221135146461,0.31657820793006564,-32.40000000000049,20.358333333333334,169.66597222222228,0.11999066793822827,0.4805555555555555
catfish_3342g,0,catfish_main,2026-08-31 11:52:50.000000,6.166666666666667,22.666666666666664,24.940293296089397,6.811320754717305,24.940293296089397,3342.3,45.4,55.7,358.0,784.0,15.41,3156.6,3238.6,3239.6499999999996,103.70000000000027,0.031026538611136124,0.09583221135146461,0.3237589759600381,-31.799999999998477,20.855555555555558,169.66597222222228,0.12292126277530603,0.4805555555555555
catfish_3342g,0,catfish_main,2026-08-31 11:52:55.000000,6.25,22.583333333333332,24.96189808321646,6.852564102564323,24.96189808321646,3342.3,45.9,55.8,356.5,789.0,15.31,3153.8,3235.8,3237.2,106.5,0.03186428507315322,0.09583221135146461,0.332500780518264,-31.199999999999022,21.350694444444446,169.66597222222228,0.12583957858373682,0.4805555555555555
catfish_3342g,0,catfish_main,2026-08-31 11:53:00.000000,6.333333333333333,22.5,24.687485502203675,7.076666666666004,24.687485502203675,3342.3,46.3,55.9,359.25,785.0,15.26,3152.3,3234.3,3235.05,108.0,0.032313077820662416,0.09583221135146461,0.33718389010302824,-30.000000000002835,21.84965277777778,169.66597222222228,0.12878040594468704,0.4805555555555555
catfish_3342g,0,catfish_main,2026-08-31 11:53:05.000000,6.416666666666667,22.416666666666664,24.165413533834595,7.136054421768557,24.165413533834595,3342.3,46.8,56.0,365.75,787.0,15.33,3149.8,3231.8,3233.05,110.5,0.03306106573317775,0.09583221135146461,0.344989072744302,-29.40000000000065,22.357638888888893,169.66597222222228,0.13177444242977418,0.4805555555555555
catfish_3342g,0,catfish_main,2026-08-31 11:53:10.000000,6.5,22.333333333333332,24.065573770491817,7.047619047618886,24.065573770491817,3342.3,47.2,56.0,366.0,774.0,16.06,3147.2,3229.2,3230.5,113.10000000000036,0.03383897316219381,0.09583221135146461,0.3531064626912279,-29.40000000000065,22.865972222222226,169.66597222222228,0.13477052541963577,0.4805555555555555
catfish_3342g,0,catfish_main,2026-08-31 11:53:15.000000,6.583333333333333,22.25,24.164429915118156,6.925170068027055,24.164429915118156,3342.3,47.6,56.2,363.25,782.0,15.55,3143.6,3225.6,3227.3999999999996,116.70000000000027,0.03491607575621586,0.09583221135146461,0.3643459256946619,-29.40000000000065,23.370486111111113,169.66597222222228,0.13774409685697794,0.4805555555555555
catfish_3342g,0,catfish_main,2026-08-31 11:53:20.000000,6.666666666666667,22.166666666666664,24.031307234432244,6.860544217686917,24.031307234432244,3342.3,48.0,56.1,364.0,759.0,15.29,3141.7,3223.7,3224.6499999999996,118.60000000000036,0.03548454656972754,0.09583221135146461,0.3702778645020303,-29.40000000000065,23.87604166666667,169.66597222222228,0.14072380780864358,0.4805555555555555
catfish_3342g,0,catfish_main,2026-08-31 11:53:25.000000,6.75,22.083333333333332,23.654511533242882,6.910652920962301,23.654511533242882,3342.3,48.5,56.3,368.5,768.0,15.29,3141.1,3223.1,3223.3999999999996,119.20000000000027,0.03566406366873119,0.09583221135146461,0.3721511083359357,-29.099999999999557,24.387847222222224,169.66597222222228,0.14374035584625014,0.4805555555555555
catfish_3342g,0,catfish_main,2026-08-31 11:53:30.000000,6.833333333333333,22.0,23.42762418521017,6.855670103092888,23.42762418521017,3342.3,48.9,56.5,370.75,783.0,15.43,3139.5,3221.5,3222.3,120.80000000000018,0.03614277593274098,0.09583221135146461,0.3771464252263506,-29.099999999999557,24.90277777777778,169.66597222222228,0.14677532242682717,0.4805555555555555
catfish_3342g,0,catfish_main,2026-08-31 11:53:35.000000,6.916666666666667,21.916666666666664,23.59980686207681,6.7628865979382535,23.59980686207681,3342.3,49.3,56.6,366.75,785.0,15.33,3136.8,3218.8,3220.15,123.5,0.03695060287825749,0.09583221135146461,0.3855760224789258,-29.099999999999557,25.412152777777777,169.66597222222228,0.14977754493101228,0.4805555555555555
catfish_3342g,0,catfish_main,2026-08-31 11:53:40.000000,7.0,21.833333333333332,23.420343969223815,6.989247311827795,23.420343969223815,3342.3,49.8,56.7,368.25,794.0,15.17,3135.0,3217.0,3217.9,125.30000000000018,0.03748915417526858,0.09583221135146461,0.3911957539806435,-27.900000000000645,25.92361111111111,169.66597222222228,0.15279204646384434,0.4805555555555555
catfish_3342g,0,catfish_main,2026-08-31 11:53:45.000000,7.083333333333333,21.75,23.054270064833457,7.310606060605921,23.054270064833457,3342.3,50.1,56.7,372.75,785.0,15.38,3133.0,3215.0,3216.0,127.30000000000018,0.038087544505280846,0.09583221135146461,0.39743990009366253,-26.400000000000503,26.441319444444446,169.66597222222228,0.15584338508261736,0.4805555555555555
catfish_3342g,0,catfish_main,2026-08-31 11:53:50.000000,7.166666666666667,21.666666666666664,23.07968328840971,7.3953488372097915,23.07968328840971,3342.3,50.6,56.8,371.0,783.0,15.41,3130.8,3212.8,3213.9,129.5,0.03874577386829429,0.09583221135146461,0.40430846081798294,-25.799999999998317,26.956597222222225,169.66597222222228,0.1588803981679689,0.4805555555555555
catfish_3342g,0,catfish_main,2026-08-31 11:53:55.000000,7.25,21.583333333333332,23.105732340329503,7.341085271319049,23.105732340329503,3342.3,51.0,57.2,369.25,797.0,15.14,3129.4,3211.4,3212.1000000000004,130.9000000000001,0.0391646470993029,0.09583221135146461,0.40867936309709657,-25.799999999995727,27.46944444444445,169.66597222222228,0.16190308571989895,0.4805555555555555
catfish_3342g,0,catfish_main,2026-08-31 11:54:00.000000,7.333333333333333,21.5,22.6832888592395,7.2596899224818685,22.6832888592395,3342.3,51.6,57.3,374.75,791.0,15.17,3127.3,3209.3,3210.3500000000004,133.0,0.039792956945815756,0.09583221135146461,0.4152357165157663,-25.79999999999559,27.98993055555556,169.66597222222228,0.16497079637686793,0.4805555555555555
catfish_3342g,0,catfish_main,2026-08-31 11:54:05.000000,7.416666666666667,21.416666666666664,22.783008294104473,7.294117647059656,22.783008294104473,3342.3,52.1,57.5,371.75,788.0,15.29,3126.0,3208.0,3208.65,134.30000000000018,0.04018191066032378,0.09583221135146461,0.4192944114892292,-25.49999999999709,28.506250000000005,169.66597222222228,0.16801394897654293,0.4805555555555555
catfish_3342g,0,catfish_main,2026-08-31 11:54:10.000000,7.5,21.333333333333332,22.761126095751862,7.081395348838413,22.761126095751862,3342.3,52.4,57.8,370.75,800.0,14.86,3122.7,3204.7,3206.35,137.60000000000036,0.041169254704844074,0.09583221135146461,0.42959725257571113,-25.79999999999559,29.02118055555556,169.66597222222228,0.17104891555711996,0.4805555555555555
catfish_3342g,0,catfish_main,2026-08-31 11:54:15.000000,7.583333333333333,21.25,22.345071982281294,7.14901960784396,22.345071982281294,3342.3,52.7,58.0,376.25,790.0,15.29,3122.3,3204.3,3204.5,138.0,0.04128893277084642,0.09583221135146461,0.43084608179831385,-25.49999999999709,29.543750000000003,169.66597222222228,0.1741289052427359,0.4805555555555555
catfish_3342g,0,catfish_main,2026-08-31 11:54:20.000000,7.666666666666667,21.166666666666664,22.562682379349052,7.047058823530208,22.562682379349052,3342.3,53.1,58.2,371.25,797.0,15.24,3119.7,3201.7,3203.0,140.60000000000036,0.042066840199862475,0.09583221135146461,0.4389634717452397,-25.49999999999709,30.059375000000003,169.66597222222228,0.1771679648328619,0.4805555555555555
catfish_3342g,0,catfish_main,2026-08-31 11:54:25.000000,7.75,21.083333333333332,22.223979138925888,7.247967479674979,22.223979138925888,3342.3,53.6,58.3,375.5,803.0,15.63,3118.3,3200.3,3201.0,142.0,0.04248571343087095,0.09583221135146461,0.4433343740243519,-24.599999999999408,30.58090277777778,169.66597222222228,0.18024181500415434,0.4805555555555555
catfish_3342g,0,catfish_main,2026-08-31 11:54:30.000000,7.833333333333333,21.0,22.229779411764714,7.408333333333315,22.229779411764714,3342.3,54.0,58.5,374.0,795.0,15.07,3117.8,3199.8,3200.05,142.5,0.04263531101337402,0.09583221135146461,0.4448954105526067,-24.000000000000085,31.100347222222226,169.66597222222228,0.18330338614679983,0.4805555555555555
catfish_3342g,0,catfish_main,2026-08-31 11:54:35.000000,7.916666666666667,20.916666666666664,22.206043342269894,7.333333333333346,22.206043342269894,3342.3,54.5,58.8,373.0,807.0,14.79,3116.0,3198.0,3198.9,144.30000000000018,0.043173862310385114,0.09583221135146461,0.45051514205432436,-23.999999999999957,31.61840277777778,169.66597222222228,0.18635677127034733,0.4805555555555555
catfish_3342g,0,catfish_main,2026-08-31 11:54:40.000000,8.0,20.833333333333332,21.843481138319007,7.241666666666687,21.843481138319007,3342.3,55.0,58.9,377.75,802.0,15.63,3113.8,3195.8,3196.9,146.5,0.043832091673398556,0.09583221135146461,0.45738370277864476,-23.999999999999957,32.143055555555556,169.66597222222228,0.1894490399846102,0.4805555555555555
catfish_3342g,0,catfish_main,2026-08-31 11:54:45.000000,8.083333333333334,20.75,21.861812943262418,7.154166666666672,21.861812943262418,3342.3,55.3,59.1,376.0,794.0,15.14,3111.7,3193.7,3194.75,148.60000000000036,0.04446040151991155,0.09583221135146461,0.46394005619731593,-23.999999999999957,32.66527777777778,169.66597222222228,0.1925269831654517,0.4805555555555555
catfish_3342g,0,catfish_main,2026-08-31 11:54:50.000000,8.166666666666666,20.666666666666664,21.924810352521206,7.145833333333346,21.924810352521206,3342.3,55.7,59.3,373.5,814.0,14.79,3111.5,3193.5,3193.6,148.80000000000018,0.04452024055291272,0.09583221135146461,0.46456447080861724,-23.999999999999957,33.18402777777778,169.66597222222228,0.19558446129854815,0.4805555555555555
catfish_3342g,0,catfish_main,2026-08-31 11:54:55.000000,8.25,20.583333333333332,21.5375687568757,7.256410256410108,21.5375687568757,3342.3,56.0,59.5,378.75,809.0,14.96,3109.8,3191.8,3192.65,150.5,0.04502887233342309,0.09583221135146461,0.4698719950046829,-23.400000000000503,33.71006944444444,169.66597222222228,0.19868491603190902,0.4805555555555555
catfish_3342g,0,catfish_main,2026-08-31 11:55:00.000000,8.333333333333334,20.5,21.66961111111112,7.506666666666645,21.66961111111112,3342.3,56.6,59.6,375.0,805.0,14.96,3108.9,3190.9,3191.3500000000004,151.4000000000001,0.04529814798192864,0.09583221135146461,0.47268186075554175,-22.500000000000078,34.23090277777778,169.66597222222228,0.2017546731936525,0.4805555555555555
catfish_3342g,0,catfish_main,2026-08-31 11:55:05.000000,8.416666666666666,20.416666666666664,21.428524156187965,7.643835616439095,21.428524156187965,3342.3,57.1,59.8,377.75,816.0,14.66,3107.4,3189.4,3190.15,152.9000000000001,0.045746940729437836,0.09583221135146461,0.47736497034030595,-21.899999999997895,34.75555555555555,169.66597222222228,0.2048469419079154,0.4805555555555555
catfish_3342g,0,catfish_main,2026-08-31 11:55:10.000000,8.5,20.333333333333332,21.190319754708728,7.765258215963014,21.190319754708728,3342.3,57.3,60.0,380.5,813.0,15.14,3105.4,3187.4,3188.5,154.9000000000001,0.0463453310594501,0.09583221135146461,0.483609116453325,-21.29999999999844,35.28402777777777,169.66597222222228,0.20796172217469774,0.4805555555555555
catfish_3342g,0,catfish_main,2026-08-31 11:55:15.000000,8.583333333333334,20.25,21.247134038800716,7.9999999999993765,21.247134038800716,3342.3,57.7,60.1,378.0,810.0,14.91,3105.6,3187.6,3187.5,154.70000000000027,0.04628549202644893,0.09583221135146461,0.4829847018420237,-20.7000000000016,35.80902777777777,169.66597222222228,0.21105603739373513,0.4805555555555555
catfish_3342g,0,catfish_main,2026-08-31 11:55:20.000000,8.666666666666666,20.166666666666664,21.16380070546738,8.08457711442704,21.16380070546738,3342.3,58.1,60.3,378.0,827.0,14.44,3102.5,3184.5,3185.95,157.80000000000018,0.04721299703796792,0.09583221135146461,0.49266312831720294,-20.10000000000204,36.33402777777777,169.66597222222228,0.21415035261277252,0.4805555555555555
catfish_3342g,0,catfish_main,2026-08-31 11:55:25.000000,8.75,20.083333333333332,20.886304062909577,7.768115942028393,20.886304062909577,3342.3,58.4,60.7,381.5,821.0,14.59,3100.8,3182.8,3183.65,159.5,0.047721628818478294,0.09583221135146461,0.49797065251326855,-20.7000000000016,36.86388888888888,169.66597222222228,0.21727331889865287,0.4805555555555555
catfish_3342g,0,catfish_main,2026-08-31 11:55:30.000000,8.833333333333334,20.0,21.010313258327827,7.6763285024148695,21.010313258327827,3342.3,58.9,60.9,377.75,816.0,14.66,3098.9,3180.9,3181.95,161.4000000000001,0.04829009963198997,0.09583221135146461,0.5039025913206369,-20.7000000000016,37.388541666666654,169.66597222222228,0.22036558761291575,0.4805555555555555
catfish_3342g,0,catfish_main,2026-08-31 11:55:35.000000,8.916666666666666,19.916666666666664,20.788845058075836,7.799019607841937,20.788845058075836,3342.3,59.2,61.3,380.25,827.0,14.31,3099.1,3181.1,3181.0,161.20000000000027,0.0482302605989888,0.09583221135146461,0.5032781767093356,-20.40000000000313,37.91666666666666,169.66597222222228,0.22347832137492363,0.4805555555555555
catfish_3342g,0,catfish_main,2026-08-31 11:55:40.000000,9.0,19.833333333333332,20.610274869109958,7.8009950248748385,20.610274869109958,3342.3,59.6,61.5,382.0,819.0,14.61,3096.8,3178.8,3179.8500000000004,163.5,0.048918409478502824,0.09583221135146461,0.5104589447393066,-20.10000000000204,38.447222222222216,169.66597222222228,0.226605380670353,0.4805555555555555
catfish_3342g,0,catfish_main,2026-08-31 11:55:45.000000,9.083333333333334,19.75,20.703795379537965,7.984615384614314,20.703795379537965,3342.3,60.1,61.6,378.75,821.0,14.64,3095.7,3177.7,3178.25,164.60000000000036,0.04924752416000968,0.09583221135146461,0.5138932251014682,-19.50000000000259,38.97326388888888,169.66597222222228,0.22970583540371386,0.4805555555555555
catfish_3342g,0,catfish_main,2026-08-31 11:55:50.000000,9.166666666666666,19.666666666666664,20.498195538057754,8.211640211638752,20.498195538057754,3342.3,60.3,62.0,381.0,839.0,14.03,3095.2,3177.2,3177.45,165.10000000000036,0.04939712174251275,0.09583221135146461,0.515454261629723,-18.900000000003338,39.50243055555555,169.66597222222228,0.23282470868004523,0.4805555555555555
catfish_3342g,0,catfish_main,2026-08-31 11:55:55.000000,9.25,19.583333333333332,20.347830826248103,8.387978142075971,20.347830826248103,3342.3,60.8,62.1,382.25,821.0,14.29,3093.5,3175.5,3176.35,166.80000000000018,0.04990575352302312,0.09583221135146461,0.5207617858257886,-18.30000000000116,40.033333333333324,169.66597222222228,0.23595381448024905,0.4805555555555555
catfish_3342g,0,catfish_main,2026-08-31 11:56:00.000000,9.333333333333334,19.5,20.39845292955893,9.130952380953342,20.39845292955893,3342.3,61.0,62.4,379.75,831.0,14.33,3093.4,3175.4,3175.45,166.9000000000001,0.049935673039523704,0.09583221135146461,0.5210739931314392,-16.799999999998242,40.56076388888888,169.66597222222228,0.23906245523270792,0.4805555555555555
catfish_3342g,0,catfish_main,2026-08-31 11:56:05.000000,9.416666666666666,19.416666666666664,20.194971640488664,10.146666666666624,20.194971640488664,3342.3,61.4,62.6,382.0,845.0,14.03,3092.2,3174.2,3174.8,168.10000000000036,0.05029470723753115,0.09583221135146461,0.5248204807992516,-15.000000000000046,41.09131944444444,169.66597222222228,0.24218951452813728,0.4805555555555555
catfish_3342g,0,catfish_main,2026-08-31 11:56:10.000000,9.5,19.333333333333332,20.098430346631798,9.986666666666649,20.098430346631798,3342.3,61.8,62.7,382.25,826.0,14.39,3089.8,3171.8,3173.0,170.5,0.05101277563354576,0.09583221135146461,0.5323134561348732,-15.000000000000046,41.62222222222221,169.66597222222228,0.2453186203283411,0.4805555555555555
catfish_3342g,0,catfish_main,2026-08-31 11:56:15.000000,9.583333333333334,19.25,20.120808678500996,9.879999999999958,20.120808678500996,3342.3,62.3,63.0,380.25,842.0,14.07,3088.2,3170.2,3171.0,172.10000000000036,0.051491487897555685,0.09583221135146461,0.5373087730252897,-15.000000000000046,42.150347222222216,169.66597222222228,0.24843135409034897,0.4805555555555555
catfish_3342g,0,catfish_main,2026-08-31 11:56:20.000000,9.666666666666666,19.166666666666664,19.906052688874382,9.753333333333316,19.906052688874382,3342.3,62.7,63.2,382.75,845.0,14.26,3086.3,3168.3,3169.25,174.0,0.05205995871106723,0.09583221135146461,0.5432407118326567,-15.000000000000046,42.68194444444444,169.66597222222228,0.2515645529001018,0.4805555555555555
catfish_3342g,0,catfish_main,2026-08-31 11:56:25.000000,9.75,19.083333333333332,19.861801919720776,9.679999999999959,19.861801919720776,3342.3,63.1,63.2,382.0,831.0,14.33,3085.2,3167.2,3167.75,175.10000000000036,0.05238907339257408,0.09583221135146461,0.5466749921948182,-15.000000000000046,43.2125,169.66597222222228,0.25469161219553116,0.4805555555555555
catfish_3342g,0,catfish_main,2026-08-31 11:56:30.000000,9.833333333333334,19.0,19.85676741130093,9.379084967321331,19.85676741130093,3342.3,63.3,63.6,380.5,852.0,13.89,3083.5,3165.5,3166.5,176.80000000000018,0.05289770517308445,0.09583221135146461,0.5519825163908838,-15.299999999998255,43.74097222222222,169.66597222222228,0.2578063924623135,0.4805555555555555
catfish_3342g,0,catfish_main,2026-08-31 11:56:35.000000,9.916666666666666,18.916666666666664,19.60526601520088,9.3986928104586,19.60526601520088,3342.3,63.7,63.7,383.75,855.0,13.78,3083.8,3165.8,3165.65,176.5,0.05280794662358256,0.09583221135146461,0.5510458944739304,-15.299999999998255,44.27395833333333,169.66597222222228,0.2609477772911643,0.4805555555555555
catfish_3342g,0,catfish_main,2026-08-31 11:56:40.000000,10.0,18.833333333333332,19.57315480078381,9.42000000000008,19.57315480078381,3342.3,64.1,64.0,382.75,844.0,14.29,3081.3,3163.3,3164.4,179.0,0.053555934536097895,0.09583221135146461,0.5588510771152042,-14.999999999999893,44.80555555555556,169.66597222222228,0.2640809761009172,0.4805555555555555
catfish_3342g,0,catfish_main,2026-08-31 11:56:45.000000,10.083333333333334,18.75,19.553953691568378,9.366666666666733,19.553953691568378,3342.3,64.5,64.1,381.5,865.0,13.64,3080.5,3162.5,3162.9,179.80000000000018,0.05379529066810285,0.09583221135146461,0.5613487355604123,-14.999999999999893,45.33541666666667,169.66597222222228,0.2672039423867975,0.4805555555555555
catfish_3342g,0,catfish_main,2026-08-31 11:56:50.000000,10.166666666666666,18.666666666666664,19.305447260125636,9.34666666666672,19.305447260125636,3342.3,64.9,64.2,384.75,855.0,13.93,3080.2,3162.2,3162.35,180.10000000000036,0.05388504921760475,0.09583221135146461,0.5622853574773659,-14.999999999999893,45.869791666666664,169.66597222222228,0.27035351323474627,0.4805555555555555
catfish_3342g,0,catfish_main,2026-08-31 11:56:55.000000,10.25,18.583333333333332,19.386577107907392,9.206666666666726,19.386577107907392,3342.3,65.4,64.5,381.5,879.0,13.74,3078.1,3160.1,3161.1499999999996,182.20000000000027,0.054513359064117604,0.09583221135146461,0.5688417108960355,-14.999999999999893,46.399652777777774,169.66597222222228,0.2734764795206266,0.4805555555555555
catfish_3342g,0,catfish_main,2026-08-31 11:57:00.000000,10.333333333333334,18.5,19.114536015574313,9.113333333333387,19.114536015574313,3342.3,65.8,64.6,385.25,861.0,13.68,3076.7,3158.7,3159.8,183.60000000000036,0.05493223229512622,0.09583221135146461,0.5732126131751492,-14.999999999999893,46.93472222222222,169.66597222222228,0.2766301433781244,0.4805555555555555
catfish_3342g,0,catfish_main,2026-08-31 11:57:05.000000,10.416666666666666,18.416666666666664,19.118426770969155,9.166666666666732,19.118426770969155,3342.3,66.1,64.8,383.5,864.0,13.66,3077.5,3159.5,3159.1,182.80000000000018,0.054692876163121254,0.09583221135146461,0.5707149547299409,-14.999999999999893,47.46736111111111,169.66597222222228,0.27976948170220073,0.4805555555555555
catfish_3342g,0,catfish_main,2026-08-31 11:57:10.000000,10.5,18.333333333333332,18.88669685209143,8.946666666666719,18.88669685209143,3342.3,66.5,64.9,386.5,867.0,13.54,3074.2,3156.2,3157.45,186.10000000000036,0.05568022020764155,0.09583221135146461,0.581017795816423,-14.999999999999893,48.00416666666666,169.66597222222228,0.28293337808357094,0.4805555555555555
catfish_3342g,0,catfish_main,2026-08-31 11:57:15.000000,10.583333333333334,18.25,18.951108213820085,8.5833333333352,18.951108213820085,3342.3,66.8,65.0,383.5,869.0,13.56,3073.9,3155.9,3156.05,186.4000000000001,0.05576997875714331,0.09583221135146461,0.581954417733375,-15.599999999996616,48.53680555555555,169.66597222222228,0.28607271640764725,0.4805555555555555
catfish_3342g,0,catfish_main,2026-08-31 11:57:20.000000,10.666666666666666,18.166666666666664,18.696382428940577,8.826666666666735,18.696382428940577,3342.3,67.3,65.3,387.0,874.0,13.52,3072.4,3154.4,3155.3,187.9000000000001,0.05621877150465251,0.09583221135146461,0.5866375273181392,-14.999999999999893,49.074305555555554,169.66597222222228,0.28924070579856653,0.4805555555555555
catfish_3342g,0,catfish_main,2026-08-31 11:57:25.000000,10.75,18.083333333333332,18.73461205028176,9.027210884352789,18.73461205028176,3342.3,67.7,65.3,384.5,873.0,13.5,3072.7,3154.7,3154.55,187.60000000000036,0.05612901295515075,0.09583221135146461,0.5857009054011871,-14.700000000001532,49.608333333333334,169.66597222222228,0.2923882301417408,0.4805555555555555
catfish_3342g,0,catfish_main,2026-08-31 11:57:30.000000,10.833333333333334,18.0,18.51823757262751,9.29787234042595,18.51823757262751,3342.3,68.0,65.6,387.25,866.0,13.14,3071.1,3153.1,3153.75,189.20000000000027,0.056607725219160535,0.09583221135146461,0.5906962222916021,-14.099999999999355,50.14618055555556,169.66597222222228,0.29555826603743457,0.4805555555555555
catfish_3342g,0,catfish_main,2026-08-31 11:57:35.000000,10.916666666666666,17.916666666666664,18.494872625215898,8.775510204080717,18.494872625215898,3342.3,68.4,65.7,386.0,858.0,13.68,3069.0,3151.0,3152.05,191.30000000000018,0.05723603506567339,0.09583221135146461,0.5972525757102718,-14.700000000001532,50.68229166666667,169.66597222222228,0.2987180694092559,0.4805555555555555
catfish_3342g,0,catfish_main,2026-08-31 11:57:40.000000,11.0,17.833333333333332,18.39956850053938,8.768707482992289,18.39956850053938,3342.3,68.7,65.7,386.25,899.0,13.1,3068.9,3150.9,3150.95,191.4000000000001,0.05726595458217398,0.09583221135146461,0.5975647830159225,-14.700000000001532,51.21875000000001,169.66597222222228,0.3018799192858516,0.4805555555555555
catfish_3342g,0,catfish_main,2026-08-31 11:57:45.000000,11.083333333333334,17.75,18.304333764553693,9.202898550722157,18.304333764553693,3342.3,69.1,65.8,386.5,850.0,13.93,3067.0,3149.0,3149.95,193.30000000000018,0.05783442539568566,0.09583221135146461,0.603496721823291,-13.80000000000372,51.75555555555556,169.66597222222228,0.3050438156672219,0.4805555555555555
catfish_3342g,0,catfish_main,2026-08-31 11:57:50.000000,11.166666666666666,17.666666666666664,18.209168282697703,8.598639455781424,18.209168282697703,3342.3,69.3,66.0,386.75,885.0,13.23,3066.4,3148.4,3148.7,193.9000000000001,0.05801394249468931,0.09583221135146461,0.6053699656571964,-14.700000000001532,52.29270833333334,169.66597222222228,0.30820975855336663,0.4805555555555555
catfish_3342g,0,catfish_main,2026-08-31 11:57:55.000000,11.25,17.583333333333332,18.102324080051652,8.585034013604535,18.102324080051652,3342.3,69.7,66.1,387.25,842.0,13.89,3066.2,3148.2,3148.3,194.10000000000036,0.05807378152769062,0.09583221135146461,0.605994380268499,-14.700000000001532,52.83055555555556,169.66597222222228,0.3113797944490604,0.4805555555555555
catfish_3342g,0,catfish_main,2026-08-31 11:58:00.000000,11.333333333333334,17.5,18.101167315175104,8.46258503401273,18.101167315175104,3342.3,70.0,66.1,385.5,872.0,13.42,3064.4,3146.4,3147.3,195.9000000000001,0.058612332824701574,0.09583221135146461,0.6116141117702153,-14.700000000001532,53.36597222222223,169.66597222222228,0.3145355048113327,0.4805555555555555
catfish_3342g,0,catfish_main,2026-08-31 11:58:05.000000,11.416666666666666,17.416666666666664,17.88962223653145,8.246666666666712,17.88962223653145,3342.3,70.3,66.4,388.25,875.0,13.39,3063.7,3145.7,3146.05,196.60000000000036,0.05882176944020595,0.09583221135146461,0.6137995629097729,-14.999999999999893,53.90520833333334,169.66597222222228,0.3177137267261244,0.4805555555555555
catfish_3342g,0,catfish_main,2026-08-31 11:58:10.000000,11.5,17.333333333333332,17.910567789291893,8.326530612244037,17.910567789291893,3342.3,70.7,66.4,386.0,849.0,13.91,3062.4,3144.4,3145.05,197.9000000000001,0.059210723154713846,0.09583221135146461,0.6178582578832345,-14.700000000001532,54.44131944444445,169.66597222222228,0.32087353009794567,0.4805555555555555
catfish_3342g,0,catfish_main,2026-08-31 11:58:15.000000,11.583333333333334,17.25,17.75790322580646,8.855072463765715,17.75790322580646,3342.3,71.0,66.7,387.5,893.0,13.08,3062.2,3144.2,3144.3,198.10000000000036,0.059270562187715155,0.09583221135146461,0.6184826724945371,-13.80000000000372,54.979513888888896,169.66597222222228,0.3240456124984139,0.4805555555555555
catfish_3342g,0,catfish_main,2026-08-31 11:58:20.000000,11.666666666666666,17.166666666666664,17.69751291989665,9.579365079363473,17.69751291989665,3342.3,71.3,66.7,387.0,850.0,13.78,3060.7,3142.7,3143.45,199.60000000000036,0.05971935493522435,0.09583221135146461,0.6231657820793014,-12.600000000002094,55.5170138888889,169.66597222222228,0.3272136018893331,0.4805555555555555
catfish_3342g,0,catfish_main,2026-08-31 11:58:25.000000,11.75,17.083333333333332,17.62561947856066,9.460317460315874,17.62561947856066,3342.3,71.6,66.8,386.75,894.0,13.12,3059.2,3141.2,3142.0,201.10000000000036,0.060168147682733555,0.09583221135146461,0.6278488916640658,-12.600000000002094,56.054166666666674,169.66597222222228,0.3303795447754779,0.4805555555555555
catfish_3342g,0,catfish_main,2026-08-31 11:58:30.000000,11.833333333333334,17.0,17.485502577319593,9.941666666666752,17.485502577319593,3342.3,71.8,66.8,388.0,870.0,13.41,3059.3,3141.3,3141.25,201.0,0.06013822816623283,0.09583221135146461,0.6275366843584136,-11.999999999999915,56.593055555555566,169.66597222222228,0.3335557201854951,0.4805555555555555
catfish_3342g,0,catfish_main,2026-08-31 11:58:35.000000,11.916666666666666,16.916666666666664,17.492767702936103,9.900000000000086,17.492767702936103,3342.3,72.1,67.0,386.0,880.0,13.31,3058.8,3140.8,3141.0,201.5,0.060287825748735896,0.09583221135146461,0.6290977208866684,-11.999999999999915,57.12916666666668,169.66597222222228,0.33671552355731643,0.4805555555555555
catfish_3342g,0,catfish_main,2026-08-31 11:58:40.000000,12.0,16.833333333333332,17.296868296868304,9.825000000000077,17.296868296868304,3342.3,72.5,67.0,388.5,895.0,13.06,3057.9,3139.9,3140.3500000000004,202.4000000000001,0.06055710139724144,0.09583221135146461,0.6319075866375272,-11.999999999999915,57.66875000000001,169.66597222222228,0.33989579197688263,0.4805555555555555
catfish_3342g,0,catfish_main,2026-08-31 11:58:45.000000,12.083333333333334,16.75,17.303040103492894,9.69166666666675,17.303040103492894,3342.3,72.8,67.0,386.5,870.0,13.46,3056.3,3138.3,3139.1000000000004,204.0,0.06103581366125123,0.09583221135146461,0.6369029035279422,-11.999999999999915,58.20555555555556,169.66597222222228,0.34305968835825285,0.4805555555555555
catfish_3342g,0,catfish_main,2026-08-31 11:58:50.000000,12.166666666666666,16.666666666666664,17.119560557341913,9.533333333333408,17.119560557341913,3342.3,73.1,67.2,388.75,898.0,13.01,3054.4,3136.4,3137.3500000000004,205.9000000000001,0.06160428447476291,0.09583221135146461,0.6428348423353106,-11.999999999999915,58.74548611111112,169.66597222222228,0.3462420032825936,0.4805555555555555
catfish_3342g,0,catfish_main,2026-08-31 11:58:55.000000,12.25,16.583333333333332,17.10253927264903,9.516666666666719,17.10253927264903,3342.3,73.4,67.3,387.25,890.0,13.06,3054.2,3136.2,3136.3,206.10000000000036,0.06166412350776422,0.09583221135146461,0.6434592569466133,-11.999999999999915,59.283333333333346,169.66597222222228,0.34941203917828734,0.4805555555555555
catfish_3342g,0,catfish_main,2026-08-31 11:59:00.000000,12.333333333333334,16.5,16.953215434083607,9.358333333333414,16.953215434083607,3342.3,73.7,67.3,388.75,878.0,13.42,3052.3,3134.3,3135.3,208.0,0.062232594321275765,0.09583221135146461,0.6493911957539803,-11.999999999999915,59.8232638888889,169.66597222222228,0.35259435410262807,0.4805555555555555
catfish_3342g,0,catfish_main,2026-08-31 11:59:05.000000,12.416666666666666,16.416666666666664,16.848105330764298,9.36666666666674,16.848105330764298,3342.3,74.0,67.3,389.25,913.0,12.68,3052.4,3134.4,3134.3500000000004,207.9000000000001,0.062202674804775177,0.09583221135146461,0.6490789884483296,-11.999999999999915,60.3638888888889,169.66597222222228,0.35578076203651776,0.4805555555555555
catfish_3342g,0,catfish_main,2026-08-31 11:59:10.000000,12.5,16.333333333333332,16.840860215053773,9.308333333333385,16.840860215053773,3342.3,74.2,67.5,387.5,880.0,13.33,3051.7,3133.7,3134.1000000000004,208.60000000000036,0.062412111420279553,0.09583221135146461,0.6512644395878872,-11.999999999999915,60.902083333333344,169.66597222222228,0.358952844436986,0.4805555555555555
catfish_3342g,0,catfish_main,2026-08-31 11:59:15.000000,12.583333333333334,16.25,16.649572649572654,9.564102564103433,16.649572649572654,3342.3,74.5,67.5,390.0,880.0,13.31,3051.9,3133.9,3133.8,208.4000000000001,0.062352272387278244,0.09583221135146461,0.6506400249765844,-11.699999999998948,61.44375000000001,169.66597222222228,0.3621453918851992,0.4805555555555555
catfish_3342g,0,catfish_main,2026-08-31 11:59:20.000000,12.666666666666666,16.166666666666664,16.555573350416406,9.025000000000079,16.555573350416406,3342.3,74.8,67.6,390.25,926.0,12.7,3048.3,3130.3,3132.25,212.0,0.0634293749813003,0.09583221135146461,0.6618794879800184,-11.999999999999915,61.9857638888889,169.66597222222228,0.3653399858381869,0.4805555555555555
catfish_3342g,0,catfish_main,2026-08-31 11:59:30.000000,12.833333333333334,15.999999999999998,16.388906683749738,9.066666666666746,16.388906683749738,3342.3,75.5,67.7,390.25,877.0,13.39,3048.8,3130.8,3130.55,211.5,0.06327977739879723,0.09583221135146461,0.6603184514517636,-11.999999999999915,63.069791666666674,169.66597222222228,0.37172917374416226,0.4805555555555555
catfish_3342g,0,catfish_main,2026-08-31 11:59:35.000000,12.916666666666666,15.916666666666666,16.316079059829068,8.808333333333382,16.316079059829068,3342.3,75.9,67.8,390.0,926.0,12.5,3045.7,3127.7,3129.0,214.60000000000036,0.06420728241031635,0.09583221135146461,0.6699968779269443,-11.999999999999915,63.61145833333334,169.66597222222228,0.37492172119237543,0.4805555555555555
catfish_3342g,0,catfish_main,2026-08-31 11:59:40.000000,13.0,15.833333333333332,16.25369062901156,8.79166666666673,16.25369062901156,3342.3,76.1,67.9,389.5,879.0,13.33,3045.5,3127.5,3127.6,214.80000000000018,0.06426712144331753,0.09583221135146461,0.6706212925382457,-11.999999999999915,64.15243055555555,169.66597222222228,0.3781101756310396,0.4805555555555555
catfish_3342g,0,catfish_main,2026-08-31 11:59:45.000000,13.083333333333334,15.749999999999998,16.11836212412029,8.716666666666722,16.11836212412029,3342.3,76.4,67.9,390.75,895.0,13.06,3044.6,3126.6,3127.05,215.70000000000027,0.06453639709182307,0.09583221135146461,0.6734311582891044,-11.999999999999915,64.69513888888889,169.66597222222228,0.3813088625935763,0.4805555555555555
catfish_3342g,0,catfish_main,2026-08-31 11:59:50.000000,13.166666666666666,15.666666666666666,16.06602564102565,8.786324786325592,16.06602564102565,3342.3,76.7,68.0,390.0,944.0,12.36,3042.8,3124.8,3126.25,217.5,0.06507494838883403,0.09583221135146461,0.6790508897908207,-11.699999999998948,65.23680555555556,169.66597222222228,0.38450141004178956,0.4805555555555555
catfish_3342g,0,catfish_main,2026-08-31 11:59:55.000000,13.25,15.583333333333332,15.97240017083067,9.360360360363094,15.97240017083067,3342.3,76.9,68.0,390.25,864.0,13.58,3043.9,3125.9,3125.3500000000004,216.4000000000001,0.06474583370732731,0.09583221135146461,0.6756166094286605,-11.099999999996768,65.77881944444445,169.66597222222228,0.3876960039947772,0.4805555555555555
catfish_3342g,0,catfish_main,2026-08-31 12:00:05.000000,13.416666666666666,15.416666666666666,15.815972222222232,9.22522522522792,15.815972222222232,3342.3,77.3,68.1,390.0,878.0,13.29,3042.4,3124.4,3124.6000000000004,217.9000000000001,0.06519462645483651,0.09583221135146461,0.6802997190134248,-11.099999999996768,66.86215277777778,169.66597222222228,0.3940810988912036,0.4805555555555555
catfish_3342g,0,catfish_main,2026-08-31 12:00:10.000000,13.5,15.333333333333332,15.682108626198092,9.045045045047686,15.682108626198092,3342.3,77.6,68.2,391.25,914.0,12.71,3040.4,3122.4,3123.4,219.9000000000001,0.06579301678484878,0.09583221135146461,0.6865438651264438,-11.099999999996768,67.40555555555555,169.66597222222228,0.39728387886328925,0.4805555555555555
catfish_3342g,0,catfish_main,2026-08-31 12:00:15.000000,13.583333333333334,15.249999999999998,15.669234060761669,9.009009009011631,15.669234060761669,3342.3,77.9,68.2,389.5,901.0,12.99,3040.0,3122.0,3122.2,220.30000000000018,0.06591269485085126,0.09583221135146461,0.6877926943490479,-11.099999999996768,67.94652777777777,169.66597222222228,0.4004723333019534,0.4805555555555555
catfish_3342g,0,catfish_main,2026-08-31 12:00:20.000000,13.666666666666666,15.166666666666666,15.525788576300094,9.447619047618998,15.525788576300094,3342.3,78.1,68.3,391.0,890.0,13.14,3039.2,3121.2,3121.6,221.10000000000036,0.06615205098285622,0.09583221135146461,0.6902903527942561,-10.500000000000036,68.48958333333333,169.66597222222228,0.4036730667692646,0.4805555555555555
catfish_3342g,0,catfish_main,2026-08-31 12:00:25.000000,13.75,15.083333333333332,15.472293401665608,9.419047619047596,15.472293401665608,3342.3,78.4,68.3,390.25,925.0,12.47,3038.9,3120.9,3121.05,221.4000000000001,0.06624180953235798,0.09583221135146461,0.6912269747112081,-10.500000000000036,69.03159722222222,169.66597222222228,0.4068676607222523,0.4805555555555555
catfish_3342g,0,catfish_main,2026-08-31 12:00:30.000000,13.833333333333334,14.999999999999998,15.369161868202184,9.285714285716764,15.369161868202184,3342.3,78.7,68.3,390.75,867.0,13.54,3037.5,3119.5,3120.65,222.80000000000018,0.06666068276336659,0.09583221135146461,0.6955978769903217,-10.499999999997197,69.57430555555555,169.66597222222228,0.410066347684789,0.4805555555555555
catfish_3342g,0,catfish_main,2026-08-31 12:00:40.000000,14.0,14.833333333333332,15.222186632500543,9.93939393939337,15.222186632500543,3342.3,79.2,68.5,390.25,880.0,13.33,3038.4,3120.4,3119.95,221.9000000000001,0.06639140711486105,0.09583221135146461,0.692788011239463,-9.900000000000578,70.65833333333333,169.66597222222228,0.41645553559076437,0.4805555555555555
catfish_3342g,0,catfish_main,2026-08-31 12:00:45.000000,14.083333333333334,14.749999999999998,15.070897108843544,9.08571428571672,15.070897108843544,3342.3,79.5,68.5,392.0,910.0,12.91,3035.4,3117.4,3118.45,224.9000000000001,0.06728899260987944,0.09583221135146461,0.7021542304089914,-10.499999999997197,71.20277777777778,169.66597222222228,0.4196644550771736,0.4805555555555555
catfish_3342g,0,catfish_main,2026-08-31 12:00:50.000000,14.166666666666666,14.666666666666666,15.016453674121415,8.531531531533998,15.016453674121415,3342.3,79.9,68.5,391.25,919.0,12.54,3034.7,3116.7,3117.05,225.60000000000036,0.06749842922538382,0.09583221135146461,0.704339681548549,-11.099999999996768,71.74618055555555,169.66597222222228,0.4228672350492592,0.4805555555555555
catfish_3342g,0,catfish_main,2026-08-31 12:00:55.000000,14.25,14.583333333333332,14.92353128991061,8.513513513515992,14.92353128991061,3342.3,80.1,68.4,391.5,882.0,13.31,3034.5,3116.5,3116.6,225.80000000000018,0.067558268258385,0.09583221135146461,0.7049640961598503,-11.099999999996768,72.28993055555556,169.66597222222228,0.4260720615261194,0.4805555555555555
catfish_3342g,0,catfish_main,2026-08-31 12:01:00.000000,14.333333333333334,14.499999999999998,14.811663479923526,8.857142857145222,14.811663479923526,3342.3,80.2,68.6,392.25,944.0,12.18,3033.0,3115.0,3115.75,227.30000000000018,0.0680070610058942,0.09583221135146461,0.7096472057446146,-10.499999999997197,72.83472222222223,169.66597222222228,0.4292830275173031,0.4805555555555555
catfish_3342g,0,catfish_main,2026-08-31 12:01:05.000000,14.416666666666666,14.416666666666666,14.718895966029732,8.780952380954707,14.718895966029732,3342.3,80.4,68.6,392.5,866.0,13.68,3032.2,3114.2,3114.6,228.10000000000036,0.06824641713789915,0.09583221135146461,0.7121448641898228,-10.499999999997197,73.37986111111111,169.66597222222228,0.4324960400132612,0.4805555555555555
catfish_3342g,0,catfish_main,2026-08-31 12:01:10.000000,14.5,14.333333333333332,14.616836301950814,8.657142857145177,14.616836301950814,3342.3,80.6,68.6,393.0,949.0,12.03,3030.9,3112.9,3113.55,229.4000000000001,0.06863537085240705,0.09583221135146461,0.7162035591632843,-10.499999999997197,73.92569444444445,169.66597222222228,0.43571314551876833,0.4805555555555555
catfish_3342g,0,catfish_main,2026-08-31 12:01:15.000000,14.583333333333334,14.249999999999998,14.55212314225054,8.57142857143086,14.55212314225054,3342.3,80.9,68.6,392.5,870.0,13.78,3030.0,3112.0,3112.45,230.30000000000018,0.06890464650091259,0.09583221135146461,0.7190134249141431,-10.499999999997197,74.47083333333333,169.66597222222228,0.4389261580147265,0.4805555555555555
catfish_3342g,0,catfish_main,2026-08-31 12:01:20.000000,14.666666666666666,14.166666666666666,14.395014786649776,8.457142857145133,14.395014786649776,3342.3,81.0,68.7,394.5,948.0,12.55,3028.8,3110.8,3111.4,231.5,0.0692636806989199,0.09583221135146461,0.722759912581954,-10.499999999997197,75.01875,169.66597222222228,0.4421555425488806,0.4805555555555555
catfish_3342g,0,catfish_main,2026-08-31 12:01:25.000000,14.75,14.083333333333332,14.375822193931686,8.438095238097482,14.375822193931686,3342.3,81.2,68.7,392.75,899.0,12.97,3028.6,3110.6,3110.7,231.70000000000027,0.0693235197319212,0.09583221135146461,0.7233843271932567,-10.499999999997197,75.56423611111111,169.66597222222228,0.4453706015496133,0.4805555555555555
catfish_3342g,0,catfish_main,2026-08-31 12:01:30.000000,14.833333333333334,13.999999999999998,14.219653789318143,8.371428571430815,14.219653789318143,3342.3,81.5,68.7,394.75,913.0,12.71,3027.9,3109.9,3110.25,232.4000000000001,0.06953295634742544,0.09583221135146461,0.7255697783328128,-10.499999999997197,76.1125,169.66597222222228,0.44860203258854187,0.4805555555555555
catfish_3342g,0,catfish_main,2026-08-31 12:01:35.000000,14.916666666666666,13.916666666666666,14.19055944055945,8.578431372549998,14.19055944055945,3342.3,81.8,68.7,393.25,893.0,13.04,3027.5,3109.5,3109.7,232.80000000000018,0.06965263441342794,0.09583221135146461,0.726818607555417,-10.199999999998836,76.65868055555555,169.66597222222228,0.4518211845988235,0.4805555555555555
catfish_3342g,0,catfish_main,2026-08-31 12:01:40.000000,15.0,13.833333333333332,14.05330377876294,8.777777777777274,14.05330377876294,3342.3,82.1,68.6,394.75,942.0,12.73,3026.9,3108.9,3109.2,233.4000000000001,0.06983215151243158,0.09583221135146461,0.7286918513893224,-9.900000000000578,77.20694444444443,169.66597222222228,0.45505261563775207,0.4805555555555555
catfish_3342g,0,catfish_main,2026-08-31 12:01:45.000000,15.083333333333334,13.749999999999998,14.014612452350708,9.599999999997058,14.014612452350708,3342.3,82.2,68.8,393.5,883.0,13.27,3026.4,3108.4,3108.65,233.9000000000001,0.06998174909493465,0.09583221135146461,0.7302528879175771,-9.000000000002768,77.75347222222221,169.66597222222228,0.4582738141528082,0.4805555555555555
catfish_3342g,0,catfish_main,2026-08-31 12:01:50.000000,15.166666666666666,13.666666666666666,13.88690099218916,9.77011494252686,13.88690099218916,3342.3,82.5,68.8,394.75,935.0,12.36,3025.0,3107.0,3107.9,235.30000000000018,0.07040062232594327,0.09583221135146461,0.7346237901966908,-8.70000000000167,78.3017361111111,169.66597222222228,0.4615052451917368,0.4805555555555555
catfish_3342g,0,catfish_main,2026-08-31 12:01:55.000000,15.25,13.583333333333332,13.838835978835991,9.816091954021113,13.838835978835991,3342.3,82.7,68.7,393.75,853.0,13.84,3025.4,3107.4,3107.2,234.9000000000001,0.07028094425994079,0.09583221135146461,0.7333749609740867,-8.70000000000167,78.8486111111111,169.66597222222228,0.4647284902115674,0.4805555555555555
catfish_3342g,0,catfish_main,2026-08-31 12:02:00.000000,15.333333333333334,13.499999999999998,13.720445429596802,9.97619047618668,13.720445429596802,3342.3,83.0,68.7,394.75,963.0,11.86,3023.8,3105.8,3106.8,236.5,0.07075965652395057,0.09583221135146461,0.7383702778645016,-8.400000000003214,79.39687499999998,169.66597222222228,0.467959921250496,0.4805555555555555
catfish_3342g,0,catfish_main,2026-08-31 12:02:05.000000,15.416666666666666,13.416666666666666,13.654512787994092,10.846153846148493,13.654512787994092,3342.3,83.0,68.8,394.25,868.0,13.33,3024.6,3106.6,3106.2,235.70000000000027,0.07052030039194575,0.09583221135146461,0.7358726194192949,-7.800000000003841,79.94444444444443,169.66597222222228,0.47118725927987565,0.4805555555555555
catfish_3342g,0,catfish_main,2026-08-31 12:02:10.000000,15.5,13.333333333333332,13.579843485617609,10.717948717943429,13.579843485617609,3342.3,83.3,68.8,394.0,933.0,12.38,3023.6,3105.6,3105.7,236.70000000000027,0.07081949555695188,0.09583221135146461,0.7389946924758044,-7.800000000003841,80.49166666666665,169.66597222222228,0.47441255080448075,0.4805555555555555
catfish_3342g,0,catfish_main,2026-08-31 12:02:15.000000,15.583333333333334,13.249999999999998,13.462130801687776,10.423076923071813,13.462130801687776,3342.3,83.6,68.7,395.0,912.0,12.73,3021.3,3103.3,3104.55,239.0,0.0715076444364659,0.09583221135146461,0.7461754605057754,-7.800000000003841,81.04027777777776,169.66597222222228,0.47764602834818387,0.4805555555555555
catfish_3342g,0,catfish_main,2026-08-31 12:02:20.000000,15.666666666666666,13.166666666666666,13.412965313028776,10.448717948712803,13.412965313028776,3342.3,83.8,68.6,394.0,895.0,12.99,3021.5,3103.5,3103.4,238.80000000000018,0.07144780540346474,0.09583221135146461,0.7455510458944742,-7.800000000003841,81.58749999999998,169.66597222222228,0.48087131987278897,0.4805555555555555
catfish_3342g,0,catfish_main,2026-08-31 12:02:25.000000,15.75,13.083333333333332,13.295675105485245,10.282051282046195,13.295675105485245,3342.3,84.0,68.6,395.0,945.0,12.06,3020.2,3102.2,3103.2,240.10000000000036,0.07183675911797276,0.09583221135146461,0.749609740867937,-7.800000000003841,82.13611111111109,169.66597222222228,0.4841047974164921,0.4805555555555555
catfish_3342g,0,catfish_main,2026-08-31 12:02:30.000000,15.833333333333334,12.999999999999998,13.254550264550277,10.397435897430766,13.254550264550277,3342.3,84.1,68.7,393.75,864.0,13.62,3021.1,3103.1,3102.6499999999996,239.20000000000027,0.07156748346946722,0.09583221135146461,0.7467998751170782,-7.800000000003841,82.68298611111109,169.66597222222228,0.4873280424363227,0.4805555555555555
catfish_3342g,0,catfish_main,2026-08-31 12:02:35.000000,15.916666666666666,12.916666666666666,13.129272151898745,10.256410256405205,13.129272151898745,3342.3,84.6,68.7,395.0,981.0,11.34,3020.0,3102.0,3102.1,240.30000000000018,0.07189659815097393,0.09583221135146461,0.7502341554792384,-7.800000000003841,83.2315972222222,169.66597222222228,0.49056151998002584,0.4805555555555555
catfish_3342g,0,catfish_main,2026-08-31 12:02:40.000000,16.0,12.833333333333332,13.070915239907007,9.380952380951861,13.070915239907007,3342.3,85.1,68.6,394.25,852.0,13.82,3018.8,3100.8,3101.4,241.5,0.07225563234898123,0.09583221135146461,0.7539806431470492,-8.400000000000485,83.77916666666665,169.66597222222228,0.4937888580094055,0.4805555555555555
catfish_3342g,0,catfish_main,2026-08-31 12:02:45.000000,16.083333333333332,12.75,12.979298690325317,9.238095238094694,12.979298690325317,3342.3,85.5,68.6,394.5,959.0,11.91,3017.6,3099.6,3100.2,242.70000000000027,0.07261466654698868,0.09583221135146461,0.7577271308148615,-8.400000000000485,84.32708333333332,169.66597222222228,0.4970182425435596,0.4805555555555555
catfish_3342g,0,catfish_main,2026-08-31 12:02:50.000000,16.166666666666668,12.666666666666664,12.887745408486396,9.202380952380443,12.887745408486396,3342.3,85.2,68.7,394.75,923.0,12.61,3017.3,3099.3,3099.45,243.0,0.07270442509649043,0.09583221135146461,0.7586637527318134,-8.400000000000485,84.8753472222222,169.66597222222228,0.5002496735824882,0.4805555555555555
catfish_3342g,0,catfish_main,2026-08-31 12:02:55.000000,16.25,12.583333333333332,12.828944585448404,9.190476190475637,12.828944585448404,3342.3,85.3,68.7,394.0,884.0,12.91,3017.2,3099.2,3099.25,243.10000000000036,0.07273434461299116,0.09583221135146461,0.7589759600374657,-8.400000000000485,85.42256944444442,169.66597222222228,0.5034749651070933,0.4805555555555555
catfish_3342g,0,catfish_main,2026-08-31 12:03:00.000000,16.333333333333332,12.5,12.680818602693614,9.023809523809025,12.680818602693614,3342.3,85.6,68.6,396.0,987.0,11.49,3015.8,3097.8,3098.5,244.5,0.07315321784399964,0.09583221135146461,0.7633468623165778,-8.400000000000485,85.97256944444442,169.66597222222228,0.5067166286698943,0.4805555555555555
catfish_3342g,0,catfish_main,2026-08-31 12:03:05.000000,16.416666666666668,12.416666666666664,12.629588607594949,8.988095238094719,12.629588607594949,3342.3,85.8,68.6,395.0,863.0,13.89,3015.5,3097.5,3097.65,244.80000000000018,0.07324297639350154,0.09583221135146461,0.7642834842335313,-8.400000000000485,86.52118055555553,169.66597222222228,0.5099501062135975,0.4805555555555555
catfish_3342g,0,catfish_main,2026-08-31 12:03:15.000000,16.583333333333332,12.25,12.415142917192108,8.547619047618575,12.415142917192108,3342.3,86.0,0.0,396.5,882.0,12.97,3011.8,3093.8,3095.95,248.5,0.07434999850402417,0.09583221135146461,0.7758351545426159,-8.400000000000485,87.62256944444442,169.66597222222228,0.5164416193582977,0.4805555555555555
catfish_3342g,0,catfish_main,2026-08-31 12:03:20.000000,16.666666666666668,12.166666666666664,12.331809583858776,8.619047619047132,12.331809583858776,3342.3,86.3,0.0,396.5,976.0,11.67,3012.4,3094.4,3094.1000000000004,247.9000000000001,0.07417048140502051,0.09583221135146461,0.7739619107087103,-8.400000000000485,88.17326388888887,169.66597222222228,0.5196873759306477,0.4805555555555555
catfish_3342g,0,catfish_main,2026-08-31 12:03:25.000000,16.75,12.083333333333332,12.248476250525442,8.404761904761408,12.248476250525442,3342.3,86.5,0.0,396.5,928.0,12.4,3010.6,3092.6,3093.2,249.70000000000027,0.07470903270203161,0.09583221135146461,0.7795816422104281,-8.400000000000485,88.72395833333331,169.66597222222228,0.5229331325029979,0.4805555555555555
catfish_3342g,0,catfish_main,2026-08-31 12:03:30.000000,16.833333333333332,12.0,12.188355443251222,8.369047619047157,12.188355443251222,3342.3,86.7,0.0,395.75,942.0,12.19,3010.3,3092.3,3092.45,250.0,0.07479879125153337,0.09583221135146461,0.7805182641273801,-8.400000000000485,89.2736111111111,169.66597222222228,0.5261727495610244,0.4805555555555555
catfish_3342g,0,catfish_main,2026-08-31 12:03:35.000000,16.916666666666668,11.916666666666664,12.066645675902613,7.873563218389466,12.066645675902613,3342.3,86.9,0.0,397.0,970.0,11.8,3008.5,3090.5,3091.4,251.80000000000018,0.07533734254854446,0.09583221135146461,0.7861379956290978,-8.700000000001479,89.82499999999999,169.66597222222228,0.5294225991429236,0.4805555555555555
catfish_3342g,0,catfish_main,2026-08-31 12:03:40.000000,17.0,11.833333333333332,12.01378367003368,7.588888888888963,12.01378367003368,3342.3,87.1,0.0,396.0,940.0,12.26,3008.3,3090.3,3090.4,252.0,0.07539718158154564,0.09583221135146461,0.7867624102403992,-8.999999999999936,90.37499999999999,169.66597222222228,0.5326642627057246,0.4805555555555555
catfish_3342g,0,catfish_main,2026-08-31 12:03:45.000000,17.083333333333332,11.75,11.900188916876584,7.5555555555556095,11.900188916876584,3342.3,87.1,0.0,397.0,971.0,11.74,3008.0,3090.0,3090.15,252.30000000000018,0.07548694013104754,0.09583221135146461,0.7876990321573527,-8.999999999999936,90.92638888888888,169.66597222222228,0.5359141122876238,0.4805555555555555
catfish_3342g,0,catfish_main,2026-08-31 12:03:50.000000,17.166666666666668,11.666666666666664,11.839379600420619,7.544444444444508,11.839379600420619,3342.3,87.3,0.0,396.25,947.0,12.09,3007.9,3089.9,3089.95,252.4000000000001,0.07551685964754812,0.09583221135146461,0.7880112394630032,-8.999999999999936,91.47673611111111,169.66597222222228,0.5391578223551994,0.4805555555555555
catfish_3342g,0,catfish_main,2026-08-31 12:03:55.000000,17.25,11.583333333333332,11.733679680940394,7.333333333333385,11.733679680940394,3342.3,87.5,0.0,397.0,918.0,12.5,3006.0,3088.0,3089.05,254.30000000000018,0.0760853304610598,0.09583221135146461,0.7939431782703716,-8.999999999999936,92.028125,169.66597222222228,0.5424076719370985,0.4805555555555555
catfish_3342g,0,catfish_main,2026-08-31 12:04:00.000000,17.333333333333332,11.5,11.657739970594422,7.355555555555431,11.657739970594422,3342.3,87.7,0.0,396.75,1019.0,11.01,3006.2,3088.2,3088.1,254.10000000000036,0.07602549142805863,0.09583221135146461,0.7933187636590704,-9.000000000000128,92.57916666666667,169.66597222222228,0.5456554750142231,0.4805555555555555
catfish_3342g,0,catfish_main,2026-08-31 12:04:05.000000,17.416666666666668,11.416666666666664,11.57440663726109,7.288888888888775,11.57440663726109,3342.3,87.9,0.0,396.75,918.0,12.7,3005.6,3087.6,3087.8,254.70000000000027,0.07620500852706227,0.09583221135146461,0.7951920074929757,-9.000000000000128,93.13020833333333,169.66597222222228,0.5489032780913475,0.4805555555555555
catfish_3342g,0,catfish_main,2026-08-31 12:04:10.000000,17.5,11.333333333333332,11.491073303927756,7.1888888888887665,11.491073303927756,3342.3,88.0,0.0,396.75,1023.0,10.95,3004.7,3086.7,3087.1499999999996,255.60000000000036,0.07647428417556783,0.09583221135146461,0.7980018732438346,-9.000000000000128,93.68124999999999,169.66597222222228,0.5521510811684721,0.4805555555555555
catfish_3342g,0,catfish_main,2026-08-31 12:04:15.000000,17.583333333333332,11.25,11.407739970594424,6.625000000000424,11.407739970594424,3342.3,88.1,0.0,396.75,909.0,12.73,3003.6,3085.6,3086.1499999999996,256.7000000000003,0.07680339885707455,0.09583221135146461,0.8014361536059947,-9.599999999999373,94.23229166666665,169.66597222222228,0.5553988842455967,0.4805555555555555
catfish_3342g,0,catfish_main,2026-08-31 12:04:20.000000,17.666666666666668,11.166666666666664,11.32440663726109,6.500000000000434,11.32440663726109,3342.3,88.4,0.0,396.75,1023.0,10.79,3002.4,3084.4,3085.2,257.9000000000001,0.07716243305508186,0.09583221135146461,0.8051826412738057,-9.599999999999373,94.78333333333332,169.66597222222228,0.5586466873227213,0.4805555555555555
catfish_3342g,0,catfish_main,2026-08-31 12:04:25.000000,17.75,11.083333333333332,11.219706498951792,6.977777777777699,11.219706498951792,3342.3,88.8,0.0,397.5,1003.0,11.32,3002.8,3084.8,3084.8,257.5,0.07704275498907938,0.09583221135146461,0.8039338120512016,-9.000000000000128,95.33541666666665,169.66597222222228,0.5619006299141692,0.4805555555555555
catfish_3342g,0,catfish_main,2026-08-31 12:04:30.000000,17.833333333333332,11.0,11.171766561514207,6.977777777777699,11.171766561514207,3342.3,89.1,0.0,396.25,885.0,13.08,3002.8,3084.8,3084.6000000000004,257.5,0.07704275498907938,0.09583221135146461,0.8039338120512016,-9.000000000000128,95.88576388888887,169.66597222222228,0.5651443399817448,0.4805555555555555
catfish_3342g,0,catfish_main,2026-08-31 12:04:35.000000,17.916666666666668,10.916666666666664,11.053301886792465,6.302083333333745,11.053301886792465,3342.3,89.5,0.0,397.5,1072.0,10.06,3000.5,3082.5,3083.5,259.8000000000002,0.07773090386859353,0.09583221135146461,0.811114580081174,-9.599999999999373,96.4378472222222,169.66597222222228,0.5683982825731929,0.4805555555555555
catfish_3342g,0,catfish_main,2026-08-31 12:04:40.000000,18.0,10.833333333333332,10.983889588581036,5.9411764705881085,10.983889588581036,3342.3,89.1,0.0,397.0,926.0,12.5,3000.6,3082.6,3082.55,259.7000000000003,0.07770098435209295,0.09583221135146461,0.8108023727755234,-10.200000000000202,96.9892361111111,169.66597222222228,0.571648132155092,0.4805555555555555
catfish_3342g,0,catfish_main,2026-08-31 12:04:45.000000,18.083333333333332,10.75,10.907477420709947,5.833333333333218,10.907477420709947,3342.3,89.3,0.0,396.75,1034.0,10.73,2999.5,3081.5,3082.0,260.8000000000002,0.07803009903359967,0.09583221135146461,0.8142366531376836,-10.200000000000202,97.54027777777776,169.66597222222228,0.5748959352322166,0.4805555555555555
catfish_3342g,0,catfish_main,2026-08-31 12:04:50.000000,18.166666666666668,10.666666666666664,10.810415355569551,5.715686274509709,10.810415355569551,3342.3,89.4,0.0,397.25,985.0,11.52,2998.3,3080.3,3080.9,262.0,0.07838913323160697,0.09583221135146461,0.8179831408054944,-10.200000000000202,98.09201388888887,169.66597222222228,0.5781478313188901,0.4805555555555555
catfish_3342g,0,catfish_main,2026-08-31 12:04:55.000000,18.25,10.583333333333332,10.754363827549957,5.409523809524453,10.754363827549957,3342.3,89.6,10.0,396.25,962.0,11.85,2996.8,3078.8,3079.95,263.5,0.07883792597911617,0.09583221135146461,0.8226662503902586,-10.499999999998785,98.6423611111111,169.66597222222228,0.5813915413864658,0.4805555555555555
catfish_3342g,0,catfish_main,2026-08-31 12:05:00.000000,18.333333333333332,10.5,10.623743718592975,5.485714285714912,10.623743718592975,3342.3,89.7,9.2,398.0,1058.0,10.43,2997.6,3079.6,3079.3999999999996,262.7000000000003,0.07859856984711135,0.09583221135146461,0.8201685919450519,-10.499999999998785,99.19513888888888,169.66597222222228,0.5846495769874629,0.4805555555555555
catfish_3342g,0,catfish_main,2026-08-31 12:05:05.000000,18.416666666666668,10.416666666666664,10.553773584905672,5.447619047619661,10.553773584905672,3342.3,89.9,8.4,397.5,911.0,12.73,2997.2,3079.2,3079.0,263.10000000000036,0.07871824791311383,0.09583221135146461,0.8214174211676559,-10.499999999998785,99.7472222222222,169.66597222222228,0.5879035195789108,0.4805555555555555
catfish_3342g,0,catfish_main,2026-08-31 12:05:10.000000,18.5,10.333333333333332,10.437356321839092,5.323809523810149,10.437356321839092,3342.3,90.1,8.0,398.75,1090.0,10.06,2995.9,3077.9,3078.3500000000004,264.4000000000001,0.07910720162762172,0.09583221135146461,0.8254761161411175,-10.499999999998785,100.30104166666665,169.66597222222228,0.5911676946942314,0.4805555555555555
catfish_3342g,0,catfish_main,2026-08-31 12:05:15.000000,18.583333333333332,10.25,10.34748329156225,5.5959595959607595,10.34748329156225,3342.3,90.1,8.3,399.0,1006.0,11.2,2995.4,3077.4,3077.65,264.9000000000001,0.07925679921012478,0.09583221135146461,0.8270371526693723,-9.899999999997958,100.85520833333331,169.66597222222228,0.5944339163143264,0.4805555555555555
catfish_3342g,0,catfish_main,2026-08-31 12:05:20.000000,18.666666666666668,10.166666666666664,10.283636744088735,5.393939393940516,10.283636744088735,3342.3,90.3,8.1,398.25,928.0,12.4,2993.4,3075.4,3076.4,266.9000000000001,0.07985518954013705,0.09583221135146461,0.8332812987823913,-9.899999999997958,101.4083333333333,169.66597222222228,0.597693998420098,0.4805555555555555
catfish_3342g,0,catfish_main,2026-08-31 12:05:30.000000,18.833333333333332,10.0,10.104075235109732,5.606557377049622,10.104075235109732,3342.3,91.0,7.5,398.75,914.0,12.68,2991.3,3073.3,3074.8500000000004,269.0,0.0804834993866499,0.09583221135146461,0.839837652201061,-9.149999999999311,102.51597222222219,169.66597222222228,0.604222348650739,0.4805555555555555
catfish_3342g,0,catfish_main,2026-08-31 12:05:35.000000,18.916666666666668,9.916666666666664,10.014411027568936,5.203980099503986,10.014411027568936,3342.3,91.3,7.2,399.0,1083.0,10.11,2992.3,3074.3,3073.8,268.0,0.08018430422164377,0.09583221135146461,0.8367155791445515,-10.04999999999714,103.07013888888885,169.66597222222228,0.607488570270834,0.4805555555555555
catfish_3342g,0,catfish_main,2026-08-31 12:05:40.000000,19.0,9.833333333333332,9.931077694235604,5.78531073446264,9.931077694235604,3342.3,91.0,7.2,399.0,971.0,11.77,2991.2,3073.2,3073.25,269.10000000000036,0.08051341890315063,0.09583221135146461,0.8401498595067131,-8.850000000000943,103.62430555555551,169.66597222222228,0.610754791890929,0.4805555555555555
catfish_3342g,0,catfish_main,2026-08-31 12:05:45.000000,19.083333333333332,9.75,9.866446955430023,6.320987654317043,9.866446955430023,3342.3,91.1,6.2,398.25,1066.0,10.41,2991.2,3073.2,3073.2,269.10000000000036,0.08051341890315063,0.09583221135146461,0.8401498595067131,-8.100000000005027,104.1774305555555,169.66597222222228,0.6140148739967005,0.4805555555555555
catfish_3342g,0,catfish_main,2026-08-31 12:05:50.000000,19.166666666666668,9.666666666666664,9.764567669172951,6.222222222218372,9.764567669172951,3342.3,91.2,5.3,399.0,944.0,12.23,2990.4,3072.4,3072.8,269.9000000000001,0.08075277503515546,0.09583221135146461,0.8426475179519199,-8.100000000005027,104.73159722222216,169.66597222222228,0.6172810956167956,0.4805555555555555
catfish_3342g,0,catfish_main,2026-08-31 12:05:55.000000,19.25,9.583333333333332,9.675120016697992,6.061728395057956,9.675120016697992,3342.3,91.4,4.7,399.25,1104.0,9.88,2989.1,3071.1,3072.15,271.2000000000003,0.08114172874966348,0.09583221135146461,0.8467062129253828,-8.100000000005027,105.28611111111105,169.66597222222228,0.620549363741665,0.4805555555555555
catfish_3342g,0,catfish_main,2026-08-31 12:06:00.000000,19.333333333333332,9.5,9.609995817649537,6.320512820509658,9.609995817649537,3342.3,91.5,4.5,398.5,905.0,13.02,2989.3,3071.3,3071.6000000000004,271.0,0.08108188971666218,0.09583221135146461,0.8460817983140801,-7.800000000003931,105.83958333333328,169.66597222222228,0.6238114923522111,0.4805555555555555
catfish_3342g,0,catfish_main,2026-08-31 12:06:05.000000,19.416666666666668,9.416666666666664,9.50260742594912,6.397435897437161,9.50260742594912,3342.3,91.7,4.1,399.5,1131.0,9.55,2989.9,3071.9,3071.2,270.4000000000001,0.08090237261765852,0.09583221135146461,0.8442085544801746,-7.799999999998474,106.39444444444439,169.66597222222228,0.6270818069818551,0.4805555555555555
catfish_3342g,0,catfish_main,2026-08-31 12:06:10.000000,19.5,9.333333333333332,9.437147335423216,6.205128205129431,9.437147335423216,3342.3,91.8,3.7,398.75,894.0,13.27,2988.4,3070.4,3070.75,271.9000000000001,0.08135116536516772,0.09583221135146461,0.8488916640649389,-7.799999999998474,106.94826388888883,169.66597222222228,0.6303459820971756,0.4805555555555555
catfish_3342g,0,catfish_main,2026-08-31 12:06:15.000000,19.583333333333332,9.25,9.330206378986883,6.694444444445338,9.330206378986883,3342.3,91.9,2.9,399.75,1131.0,9.68,2988.2,3070.2,3070.3,272.10000000000036,0.08141100439816903,0.09583221135146461,0.8495160786762418,-7.199999999999012,107.50347222222217,169.66597222222228,0.6336183432315943,0.4805555555555555
catfish_3342g,0,catfish_main,2026-08-31 12:06:20.000000,19.666666666666668,9.166666666666664,9.27613969050608,6.486111111111976,9.27613969050608,3342.3,92.0,2.3,398.5,904.0,12.91,2986.7,3068.7,3069.45,273.60000000000036,0.08185979714567823,0.09583221135146461,0.8541991882610059,-7.199999999999012,108.0569444444444,169.66597222222228,0.6368804718421404,0.4805555555555555
catfish_3342g,0,catfish_main,2026-08-31 12:06:25.000000,19.75,9.083333333333332,9.181182121971611,6.375000000000888,9.181182121971611,3342.3,92.0,2.0,399.0,1113.0,9.85,2985.9,3067.9,3068.3999999999996,274.4000000000001,0.08209915327768305,0.09583221135146461,0.8566968467062127,-7.199999999999012,108.61111111111106,169.66597222222228,0.6401466934622353,0.4805555555555555
catfish_3342g,0,catfish_main,2026-08-31 12:06:30.000000,19.833333333333332,9.0,9.10936846507739,6.402777777778644,9.10936846507739,3342.3,92.4,1.2,398.5,910.0,12.77,2986.1,3068.1,3068.0,274.2000000000003,0.08203931424468189,0.09583221135146461,0.8560724320949115,-7.199999999999012,109.16458333333328,169.66597222222228,0.6434088220727814,0.4805555555555555
catfish_3342g,0,catfish_main,2026-08-31 12:06:35.000000,19.916666666666668,8.916666666666664,9.014619883040952,5.692307692308818,9.014619883040952,3342.3,92.7,0.4,399.0,1141.0,9.43,2984.4,3066.4,3067.15,275.9000000000001,0.08254794602519226,0.09583221135146461,0.8613799562909771,-7.799999999998474,109.71874999999994,169.66597222222228,0.6466750436928764,0.4805555555555555
catfish_3342g,0,catfish_main,2026-08-31 12:06:40.000000,20.0,8.833333333333332,8.942597239648698,5.628205128206241,8.942597239648698,3342.3,92.9,0.0,398.5,902.0,12.99,2983.9,3065.9,3066.15,276.4000000000001,0.08269754360769532,0.09583221135146461,0.8629409928192318,-7.799999999998474,110.27222222222217,169.66597222222228,0.6499371723034224,0.4805555555555555
catfish_3342g,0,catfish_main,2026-08-31 12:06:45.000000,20.083333333333332,8.75,8.842465038614083,6.069444444445252,8.842465038614083,3342.3,93.2,0.0,399.25,1127.0,9.65,2983.7,3065.7,3065.8,276.60000000000036,0.08275738264069663,0.09583221135146461,0.8635654074305344,-7.199999999999012,110.82673611111106,169.66597222222228,0.653205440428292,0.4805555555555555
catfish_3342g,0,catfish_main,2026-08-31 12:06:50.000000,20.166666666666668,8.666666666666664,8.764672096908956,5.972222222223042,8.764672096908956,3342.3,93.4,0.0,399.0,950.0,12.13,2983.0,3065.0,3065.35,277.3000000000002,0.08296681925620086,0.09583221135146461,0.8657508585700906,-7.199999999999012,111.38090277777772,169.66597222222228,0.656471662048387,0.4805555555555555
catfish_3342g,0,catfish_main,2026-08-31 12:06:55.000000,20.25,8.583333333333332,8.67036921151441,5.833333333334134,8.67036921151441,3342.3,93.0,0.0,399.5,1074.0,10.29,2982.0,3064.0,3064.5,278.3000000000002,0.083266014421207,0.09583221135146461,0.8688729316266001,-7.199999999999012,111.93576388888883,169.66597222222228,0.659741976678031,0.4805555555555555
catfish_3342g,0,catfish_main,2026-08-31 12:07:00.000000,20.333333333333332,8.5,8.576197916666683,5.791666666667436,8.576197916666683,3342.3,93.3,0.0,400.0,976.0,11.69,2981.7,3063.7,3063.85,278.60000000000036,0.0833557729707089,0.09583221135146461,0.8698095535435536,-7.199999999999012,112.49131944444439,169.66597222222228,0.6630163843172241,0.4805555555555555
catfish_3342g,0,catfish_main,2026-08-31 12:07:05.000000,20.416666666666668,8.416666666666664,8.49286458333335,5.708333333334104,8.49286458333335,3342.3,93.5,0.0,400.0,1089.0,9.96,2981.1,3063.1,3063.3999999999996,279.2000000000003,0.08353529006971255,0.09583221135146461,0.871682797377459,-7.199999999999012,113.04687499999994,169.66597222222228,0.666290791956417,0.4805555555555555
catfish_3342g,0,catfish_main,2026-08-31 12:07:10.000000,20.5,8.333333333333332,8.414842609964579,5.652777777778528,8.414842609964579,3342.3,93.8,0.0,399.75,931.0,12.4,2980.7,3062.7,3062.8999999999996,279.60000000000036,0.08365496813571503,0.09583221135146461,0.8729316266000631,-7.199999999999012,113.60208333333328,169.66597222222228,0.6695631530908356,0.4805555555555555
catfish_3342g,0,catfish_main,2026-08-31 12:07:15.000000,20.583333333333332,8.25,8.305278470490459,6.151515151515558,8.305278470490459,3342.3,94.0,0.0,401.0,1146.0,9.42,2980.6,3062.6,3062.6499999999996,279.7000000000003,0.08368488765221561,0.09583221135146461,0.8732438339057137,-6.5999999999995485,114.15902777777772,169.66597222222228,0.6728457467491266,0.4805555555555555
catfish_3342g,0,catfish_main,2026-08-31 12:07:20.000000,20.666666666666668,8.166666666666664,8.242708333333349,6.444444444446013,8.242708333333349,3342.3,94.2,0.0,400.0,883.0,13.23,2980.6,3062.6,3062.6,279.7000000000003,0.08368488765221561,0.09583221135146461,0.8732438339057137,-6.299999999998453,114.71458333333328,169.66597222222228,0.6761201543883196,0.4805555555555555
catfish_3342g,0,catfish_main,2026-08-31 12:07:25.000000,20.75,8.083333333333332,8.13369678089306,6.26984126984281,8.13369678089306,3342.3,94.4,0.0,401.25,1162.0,9.21,2979.5,3061.5,3062.05,280.8000000000002,0.08401400233372233,0.09583221135146461,0.8766781142678739,-6.299999999998453,115.27187499999995,169.66597222222228,0.6794047945513851,0.4805555555555555
catfish_3342g,0,catfish_main,2026-08-31 12:07:30.000000,20.833333333333332,8.0,8.075781250000016,6.253968253969805,8.075781250000016,3342.3,94.0,0.0,400.0,926.0,12.47,2979.4,3061.4,3061.45,280.9000000000001,0.08404392185022293,0.09583221135146461,0.8769903215735246,-6.299999999998453,115.82743055555551,169.66597222222228,0.6826792021905782,0.4805555555555555
catfish_3342g,0,catfish_main,2026-08-31 12:07:35.000000,20.916666666666668,7.916666666666664,7.972308811305087,6.416666666666712,7.972308811305087,3342.3,94.3,0.0,401.0,1077.0,10.27,2978.5,3060.5,3060.95,281.8000000000002,0.08431319749872847,0.09583221135146461,0.8798001873243835,-5.999999999999957,116.38437499999995,169.66597222222228,0.6859617958488692,0.4805555555555555
catfish_3342g,0,catfish_main,2026-08-31 12:07:40.000000,21.0,7.833333333333332,7.908906250000017,6.35000000000003,7.908906250000017,3342.3,94.5,0.0,400.0,1040.0,10.72,2978.1,3060.1,3060.3,282.2000000000003,0.08443287556473095,0.09583221135146461,0.8810490165469875,-5.999999999999957,116.9399305555555,169.66597222222228,0.6892362034880622,0.4805555555555555
catfish_3342g,0,catfish_main,2026-08-31 12:07:45.000000,21.083333333333332,7.75,7.810771470160132,5.936507936509409,7.810771470160132,3342.3,94.7,0.0,400.75,1023.0,10.95,2977.4,3059.4,3059.75,282.9000000000001,0.08464231218023519,0.09583221135146461,0.8832344676865436,-6.299999999998453,117.49652777777773,169.66597222222228,0.6925167506415787,0.4805555555555555
catfish_3342g,0,catfish_main,2026-08-31 12:07:50.000000,21.166666666666668,7.666666666666664,7.746977277465097,5.590909090911799,7.746977277465097,3342.3,94.9,0.0,399.75,1009.0,11.17,2976.9,3058.9,3059.15,283.4000000000001,0.08479190976273826,0.09583221135146461,0.8847955042147985,-6.59999999999682,118.05173611111107,169.66597222222228,0.6957891117759973,0.4805555555555555
catfish_3342g,0,catfish_main,2026-08-31 12:07:55.000000,21.25,7.583333333333332,7.639495012468843,5.777777777779211,7.639495012468843,3342.3,95.1,0.0,401.0,1034.0,10.73,2976.4,3058.4,3058.65,283.9000000000001,0.08494150734524132,0.09583221135146461,0.8863565407430531,-6.299999999998453,118.60868055555551,169.66597222222228,0.6990717054342883,0.4805555555555555
catfish_3342g,0,catfish_main,2026-08-31 12:08:00.000000,21.333333333333332,7.5,7.565699126092399,5.634920634922019,7.565699126092399,3342.3,95.3,0.0,400.5,1088.0,10.08,2975.5,3057.5,3057.95,284.8000000000002,0.08521078299374688,0.09583221135146461,0.8891664064939121,-6.299999999998453,119.16493055555551,169.66597222222228,0.7023502060830303,0.4805555555555555
catfish_3342g,0,catfish_main,2026-08-31 12:08:05.000000,21.416666666666668,7.416666666666664,7.491822916666681,5.3484848484875664,7.491822916666681,3342.3,95.0,0.0,400.0,964.0,11.82,2975.3,3057.3,3057.4,285.0,0.08527062202674804,0.09583221135146461,0.8897908211052133,-6.59999999999668,119.72048611111107,169.66597222222228,0.7056246137222233,0.4805555555555555
catfish_3342g,0,catfish_main,2026-08-31 12:08:10.000000,21.5,7.333333333333332,7.394468704512387,5.2878787878814615,7.394468704512387,3342.3,95.2,0.0,400.75,1117.0,9.55,2974.9,3056.9,3057.1000000000004,285.4000000000001,0.08539030009275052,0.09583221135146461,0.8910396503278174,-6.59999999999668,120.2770833333333,169.66597222222228,0.7089051608757398,0.4805555555555555
catfish_3342g,0,catfish_main,2026-08-31 12:08:15.000000,21.583333333333332,7.25,7.315751144402844,5.136363636364002,7.315751144402844,3342.3,95.3,0.0,400.5,981.0,11.64,2973.9,3055.9,3056.55,286.4000000000001,0.08568949525775665,0.09583221135146461,0.894161723384327,-6.5999999999995485,120.8333333333333,169.66597222222228,0.7121836615244819,0.4805555555555555
catfish_3342g,0,catfish_main,2026-08-31 12:08:20.000000,21.666666666666668,7.166666666666664,7.241562500000013,5.181818181820761,7.241562500000013,3342.3,95.5,0.0,400.0,1059.0,10.55,2974.2,3056.2,3056.05,286.10000000000036,0.0855997367082549,0.09583221135146461,0.893225101467375,-6.59999999999668,121.38888888888886,169.66597222222228,0.7154580691636749,0.4805555555555555
catfish_3342g,0,catfish_main,2026-08-31 12:08:25.000000,21.75,7.083333333333332,7.135669781931477,4.9696969696994975,7.135669781931477,3342.3,95.7,0.0,401.25,1073.0,10.29,2972.8,3054.8,3055.3500000000004,287.5,0.08601860993926337,0.09583221135146461,0.8975960037464871,-6.59999999999668,121.94618055555553,169.66597222222228,0.7187427093267404,0.4805555555555555
catfish_3342g,0,catfish_main,2026-08-31 12:08:30.000000,21.833333333333332,7.0,7.07463541666668,4.939393939394264,7.07463541666668,3342.3,95.9,0.0,400.0,972.0,11.66,2972.6,3054.6,3054.7,287.7000000000003,0.08607844897226469,0.09583221135146461,0.89822041835779,-6.5999999999995485,122.50173611111109,169.66597222222228,0.7220171169659335,0.4805555555555555
catfish_3342g,0,catfish_main,2026-08-31 12:08:35.000000,21.916666666666668,6.916666666666664,6.97365960099752,4.81818181818427,6.97365960099752,3342.3,96.1,0.0,401.0,1200.0,8.35,2971.8,3053.8,3054.45,288.5,0.08631780510426951,0.09583221135146461,0.9007180768029966,-6.59999999999668,123.05868055555553,169.66597222222228,0.7252997106242245,0.4805555555555555
catfish_3342g,0,catfish_main,2026-08-31 12:08:40.000000,22.0,6.833333333333332,6.912132582864302,4.952380952382251,6.912132582864302,3342.3,96.3,0.0,399.75,895.0,13.14,2971.2,3053.2,3054.05,289.10000000000036,0.0864973222032733,0.09583221135146461,0.9025913206369036,-6.299999999998311,123.61388888888887,169.66597222222228,0.728572071758643,0.4805555555555555
catfish_3342g,0,catfish_main,2026-08-31 12:08:45.000000,22.083333333333332,6.75,6.815855181023732,4.893939393941883,6.815855181023732,3342.3,96.5,0.0,400.5,1173.0,8.92,2972.3,3054.3,3053.5,288.0,0.08616820752176645,0.09583221135146461,0.899157040274742,-6.59999999999668,124.17013888888887,169.66597222222228,0.731850572407385,0.4805555555555555
catfish_3342g,0,catfish_main,2026-08-31 12:08:50.000000,22.166666666666668,6.666666666666664,6.745309568480311,4.621212121214446,6.745309568480311,3342.3,96.1,0.0,399.75,954.0,12.08,2970.5,3052.5,3053.0,289.8000000000002,0.08670675881877754,0.09583221135146461,0.9047767717764597,-6.59999999999668,124.72534722222221,169.66597222222228,0.7351229335418037,0.4805555555555555
catfish_3342g,0,catfish_main,2026-08-31 12:08:55.000000,22.25,6.583333333333332,6.6535498646679265,4.888888888890228,6.6535498646679265,3342.3,96.3,0.0,400.25,1138.0,9.47,2970.8,3052.8,3052.7,289.5,0.08661700026927564,0.09583221135146461,0.9038401498595062,-6.299999999998311,125.28124999999999,169.66597222222228,0.7383993876857712,0.4805555555555555
catfish_3342g,0,catfish_main,2026-08-31 12:09:00.000000,22.333333333333332,6.5,6.557772236076486,5.099999999999913,6.557772236076486,3342.3,96.5,0.0,401.0,1055.0,10.58,2970.6,3052.6,3052.55,289.7000000000003,0.08667683930227696,0.09583221135146461,0.904464564470809,-6.000000000000085,125.83819444444443,169.66597222222228,0.7416819813440622,0.4805555555555555
catfish_3342g,0,catfish_main,2026-08-31 12:09:05.000000,22.416666666666668,6.416666666666664,6.474438902743154,4.333333333334524,6.474438902743154,3342.3,96.7,0.0,401.0,1008.0,11.17,2967.3,3049.3,3050.9,293.0,0.08766418334679711,0.09583221135146461,0.9147674055572895,-6.299999999998311,126.39513888888887,169.66597222222228,0.7449645750023531,0.4805555555555555
catfish_3342g,0,catfish_main,2026-08-31 12:09:10.000000,22.5,6.333333333333332,6.3669772256728905,4.060606060608131,6.3669772256728905,3342.3,96.8,0.0,402.5,1191.0,8.96,2966.8,3048.8,3049.05,293.5,0.08781378092930017,0.09583221135146461,0.9163284420855442,-6.59999999999668,126.95416666666664,169.66597222222228,0.748259447689291,0.4805555555555555
catfish_3342g,0,catfish_main,2026-08-31 12:09:15.000000,22.583333333333332,6.25,6.307460515378235,4.000000000002026,6.307460515378235,3342.3,97.0,0.0,401.0,935.0,12.48,2966.4,3048.4,3048.6000000000004,293.9000000000001,0.08793345899530265,0.09583221135146461,0.9175772713081484,-6.59999999999668,127.51111111111108,169.66597222222228,0.751542041347582,0.4805555555555555
catfish_3342g,0,catfish_main,2026-08-31 12:09:20.000000,22.666666666666668,6.166666666666664,6.196720463480252,3.863636363636628,6.196720463480252,3342.3,97.2,0.0,402.75,1258.0,8.23,2965.5,3047.5,3047.95,294.8000000000002,0.0882027346438082,0.09583221135146461,0.9203871370590072,-6.5999999999995485,128.07048611111108,169.66597222222228,0.7548389605392944,0.4805555555555555
catfish_3342g,0,catfish_main,2026-08-31 12:09:25.000000,22.75,6.083333333333332,6.132679535076806,3.712121212121466,6.132679535076806,3342.3,97.4,0.0,401.5,955.0,12.06,2964.5,3046.5,3047.4,295.8000000000002,0.08850192980881434,0.09583221135146461,0.9235092101155168,-6.5999999999995485,128.62812499999998,169.66597222222228,0.7581256472071346,0.4805555555555555
catfish_3342g,0,catfish_main,2026-08-31 12:09:30.000000,22.833333333333332,6.0,6.0455299730346495,3.7575757575776754,6.0455299730346495,3342.3,97.0,0.0,401.75,1104.0,9.87,2964.8,3046.8,3047.1000000000004,295.5,0.08841217125931244,0.09583221135146461,0.9225725881985634,-6.59999999999668,129.1861111111111,169.66597222222228,0.7614143803797491,0.4805555555555555
catfish_3342g,0,catfish_main,2026-08-31 12:09:35.000000,22.916666666666668,5.916666666666664,5.9434449958643585,3.7575757575776754,5.9434449958643585,3342.3,97.1,0.0,403.0,1194.0,8.93,2964.8,3046.8,3046.8500000000004,295.5,0.08841217125931244,0.09583221135146461,0.9225725881985634,-6.59999999999668,129.74583333333334,169.66597222222228,0.7647133460762362,0.4805555555555555
catfish_3342g,0,catfish_main,2026-08-31 12:09:40.000000,23.0,5.833333333333332,5.8823163138231696,4.015873015874121,5.8823163138231696,3342.3,97.3,0.0,401.5,928.0,12.43,2965.3,3047.3,3046.8,295.0,0.08826257367680938,0.09583221135146461,0.9210115516703087,-6.299999999998311,130.30347222222224,169.66597222222228,0.7680000327440762,0.4805555555555555
catfish_3342g,0,catfish_main,2026-08-31 12:09:45.000000,23.083333333333332,5.75,5.777088502894959,4.150000000000045,5.777088502894959,3342.3,97.5,0.0,403.0,1270.0,8.14,2964.9,3046.9,3046.8,295.4000000000001,0.08838225174281186,0.09583221135146461,0.9222603808929127,-5.999999999999957,130.86319444444447,169.66597222222228,0.7712989984405633,0.4805555555555555
catfish_3342g,0,catfish_main,2026-08-31 12:09:50.000000,23.166666666666668,5.666666666666664,5.711729931549474,4.133333333333481,5.711729931549474,3342.3,97.7,0.0,401.75,950.0,12.08,2964.8,3046.8,3046.65,295.5,0.08841217125931244,0.09583221135146461,0.9225725881985634,-5.9999999999998295,131.4211805555556,169.66597222222228,0.7745877316131778,0.4805555555555555
catfish_3342g,0,catfish_main,2026-08-31 12:09:55.000000,23.25,5.583333333333332,5.621296871763003,4.087719298246462,5.621296871763003,3342.3,97.8,0.0,402.25,1111.0,9.73,2963.3,3045.3,3046.35,297.0,0.08886096400682164,0.09583221135146461,0.9272556977833276,-5.6999999999988615,131.97986111111115,169.66597222222228,0.7778805577953413,0.4805555555555555
catfish_3342g,0,catfish_main,2026-08-31 12:10:00.000000,23.333333333333332,5.5,5.52750206782465,4.245614035088535,5.52750206782465,3342.3,98.0,0.0,403.0,1254.0,8.26,2964.2,3046.2,3045.75,296.10000000000036,0.08859168835831624,0.09583221135146461,0.9244458320324702,-5.6999999999988615,132.53958333333338,169.66597222222228,0.7811795234918283,0.4805555555555555
catfish_3342g,0,catfish_main,2026-08-31 12:10:05.000000,23.416666666666668,5.416666666666664,5.461366936320266,4.017543859649941,5.461366936320266,3342.3,98.2,0.0,401.75,951.0,11.95,2962.9,3044.9,3045.1000000000004,297.4000000000001,0.08898064207282412,0.09583221135146461,0.9285045270059317,-5.6999999999988615,133.0975694444445,169.66597222222228,0.7844682566644429,0.4805555555555555
catfish_3342g,0,catfish_main,2026-08-31 12:10:10.000000,23.5,5.333333333333332,5.374637230514096,3.633333333333467,5.374637230514096,3342.3,98.3,0.0,402.0,1035.0,10.74,2961.8,3043.8,3044.6000000000004,298.5,0.08930975675433085,0.09583221135146461,0.931938807368092,-5.9999999999998295,133.65590277777784,169.66597222222228,0.7877590363418319,0.4805555555555555
catfish_3342g,0,catfish_main,2026-08-31 12:10:15.000000,23.583333333333332,5.25,5.274643521388715,3.842105263158678,5.274643521388715,3342.3,98.5,0.0,403.25,1299.0,7.88,2961.9,3043.9,3044.2,298.4000000000001,0.08927983723783026,0.09583221135146461,0.9316266000624412,-5.6999999999988615,134.2159722222223,169.66597222222228,0.7910600485430934,0.4805555555555555
catfish_3342g,0,catfish_main,2026-08-31 12:10:20.000000,23.666666666666668,5.166666666666664,5.204423037083073,4.372549019605945,5.204423037083073,3342.3,98.0,0.0,402.25,1010.0,10.73,2962.3,3044.3,3044.0,298.0,0.08916015917182778,0.09583221135146461,0.9303777708398371,-5.100000000002256,134.77465277777785,169.66597222222228,0.7943528747252568,0.4805555555555555
catfish_3342g,0,catfish_main,2026-08-31 12:10:25.000000,23.75,5.083333333333332,5.127566894835094,4.520833333332203,5.127566894835094,3342.3,98.3,0.0,401.75,978.0,11.63,2961.7,3043.7,3043.8500000000004,298.60000000000036,0.08933967627083157,0.09583221135146461,0.932251014673744,-4.80000000000116,135.33263888888897,169.66597222222228,0.7976416078978714,0.4805555555555555
catfish_3342g,0,catfish_main,2026-08-31 12:10:30.000000,23.833333333333332,5.0,5.025160157057239,5.261904761906033,5.261904761906033,3342.3,98.4,0.0,403.25,1263.0,8.17,2962.1,3044.1,3043.75,298.2000000000003,0.08921999820482909,0.09583221135146461,0.93100218545114,-4.199999999998968,135.89270833333342,169.66597222222228,0.8009426200991329,0.4805555555555555
catfish_3342g,0,catfish_main,2026-08-31 12:10:40.000000,24.0,4.833333333333332,4.877255756067203,5.0952380952393685,5.0952380952393685,3342.3,98.7,0.0,401.75,954.0,12.03,2961.4,3043.4,3043.55,298.9000000000001,0.08942943482033333,0.09583221135146461,0.933187636590696,-4.199999999998968,137.00868055555563,169.66597222222228,0.8075200864443618,0.4805555555555555
catfish_3342g,0,catfish_main,2026-08-31 12:10:45.000000,24.083333333333332,4.75,4.793922422733869,4.928571428566192,4.928571428566192,3342.3,98.9,0.0,401.75,994.0,11.32,2960.7,3042.7,3043.05,299.60000000000036,0.0896388714358377,0.09583221135146461,0.9353730877302534,-4.200000000004425,137.56666666666675,169.66597222222228,0.8108088196169764,0.4805555555555555
catfish_3342g,0,catfish_main,2026-08-31 12:10:50.000000,24.166666666666668,4.666666666666664,4.689797604295742,4.880952380947357,4.880952380947357,3342.3,99.0,0.0,403.5,1265.0,8.14,2960.5,3042.5,3042.6499999999996,299.8000000000002,0.08969871046883887,0.09583221135146461,0.9359975023415549,-4.200000000004323,138.12708333333342,169.66597222222228,0.8141118783230124,0.4805555555555555
catfish_3342g,0,catfish_main,2026-08-31 12:10:55.000000,24.25,4.583333333333332,4.609371771027067,5.6666666666631755,5.6666666666631755,3342.3,99.1,0.0,403.25,1247.0,8.34,2960.4,3042.4,3042.55,299.9000000000001,0.08972862998533945,0.09583221135146461,0.9363097096472055,-3.600000000002234,138.68715277777787,169.66597222222228,0.8174128905242738,0.4805555555555555
catfish_3342g,0,catfish_main,2026-08-31 12:11:00.000000,24.333333333333332,4.5,4.528897849462359,5.7222222222229835,5.7222222222229835,3342.3,99.3,0.0,403.0,957.0,11.96,2960.6,3042.6,3042.45,299.7000000000003,0.08966879095233829,0.09583221135146461,0.9356852950359043,-3.5999999999995054,139.2468750000001,169.66597222222228,0.8207118562207609,0.4805555555555555
catfish_3342g,0,catfish_main,2026-08-31 12:11:05.000000,24.416666666666668,4.416666666666664,4.4399524989673615,5.076923076926009,5.076923076926009,3342.3,99.4,0.0,403.5,1061.0,10.35,2959.8,3041.8,3042.1000000000004,300.5,0.08990814708434311,0.09583221135146461,0.9381829534811109,-3.8999999999977835,139.80729166666677,169.66597222222228,0.8240149149267969,0.4805555555555555
catfish_3342g,0,catfish_main,2026-08-31 12:11:10.000000,24.5,4.333333333333332,4.342907144327767,5.499999999996637,5.499999999996637,3342.3,99.0,0.0,404.75,1315.0,7.73,2959.8,3041.8,3041.8,300.5,0.08990814708434311,0.09583221135146461,0.9381829534811109,-3.600000000002234,140.36944444444455,169.66597222222228,0.8273282061567053,0.4805555555555555
catfish_3342g,0,catfish_main,2026-08-31 12:11:15.000000,24.583333333333332,4.25,4.259573810994433,5.194444444441171,5.194444444441171,3342.3,99.1,0.0,404.75,1267.0,8.07,2958.7,3040.7,3041.25,301.60000000000036,0.09023726176584997,0.09583221135146461,0.9416172338432726,-3.600000000002234,140.93159722222234,169.66597222222228,0.8306414973866137,0.4805555555555555
catfish_3342g,0,catfish_main,2026-08-31 12:11:20.000000,24.666666666666668,4.166666666666664,4.189436183395283,5.055555555552368,5.055555555552368,3342.3,99.3,0.0,403.5,999.0,11.31,2958.2,3040.2,3040.5,302.10000000000036,0.09038685934835304,0.09583221135146461,0.9431782703715273,-3.600000000002234,141.492013888889,169.66597222222228,0.8339445560926497,0.4805555555555555
catfish_3342g,0,catfish_main,2026-08-31 12:11:25.000000,24.75,4.083333333333332,4.100917904290422,5.083333333334083,5.083333333334083,3342.3,99.4,9.7,404.0,1131.0,9.16,2958.3,3040.3,3040.25,302.0,0.0903569398318523,0.09583221135146461,0.9428660630658752,-3.5999999999995054,142.0531250000001,169.66597222222228,0.8372517078082347,0.4805555555555555
catfish_3342g,0,catfish_main,2026-08-31 12:11:30.000000,24.833333333333332,4.0,4.007458847736618,5.424242424245065,5.424242424245065,3342.3,99.6,9.1,405.0,1303.0,7.93,2957.9,3039.9,3040.05,302.4000000000001,0.0904766178978548,0.09583221135146461,0.9441148922884793,-3.29999999999841,142.6156250000001,169.66597222222228,0.8405670455429176,0.4805555555555555
catfish_3342g,0,catfish_main,2026-08-31 12:11:35.000000,24.916666666666668,3.9166666666666643,3.936532507739931,4.878787878786168,4.878787878786168,3342.3,99.7,8.4,403.75,975.0,11.71,2956.1,3038.1,3039.45,304.2000000000003,0.0910151691948659,0.09583221135146461,0.9497346237901971,-3.3000000000011385,143.176388888889,169.66597222222228,0.843872150753728,0.4805555555555555
catfish_3342g,0,catfish_main,2026-08-31 12:11:40.000000,25.0,3.833333333333332,3.8483302411873788,4.583333333330489,4.583333333330489,3342.3,99.9,6.3,404.25,1095.0,9.99,2956.5,3038.5,3038.75,303.8000000000002,0.0908954911288634,0.09583221135146461,0.9484857945675929,-3.600000000002234,143.7378472222223,169.66597222222228,0.8471813489740874,0.4805555555555555
catfish_3342g,0,catfish_main,2026-08-31 12:11:45.000000,25.083333333333332,3.75,3.757870370370365,4.722222222219292,4.722222222219292,3342.3,100.0,4.6,405.0,1360.0,7.34,2957.0,3039.0,3038.5,303.3000000000002,0.09074589354636034,0.09583221135146461,0.9469247580393382,-3.600000000002234,144.3003472222223,169.66597222222228,0.8504966867087703,0.4805555555555555
catfish_3342g,0,catfish_main,2026-08-31 12:11:50.000000,25.166666666666668,3.6666666666666643,3.68150896722325,4.583333333330489,4.583333333330489,3342.3,100.1,3.1,404.25,1053.0,10.55,2956.5,3038.5,3038.3,303.8000000000002,0.0908954911288634,0.09583221135146461,0.9484857945675929,-3.600000000002234,144.86180555555563,169.66597222222228,0.8538058849291297,0.4805555555555555
catfish_3342g,0,catfish_main,2026-08-31 12:11:55.000000,25.25,3.583333333333332,3.5981756338899187,4.388888888886216,4.388888888886216,3342.3,100.3,2.8,404.25,1072.0,10.27,2955.8,3037.8,3038.0,304.5,0.09110492774436764,0.09583221135146461,0.950671245707149,-3.600000000002234,145.42326388888895,169.66597222222228,0.857115083149489,0.4805555555555555
catfish_3342g,0,catfish_main,2026-08-31 12:12:00.000000,25.333333333333332,3.5,3.5081790123456775,4.416666666663951,4.416666666663951,3342.3,100.4,2.4,405.0,1339.0,7.54,2955.9,3037.9,3037.8500000000004,304.4000000000001,0.09107500822786706,0.09583221135146461,0.9503590384014984,-3.600000000002234,145.98576388888895,169.66597222222228,0.860430420884172,0.4805555555555555
catfish_3342g,0,catfish_main,2026-08-31 12:12:05.000000,25.416666666666668,3.4166666666666643,3.433529290429043,4.484848484846993,4.484848484846993,3342.3,100.0,2.4,404.0,959.0,11.93,2954.8,3036.8,3037.8,305.5,0.09140412290937378,0.09583221135146461,0.9537933187636585,-3.3000000000011385,146.54687500000006,169.66597222222228,0.8637375725997569,0.4805555555555555
catfish_3342g,0,catfish_main,2026-08-31 12:12:10.000000,25.5,3.333333333333332,3.345951792336216,4.787878787877191,4.787878787877191,3342.3,100.0,1.9,404.5,1117.0,9.68,2955.8,3037.8,3037.3500000000004,304.5,0.09110492774436764,0.09583221135146461,0.950671245707149,-3.3000000000011385,147.10868055555562,169.66597222222228,0.8670488173248909,0.4805555555555555
catfish_3342g,0,catfish_main,2026-08-31 12:12:20.000000,25.666666666666668,3.1666666666666643,3.1834261551155087,4.966666666666627,4.966666666666627,3342.3,100.0,0.0,404.0,939.0,12.28,2954.9,3036.9,3036.8500000000004,305.4000000000001,0.0913742033928732,0.09583221135146461,0.9534811114580078,-3.0000000000000426,148.23090277777786,169.66597222222228,0.8736631207560609,0.4805555555555555
catfish_3342g,0,catfish_main,2026-08-31 12:12:25.000000,25.75,3.083333333333332,3.0922325102880626,4.333333333333272,4.333333333333272,3342.3,100.0,0.0,405.0,1254.0,8.22,2953.0,3035.0,3035.9,307.3000000000002,0.09194267420638487,0.09583221135146461,0.9594130502653762,-3.0000000000000426,148.79340277777786,169.66597222222228,0.8769784584907439,0.4805555555555555
catfish_3342g,0,catfish_main,2026-08-31 12:12:30.000000,25.833333333333332,3.0,3.006991568990333,3.909090909089588,3.909090909089588,3342.3,100.0,0.0,405.25,1230.0,8.49,2952.9,3034.9,3034.95,307.4000000000001,0.09197259372288547,0.09583221135146461,0.959725257571027,-3.3000000000011385,149.35625000000007,169.66597222222228,0.8802958427302012,0.4805555555555555
catfish_3342g,0,catfish_main,2026-08-31 12:12:35.000000,25.916666666666668,2.9166666666666643,2.9310966810966805,3.818181818180473,3.818181818180473,3342.3,100.0,0.0,404.25,975.0,11.69,2952.6,3034.6,3034.75,307.7000000000003,0.09206235227238735,0.09583221135146461,0.9606618794879803,-3.3000000000011385,149.9177083333334,169.66597222222228,0.8836050409505606,0.4805555555555555
catfish_3342g,0,catfish_main,2026-08-31 12:12:40.000000,26.0,2.833333333333332,2.8387279079325944,3.1388888888869917,3.1388888888869917,3342.3,100.0,0.0,405.5,1371.0,7.21,2951.3,3033.3,3033.95,309.0,0.09245130598689524,0.09583221135146461,0.9647205744614419,-3.600000000002234,150.48090277777783,169.66597222222228,0.8869244716947925,0.4805555555555555
catfish_3342g,0,catfish_main,2026-08-31 12:12:45.000000,26.083333333333332,2.75,2.76417233560091,2.7692307692323896,2.7692307692323896,3342.3,100.0,0.0,404.25,959.0,11.93,2950.8,3032.8,3033.05,309.5,0.09260090356939832,0.09583221135146461,0.9662816109896967,-3.8999999999977835,151.04236111111115,169.66597222222228,0.8902336699151518,0.4805555555555555
catfish_3342g,0,catfish_main,2026-08-31 12:12:50.000000,26.166666666666668,2.6666666666666643,2.674018095825626,2.6666666666682057,2.674018095825626,3342.3,100.0,0.0,405.25,1227.0,8.49,2950.4,3032.4,3032.6000000000004,309.9000000000001,0.0927205816354008,0.09583221135146461,0.9675304402123007,-3.8999999999977835,151.60520833333337,169.66597222222228,0.8935510541546092,0.4805555555555555
catfish_3342g,0,catfish_main,2026-08-31 12:12:55.000000,26.25,2.583333333333332,2.5890361693382706,2.5384615384630047,2.5890361693382706,3342.3,100.0,0.0,405.5,1203.0,8.83,2949.9,3031.9,3032.15,310.4000000000001,0.09287017921790386,0.09583221135146461,0.9690914767405555,-3.8999999999977835,152.1684027777778,169.66597222222228,0.8968704848988411,0.4805555555555555
catfish_3342g,0,catfish_main,2026-08-31 12:13:05.000000,26.416666666666668,2.4166666666666643,2.4160004100041057,2.4102564102578032,2.4166666666666643,3342.3,100.0,0.0,406.5,1249.0,8.32,2949.4,3031.4,3031.65,310.9000000000001,0.09301977680040693,0.09583221135146461,0.9706525132688103,-3.8999999999977835,153.29756944444446,169.66597222222228,0.9035257184255009,0.4805555555555555
catfish_3342g,0,catfish_main,2026-08-31 12:13:10.000000,26.5,2.333333333333332,2.33862515413071,1.5625000000014657,2.33862515413071,3342.3,100.0,0.0,405.5,1013.0,11.03,2947.5,3029.5,3030.8,312.8000000000002,0.09358824761391861,0.09583221135146461,0.9765844520761786,-4.799999999995498,153.8607638888889,169.66597222222228,0.9068451491697328,0.4805555555555555
catfish_3342g,0,catfish_main,2026-08-31 12:13:15.000000,26.583333333333332,2.25,2.2438139059304767,1.425925925926479,2.25,3342.3,100.0,0.0,407.5,1389.0,7.16,2947.7,3029.7,3030.05,312.60000000000036,0.09352840858091743,0.09583221135146461,0.9759600374648773,-5.399999999997778,154.42673611111113,169.66597222222228,0.9101809519521606,0.4805555555555555
catfish_3342g,0,catfish_main,2026-08-31 12:13:20.000000,26.666666666666668,2.1666666666666643,2.1687705254515652,1.5185185185191097,2.1687705254515652,3342.3,100.0,0.0,406.0,967.0,11.95,2948.2,3030.2,3029.8500000000004,312.10000000000036,0.09337881099841437,0.09583221135146461,0.9743990009366226,-5.399999999997778,154.99062500000002,169.66597222222228,0.9135044757059416,0.4805555555555555
catfish_3342g,0,catfish_main,2026-08-31 12:13:25.000000,26.75,2.083333333333332,2.081438229870934,1.7333333333333936,2.083333333333332,3342.3,100.0,0.0,406.75,1263.0,8.17,2947.8,3029.8,3029.75,312.5,0.09349848906441671,0.09583221135146461,0.9756478301592252,-4.4999999999999485,155.55555555555557,169.66597222222228,0.916834138974046,0.4805555555555555
catfish_3342g,0,catfish_main,2026-08-31 12:13:30.000000,26.833333333333332,2.0,1.9968263718263795,2.3939393939385956,2.3939393939385956,3342.3,100.0,0.0,407.0,1237.0,8.43,2947.9,3029.9,3029.6,312.4000000000001,0.09346856954791613,0.09583221135146461,0.9753356228535746,-3.3000000000011385,156.12083333333334,169.66597222222228,0.9201658487469249,0.4805555555555555
catfish_3342g,0,catfish_main,2026-08-31 12:13:35.000000,26.916666666666668,1.9166666666666643,1.918411330049268,2.1212121212113892,2.1212121212113892,3342.3,100.0,0.0,406.0,1043.0,10.62,2947.0,3029.0,3029.45,313.3000000000002,0.09373784519642167,0.09583221135146461,0.9781454886044333,-3.3000000000011385,156.68472222222223,169.66597222222228,0.9234893725007058,0.4805555555555555
catfish_3342g,0,catfish_main,2026-08-31 12:13:40.000000,27.0,1.8333333333333321,1.8291896869244986,1.8484848484841832,1.8484848484841832,3342.3,100.0,0.0,407.25,1399.0,7.1,2946.1,3028.1,3029.2,314.2000000000003,0.09400712084492722,0.09583221135146461,0.9809553543552922,-3.3000000000011385,157.25034722222225,169.66597222222228,0.9268231287783593,0.4805555555555555
catfish_3342g,0,catfish_main,2026-08-31 12:13:45.000000,27.083333333333332,1.75,1.751488095238099,1.8787878787871755,1.8787878787871755,3342.3,100.0,0.0,406.0,958.0,12.24,2946.2,3028.2,3028.6,314.10000000000036,0.09397720132842663,0.09583221135146461,0.9806431470496415,-3.3000000000011385,157.81423611111114,169.66597222222228,0.9301466525321402,0.4805555555555555
catfish_3342g,0,catfish_main,2026-08-31 12:13:50.000000,27.166666666666668,1.6666666666666643,1.6627788009003501,2.2424242424234966,2.2424242424234966,3342.3,100.0,0.0,407.25,1424.0,6.82,2947.4,3029.4,3028.1499999999996,312.9000000000001,0.09361816713041919,0.09583221135146461,0.9768966593818292,-3.3000000000011385,158.37986111111115,169.66597222222228,0.9334804088097937,0.4805555555555555
catfish_3342g,0,catfish_main,2026-08-31 12:13:55.000000,27.25,1.5833333333333321,1.5855925241322657,1.358974358975147,1.5855925241322657,3342.3,100.0,0.0,405.75,1075.0,10.27,2945.3,3027.3,3027.8,315.0,0.09424647697693204,0.09583221135146461,0.983453012800499,-3.8999999999978723,158.94340277777783,169.66597222222228,0.9368018860588002,0.4805555555555555
catfish_3342g,0,catfish_main,2026-08-31 12:14:00.000000,27.333333333333332,1.5,1.501282840722495,1.222222222222946,1.501282840722495,3342.3,100.0,0.0,406.0,1134.0,9.54,2945.5,3027.5,3027.4,314.8000000000002,0.09418663794393088,0.09583221135146461,0.9828285981891978,-4.4999999999973355,159.50729166666673,169.66597222222228,0.9401254098125812,0.4805555555555555
catfish_3342g,0,catfish_main,2026-08-31 12:14:05.000000,27.416666666666668,1.4166666666666643,1.4142608517608526,0.9166666666664837,1.4166666666666643,3342.3,100.0,0.0,407.0,1407.0,6.96,2944.4,3026.4,3027.0,315.9000000000001,0.0945157526254376,0.09583221135146461,0.9862628785513579,-4.800000000001058,160.0725694444445,169.66597222222228,0.94345711958546,0.4805555555555555
catfish_3342g,0,catfish_main,2026-08-31 12:14:10.000000,27.5,1.3333333333333321,1.336159062885329,0.8431372549020937,1.336159062885329,3342.3,100.0,0.0,405.5,941.0,12.24,2944.3,3026.3,3026.55,316.0,0.09454567214193818,0.09583221135146461,0.9865750858570085,-5.099999999999412,160.63576388888893,169.66597222222228,0.9467765503296919,0.4805555555555555
catfish_3342g,0,catfish_main,2026-08-31 12:14:15.000000,27.583333333333332,1.25,1.2495387453874562,0.8431372549020937,1.25,3342.3,100.0,0.0,406.5,1357.0,7.33,2944.3,3026.3,3026.3500000000004,316.0,0.09454567214193818,0.09583221135146461,0.9865750858570085,-5.099999999999412,161.20034722222226,169.66597222222228,0.9501041670930217,0.4805555555555555
catfish_3342g,0,catfish_main,2026-08-31 12:14:20.000000,27.666666666666668,1.1666666666666643,1.168515095502157,0.979166666666413,1.168515095502157,3342.3,100.0,0.0,405.75,1040.0,11.2,2944.7,3026.7,3026.3,315.60000000000036,0.09442599407593584,0.09583221135146461,0.9853262566344059,-4.800000000001058,161.76388888888894,169.66597222222228,0.9534256443420283,0.4805555555555555
catfish_3342g,0,catfish_main,2026-08-31 12:14:25.000000,27.75,1.0833333333333321,1.0844622331691292,0.5208333333332186,1.0844622331691292,3342.3,100.0,0.0,406.0,1293.0,7.88,2942.5,3024.5,3026.1000000000004,317.8000000000002,0.09508422343894928,0.09583221135146461,0.9921948173587262,-4.800000000001058,162.32777777777784,169.66597222222228,0.9567491680958092,0.4805555555555555
catfish_3342g,0,catfish_main,2026-08-31 12:14:30.000000,27.833333333333332,1.0,0.9997949979499791,0.6874999999998864,1.0,3342.3,100.0,0.0,406.5,1234.0,8.61,2943.3,3025.3,3025.65,317.0,0.09484486730694432,0.09583221135146461,0.9896971589135181,-4.800000000001058,162.89236111111117,169.66597222222228,0.960076784859139,0.4805555555555555
catfish_3342g,0,catfish_main,2026-08-31 12:14:35.000000,27.916666666666668,0.9166666666666643,0.9195455480156286,0.8666666666672199,0.9195455480156286,3342.3,100.0,0.0,405.25,1049.0,10.57,2943.9,3025.9,3025.3500000000004,316.4000000000001,0.09466535020794066,0.09583221135146461,0.9878239150796125,-4.499999999997232,163.4552083333334,169.66597222222228,0.9633941690985965,0.4805555555555555
catfish_3342g,0,catfish_main,2026-08-31 12:14:40.000000,28.0,0.8333333333333321,0.8333845838458391,0.7555555555560405,0.8333845838458391,3342.3,100.0,0.0,406.5,1375.0,7.23,2943.4,3025.4,3025.3,316.9000000000001,0.09481494779044373,0.09583221135146461,0.9893849516078674,-4.499999999997232,164.01979166666672,169.66597222222228,0.9667217858619264,0.4805555555555555
catfish_3342g,0,catfish_main,2026-08-31 12:14:45.000000,28.083333333333332,0.75,0.7526218383713771,0.7333333333338248,0.7526218383713771,3342.3,100.0,0.0,405.25,1103.0,10.07,2943.3,3025.3,3024.9,317.0,0.09484486730694432,0.09583221135146461,0.9896971589135181,-4.499999999997232,164.58263888888894,169.66597222222228,0.9700391701013839,0.4805555555555555
catfish_3342g,0,catfish_main,2026-08-31 12:14:50.000000,28.166666666666668,0.6666666666666643,0.6678981937602629,0.31111111111132267,0.6678981937602629,3342.3,100.0,0.0,406.0,1282.0,8.2,2941.4,3023.4,3024.3,318.9000000000001,0.09541333812045599,0.09583221135146461,0.9956290977208864,-4.499999999997232,165.14652777777783,169.66597222222228,0.9733626938551647,0.4805555555555555
catfish_3342g,0,catfish_main,2026-08-31 12:14:55.000000,28.25,0.5833333333333321,0.5849763811871003,0.46666666666693346,0.5849763811871003,3342.3,100.0,0.0,405.75,1199.0,8.8,2942.1,3024.1,3023.75,318.2000000000003,0.09520390150495175,0.09583221135146461,0.9934436465813303,-4.499999999997232,165.7100694444445,169.66597222222228,0.9766841711041713,0.4805555555555555
catfish_3342g,0,catfish_main,2026-08-31 12:15:00.000000,28.333333333333332,0.5,0.5009230769230747,0.23076923076954595,0.0,3342.3,100.0,0.0,406.25,1198.0,8.86,2940.9,3022.9,3023.75,319.4000000000001,0.09556293570295907,0.09583221135146461,0.9971901342491413,-3.8999999999950674,166.27430555555563,169.66597222222228,0.9800097413627267,0.4805555555555555
catfish_3342g,0,catfish_main,2026-08-31 12:15:05.000000,28.416666666666668,0.4166666666666643,0.41728167281672623,0.17777777777792753,0.0,3342.3,100.0,0.0,406.5,1205.0,8.67,2940.8,3022.8,3023.3,319.5,0.09559285521945965,0.09583221135146461,0.9975023415547919,-4.499999999997232,166.83888888888896,169.66597222222228,0.9833373581260566,0.4805555555555555
catfish_3342g,0,catfish_main,2026-08-31 12:15:10.000000,28.5,0.33333333333333215,0.33343570843570824,0.3076923076926502,0.0,3342.3,100.0,0.0,407.0,1273.0,8.08,2941.2,3023.2,3023.2,319.10000000000036,0.09547317715345731,0.09583221135146461,0.9962535123321892,-3.8999999999950674,167.40416666666673,169.66597222222228,0.9866690678989354,0.4805555555555555
catfish_3342g,0,catfish_main,2026-08-31 12:15:15.000000,28.583333333333332,0.25,0.2503073140749855,0.09090909090919194,0.0,3342.3,100.0,9.8,406.75,1163.0,9.76,2940.3,3022.3,3023.05,320.0,0.09574245280196271,0.09583221135146461,0.9990633780830466,-3.299999999998333,167.96909722222227,169.66597222222228,0.9899987311670397,0.4805555555555555
catfish_3342g,0,catfish_main,2026-08-31 12:15:20.000000,28.666666666666668,0.1666666666666643,0.16666666666666585,0.0,0.0,3342.3,100.0,9.2,407.25,1264.0,8.27,2939.7,3021.7,3022.9,320.60000000000036,0.0959219699009665,0.09583221135146461,1.0009366219169535,-3.299999999998333,168.53472222222229,169.66597222222228,0.9933324874446933,0.4805555555555555
catfish_3342g,0,catfish_main,2026-08-31 12:15:25.000000,28.75,0.08333333333333215,0.08343570843570937,0.6666666666669483,0.0,3342.3,100.0,8.5,407.0,1290.0,7.88,2942.2,3024.2,3022.8500000000004,318.10000000000036,0.09517398198845117,0.09583221135146461,0.9931314392756797,-3.299999999998333,169.10000000000005,169.66597222222228,0.996664197217572,0.4805555555555555
catfish_3342g,0,catfish_main,2026-08-31 12:15:30.000000,28.833333333333332,0.0,0.0,0.0,0.0,3342.3,100.0,7.9,407.5,1171.0,8.98,2940.0,3022.0,3022.8,320.3000000000002,0.09583221135146461,0.09583221135146461,1.0,-3.299999999998333,169.66597222222228,169.66597222222228,1.0,0.4805555555555555
catfish_synth_800g,1,synth,2099-01-01 00:00:00.000000,0.0,9.186085835430022,40.540738894986056,2400.0,2400.0,800.0,30.1,53.0,28.25,687.0,18.22,800.0,800.0,797.9768966593817,0.0,0.0,0.15,0.0,0.0,0.0,54.054318526648075,0.0,0.15310143059050038
catfish_synth_800g,1,synth,2099-01-01 00:00:01.592963,0.026549381027254397,9.159536454402767,40.53136364481081,2389.5098345301267,2389.5098345301267,800.0,30.1,53.1,28.25,688.0,18.26,799.4754917265063,799.4754917265063,796.4783015922573,0.5245082734936659,0.0006556353418670824,0.15,0.0043709022791138825,0.0,0.012500333566998945,54.054318526648075,0.00023125503951800712,0.15310143059050038
catfish_synth_800g,1,synth,2099-01-01 00:00:03.185926,0.053098762054508794,9.132987073375514,40.52198839463556,2389.5098345301267,2389.5098345301267,800.0,30.2,53.1,28.25,687.0,18.13,799.4754917265063,799.4754917265063,795.8413986887292,0.5245082734936659,0.0006556353418670824,0.15,0.0043709022791138825,0.0,0.02500066713399789,54.054318526648075,0.00046251007903601424,0.15310143059050038
catfish_synth_800g,1,synth,2099-01-01 00:00:04.778889,0.0796481430817632,9.106437692348258,40.512696111276014,2329.566031845145,2329.566031845145,800.0,30.2,53.1,28.0,691.0,18.16,796.4783015922573,796.4783015922573,795.2044957852013,3.521698407742747,0.004402123009678433,0.15,0.029347486731189556,0.0,0.037390378280049937,54.054318526648075,0.0006917186137795256,0.15310143059050038
catfish_synth_800g,1,synth,2099-01-01 00:00:06.371851,0.10619752410901759,9.079888311321005,40.503154927469346,4.802314509341302,40.503154927469346,800.0,30.2,53.1,28.75,693.0,17.88,795.2044957852013,795.2044957852013,795.2044957852013,4.7955042147987115,0.005994380268498389,0.15,0.039962535123322596,-23.989369201269376,0.05011195668894267,54.054318526648075,0.0009270666628465241,0.15310143059050038
catfish_synth_800g,1,synth,2099-01-01 00:00:07.964814,0.132746905136272,9.05333893029375,40.4937796772941,4.8023145093417305,40.4937796772941,800.0,30.2,53.1,28.25,692.0,17.78,795.2044957852013,795.2044957852013,795.2044957852013,4.7955042147987115,0.005994380268498389,0.15,0.039962535123322596,-23.989369201267234,0.06261229025594162,54.054318526648075,0.0011583217023645313,0.15310143059050038
catfish_synth_800g,1,synth,2099-01-01 00:00:09.557777,0.1592962861635264,9.026789549266496,40.48432146030314,9.604629018683461,40.48432146030314,800.0,30.2,53.1,28.5,719.0,17.27,795.2044957852013,795.2044957852013,795.2044957852013,4.7955042147987115,0.005994380268498389,0.15,0.039962535123322596,-11.994684600633617,0.07522324624388745,54.054318526648075,0.0013916232466570338,0.15310143059050038
catfish_synth_800g,1,synth,2099-01-01 00:00:11.150740,0.1858456671907808,9.000240168239241,40.474780276496475,2304.0899157040258,2304.0899157040258,800.0,30.2,53.1,28.75,695.0,18.07,795.2044957852013,795.2044957852013,795.2044957852013,4.7955042147987115,0.005994380268498389,0.15,0.039962535123322596,0.0,0.0879448246527802,54.054318526648075,0.0016269712957240326,0.15310143059050038
catfish_synth_800g,1,synth,2099-01-01 00:00:12.743703,0.21239504821803518,8.973690787211988,40.46540502632122,2304.0899157040258,2304.0899157040258,800.0,30.2,53.1,28.25,691.0,17.63,795.2044957852013,795.2044957852013,795.2044957852013,4.7955042147987115,0.005994380268498389,0.15,0.039962535123322596,0.0,0.10044515821977913,54.054318526648075,0.0018582263352420396,0.15310143059050038
catfish_synth_800g,1,synth,2099-01-01 00:00:14.336666,0.23894442924528958,8.947141406184732,40.45586384251455,2304.0899157040258,2304.0899157040258,800.0,30.3,53.1,28.75,693.0,17.97,795.2044957852013,795.2044957852013,795.2044957852013,4.7955042147987115,0.005994380268498389,0.15,0.039962535123322596,0.0,0.11316673662867187,54.054318526648075,0.002093574384309038,0.15310143059050038
catfish_synth_800g,1,synth,2099-01-01 00:00:15.929629,0.265493810272544,8.920592025157479,40.44632265870788,2304.0899157040258,2304.0899157040258,800.0,30.3,53.1,28.75,699.0,17.91,795.2044957852013,795.2044957852013,795.2044957852013,4.7955042147987115,0.005994380268498389,0.15,0.039962535123322596,0.0,0.1258883150375646,54.054318526648075,0.002328922433376036,0.15310143059050038
catfish_synth_800g,1,synth,2099-01-01 00:00:17.522591,0.2920431912997984,8.894042644130224,40.43653257445408,2304.0899157040258,2304.0899157040258,800.0,30.3,53.1,29.5,699.0,17.78,795.2044957852013,795.2044957852013,795.2044957852013,4.7955042147987115,0.005994380268498389,0.15,0.039962535123322596,0.0,0.138941760709298,54.054318526648075,0.002570409996766522,0.15310143059050038
catfish_synth_800g,1,synth,2099-01-01 00:00:19.115554,0.3185925723270528,8.86749326310297,40.42616172249031,2304.0899157040258,2304.0899157040258,800.0,30.3,53.1,31.25,701.0,17.57,795.2044957852013,795.2044957852013,795.2044957852013,4.7955042147987115,0.005994380268498389,0.15,0.039962535123322596,0.0,0.15276956332765967,54.054318526648075,0.0028262230935784762,0.15310143059050038
catfish_synth_800g,1,synth,2099-01-01 00:00:20.708517,0.34514195335430714,8.840943882075715,40.414629335106596,2304.0899157040258,2304.0899157040258,800.0,30.3,53.1,34.75,705.0,17.63,795.2044957852013,795.2044957852013,795.2044957852013,4.7955042147987115,0.005994380268498389,0.15,0.039962535123322596,0.0,0.16814607983927787,54.054318526648075,0.0031106872572333705,0.15310143059050038
catfish_synth_800g,1,synth,2099-01-01 00:00:22.301480,0.3716913343815616,8.814394501048461,40.40176947867152,2304.0899157040258,2304.0899157040258,800.0,30.3,53.1,38.75,706.0,17.42,795.2044957852013,795.2044957852013,795.2044957852013,4.7955042147987115,0.005994380268498389,0.15,0.039962535123322596,0.0,0.18529255508604633,54.054318526648075,0.0034278954972801947,0.15310143059050038
catfish_synth_800g,1,synth,2099-01-01 00:00:23.894443,0.398240715408816,8.787845120021206,40.38741621955366,2304.0899157040258,2304.0899157040258,800.0,30.4,53.1,43.25,705.0,17.57,795.2044957852013,795.2044957852013,795.2044957852013,4.7955042147987115,0.005994380268498389,0.15,0.039962535123322596,0.0,0.20443023390985887,54.054318526648075,0.0037819408232679396,0.15310143059050038
catfish_synth_800g,1,synth,2099-01-01 00:00:25.487406,0.42479009643607035,8.761295738993953,40.37123769049018,2304.0899157040258,2304.0899157040258,800.0,30.4,53.2,48.75,707.0,17.48,795.2044957852013,795.2044957852013,795.2044957852013,4.7955042147987115,0.005994380268498389,0.15,0.039962535123322596,0.0,0.22600160599450309,54.054318526648075,0.004181009254294589,0.15310143059050038
catfish_synth_800g,1,synth,2099-01-01 00:00:27.080369,0.4513394774633248,8.734746357966698,40.35306795784965,2304.0899157040258,2304.0899157040258,800.0,30.4,53.2,54.75,718.0,17.78,795.2044957852013,795.2044957852013,795.2044957852013,4.7955042147987115,0.005994380268498389,0.15,0.039962535123322596,0.0,0.2502279161818727,54.054318526648075,0.004629193799909134,0.15310143059050038
catfish_synth_800g,1,synth,2099-01-01 00:00:28.673332,0.47788885849057916,8.708196976939444,40.33274108800066,2304.0899157040258,2304.0899157040258,800.0,30.4,53.2,61.25,709.0,17.1,795.2044957852013,795.2044957852013,795.2044957852013,4.7955042147987115,0.005994380268498389,0.15,0.039962535123322596,0.0,0.27733040931386155,54.054318526648075,0.005130587469660565,0.15310143059050038
catfish_synth_800g,1,synth,2099-01-01 00:00:30.266294,0.5044382395178335,8.681647595912189,40.309842246864655,2304.0899157040258,2304.0899157040258,800.0,30.5,53.2,69.0,709.0,17.36,795.2044957852013,795.2044957852013,795.2044957852013,4.7955042147987115,0.005994380268498389,0.15,0.039962535123322596,0.0,0.3078621974952041,54.054318526648075,0.005695422787421361,0.15310143059050038
catfish_synth_800g,1,synth,2099-01-01 00:00:31.859257,0.530987620545088,8.655098214884934,40.28428846762592,2304.0899157040258,2304.0899157040258,800.0,30.5,53.2,77.0,709.0,17.48,795.2044957852013,795.2044957852013,795.2044957852013,4.7955042147987115,0.005994380268498389,0.15,0.039962535123322596,0.0,0.3419339031468473,54.054318526648075,0.0063257462579660185,0.15310143059050038
catfish_synth_800g,1,synth,2099-01-01 00:00:33.452220,0.5575370015723424,8.62854883385768,37.776888477155424,2304.0899157040258,2304.0899157040258,800.0,30.6,53.3,85.25,709.0,17.36,795.2044957852013,795.2044957852013,795.2044957852013,4.7955042147987115,0.005994380268498389,0.15,0.039962535123322596,0.0,0.3796561486897379,54.054318526648075,0.007023604386069031,0.15310143059050038
catfish_synth_800g,1,synth,2099-01-01 00:00:35.045183,0.5840863825995968,8.601999452830425,34.052601335136764,2304.0899157040258,2304.0899157040258,800.0,30.7,53.3,94.5,708.0,17.57,795.2044957852013,795.2044957852013,795.2044957852013,4.7955042147987115,0.005994380268498389,0.15,0.039962535123322596,0.0,0.4214714238076636,54.054318526648075,0.007797183190828383,0.15310143059050038
catfish_synth_800g,1,synth,2099-01-01 00:00:36.638146,0.6106357636268512,8.575450071803171,31.21588582451085,2304.0899157040258,2304.0899157040258,800.0,30.7,53.3,103.0,710.0,17.51,795.2044957852013,795.2044957852013,795.2044957852013,4.7955042147987115,0.005994380268498389,0.15,0.039962535123322596,0.0,0.46704786123778363,54.054318526648075,0.008640343157920586,0.15310143059050038
catfish_synth_800g,1,synth,2099-01-01 00:00:38.231109,0.6371851446541056,8.548900690775916,28.61698059602947,2304.0899157040258,2304.0899157040258,800.0,30.8,53.3,112.25,713.0,17.42,795.2044957852013,795.2044957852013,795.2044957852013,4.7955042147987115,0.005994380268498389,0.15,0.039962535123322596,0.0,0.5167173282429387,54.054318526648075,0.009559223801669126,0.15310143059050038
catfish_synth_800g,1,synth,2099-01-01 00:00:39.824072,0.66373452568136,8.522351309748663,26.357484063771995,2304.0899157040258,2304.0899157040258,800.0,30.9,53.4,121.75,709.0,17.36,795.2044957852013,795.2044957852013,795.2044957852013,4.7955042147987115,0.005994380268498389,0.15,0.039962535123322596,0.0,0.5705904472440757,54.054318526648075,0.010555871626848502,0.15310143059050038
catfish_synth_800g,1,synth,2099-01-01 00:00:41.417034,0.6902839067086143,8.495801928721407,24.563670425595276,2304.0899157040258,2304.0899157040258,800.0,31.0,53.4,130.5,718.0,17.66,795.2044957852013,795.2044957852013,795.2044957852013,4.7955042147987115,0.005994380268498389,0.15,0.039962535123322596,0.0,0.628335350978354,54.054318526648075,0.011624147119135224,0.15310143059050038
catfish_synth_800g,1,synth,2099-01-01 00:00:43.009997,0.7168332877358687,8.469252547694154,22.829486202146956,2304.0899157040258,2304.0899157040258,800.0,31.0,53.2,140.25,714.0,17.1,795.2044957852013,795.2044957852013,795.2044957852013,4.7955042147987115,0.005994380268498389,0.15,0.039962535123322596,0.0,0.6903945291295612,54.054318526648075,0.012772236297627278,0.15310143059050038
catfish_synth_800g,1,synth,2099-01-01 00:00:44.602960,0.7433826687631232,8.442703166666899,21.354655559547776,2304.0899157040258,2304.0899157040258,800.0,31.1,53.2,149.75,715.0,16.54,795.2044957852013,795.2044957852013,795.2044957852013,4.7955042147987115,0.005994380268498389,0.15,0.039962535123322596,0.0,0.7566573592767503,54.054318526648075,0.013998092657550166,0.15310143059050038
catfish_synth_800g,1,synth,2099-01-01 00:00:46.195923,0.7699320497903775,8.416153785639645,20.149221407883026,2304.0899157040258,2304.0899157040258,800.0,31.3,53.3,158.5,720.0,17.1,795.2044957852013,795.2044957852013,795.2044957852013,4.7955042147987115,0.005994380268498389,0.15,0.039962535123322596,0.0,0.8267919741570807,54.054318526648075,0.015295576684580401,0.15310143059050038
catfish_synth_800g,1,synth,2099-01-01 00:00:47.788886,0.796481430817632,8.38960440461239,19.068527409104043,2304.0899157040258,2304.0899157040258,800.0,31.4,53.3,167.25,720.0,17.1,795.2044957852013,795.2044957852013,795.2044957852013,4.7955042147987115,0.005994380268498389,0.15,0.039962535123322596,0.0,0.9007983737705524,54.054318526648075,0.016664688378717984,0.15310143059050038
catfish_synth_800g,1,synth,2099-01-01 00:00:49.381849,0.8230308118448865,8.363055023585137,18.042635940064255,2304.0899157040258,2304.0899157040258,800.0,31.6,53.4,176.5,719.0,17.1,795.2044957852013,795.2044957852013,795.2044957852013,4.7955042147987115,0.005994380268498389,0.15,0.039962535123322596,0.0,0.9788978029590591,54.054318526648075,0.018109520749511904,0.15310143059050038
catfish_synth_800g,1,synth,2099-01-01 00:00:50.974812,0.8495801928721407,8.336505642557881,17.16387028656433,2304.0899157040258,2304.0899157040258,800.0,31.7,53.5,185.25,720.0,17.1,795.2044957852013,795.2044957852013,795.2044957852013,4.7955042147987115,0.005994380268498389,0.15,0.039962535123322596,0.0,1.060869016880707,54.054318526648075,0.01962598078741317,0.15310143059050038
catfish_synth_800g,1,synth,2099-01-01 00:00:52.567774,0.8761295738993952,8.309956261530628,16.4480981349626,2304.0899157040258,2304.0899157040258,800.0,31.9,53.5,193.0,730.0,16.76,795.2044957852013,795.2044957852013,795.2044957852013,4.7955042147987115,0.005994380268498389,0.15,0.039962535123322596,0.0,1.1462695258517086,54.054318526648075,0.021205882473323803,0.15310143059050038
catfish_synth_800g,1,synth,2099-01-01 00:00:54.160737,0.9026789549266496,8.283406880503373,15.70818638129137,2304.0899157040258,2304.0899157040258,800.0,32.0,53.6,201.75,733.0,16.93,795.2044957852013,795.2044957852013,795.2044957852013,4.7955042147987115,0.005994380268498389,0.15,0.039962535123322596,0.0,1.2355418195558516,54.054318526648075,0.022857411826341788,0.15310143059050038
catfish_synth_800g,1,synth,2099-01-01 00:00:55.753700,0.929228335953904,8.25685749947612,15.136735798042283,2304.0899157040258,2304.0899157040258,800.0,32.1,53.4,209.0,736.0,16.65,795.2044957852013,795.2044957852013,795.2044957852013,4.7955042147987115,0.005994380268498389,0.15,0.039962535123322596,0.0,1.3280221634674545,54.054318526648075,0.02456828981782014,0.15310143059050038
catfish_synth_800g,1,synth,2099-01-01 00:00:58.939626,0.9823270980084128,8.203758737421609,14.085796352094484,2304.0899157040258,2304.0899157040258,800.0,32.6,53.6,223.75,746.0,16.51,795.2044957852013,795.2044957852013,795.2044957852013,4.7955042147987115,0.005994380268498389,0.15,0.039962535123322596,0.0,1.5260362969623935,54.054318526648075,0.02823153336416733,0.15310143059050038
catfish_synth_800g,1,synth,2099-01-01 00:01:00.532589,1.008876479035667,8.177209356394355,13.602410332620924,2304.0899157040258,2304.0899157040258,800.0,32.8,53.6,231.25,752.0,16.22,795.2044957852013,795.2044957852013,795.2044957852013,4.7955042147987115,0.005994380268498389,0.15,0.039962535123322596,0.0,1.6283620363382698,54.054318526648075,0.0301245502805758,0.15310143059050038
catfish_synth_800g,1,synth,2099-01-01 00:01:02.125552,1.0354258600629216,8.1506599753671,13.203975916211814,2304.0899157040258,2304.0899157040258,800.0,33.0,53.5,237.75,751.0,16.14,795.2044957852013,795.2044957852013,795.2044957852013,4.7955042147987115,0.005994380268498389,0.15,0.039962535123322596,0.0,1.7335639586587652,54.054318526648075,0.032070776321121146,0.15310143059050038
catfish_synth_800g,1,synth,2099-01-01 00:01:03.718514,1.061975241090176,8.124110594339847,12.826041300976263,2304.0899157040258,2304.0899157040258,800.0,33.2,53.6,244.25,742.0,16.22,795.2044957852013,795.2044957852013,795.2044957852013,4.7955042147987115,0.005994380268498389,0.15,0.039962535123322596,0.0,1.84164206392388,54.054318526648075,0.03407021148580339,0.15310143059050038
catfish_synth_800g,1,synth,2099-01-01 00:01:05.311477,1.0885246221174303,8.097561213312591,12.479480909445606,2304.0899157040258,2304.0899157040258,800.0,33.5,53.6,250.5,762.0,15.91,795.2044957852013,795.2044957852013,795.2044957852013,4.7955042147987115,0.005994380268498389,0.15,0.039962535123322596,0.0,1.952485729712667,54.054318526648075,0.036120809269848016,0.15310143059050038
catfish_synth_800g,1,synth,2099-01-01 00:01:06.904440,1.1150740031446849,8.071011832285338,12.137302633821479,2295.847642834842,2295.847642834842,800.0,33.8,53.7,257.0,767.0,15.24,794.7923821417421,794.7923821417421,794.9984389634717,5.2076178582578905,0.006509522322822363,0.15,0.04339681548548242,0.0,2.0662055784460733,54.054318526648075,0.03822461617802953,0.15310143059050038
catfish_synth_800g,1,synth,2099-01-01 00:01:08.497403,1.1416233841719392,8.044462451258083,11.833856614760274,2270.371526693723,2270.371526693723,800.0,34.0,53.5,263.0,767.0,16.22,793.5185763346861,793.5185763346861,794.1554792382142,6.481423665313855,0.00810177958164232,0.15,0.05401186387761547,0.0,2.182580365282205,54.054318526648075,0.040377539200798944,0.15310143059050038
catfish_synth_800g,1,synth,2099-01-01 00:01:10.090366,1.1681727651991936,8.01791307023083,11.564900487434393,2256.1348735560387,2256.1348735560387,800.0,34.3,53.6,268.5,770.0,15.58,792.8067436778019,792.8067436778019,793.1626600062441,7.193256322198067,0.008991570402747584,0.15,0.0599438026849839,0.0,2.3013888453791687,54.054318526648075,0.042575485328607256,0.15310143059050038
catfish_synth_800g,1,synth,2099-01-01 00:01:13.276292,1.2212715272537025,7.96481430817632,11.026921865514213,2198.4389634717445,2198.4389634717445,800.0,34.8,53.8,280.25,784.0,15.41,789.9219481735872,789.9219481735872,791.3643459256946,10.078051826412775,0.012597564783015968,0.15,0.08398376522010646,0.0,2.5494043131421034,54.054318526648075,0.047163749033026475,0.15310143059050038
catfish_synth_800g,1,synth,2099-01-01 00:01:14.869254,1.2478209082809568,7.938264927149065,10.602151746437436,2169.965657196376,2169.965657196376,800.0,35.1,53.7,290.75,784.0,15.26,788.4982828598188,788.4982828598188,789.210115516703,11.5017171401812,0.014377146425226498,0.15,0.09584764283484333,0.0,2.67805818870334,54.054318526648075,0.049543834085764904,0.15310143059050038
catfish_synth_800g,1,synth,2099-01-01 00:01:16.462217,1.2743702893082112,7.911715546121811,10.603021723375106,2151.982516390881,2151.982516390881,800.0,35.4,53.8,290.0,785.0,15.41,787.599125819544,787.599125819544,788.0487043396814,12.400874180455958,0.015501092725569947,0.15,0.10334061817046632,0.0,2.8063801970017366,54.054318526648075,0.051917779624179844,0.15310143059050038
catfish_synth_800g,1,synth,2099-01-01 00:01:18.055180,1.3009196703354655,7.885166165094557,10.622372869288867,2122.010615048389,2122.010615048389,800.0,35.8,53.9,288.75,793.0,15.14,786.1005307524194,786.1005307524194,786.8498282859817,13.899469247580555,0.017374336559475692,0.15,0.11582891039650461,0.0,2.934149093195398,54.054318526648075,0.054281492638722305,0.15310143059050038
catfish_synth_800g,1,synth,2099-01-01 00:01:19.648143,1.32746905136272,7.858616784067302,10.344406378929332,2108.523259444271,2108.523259444271,800.0,36.1,53.9,295.75,794.0,15.12,785.4261629722135,785.4261629722135,785.7633468623164,14.573837027786453,0.018217296284733068,0.15,0.12144864189822045,0.0,3.065015417175573,54.054318526648075,0.05670250778695064,0.15310143059050038
catfish_synth_800g,1,synth,2099-01-01 00:01:21.241106,1.3540184323899744,7.832067403040048,9.971353189457549,2072.5569778332783,2072.5569778332783,800.0,36.4,54.0,306.0,790.0,15.0,783.6278488916639,783.6278488916639,784.5270059319387,16.372151108336084,0.020465188885420104,0.15,0.13643459256946736,0.0,3.2004172604145706,54.054318526648075,0.05920742963093331,0.15310143059050038
catfish_synth_800g,1,synth,2099-01-01 00:01:22.834069,1.3805678134172286,7.8055180220127935,9.768744602837948,2056.821729628473,2056.821729628473,800.0,36.7,54.1,311.5,818.0,15.1,782.8410864814236,782.8410864814236,783.2344676865438,17.158913518576355,0.021448641898220443,0.15,0.1429909459881363,0.0,3.3382527969143996,54.054318526648075,0.06175737457995487,0.15310143059050038
catfish_synth_800g,1,synth,2099-01-01 00:01:24.427032,1.4071171944444834,7.778968640985539,9.757900598985673,2022.3540430846083,2022.3540430846083,800.0,37.1,54.1,311.0,799.0,15.0,781.1177021542304,781.1177021542304,781.979394317827,18.882297845769585,0.023602872307211982,0.15,0.1573524820480799,0.0,3.4758670885723353,54.054318526648075,0.06430322651942745,0.15310143059050038
catfish_synth_800g,1,synth,2099-01-01 00:01:26.019995,1.4336665754717375,7.752419259958285,9.747064423431825,25.70945515476083,25.70945515476083,800.0,37.5,54.2,310.5,806.0,14.86,779.7689665938183,779.7689665938183,780.4433343740243,20.231033406181723,0.025288791757727153,0.15,0.16859194505151437,-3.880633253145516,3.613260135388377,54.054318526648075,0.06684498544935104,0.15310143059050038
catfish_synth_800g,1,synth,2099-01-01 00:01:27.612957,1.4602159564989918,7.7258698789310305,9.581271264926974,4.962837867737926,9.581271264926974,800.0,37.8,54.3,315.0,797.0,14.68,778.0455822666249,778.0455822666249,778.9072744302216,21.954417733375067,0.027443022166718834,0.15,0.1829534811114589,-19.755951106924705,3.7526443857814624,54.054318526648075,0.06942358146521554,0.15310143059050038
catfish_synth_800g,1,synth,2099-01-01 00:01:29.205920,1.4867653375262464,7.699320497903776,9.28857545987397,2.96896303960701,9.28857545987397,800.0,38.2,54.3,324.0,811.0,14.7,777.408679363097,777.408679363097,777.727130814861,22.591320636902992,0.02823915079612874,0.15,0.18826100530752493,-32.80899023114502,3.896011043328636,54.054318526648075,0.07207585165296189,0.15310143059050038
catfish_synth_800g,1,synth,2099-01-01 00:01:30.798883,1.5133147185535007,7.672771116876522,9.100056984398574,2.6927906855760697,9.100056984398574,800.0,38.6,54.4,329.75,809.0,15.05,775.9475491726506,775.9475491726506,776.6781142678738,24.05245082734939,0.030065563534186737,0.15,0.2004370902279116,-35.63126896070814,4.041922016557588,54.054318526648075,0.07477519145052162,0.15310143059050038
catfish_synth_800g,1,synth,2099-01-01 00:01:32.391846,1.539864099580755,7.6462217358492675,8.998243974177043,2.687533382402357,8.998243974177043,800.0,39.0,54.4,332.5,799.0,15.17,775.7602247892601,775.7602247892601,775.8538869809554,24.239775210739936,0.03029971901342492,0.15,0.20199812675616613,-35.63126896070814,4.189049836416956,54.054318526648075,0.07749704280060082,0.15310143059050038
catfish_synth_800g,1,synth,2099-01-01 00:01:33.984809,1.5664134806080097,7.619672354822013,8.985246165400055,2.6559895633600736,8.985246165400055,800.0,39.4,54.6,332.0,790.0,15.33,774.6362784889166,774.6362784889166,775.1982516390883,25.36372151108344,0.0317046518888543,0.15,0.21136434592569536,-35.63126896070814,4.33595641143443,54.054318526648075,0.08021480114113103,0.15310143059050038
catfish_synth_800g,1,synth,2099-01-01 00:01:35.577772,1.592962861635264,7.593122973794758,9.03374439851054,2.425980137903148,9.03374439851054,800.0,39.8,54.7,329.25,795.0,15.03,773.2875429285045,773.2875429285045,773.9619107087105,26.712457071495464,0.03339057133936933,0.15,0.2226038089291289,-38.45354769026919,4.481646139821488,54.054318526648075,0.08291004792914178,0.15310143059050038
catfish_synth_800g,1,synth,2099-01-01 00:01:37.170735,1.6195122426625184,7.566573592767504,8.77984689790567,2.411365799723008,8.77984689790567,800.0,40.2,54.7,337.75,791.0,15.1,772.7255697783328,772.7255697783328,773.0065563534187,27.274430221667217,0.03409303777708402,0.15,0.2272869185138935,-38.45354769026919,4.631097030520742,54.054318526648075,0.0856748758794854,0.15310143059050038
catfish_synth_800g,1,synth,2099-01-01 00:01:38.763697,1.646061623689773,7.540024211740249,8.618912105175777,2.265547180992369,8.618912105175777,800.0,40.6,54.8,343.0,784.0,15.36,771.1145800811738,771.1145800811738,771.9200749297534,28.885419918826187,0.036106774898532736,0.15,0.24071183265688492,-40.217471896243296,4.7828709920598795,54.054318526648075,0.08848268043009341,0.15310143059050038
catfish_synth_800g,1,synth,2099-01-01 00:01:40.356660,1.672611004717027,7.513474830712996,8.681217488119406,2.2599578376182112,8.681217488119406,800.0,41.0,54.8,339.5,784.0,14.98,770.8897908211052,770.8897908211052,771.0021854511394,29.11020917889482,0.036387761473618524,0.15,0.24258507649079017,-40.217471896243296,4.933096239705761,54.054318526648075,0.0912618339138585,0.15310143059050038
catfish_synth_800g,1,synth,2099-01-01 00:01:41.949623,1.6991603857442814,7.4869254496857405,8.667472262679349,2.2254902201442346,8.667472262679349,800.0,41.4,54.9,339.0,784.0,15.19,769.5035903840151,769.5035903840151,770.1966906025601,30.49640961598493,0.038120512019981165,0.15,0.25413674679987447,-40.217471896243296,5.083100242509748,54.054318526648075,0.09403689438807458,0.15310143059050038
catfish_synth_800g,1,synth,2099-01-01 00:01:43.542586,1.725709766771536,7.460376068658486,8.52737521008861,2.2087221900217537,8.52737521008861,800.0,41.9,55.1,343.5,791.0,15.24,768.8292226038088,768.8292226038088,769.166406493912,31.17077739619117,0.03896347174523896,0.15,0.2597564783015931,-40.217471896243296,5.23509544889078,54.054318526648075,0.0968487919482316,0.15310143059050038
catfish_synth_800g,1,synth,2099-01-01 00:01:45.135549,1.7522591477987903,7.433826687631232,8.366440259847923,2.1919541598992813,8.366440259847923,800.0,42.3,55.0,349.0,791.0,15.17,768.1548548236029,768.1548548236029,768.4920387137058,31.845145176397068,0.03980643147049633,0.15,0.2653762098033089,-40.217471896243296,5.3895243485326425,54.054318526648075,0.09970571261342749,0.15310143059050038
catfish_synth_800g,1,synth,2099-01-01 00:01:46.728512,1.7788085288260447,7.407277306603977,8.256819840779627,2.1593496568833537,8.256819840779627,800.0,42.7,55.2,352.5,786.0,15.33,766.8435841398689,766.8435841398689,767.499219481736,33.15641586013112,0.041445519825163896,0.15,0.27630346550109264,-40.217471896243296,5.545501962067762,54.054318526648075,0.10259128434546634,0.15310143059050038
catfish_synth_800g,1,synth,2099-01-01 00:01:48.321475,1.8053579098532992,7.380727925576723,8.253760701120166,2.1537603135091934,8.253760701120166,800.0,43.0,55.1,351.5,784.0,15.38,766.6187948798001,766.6187948798001,766.7311895098345,33.381205120199866,0.04172650640024983,0.15,0.2781767093349989,-40.217471896243296,5.701037085919094,54.054318526648075,0.10546867005840722,0.15310143059050038
catfish_synth_800g,1,synth,2099-01-01 00:01:49.914437,1.8319072908805536,7.354178544549469,8.298262344779744,2.1146349098900825,8.298262344779744,800.0,43.4,55.3,348.5,784.0,15.33,765.0452700593194,765.0452700593194,765.8320324695597,34.954729940680636,0.04369341242585079,0.15,0.2912894161723386,-40.217471896243296,5.855244740719064,54.054318526648075,0.10832149771405414,0.15310143059050038
catfish_synth_800g,1,synth,2099-01-01 00:01:51.507400,1.858456671907808,7.327629163522214,8.236148982274862,2.10438778037079,8.236148982274862,800.0,43.8,55.4,350.0,796.0,15.14,764.6331564158601,764.6331564158601,764.8392132375898,35.36684358413993,0.04420855448017491,0.15,0.2947236965344994,-40.217471896243296,6.010116130044715,54.054318526648075,0.11118660439834803,0.15310143059050038
catfish_synth_800g,1,synth,2099-01-01 00:01:53.100363,1.8850060529350625,7.30107978249496,8.087883113824827,2.1306476233403275,8.087883113824827,800.0,44.3,55.4,355.25,793.0,15.0,763.4342803621603,763.4342803621603,764.0337183890101,36.56571963783972,0.04570714954729965,0.15,0.304714330315331,-39.15911737265874,6.16731059021025,54.054318526648075,0.11409468768290634,0.15310143059050038
catfish_synth_800g,1,synth,2099-01-01 00:01:54.693326,1.9115554339623166,7.274530401467706,7.9657189811042315,2.092378245283027,7.9657189811042315,800.0,44.7,55.6,359.5,786.0,15.41,761.9356852950358,761.9356852950358,762.6849828285981,38.064314704964204,0.04758039338120525,0.15,0.3172026225413684,-39.15911737265874,6.326385631531882,54.054318526648075,0.11703756154863106,0.15310143059050038
catfish_synth_800g,1,synth,2099-01-01 00:01:56.286289,1.938104814989571,7.247981020440451,7.9115683562062085,2.1504998632076306,7.9115683562062085,800.0,45.1,55.6,360.75,783.0,15.41,761.9356852950358,761.9356852950358,761.9356852950358,38.064314704964204,0.04758039338120525,0.15,0.3172026225413684,-38.10076284907204,6.486013784958249,54.054318526648075,0.11999066793822827,0.15310143059050038
catfish_synth_800g,1,synth,2099-01-01 00:01:57.879252,1.9646541960168256,7.221431639413197,7.9457921957922695,2.1700362001901596,7.9457921957922695,800.0,45.4,55.7,358.0,784.0,15.41,761.1489228847954,761.1489228847954,761.5423040899157,38.85107711520459,0.04856384639400574,0.15,0.3237589759600383,-37.39519316667821,6.644425091754201,54.054318526648075,0.12292126277530602,0.15310143059050038
catfish_synth_800g,1,synth,2099-01-01 00:01:59.472215,1.99120357704408,7.194882258385943,7.9526753204976615,2.1831760244721314,7.9526753204976615,800.0,45.9,55.8,356.5,789.0,15.31,760.0999063378083,760.0999063378083,760.6244146113019,39.90009366219169,0.04987511707773962,0.15,0.33250078051826415,-36.6896234842885,6.802172664024471,54.054318526648075,0.12583957858373682,0.15310143059050038
catfish_synth_800g,1,synth,2099-01-01 00:02:01.065177,2.017752958071334,7.168332877358688,7.86524951043389,2.25457343683432,7.86524951043389,800.0,46.3,55.9,359.25,785.0,15.26,759.5379331876366,759.5379331876366,759.8189197627224,40.462066812363446,0.05057758351545431,0.15,0.33718389010302874,-35.27848411951351,6.961137082925156,54.054318526648075,0.12878040594468704,0.15310143059050038
catfish_synth_800g,1,synth,2099-01-01 00:02:02.658140,2.044302339098589,7.141783496331433,7.698921259091338,2.2734939344969747,7.698921259091338,800.0,46.8,56.0,365.75,787.0,15.33,758.6013112706838,758.6013112706838,759.0696222291601,41.39868872931618,0.051748360911645225,0.15,0.3449890727443015,-34.57291443712379,7.122977684770462,54.054318526648075,0.13177444242977418,0.15310143059050038
catfish_synth_800g,1,synth,2099-01-01 00:02:04.251103,2.070851720125843,7.11523411530418,7.667113052067435,2.2453190811619255,7.667113052067435,800.0,47.2,56.0,366.0,774.0,16.06,757.6272244770527,757.6272244770527,758.1142678738682,42.372775522947336,0.05296596940368417,0.15,0.3531064626912278,-34.57291443712379,7.284928909036713,54.054318526648075,0.13477052541963577,0.15310143059050038
catfish_synth_800g,1,synth,2099-01-01 00:02:05.844066,2.0974011011530975,7.088684734276924,7.698607885474279,2.2063077457749447,7.698607885474279,800.0,47.6,56.2,363.25,782.0,15.55,756.2784889166406,756.2784889166406,756.9528566968467,43.72151108335936,0.0546518888541992,0.15,0.36434592569466134,-34.57291443712379,7.445663286672549,54.054318526648075,0.13774409685697794,0.15310143059050038
catfish_synth_800g,1,synth,2099-01-01 00:02:07.437029,2.123950482180352,7.062135353249671,7.656195988199481,2.1857184298762546,7.656195988199481,800.0,48.0,56.1,364.0,759.0,15.29,755.5666562597563,755.5666562597563,755.9225725881985,44.433343740243686,0.05554167967530461,0.15,0.3702778645020307,-34.57291443712379,7.606729531571226,54.054318526648075,0.14072380780864358,0.15310143059050038
catfish_synth_800g,1,synth,2099-01-01 00:02:09.029992,2.150499863207606,7.035585972222416,7.5361516765157885,2.201682690548779,7.5361516765157885,800.0,48.5,56.3,368.5,768.0,15.29,755.3418669996877,755.3418669996877,755.4542616297219,44.65813300031232,0.055822666250390396,0.15,0.372151108335936,-34.22012959592665,7.769786980046947,54.054318526648075,0.14374035584625014,0.15310143059050038
catfish_synth_800g,1,synth,2099-01-01 00:02:10.622955,2.1770492442348606,7.009036591195162,7.463867052677581,2.184165573169975,7.463867052677581,800.0,48.9,56.5,370.75,783.0,15.43,754.742428972838,754.742428972838,755.0421479862628,45.257571027162044,0.05657196378395255,0.15,0.37714642522635033,-34.22012959592665,7.933840030311189,54.054318526648075,0.14677532242682717,0.15310143059050038
catfish_synth_800g,1,synth,2099-01-01 00:02:12.215918,2.2035986252621154,6.982487210167907,7.518723174610683,2.1546054375932404,7.518723174610683,800.0,49.3,56.6,366.75,785.0,15.33,753.7308773025289,753.7308773025289,754.2366531376834,46.26912269747106,0.057836403371838825,0.15,0.38557602247892553,-34.22012959592665,8.09612312184028,54.054318526648075,0.14977754493101225,0.15310143059050038
catfish_synth_800g,1,synth,2099-01-01 00:02:13.808880,2.2301480062893697,6.955937829140653,7.461547629939392,2.226722279705109,7.461547629939392,800.0,49.8,56.7,368.25,794.0,15.17,753.0565095223228,753.0565095223228,753.3936934124258,46.94349047767719,0.05867936309709648,0.15,0.3911957539806432,-32.808990231147234,8.259069947895053,54.054318526648075,0.1527920464638443,0.15310143059050038
catfish_synth_800g,1,synth,2099-01-01 00:02:15.401843,2.256697387316624,6.929388448113398,7.34491920307786,2.3291047901178685,7.34491920307786,800.0,50.1,56.7,372.75,785.0,15.38,752.3072119887605,752.3072119887605,752.6818607555417,47.692788011239486,0.059615985014049355,0.15,0.39743990009366237,-31.045066025174968,8.424007977526873,54.054318526648075,0.15584338508261736,0.15310143059050038
catfish_synth_800g,1,synth,2099-01-01 00:02:16.994806,2.2832467683438784,6.902839067086144,7.353015667348142,2.356103209302137,7.353015667348142,800.0,50.6,56.8,371.0,783.0,15.41,751.482984701842,751.482984701842,751.8950983453012,48.51701529815796,0.060646269122697445,0.15,0.404308460817983,-30.339496342783242,8.588171650212063,54.054318526648075,0.15888039816796887,0.15310143059050038
catfish_synth_800g,1,synth,2099-01-01 00:02:18.587769,2.3097961493711328,6.87628968605889,7.36131470180595,2.338815240261619,7.36131470180595,800.0,51.0,57.2,369.25,797.0,15.14,750.9584764283484,750.9584764283484,751.2207305650952,49.041523571651624,0.06130190446456453,0.15,0.4086793630970969,-30.339496342776947,8.751560965950624,54.054318526648075,0.16190308571989892,0.15310143059050038
catfish_synth_800g,1,synth,2099-01-01 00:02:20.180732,2.336345530398387,6.849740305031635,7.22672734650269,2.3128832867001323,7.22672734650269,800.0,51.6,57.3,374.75,791.0,15.17,750.171714018108,750.171714018108,750.5650952232281,49.82828598189201,0.06228535747736501,0.15,0.41523571651576674,-30.33949634277669,8.917383974950019,54.054318526648075,0.16497079637686793,0.15310143059050038
catfish_synth_800g,1,synth,2099-01-01 00:02:21.773695,2.3628949114256415,6.823190924004381,7.258497217767321,2.323851704032698,7.258497217767321,800.0,52.1,57.5,371.75,788.0,15.29,749.6846706212925,749.6846706212925,749.9281923197002,50.315329378707474,0.06289416172338434,0.15,0.41929441148922897,-29.98671150158385,9.081879514898048,54.054318526648075,0.16801394897654293,0.15310143059050038
catfish_synth_800g,1,synth,2099-01-01 00:02:23.366658,2.389444292452896,6.7966415429771265,7.251525711905994,2.2560799598511174,7.251525711905994,800.0,52.4,57.8,370.75,800.0,14.86,748.4483296909148,748.4483296909148,749.0665001561036,51.55167030908524,0.06443958788635655,0.15,0.42959725257571035,-30.33949634277669,9.245932565162292,54.054318526648075,0.17104891555711996,0.15310143059050038
catfish_synth_800g,1,synth,2099-01-01 00:02:24.959620,2.41599367348015,6.770092161949872,7.1189739616681535,2.277624546479363,7.1189739616681535,800.0,52.7,58.0,376.25,790.0,15.29,748.2984701842024,748.2984701842024,748.3733999375586,51.701529815797585,0.06462691226974698,0.15,0.43084608179831324,-29.98671150158385,9.412419308687365,54.054318526648075,0.1741289052427359,0.15310143059050038
catfish_synth_800g,1,synth,2099-01-01 00:02:26.552583,2.442543054507405,6.743542780922617,7.188303017835082,2.245140597928362,7.188303017835082,800.0,53.1,58.2,371.25,797.0,15.24,747.3243833905713,747.3243833905713,747.8114267873868,52.675616609428744,0.06584452076178593,0.15,0.43896347174523953,-29.98671150158385,9.576693603793501,54.054318526648075,0.1771679648328619,0.15310143059050038
catfish_synth_800g,1,synth,2099-01-01 00:02:28.145546,2.4690924355346593,6.7169933998953635,7.080394681213157,2.309148603492248,7.080394681213157,800.0,53.6,58.3,375.5,803.0,15.63,746.7998751170778,746.7998751170778,747.0621292538245,53.20012488292218,0.06650015610365273,0.15,0.44333437402435155,-28.92835697800168,9.742848480055736,54.054318526648075,0.18024181500415437,0.15310143059050038
catfish_synth_800g,1,synth,2099-01-01 00:02:29.738509,2.4956418165619136,6.690444018868108,7.082242605057078,2.3602399733228694,7.082242605057078,800.0,54.0,58.5,374.0,795.0,15.07,746.6125507336872,746.6125507336872,746.7062129253825,53.38744926631284,0.06673431158289106,0.15,0.44489541055260706,-28.22278729560983,9.908339621792289,54.054318526648075,0.18330338614679983,0.15310143059050038
catfish_synth_800g,1,synth,2099-01-01 00:02:31.331472,2.522191197589168,6.663894637840855,7.074680469619788,2.3363455303983622,7.074680469619788,800.0,54.5,58.8,373.0,807.0,14.79,745.9381829534811,745.9381829534811,746.2753668435842,54.061817046518854,0.06757727130814857,0.15,0.4505151420543238,-28.222787295609592,10.073388273845053,54.054318526648075,0.18635677127034733,0.15310143059050038
catfish_synth_800g,1,synth,2099-01-01 00:02:32.924435,2.5487405786164223,6.6373452568135995,6.95917084443451,2.30714121126838,6.95917084443451,800.0,55.0,58.9,377.75,802.0,15.63,745.1139556665626,745.1139556665626,745.5260693100219,54.88604433343744,0.0686075554167968,0.15,0.4573837027786454,-28.222787295609592,10.240538751895807,54.054318526648075,0.18944903998461018,0.15310143059050038
catfish_synth_800g,1,synth,2099-01-01 00:02:34.517398,2.575289959643677,6.610795875786345,6.965011221326831,2.27926436118976,6.965011221326831,800.0,55.3,59.1,376.0,794.0,15.14,744.3271932563221,744.3271932563221,744.7205744614423,55.67280674367794,0.06959100842959742,0.15,0.46394005619731615,-28.222787295609592,10.406914872999936,54.054318526648075,0.19252698316545167,0.15310143059050038
catfish_synth_800g,1,synth,2099-01-01 00:02:36.110360,2.601839340670931,6.584246494759091,6.985081727992528,2.276609423087036,6.985081727992528,800.0,55.7,59.3,373.5,814.0,14.79,744.2522635029659,744.2522635029659,744.289728379644,55.74773649703411,0.06968467062129263,0.15,0.46456447080861757,-28.222787295609592,10.572184769894594,54.054318526648075,0.19558446129854815,0.15310143059050038
catfish_synth_800g,1,synth,2099-01-01 00:02:37.703323,2.6283887216981854,6.557697113731837,6.861709431923792,2.3118384094502633,6.861709431923792,800.0,56.0,59.5,378.75,809.0,14.96,743.6153605994381,743.6153605994381,743.933812051202,56.38463940056192,0.0704807992507024,0.15,0.4698719950046827,-27.517217613217742,10.739777737629137,54.054318526648075,0.19868491603190902,0.15310143059050038
catfish_synth_800g,1,synth,2099-01-01 00:02:39.296286,2.65493810272544,6.531147732704582,6.903777145215776,2.3915682429352936,6.903777145215776,800.0,56.6,59.6,375.0,805.0,14.96,743.278176709335,743.278176709335,743.4467686543865,56.72182329066504,0.0709022791133313,0.15,0.472681860755542,-26.458863089631272,10.905711369049477,54.054318526648075,0.20175467319365248,0.15310143059050038
catfish_synth_800g,1,synth,2099-01-01 00:02:40.889249,2.681487483752694,6.504598351677329,6.826968632092312,2.4352692514864205,6.826968632092312,800.0,57.1,59.8,377.75,816.0,14.66,742.7162035591633,742.7162035591633,742.9971901342492,57.28379644083668,0.07160474555104585,0.15,0.47736497034030567,-25.75329340724156,11.072861847100231,54.054318526648075,0.20484694190791536,0.15310143059050038
catfish_synth_800g,1,synth,2099-01-01 00:02:42.482212,2.708036864779949,6.4780489706500735,6.751078479085415,2.4739535898071807,6.751078479085415,800.0,57.3,60.0,380.5,813.0,15.14,741.966906025601,741.966906025601,742.3415547923821,58.03309397439898,0.07254136746799872,0.15,0.4836091164533248,-25.04772372485399,11.241229171781404,54.054318526648075,0.20796172217469774,0.15310143059050038
catfish_synth_800g,1,synth,2099-01-01 00:02:44.075175,2.734586245807203,6.451499589622819,6.769179087999202,2.509295783947059,6.769179087999202,800.0,57.7,60.1,378.0,810.0,14.91,741.966906025601,741.966906025601,741.966906025601,58.03309397439898,0.07254136746799872,0.15,0.4836091164533248,-24.69493888366107,11.408490272253106,54.054318526648075,0.21105603739373513,0.15310143059050038
catfish_synth_800g,1,synth,2099-01-01 00:02:45.668138,2.761135626834457,6.424950208595565,6.742629706971947,2.5010286474948704,6.742629706971947,800.0,58.1,60.3,378.0,827.0,14.44,740.8804246019357,740.8804246019357,741.4236653137684,59.119575398064285,0.07389946924758035,0.15,0.4926631283172024,-24.342154042464074,11.575751372724808,54.054318526648075,0.21415035261277252,0.15310143059050038
catfish_synth_800g,1,synth,2099-01-01 00:02:47.261100,2.787685007861712,6.39840082756831,6.654221337807336,2.4395088395325715,6.654221337807336,800.0,58.4,60.7,381.5,821.0,14.59,740.2435216984078,740.2435216984078,740.5619731501718,59.75647830159221,0.07469559787699026,0.15,0.49797065251326844,-24.69493888366107,11.744561187089767,54.054318526648075,0.21727331889865287,0.15310143059050038
catfish_synth_800g,1,synth,2099-01-01 00:02:48.854063,2.8142343888889667,6.371851446541056,6.693729746367844,2.3767305043552858,6.693729746367844,800.0,58.9,60.9,377.75,816.0,14.66,739.5316890415236,739.5316890415236,739.8876053699657,60.46831095847642,0.07558538869809553,0.15,0.5039025913206369,-25.04772372485378,11.91171166514052,54.054318526648075,0.22036558761291575,0.15310143059050038
catfish_synth_800g,1,synth,2099-01-01 00:02:50.447026,2.8407837699162206,6.345302065513802,6.623171622760919,2.410683797274411,6.623171622760919,800.0,59.2,61.3,380.25,827.0,14.31,739.5316890415236,739.5316890415236,739.5316890415236,60.46831095847642,0.07558538869809553,0.15,0.5039025913206369,-24.69493888366107,12.079968367400747,54.054318526648075,0.22347832137492363,0.15310143059050038
catfish_synth_800g,1,synth,2099-01-01 00:02:52.039989,2.867333150943475,6.318752684486547,6.5662804869173526,2.4133002580135114,6.5662804869173526,800.0,59.6,61.5,382.0,819.0,14.61,738.7449266312832,738.7449266312832,739.1383078364033,61.25507336871681,0.07656884171089601,0.15,0.5104589447393068,-24.342154042464074,12.2489994266076,54.054318526648075,0.22660538067035296,0.15310143059050038
catfish_synth_800g,1,synth,2099-01-01 00:02:53.632952,2.8938825319707298,6.292203303459292,6.596075426899949,2.5052961369354882,6.596075426899949,800.0,60.1,61.6,378.75,821.0,14.64,738.3328129878239,738.3328129878239,738.5388698095535,61.6671870121761,0.07708398376522013,0.15,0.5138932251014676,-23.283799518877387,12.416592394342144,54.054318526648075,0.22970583540371386,0.15310143059050038
catfish_synth_800g,1,synth,2099-01-01 00:02:55.225915,2.9204319129979837,6.265653922432039,6.530572844532735,2.658363829309524,6.530572844532735,800.0,60.3,62.0,381.0,839.0,14.03,738.1454886044332,738.1454886044332,738.2391507961286,61.85451139556676,0.07731813924445845,0.15,0.515454261629723,-21.872660154097787,12.58518096386521,54.054318526648075,0.23282470868004523,0.15310143059050038
catfish_synth_800g,1,synth,2099-01-01 00:02:56.818878,2.9469812940252385,6.239104541404783,6.482667764210083,2.7629355848702524,6.482667764210083,800.0,60.8,62.1,382.25,821.0,14.29,737.5085857009053,737.5085857009053,737.8270371526693,62.491414299094686,0.07811426787386835,0.15,0.520761785825789,-20.81430563051144,12.754322645493009,54.054318526648075,0.23595381448024905,0.15310143059050038
catfish_synth_800g,1,synth,2099-01-01 00:02:58.411841,2.973530675052493,6.21255516037753,6.498795590320485,2.961945490604131,6.498795590320485,800.0,61.0,62.4,379.75,831.0,14.33,737.4711208242272,737.4711208242272,737.4898532625663,62.52887917577277,0.07816109896971596,0.15,0.5210739931314398,-19.403166265732043,12.922358102911339,54.054318526648075,0.23906245523270792,0.15310143059050038
catfish_synth_800g,1,synth,2099-01-01 00:03:00.004803,3.000080056079747,6.186005779350275,6.433967963015165,3.2326526338785286,6.433967963015165,800.0,61.4,62.6,382.0,845.0,14.03,737.0215423040898,737.0215423040898,737.2463315641585,62.97845769591015,0.07872307211988769,0.15,0.5248204807992513,-17.639242059755595,13.091389162118194,54.054318526648075,0.24218951452813728,0.15310143059050038
catfish_synth_800g,1,synth,2099-01-01 00:03:01.597766,3.0266294371070015,6.159456398323021,6.403210623869521,3.181677822306205,6.403210623869521,800.0,61.8,62.7,382.25,826.0,14.39,736.1223852638152,736.1223852638152,736.5719637839525,63.877614736184796,0.079847018420231,0.15,0.5323134561348734,-17.639242059755595,13.260530843745993,54.054318526648075,0.2453186203283411,0.15310143059050038
catfish_synth_800g,1,synth,2099-01-01 00:03:03.190729,3.0531788181342563,6.132907017295766,6.410340194184119,3.147694614591312,6.410340194184119,800.0,62.3,63.0,380.25,842.0,14.07,735.5229472369653,735.5229472369653,735.8226662503903,64.47705276303475,0.08059631595379343,0.15,0.5373087730252896,-17.639242059755595,13.428787546006218,54.054318526648075,0.24843135409034897,0.15310143059050038
catfish_synth_800g,1,synth,2099-01-01 00:03:04.783692,3.07972819916151,6.106357636268513,6.341920531026334,3.1073395554298893,6.341920531026334,800.0,62.7,63.2,382.75,845.0,14.26,734.8111145800812,734.8111145800812,735.1670309085232,65.18888541991885,0.08148610677489856,0.15,0.5432407118326571,-17.639242059755595,13.598150472475913,54.054318526648075,0.2515645529001018,0.15310143059050038
catfish_synth_800g,1,synth,2099-01-01 00:03:06.376655,3.1062775801887645,6.079808255241257,6.327822564654237,3.0839761001258963,6.327822564654237,800.0,63.1,63.2,382.0,831.0,14.33,734.3990009366217,734.3990009366217,734.6050577583514,65.60099906337825,0.08200124882922281,0.15,0.5466749921948187,-17.639242059755595,13.767181531682766,54.054318526648075,0.25469161219553116,0.15310143059050038
catfish_synth_800g,1,synth,2099-01-01 00:03:07.969618,3.1328269612160193,6.053258874214003,6.326218607666355,2.8221008721558944,6.326218607666355,800.0,63.3,63.6,380.5,852.0,13.89,733.7620980330939,733.7620980330939,734.0805494848578,66.23790196690607,0.08279737745863258,0.15,0.5519825163908839,-19.05038142453899,13.935548856363937,54.054318526648075,0.2578063924623135,0.15310143059050038
catfish_synth_800g,1,synth,2099-01-01 00:03:09.562581,3.1593763422432732,6.026709493186749,6.246092130938996,2.8221008721558944,6.246092130938996,800.0,63.7,63.7,383.75,855.0,13.78,733.7620980330939,733.7620980330939,733.7620980330939,66.23790196690607,0.08279737745863258,0.15,0.5519825163908839,-19.05038142453899,14.10535427251742,54.054318526648075,0.26094777729116436,0.15310143059050038
catfish_synth_800g,1,synth,2099-01-01 00:03:11.155543,3.185925723270528,6.000160112159494,6.235861736537316,3.0011420313208714,6.235861736537316,800.0,64.1,64.0,382.75,844.0,14.29,732.9378707461755,732.9378707461755,733.3499843896348,67.06212925382454,0.08382766156728066,0.15,0.5588510771152044,-17.639242059755595,14.274717198987114,54.054318526648075,0.26408097610091713,0.15310143059050038
catfish_synth_800g,1,synth,2099-01-01 00:03:12.748506,3.2124751042977824,5.97361073113224,6.229744405760839,2.9841504274634216,6.229744405760839,800.0,64.5,64.1,381.5,865.0,13.64,732.6381517327504,732.6381517327504,732.788011239463,67.36184826724957,0.08420231033406196,0.15,0.5613487355604131,-17.639242059755595,14.443527013352073,54.054318526648075,0.2672039423867975,0.15310143059050038
catfish_synth_800g,1,synth,2099-01-01 00:03:14.341469,3.2390244853250367,5.947061350104986,6.150572102527678,2.9777785760168856,6.150572102527678,800.0,64.9,64.2,384.75,855.0,13.93,732.5257571027162,732.5257571027162,732.5819544177333,67.47424289728383,0.08434280362160479,0.15,0.5622853574773653,-17.639242059755595,14.613774919189341,54.054318526648075,0.27035351323474627,0.15310143059050038
catfish_synth_800g,1,synth,2099-01-01 00:03:15.934432,3.265573866352291,5.920511969077731,6.176419469424971,2.933175615890766,6.176419469424971,800.0,65.4,64.5,381.5,879.0,13.74,731.7389946924758,731.7389946924758,732.1323758975959,68.26100530752421,0.08532625663440527,0.15,0.5688417108960352,-17.639242059757596,14.7825847335543,54.054318526648075,0.2734764795206266,0.15310143059050038
catfish_synth_800g,1,synth,2099-01-01 00:03:17.527395,3.292123247379546,5.893962588050476,6.089749198039914,2.791769528019554,6.089749198039914,800.0,65.8,64.6,385.25,861.0,13.68,731.2144864189821,731.2144864189821,731.476740555729,68.78551358101788,0.08598189197627235,0.15,0.573212613175149,-18.344811742147293,14.953053884233462,54.054318526648075,0.27663014337812436,0.15310143059050038
catfish_synth_800g,1,synth,2099-01-01 00:03:19.120358,3.3186726284067998,5.8674132070232226,6.090988763809451,2.791769528019554,6.090988763809451,800.0,66.1,64.8,383.5,864.0,13.66,731.2144864189821,731.2144864189821,731.2144864189821,68.78551358101788,0.08598189197627235,0.15,0.573212613175149,-18.344811742147293,15.122748677965998,54.054318526648075,0.27976948170220073,0.15310143059050038
catfish_synth_800g,1,synth,2099-01-01 00:03:20.713321,3.345222009434054,5.840863825995968,6.017161332869057,2.9085117827408324,6.017161332869057,800.0,66.5,64.9,386.5,867.0,13.54,730.2778645020293,730.2778645020293,730.7461754605057,69.72213549797073,0.08715266937246341,0.15,0.5810177958164228,-17.286457218560756,15.293770940749894,54.054318526648075,0.28293337808357094,0.15310143059050038
catfish_synth_800g,1,synth,2099-01-01 00:03:22.306283,3.371771390461309,5.814314444968714,6.03768231428928,2.682990278905344,6.03768231428928,800.0,66.8,65.0,383.5,869.0,13.56,730.165469871995,730.165469871995,730.2216671870121,69.83453012800499,0.08729316266000624,0.15,0.581954417733375,-18.697596583340008,15.463465734482428,54.054318526648075,0.28607271640764725,0.15310143059050038
catfish_synth_800g,1,synth,2099-01-01 00:03:23.899246,3.398320771488563,5.7877650639414595,5.956528571246489,2.8695004473538557,5.956528571246489,800.0,67.3,65.3,387.0,874.0,13.52,729.6034967218234,729.6034967218234,729.8844832969091,70.39650327817662,0.08799562909772078,0.15,0.5866375273181386,-17.286457218560756,15.63470924210822,54.054318526648075,0.28924070579856653,0.15310143059050038
catfish_synth_800g,1,synth,2099-01-01 00:03:25.492209,3.4248701525158176,5.761215682914205,5.968708244648666,3.05664178087681,5.968708244648666,800.0,67.7,65.3,384.5,873.0,13.5,729.6034967218234,729.6034967218234,729.6034967218234,70.39650327817662,0.08799562909772078,0.15,0.5866375273181386,-16.22810269497606,15.804846525524542,54.054318526648075,0.2923882301417408,0.15310143059050038
catfish_synth_800g,1,synth,2099-01-01 00:03:27.085172,3.451419533543072,5.73466630188695,5.899772943226876,3.1642035024302477,5.899772943226876,800.0,68.0,65.6,387.25,866.0,13.14,729.1164533250077,729.1164533250077,729.3599750234155,70.88354667499232,0.0886044333437404,0.15,0.5906962222916027,-15.522533012584077,15.976200655571281,54.054318526648075,0.29555826603743457,0.15310143059050038
catfish_synth_800g,1,synth,2099-01-01 00:03:28.678135,3.4779689145703263,5.7081169208596965,5.892329044528724,2.9781479587092736,5.892329044528724,800.0,68.4,65.7,386.0,858.0,13.68,728.3296909147674,728.3296909147674,728.7230721198875,71.67030908523259,0.08958788635654073,0.15,0.5972525757102716,-16.22810269497606,16.147001673513284,54.054318526648075,0.2987180694092558,0.15310143059050038
catfish_synth_800g,1,synth,2099-01-01 00:03:30.271098,3.5045182955975807,5.681567539832441,5.861965858294655,2.9758393168808186,5.861965858294655,800.0,68.7,65.7,386.25,899.0,13.1,728.2922260380893,728.2922260380893,728.3109584764284,71.70777396191068,0.08963471745238834,0.15,0.5975647830159223,-16.22810269497606,16.317913313876232,54.054318526648075,0.30187991928585156,0.15310143059050038
catfish_synth_800g,1,synth,2099-01-01 00:03:31.864061,3.5310676766248354,5.655018158805187,5.831624778782088,3.065246718601366,5.831624778782088,800.0,69.1,65.8,386.5,850.0,13.93,727.5803933812051,727.5803933812051,727.9363097096473,72.41960661879489,0.0905245082734936,0.15,0.6034967218232907,-15.522533012584205,16.48893557666013,54.054318526648075,0.30504381566722183,0.15310143059050038
catfish_synth_800g,1,synth,2099-01-01 00:03:33.457023,3.5576170576520894,5.6284687777779325,5.801305763120843,2.9181232711693923,5.801305763120843,800.0,69.3,66.0,386.75,885.0,13.23,727.3556041211364,727.3556041211364,727.4679987511707,72.64439587886363,0.09080549484857954,0.15,0.6053699656571969,-16.22810269497606,16.660068461864974,54.054318526648075,0.3082097585533666,0.15310143059050038
catfish_synth_800g,1,synth,2099-01-01 00:03:35.049986,3.5841664386793437,5.601919396750679,5.767265993761605,2.913505987512836,5.767265993761605,800.0,69.7,66.1,387.25,842.0,13.89,727.2806743677801,727.2806743677801,727.3181392444583,72.71932563221992,0.0908991570402749,0.15,0.6059943802684994,-16.228102694974048,16.831422591911714,54.054318526648075,0.3113797944490604,0.15310143059050038
catfish_synth_800g,1,synth,2099-01-01 00:03:36.642949,3.6107158197065985,5.575370015723424,5.766897457064008,2.871950434600618,5.766897457064008,800.0,70.0,66.1,385.5,872.0,13.42,726.6063065875742,726.6063065875742,726.9434904776772,73.39369341242582,0.09174211676553228,0.15,0.6116141117702152,-16.228102694974048,17.002002365011823,54.054318526648075,0.31453550481133263,0.15310143059050038
catfish_synth_800g,1,synth,2099-01-01 00:03:38.235912,3.6372652007338524,5.54882063469617,5.699500766295798,2.680945659650079,5.699500766295798,800.0,70.3,66.4,388.25,875.0,13.39,726.3440524508272,726.3440524508272,726.4751795192008,73.65594754917277,0.09206993443646595,0.15,0.613799562909773,-17.286457218560756,17.173798984742348,54.054318526648075,0.31771372672612436,0.15310143059050038
catfish_synth_800g,1,synth,2099-01-01 00:03:39.828875,3.663814581761107,5.522271253668915,5.706173863828558,2.8257775980314688,5.706173863828558,800.0,70.7,66.4,386.0,849.0,13.91,725.8570090540118,725.8570090540118,726.1005307524194,74.14299094598823,0.09267873868248529,0.15,0.6178582578832352,-16.228102694974048,17.344600002684352,54.054318526648075,0.32087353009794567,0.15310143059050038
catfish_synth_800g,1,synth,2099-01-01 00:03:41.421838,3.6903639627883615,5.495721872641661,5.657536067844547,2.949394874119192,5.657536067844547,800.0,71.0,66.7,387.5,893.0,13.08,725.7820793006555,725.7820793006555,725.8195441773337,74.21792069934452,0.09277240087418065,0.15,0.6184826724945377,-15.522533012582064,17.516064755152037,54.054318526648075,0.3240456124984139,0.15310143059050038
catfish_synth_800g,1,synth,2099-01-01 00:03:43.014801,3.716913343815616,5.469172491614406,5.638296164941124,3.051914561894518,5.638296164941124,800.0,71.3,66.7,387.0,850.0,13.78,725.2201061504838,725.2201061504838,725.5010927255696,74.77989384951616,0.0934748673118952,0.15,0.6231657820793013,-14.816963330196518,17.687308262777826,54.054318526648075,0.3272136018893331,0.15310143059050038
catfish_synth_800g,1,synth,2099-01-01 00:03:44.607763,3.7434627248428702,5.442623110587152,5.615391448532447,3.0139868747127276,5.615391448532447,800.0,71.6,66.8,386.75,894.0,13.12,724.6581330003121,724.6581330003121,724.939119575398,75.34186699968791,0.09417733374960989,0.15,0.627848891664066,-14.816963330196518,17.85844114798267,54.054318526648075,0.3303795447754779,0.15310143059050038
catfish_synth_800g,1,synth,2099-01-01 00:03:46.200726,3.770012105870125,5.416073729559898,5.57075124453956,3.1646862184482263,5.57075124453956,800.0,71.8,66.8,388.0,870.0,13.41,724.6581330003121,724.6581330003121,724.6581330003121,75.34186699968791,0.09417733374960989,0.15,0.627848891664066,-14.111393647806821,18.03012714529225,54.054318526648075,0.3335557201854951,0.15310143059050038
catfish_synth_800g,1,synth,2099-01-01 00:03:47.793689,3.796561486897379,5.389524348532643,5.573065859598003,3.1540664660373423,5.573065859598003,800.0,72.1,67.0,386.0,880.0,13.31,724.5082734935999,724.5082734935999,724.5832032469559,75.49172650640014,0.09436465813300017,0.15,0.6290977208866678,-14.111393647806821,18.200928163234252,54.054318526648075,0.3367155235573164,0.15310143059050038
catfish_synth_800g,1,synth,2099-01-01 00:03:49.386652,3.8231108679246333,5.362974967505389,5.510653763901521,3.1301720231137606,5.510653763901521,800.0,72.5,67.0,388.5,895.0,13.06,724.1710896034967,724.1710896034967,724.3396815485482,75.82891039650326,0.09478613799562907,0.15,0.6319075866375272,-14.111393647802538,18.372835405385725,54.054318526648075,0.3398957919768826,0.15310143059050038
catfish_synth_800g,1,synth,2099-01-01 00:03:50.979615,3.849660248951888,5.336425586478134,5.512620055649954,3.087693013470146,5.512620055649954,800.0,72.8,67.0,386.5,870.0,13.46,723.5716515766469,723.5716515766469,723.8713705900718,76.4283484233531,0.09553543552919137,0.15,0.6369029035279425,-14.111393647802538,18.543857668169622,54.054318526648075,0.34305968835825285,0.15310143059050038
catfish_synth_800g,1,synth,2099-01-01 00:03:52.572578,3.876209629979142,5.30987620545088,5.454164835072314,3.0372491895174307,5.454164835072314,800.0,73.1,67.2,388.75,898.0,13.01,722.8598189197627,722.8598189197627,723.2157352482047,77.14018108023731,0.09642522635029664,0.15,0.642834842335311,-14.111393647806821,18.71587553274204,54.054318526648075,0.3462420032825935,0.15310143059050038
catfish_synth_800g,1,synth,2099-01-01 00:03:54.165541,3.9027590110063968,5.283326824423625,5.4487419801976955,3.0319393133119767,5.4487419801976955,800.0,73.4,67.3,387.25,890.0,13.06,722.7848891664064,722.7848891664064,722.8223540430845,77.2151108335936,0.096518888541992,0.15,0.6434592569466134,-14.111393647806821,18.88722966278878,54.054318526648075,0.34941203917828734,0.15310143059050038
catfish_synth_800g,1,synth,2099-01-01 00:03:55.758504,3.929308392033651,5.256777443396372,5.401168514359389,2.9814954893602064,5.401168514359389,800.0,73.7,67.3,388.75,878.0,13.42,722.0730565095223,722.0730565095223,722.4289728379644,77.9269434904777,0.09740867936309712,0.15,0.6493911957539809,-14.111393647806821,19.0592475273612,54.054318526648075,0.35259435410262807,0.15310143059050038
catfish_synth_800g,1,synth,2099-01-01 00:03:57.351466,3.9558577730609055,5.230228062369116,5.367681216165327,2.9814954893602064,5.367681216165327,800.0,74.0,67.3,389.25,913.0,12.68,722.0730565095223,722.0730565095223,722.0730565095223,77.9269434904777,0.09740867936309712,0.15,0.6493911957539809,-14.111393647806821,19.23148663677551,54.054318526648075,0.35578076203651776,0.15310143059050038
catfish_synth_800g,1,synth,2099-01-01 00:03:58.944429,3.98240715408816,5.203678681341863,5.365372976114303,2.9655658607447517,5.365372976114303,800.0,74.2,67.5,387.5,880.0,13.33,721.8482672494536,721.8482672494536,721.9606618794879,78.15173275054644,0.09768966593818305,0.15,0.651264439587887,-14.111393647802538,19.402951389243196,54.054318526648075,0.358952844436986,0.15310143059050038
catfish_synth_800g,1,synth,2099-01-01 00:04:00.537392,4.008956535115415,5.177129300314608,5.304430178573496,3.0416060110201864,5.304430178573496,800.0,74.5,67.5,390.0,880.0,13.31,721.8482672494536,721.8482672494536,721.8482672494536,78.15173275054644,0.09768966593818305,0.15,0.651264439587887,-13.7586088066078,19.57552236592035,54.054318526648075,0.3621453918851992,0.15310143059050038
catfish_synth_800g,1,synth,2099-01-01 00:04:02.130355,4.035505916142668,5.150579919287354,5.274482700058367,2.875297965252076,5.274482700058367,800.0,74.8,67.6,390.25,926.0,12.7,720.5744614423977,720.5744614423977,721.2113643459256,79.4255385576023,0.09928192319700287,0.15,0.6618794879800192,-14.111393647802538,19.74820396501845,54.054318526648075,0.3653399858381869,0.15310143059050038
catfish_synth_800g,1,synth,2099-01-01 00:04:05.316281,4.088604678197178,5.097481157232845,5.221383938003857,2.875297965252076,5.221383938003857,800.0,75.5,67.7,390.25,877.0,13.39,720.5744614423977,720.5744614423977,720.5744614423977,79.4255385576023,0.09928192319700287,0.15,0.6618794879800192,-14.111393647802538,20.09356716321465,54.054318526648075,0.37172917374416226,0.15310143059050038
catfish_synth_800g,1,synth,2099-01-01 00:04:06.909244,4.115154059224432,5.07093177620559,5.198181597962503,2.806269574580347,5.198181597962503,800.0,75.9,67.8,390.0,926.0,12.5,719.6003746487667,719.6003746487667,720.0874180455821,80.39962535123334,0.10049953168904167,0.15,0.6699968779269445,-14.111393647806821,20.266138139891805,54.054318526648075,0.37492172119237543,0.15310143059050038
catfish_synth_800g,1,synth,2099-01-01 00:04:08.502206,4.141703440251686,5.044382395178336,5.178305107304905,2.8009596983749008,5.178305107304905,800.0,76.1,67.9,389.5,879.0,13.33,719.5254448954105,719.5254448954105,719.5629097720886,80.47455510458951,0.1005931938807369,0.15,0.670621292538246,-14.111393647806821,20.438487871727062,54.054318526648075,0.3781101756310396,0.15310143059050038
catfish_synth_800g,1,synth,2099-01-01 00:04:10.095169,4.168252821278941,5.017833014151082,5.135190450822422,2.77706525545122,5.135190450822422,800.0,76.4,67.9,390.75,895.0,13.06,719.1882610053075,719.1882610053075,719.356852950359,80.81173899469252,0.10101467374336565,0.15,0.6734311582891044,-14.111393647802538,20.611390715667056,54.054318526648075,0.3813088625935763,0.15310143059050038
catfish_synth_800g,1,synth,2099-01-01 00:04:11.688132,4.194802202306195,4.991283633123827,5.1185164360467486,2.729276369601338,5.1185164360467486,800.0,76.7,68.0,390.0,944.0,12.36,718.5138932251016,718.5138932251016,718.8510771152046,81.48610677489842,0.10185763346862302,0.15,0.6790508897908202,-14.111393647806821,20.78396169234421,54.054318526648075,0.3845014100417895,0.15310143059050038
catfish_synth_800g,1,synth,2099-01-01 00:04:13.281095,4.221351583333449,4.964734252096573,5.088688056662001,2.7992578149765146,5.088688056662001,800.0,76.9,68.0,390.25,864.0,13.58,718.5138932251016,718.5138932251016,718.5138932251016,81.48610677489842,0.10185763346862302,0.15,0.6790508897908202,-13.7586088066078,20.95664329144231,54.054318526648075,0.3876960039947772,0.15310143059050038
catfish_synth_800g,1,synth,2099-01-01 00:04:16.467021,4.274450345387958,4.911635490042064,5.038851274130994,2.788365761221734,5.038851274130994,800.0,77.3,68.1,390.0,878.0,13.29,718.364033718389,718.364033718389,718.4389634717453,81.63596628161099,0.10204495785201374,0.15,0.680299719013425,-13.7586088066078,21.30178524479662,54.054318526648075,0.39408109889120363,0.15310143059050038
catfish_synth_800g,1,synth,2099-01-01 00:04:18.059984,4.300999726415212,4.88508610901481,4.996203326732714,2.73390549244702,4.996203326732714,800.0,77.6,68.2,391.25,914.0,12.71,717.6147361848267,717.6147361848267,717.9893849516079,82.38526381517329,0.10298157976896662,0.15,0.6865438651264442,-13.758608806612083,21.474909333578502,54.054318526648075,0.3972838788632892,0.15310143059050038
catfish_synth_800g,1,synth,2099-01-01 00:04:19.652946,4.327549107442468,4.858536727987555,4.992101585812731,2.723013438692251,4.992101585812731,800.0,77.9,68.2,389.5,901.0,12.99,717.4648766781143,717.4648766781143,717.5398064314704,82.53512332188575,0.10316890415235719,0.15,0.687792694349048,-13.758608806612083,21.647259065413763,54.054318526648075,0.4004723333019534,0.15310143059050038
catfish_synth_800g,1,synth,2099-01-01 00:04:21.245909,4.354098488469721,4.831987346960301,4.946400919929418,2.847241727463616,4.946400919929418,800.0,78.1,68.3,391.0,890.0,13.14,717.1651576646892,717.1651576646892,717.3150171714017,82.83484233531078,0.10354355291913847,0.15,0.6902903527942565,-13.053039124218209,21.820272531774705,54.054318526648075,0.4036730667692646,0.15310143059050038
catfish_synth_800g,1,synth,2099-01-01 00:04:22.838872,4.3806478694969755,4.805437965933047,4.929357754635532,2.838631117400728,4.929357754635532,800.0,78.4,68.3,390.25,925.0,12.47,717.052763034655,717.052763034655,717.1089603496721,82.94723696534504,0.1036840462066813,0.15,0.6912269747112086,-13.053039124218209,21.992954130872803,54.054318526648075,0.4068676607222523,0.15310143059050038
catfish_synth_800g,1,synth,2099-01-01 00:04:24.431835,4.407197250524231,4.778888584905792,4.896500814101386,2.7984482704405598,4.896500814101386,800.0,78.7,68.3,390.75,867.0,13.54,716.5282547611614,716.5282547611614,716.7905088979082,83.4717452388386,0.10433968154854824,0.15,0.6955978769903216,-13.053039124218209,22.1658569748128,54.054318526648075,0.410066347684789,0.15310143059050038
catfish_synth_800g,1,synth,2099-01-01 00:04:27.617761,4.460296012578739,4.725789822851283,4.849675595690825,2.9583596001799335,4.849675595690825,800.0,79.2,68.5,390.25,880.0,13.33,716.5282547611614,716.5282547611614,716.5282547611614,83.4717452388386,0.10433968154854824,0.15,0.6955978769903216,-12.347469441828398,22.511220173009,54.054318526648075,0.41645553559076437,0.15310143059050038
catfish_synth_800g,1,synth,2099-01-01 00:04:29.210724,4.486845393605994,4.699240441824029,4.801475877182808,2.7381740000003028,4.801475877182808,800.0,79.5,68.5,392.0,910.0,12.91,715.741492350921,715.741492350921,716.1348735560412,84.25850764907898,0.10532313456134873,0.15,0.7021542304089916,-13.053039124218209,22.68467612905373,54.054318526648075,0.41966445507717354,0.15310143059050038
catfish_synth_800g,1,synth,2099-01-01 00:04:30.803686,4.513394774633248,4.672691060796774,4.784130603268364,2.5142263832813136,4.784130603268364,800.0,79.9,68.5,391.25,919.0,12.54,715.4792382141741,715.4792382141741,715.6103652825475,84.52076178582593,0.10565095223228241,0.15,0.7043396815485494,-14.111393647802775,22.857800217835617,54.054318526648075,0.4228672350492592,0.15310143059050038
catfish_synth_800g,1,synth,2099-01-01 00:04:32.396649,4.5399441556605025,4.64614167976952,4.75452622185588,2.5089165070758743,4.75452622185588,800.0,80.1,68.4,391.5,882.0,13.31,715.404308460818,715.404308460818,715.441773337496,84.59569153918198,0.10574461442397748,0.15,0.7049640961598499,-14.111393647802775,23.031034929038455,54.054318526648075,0.4260720615261194,0.15310143059050038
catfish_synth_800g,1,synth,2099-01-01 00:04:33.989612,4.566493536687757,4.6195922987422655,4.718885968511502,2.669289119497149,4.718885968511502,800.0,80.2,68.6,392.25,944.0,12.18,714.8423353106463,714.8423353106463,715.1233218857321,85.15766468935374,0.10644708086169218,0.15,0.7096472057446145,-13.053039124218209,23.20460150750413,54.054318526648075,0.4292830275173031,0.15310143059050038
catfish_synth_800g,1,synth,2099-01-01 00:04:35.582575,4.593042917715011,4.593042917715011,4.689330927631692,2.646327492662756,4.689330927631692,800.0,80.4,68.6,392.5,866.0,13.68,714.5426162972212,714.5426162972212,714.6924758039338,85.45738370277877,0.10682172962847346,0.15,0.712144864189823,-13.053039124218209,23.378278708390752,54.054318526648075,0.4324960400132612,0.15310143059050038
catfish_synth_800g,1,synth,2099-01-01 00:04:37.175538,4.6195922987422655,4.566493536687757,4.656815476721955,2.609014849056892,4.656815476721955,800.0,80.6,68.6,393.0,949.0,12.03,714.0555729004059,714.0555729004059,714.2990945988136,85.94442709959412,0.10743053387449265,0.15,0.7162035591632844,-13.053039124218209,23.552177154119267,54.054318526648075,0.43571314551876833,0.15310143059050038
catfish_synth_800g,1,synth,2099-01-01 00:04:38.768501,4.64614167976952,4.5399441556605025,4.636198344709633,2.583183018868203,4.636198344709633,800.0,80.9,68.6,392.5,870.0,13.78,713.7183890103028,713.7183890103028,713.8869809553544,86.28161098969724,0.10785201373712155,0.15,0.7190134249141438,-13.053039124218209,23.72585435500589,54.054318526648075,0.43892615801472645,0.15310143059050038
catfish_synth_800g,1,synth,2099-01-01 00:04:40.361464,4.672691060796774,4.513394774633248,4.586144789564713,2.418035933559077,4.586144789564713,800.0,81.0,68.7,394.5,948.0,12.55,713.2688104901655,713.2688104901655,713.4935997502341,86.73118950983451,0.10841398688729313,0.15,0.7227599125819543,-13.75860880661006,23.90041653526009,54.054318526648075,0.4421555425488806,0.15310143059050038
catfish_synth_800g,1,synth,2099-01-01 00:04:41.954427,4.699240441824029,4.486845393605994,4.580030172081031,2.4125899066816876,4.580030172081031,800.0,81.2,68.7,392.75,899.0,12.97,713.1938807368092,713.1938807368092,713.2313456134873,86.8061192631908,0.1085076490789885,0.15,0.7233843271932566,-13.75860880661006,24.07420435856766,54.054318526648075,0.4453706015496133,0.15310143059050038
catfish_synth_800g,1,synth,2099-01-01 00:04:43.547389,4.725789822851283,4.460296012578739,4.53027607833899,2.3935288126108447,4.53027607833899,800.0,81.5,68.7,394.75,913.0,12.71,712.9316266000625,712.9316266000625,713.0627536684358,87.06837339993751,0.1088354667499219,0.15,0.7255697783328127,-13.75860880661006,24.248877161242802,54.054318526648075,0.44860203258854187,0.15310143059050038
catfish_synth_800g,1,synth,2099-01-01 00:04:45.140352,4.752339203878537,4.433746631551485,4.521006834927778,2.654938102725576,4.521006834927778,800.0,81.8,68.7,393.25,893.0,13.04,712.7817670933499,712.7817670933499,712.8566968467062,87.21823290665009,0.1090227911333126,0.15,0.7268186075554174,-12.347469441828398,24.42288622939226,54.054318526648075,0.4518211845988234,0.15310143059050038
catfish_synth_800g,1,synth,2099-01-01 00:04:46.733315,4.778888584905792,4.407197250524231,4.477278200569576,2.636732812878755,4.477278200569576,800.0,82.1,68.6,394.75,942.0,12.73,712.5569778332813,712.5569778332813,712.6693724633155,87.44302216671872,0.1093037777083984,0.15,0.7286918513893227,-12.347469441826357,24.597559032067405,54.054318526648075,0.455052615637752,0.15310143059050038
catfish_synth_800g,1,synth,2099-01-01 00:04:48.326278,4.805437965933047,4.3806478694969755,4.464951431361158,2.6986664950067,4.464951431361158,800.0,82.2,68.8,393.5,883.0,13.27,712.3696534498907,712.3696534498907,712.463315641586,87.63034655010927,0.10953793318763658,0.15,0.7302528879175773,-11.99468460062916,24.771678722637816,54.054318526648075,0.45827381415280816,0.15310143059050038
catfish_synth_800g,1,synth,2099-01-01 00:04:49.919241,4.8319873469603,4.354098488469722,4.424263508752645,2.654938102726503,4.424263508752645,800.0,82.5,68.8,394.75,935.0,12.36,711.8451451763972,711.8451451763972,712.107399313144,88.15485482360282,0.11019356852950352,0.15,0.7346237901966901,-11.99468460062916,24.94635152531296,54.054318526648075,0.46150524519173675,0.15310143059050038
catfish_synth_800g,1,synth,2099-01-01 00:04:51.512204,4.858536727987555,4.327549107442468,4.408950352509525,2.654938102726503,4.408950352509525,800.0,82.7,68.7,393.75,853.0,13.84,711.8451451763972,711.8451451763972,711.8451451763972,88.15485482360282,0.11019356852950352,0.15,0.7346237901966901,-11.99468460062916,25.120581838304318,54.054318526648075,0.4647284902115674,0.15310143059050038
catfish_synth_800g,1,synth,2099-01-01 00:04:53.105167,4.88508610901481,4.300999726415212,4.3712320028882,2.870758877528129,4.3712320028882,800.0,83.0,68.7,394.75,963.0,11.86,711.3955666562598,711.3955666562598,711.6203559163284,88.6044333437402,0.11075554167967525,0.15,0.7383702778645017,-10.936330077046735,25.29525464097946,54.054318526648075,0.467959921250496,0.15310143059050038
catfish_synth_800g,1,synth,2099-01-01 00:04:54.698129,4.911635490042063,4.274450345387959,4.350226352999674,3.178340185833767,4.350226352999674,800.0,83.0,68.8,394.25,868.0,13.33,711.3955666562598,711.3955666562598,711.3955666562598,88.6044333437402,0.11075554167967525,0.15,0.7383702778645017,-9.87797555346451,25.469706198812712,54.054318526648075,0.47118725927987565,0.15310143059050038
catfish_synth_800g,1,synth,2099-01-01 00:04:56.291092,4.938184871069319,4.247900964360704,4.326437267881684,3.170754648397404,4.326437267881684,800.0,83.3,68.8,394.0,933.0,12.38,711.3206369029035,711.3206369029035,711.3581017795816,88.67936309709648,0.11084920387137061,0.15,0.7389946924758041,-9.87797555346451,25.644047134225016,54.054318526648075,0.47441255080448075,0.15310143059050038
catfish_synth_800g,1,synth,2099-01-01 00:04:57.884055,4.964734252096573,4.221351583333449,4.288934881112957,3.0835209678793003,4.288934881112957,800.0,83.6,68.7,395.0,912.0,12.73,710.458944739307,710.458944739307,710.8897908211052,89.54105526069304,0.11192631907586631,0.15,0.7461754605057754,-9.87797555346451,25.818830559321107,54.054318526648075,0.47764602834818387,0.15310143059050038
catfish_synth_800g,1,synth,2099-01-01 00:04:59.477018,4.991283633123827,4.194802202306195,4.273271121611371,3.0835209678793003,4.273271121611371,800.0,83.8,68.6,394.0,895.0,12.99,710.458944739307,710.458944739307,710.458944739307,89.54105526069304,0.11192631907586631,0.15,0.7461754605057754,-9.87797555346451,25.99317149473341,54.054318526648075,0.48087131987278897,0.15310143059050038
catfish_synth_800g,1,synth,2099-01-01 00:05:01.069981,5.017833014151082,4.168252821278941,4.2359033326813025,3.041800511979331,4.2359033326813025,800.0,84.0,68.6,395.0,945.0,12.06,710.0468310958477,710.0468310958477,710.2528879175773,89.95316890415234,0.11244146113019042,0.15,0.7496097408679362,-9.87797555346451,26.1679549198295,54.054318526648075,0.4841047974164921,0.15310143059050038
catfish_synth_800g,1,synth,2099-01-01 00:05:02.662944,5.044382395178336,4.141703440251686,4.22280126382129,3.041800511979331,4.22280126382129,800.0,84.1,68.7,393.75,864.0,13.62,710.0468310958477,710.0468310958477,710.0468310958477,89.95316890415234,0.11244146113019042,0.15,0.7496097408679362,-9.87797555346451,26.34218523282086,54.054318526648075,0.4873280424363228,0.15310143059050038
catfish_synth_800g,1,synth,2099-01-01 00:05:04.255907,5.07093177620559,4.115154059224432,4.182888587655361,3.267616126430721,4.182888587655361,800.0,84.6,68.7,395.0,981.0,11.34,709.9719013424914,709.9719013424914,710.0093662191696,90.02809865750862,0.11253512332188578,0.15,0.7502341554792386,-9.172405871074659,26.51696865791695,54.054318526648075,0.49056151998002584,0.15310143059050038
catfish_synth_800g,1,synth,2099-01-01 00:05:05.848869,5.097481157232845,4.088604678197178,4.164296508950849,2.988701749924834,4.164296508950849,800.0,85.1,68.6,394.25,852.0,13.82,709.5223228223541,709.5223228223541,709.7471120824227,90.47767717764589,0.11309709647205736,0.15,0.753980643147049,-9.87797555346451,26.691420215750203,54.054318526648075,0.4937888580094055,0.15310143059050038
catfish_synth_800g,1,synth,2099-01-01 00:05:07.441832,5.124030538260099,4.062055297169923,4.1351081567518895,2.943188525306677,4.1351081567518895,800.0,85.5,68.6,394.5,959.0,11.91,709.0727443022166,709.0727443022166,709.2975335622854,90.92725569778338,0.11365906962222923,0.15,0.7577271308148615,-9.87797555346451,26.8659823960044,54.054318526648075,0.49701824254355964,0.15310143059050038
catfish_synth_800g,1,synth,2099-01-01 00:05:09.034795,5.150579919287354,4.035505916142668,4.105939961185844,2.9318102191521493,4.105939961185844,800.0,85.2,68.7,394.75,923.0,12.61,708.9603496721824,708.9603496721824,709.0165469871995,91.03965032781764,0.11379956290977206,0.15,0.7586637527318137,-9.87797555346451,27.04065519867954,54.054318526648075,0.5002496735824882,0.15310143059050038
catfish_synth_800g,1,synth,2099-01-01 00:05:10.627758,5.177129300314608,4.008956535115415,4.0872064557192225,2.9280174504339618,4.0872064557192225,800.0,85.3,68.7,394.0,884.0,12.91,708.9228847955042,708.9228847955042,708.9416172338433,91.07711520449584,0.1138463940056198,0.15,0.7589759600374654,-9.87797555346451,27.214996134091844,54.054318526648075,0.5034749651070932,0.15310143059050038
catfish_synth_800g,1,synth,2099-01-01 00:05:12.220721,5.203678681341862,3.9824071540881603,4.040014617844902,2.874918688379476,4.040014617844902,800.0,85.6,68.6,396.0,987.0,11.49,708.3983765220107,708.3983765220107,708.6606306587574,91.60162347798928,0.1145020293474866,0.15,0.7633468623165773,-9.87797555346451,27.390222048871724,54.054318526648075,0.5067166286698944,0.15310143059050038
catfish_synth_800g,1,synth,2099-01-01 00:05:13.813684,5.230228062369117,3.955857773060905,4.023693121926116,2.8635403822249255,4.023693121926116,800.0,85.8,68.6,395.0,863.0,13.89,708.2859818919762,708.2859818919762,708.3421792069935,91.71401810802377,0.1146425226350297,0.15,0.7642834842335314,-9.87797555346451,27.565005473967815,54.054318526648075,0.5099501062135975,0.15310143059050038
catfish_synth_800g,1,synth,2099-01-01 00:05:16.999609,5.283326824423625,3.902759011006397,3.955372317796224,2.7232079396523248,3.955372317796224,800.0,86.0,0.0,396.5,882.0,12.97,706.8997814548861,706.8997814548861,707.5928816734312,93.10021854511388,0.11637527318139235,0.15,0.7758351545426156,-9.87797555346451,27.915899793211363,54.054318526648075,0.5164416193582977,0.15310143059050038
catfish_synth_800g,1,synth,2099-01-01 00:05:18.592572,5.30987620545088,3.876209629979142,3.9288229367689698,2.7232079396523248,3.9288229367689698,800.0,86.3,0.0,396.5,976.0,11.67,706.8997814548861,706.8997814548861,706.8997814548861,93.10021854511388,0.11637527318139235,0.15,0.7758351545426156,-9.87797555346451,28.091346952833135,54.054318526648075,0.5196873759306477,0.15310143059050038
catfish_synth_800g,1,synth,2099-01-01 00:05:20.185535,5.336425586478135,3.8496602489518876,3.9022735557417145,2.8836712315750654,3.9022735557417145,800.0,86.5,0.0,396.5,928.0,12.4,706.4502029347486,706.4502029347486,706.6749921948174,93.54979706525137,0.11693724633156422,0.15,0.7795816422104281,-9.172405871074801,28.26679411245491,54.054318526648075,0.5229331325029979,0.15310143059050038
catfish_synth_800g,1,synth,2099-01-01 00:05:21.778498,5.362974967505388,3.823110867924634,3.883119513101842,2.8714176711009594,3.883119513101842,800.0,86.7,0.0,395.75,942.0,12.19,706.3378083047144,706.3378083047144,706.3940056197315,93.66219169528563,0.11707773961910703,0.15,0.7805182641273802,-9.172405871074801,28.441909404813842,54.054318526648075,0.5261727495610244,0.15310143059050038
catfish_synth_800g,1,synth,2099-01-01 00:05:23.371461,5.389524348532643,3.796561486897379,3.8443436852449215,2.5980465719524166,3.8443436852449215,800.0,86.9,0.0,397.0,970.0,11.8,705.6634405245082,705.6634405245082,706.0006244146114,94.33655947549175,0.1179206993443647,0.15,0.786137995629098,-9.87797555346451,28.61757780927751,54.054318526648075,0.5294225991429236,0.15310143059050038
catfish_synth_800g,1,synth,2099-01-01 00:05:24.964424,5.416073729559898,3.7700121058701246,3.82750224281677,2.5011347919466744,3.82750224281677,800.0,87.1,0.0,396.0,940.0,12.26,705.5885107711522,705.5885107711522,705.6259756478303,94.41148922884781,0.11801436153605976,0.15,0.7867624102403985,-10.230760394659189,28.79280372405739,54.054318526648075,0.5326642627057246,0.15310143059050038
catfish_synth_800g,1,synth,2099-01-01 00:05:26.557387,5.442623110587151,3.743462724842871,3.791311798205595,2.490148841176763,3.791311798205595,800.0,87.1,0.0,397.0,971.0,11.74,705.4761161411177,705.4761161411177,705.532313456135,94.5238838588823,0.11815485482360287,0.15,0.7876990321573525,-10.230760394659189,28.968472128521057,54.054318526648075,0.5359141122876238,0.15310143059050038
catfish_synth_800g,1,synth,2099-01-01 00:05:28.150349,5.469172491614406,3.716913343815616,3.771938401654439,2.4864868575867995,3.771938401654439,800.0,87.3,0.0,396.25,947.0,12.09,705.4386512644396,705.4386512644396,705.4573837027787,94.56134873556039,0.11820168591945049,0.15,0.7880112394630033,-10.230760394659189,29.143808665721885,54.054318526648075,0.5391578223551994,0.15310143059050038
catfish_synth_800g,1,synth,2099-01-01 00:05:29.743312,5.495721872641661,3.6903639627883615,3.738263192412472,2.416909169377445,3.738263192412472,800.0,87.5,0.0,397.0,918.0,12.5,704.7268186075554,704.7268186075554,705.0827349359975,95.2731813924446,0.11909147674055574,0.15,0.7939431782703716,-10.230760394659189,29.319477070185552,54.054318526648075,0.5424076719370985,0.15310143059050038
catfish_synth_800g,1,synth,2099-01-01 00:05:31.336275,5.522271253668914,3.663814581761108,3.714069364751577,2.336345530398261,3.714069364751577,800.0,87.7,0.0,396.75,1019.0,11.01,704.7268186075554,704.7268186075554,704.7268186075554,95.2731813924446,0.11909147674055574,0.15,0.7939431782703716,-10.583545235854043,29.495034852228272,54.054318526648075,0.5456554750142231,0.15310143059050038
catfish_synth_800g,1,synth,2099-01-01 00:05:32.929238,5.5488206346961695,3.637265200733853,3.687519983724323,2.322185860517059,3.687519983724323,800.0,87.9,0.0,396.75,918.0,12.7,704.5769591008429,704.5769591008429,704.6518888541991,95.42304089915706,0.11927880112394633,0.15,0.7951920074929756,-10.583545235854043,29.67059263427099,54.054318526648075,0.5489032780913475,0.15310143059050038
catfish_synth_800g,1,synth,2099-01-01 00:05:34.522201,5.575370015723424,3.6107158197065985,3.6609706026970685,2.2903266032843574,3.6609706026970685,800.0,88.0,0.0,396.75,1023.0,10.95,704.2397752107399,704.2397752107399,704.4083671557914,95.76022478926006,0.11970028098657508,0.15,0.7980018732438339,-10.583545235854043,29.84615041631371,54.054318526648075,0.5521510811684721,0.15310143059050038
catfish_synth_800g,1,synth,2099-01-01 00:05:36.115164,5.601919396750678,3.584166438679344,3.6344212216698146,2.2513875111109742,3.6344212216698146,800.0,88.1,0.0,396.75,909.0,12.73,703.8276615672806,703.8276615672806,704.0337183890103,96.17233843271936,0.1202154230408992,0.15,0.8014361536059947,-10.583545235854398,30.021708198356425,54.054318526648075,0.5553988842455967,0.15310143059050038
catfish_synth_800g,1,synth,2099-01-01 00:05:37.708127,5.628468777777933,3.557617057652089,3.6078718406425603,2.2089085014673704,3.6078718406425603,800.0,88.4,0.0,396.75,1023.0,10.79,703.3780830471433,703.3780830471433,703.602872307212,96.62191695285674,0.12077739619107092,0.15,0.8051826412738061,-10.583545235854398,30.197265980399145,54.054318526648075,0.5586466873227213,0.15310143059050038
catfish_synth_800g,1,synth,2099-01-01 00:05:39.301090,5.655018158805187,3.5310676766248354,3.574515154255603,2.2089085014674446,3.574515154255603,800.0,88.8,0.0,397.5,1003.0,11.32,703.3780830471433,703.3780830471433,703.3780830471433,96.62191695285674,0.12077739619107092,0.15,0.8051826412738061,-10.583545235854043,30.373155629704705,54.054318526648075,0.5619006299141693,0.15310143059050038
catfish_synth_800g,1,synth,2099-01-01 00:05:40.894052,5.681567539832441,3.504518295597581,3.5592418462701643,2.2089085014674446,3.5592418462701643,800.0,89.1,0.0,396.25,885.0,13.08,703.3780830471433,703.3780830471433,703.3780830471433,96.62191695285674,0.12077739619107092,0.15,0.8051826412738061,-10.583545235854043,30.548492166905532,54.054318526648075,0.565144339981745,0.15310143059050038
catfish_synth_800g,1,synth,2099-01-01 00:05:42.487015,5.7081169208596965,3.477968914570326,3.521499880820677,2.141650069531672,3.521499880820677,800.0,89.5,0.0,397.5,1072.0,10.06,702.6662503902592,702.6662503902592,703.0221667187012,97.33374960974083,0.12166718701217605,0.15,0.8111145800811737,-10.583545235854398,30.72438181621109,54.054318526648075,0.5683982825731929,0.15310143059050038
catfish_synth_800g,1,synth,2099-01-01 00:05:44.079978,5.73466630188695,3.4514195335430724,3.499385638182365,2.007796940186082,3.499385638182365,800.0,89.1,0.0,397.0,926.0,12.5,702.6662503902592,702.6662503902592,702.6662503902592,97.33374960974083,0.12166718701217605,0.15,0.8111145800811737,-11.289114918243907,30.90005022067476,54.054318526648075,0.571648132155092,0.15310143059050038
catfish_synth_800g,1,synth,2099-01-01 00:05:45.672941,5.761215682914204,3.424870152515818,3.4750412890632285,1.9746102139020087,3.4750412890632285,800.0,89.3,0.0,396.75,1034.0,10.73,702.291601623478,702.291601623478,702.4789260068685,97.70839837652204,0.12213549797065255,0.15,0.8142366531376837,-11.289114918243907,31.075608002717477,54.054318526648075,0.5748959352322166,0.15310143059050038
catfish_synth_800g,1,synth,2099-01-01 00:05:47.265904,5.7877650639414595,3.398320771488563,3.444118036054774,1.9347861423611372,3.444118036054774,800.0,89.4,0.0,397.25,985.0,11.52,701.8420231033407,701.8420231033407,702.0668123634093,98.1579768966593,0.12269747112082413,0.15,0.8179831408054943,-11.289114918243907,31.251387029602093,54.054318526648075,0.5781478313188902,0.15310143059050038
catfish_synth_800g,1,synth,2099-01-01 00:05:48.858867,5.814314444968714,3.3717713904613085,3.42626043556015,1.6755609359424448,3.42626043556015,800.0,89.6,10.0,396.25,962.0,11.85,701.2800499531689,701.2800499531689,701.5610365282548,98.71995004683106,0.12339993755853883,0.15,0.8226662503902589,-12.700254283022929,31.42672356680292,54.054318526648075,0.5813915413864659,0.15310143059050038
catfish_synth_800g,1,synth,2099-01-01 00:05:50.451830,5.840863825995967,3.345222009434055,3.3846458390499046,1.6755609359424448,3.3846458390499046,800.0,89.7,9.2,398.0,1058.0,10.43,701.2800499531689,701.2800499531689,701.2800499531689,98.71995004683106,0.12339993755853883,0.15,0.8226662503902589,-12.700254283022929,31.602834460950373,54.054318526648075,0.5846495769874629,0.15310143059050038
catfish_synth_800g,1,synth,2099-01-01 00:05:52.044792,5.8674132070232226,3.3186726284067998,3.3623538741723986,1.6755609359424448,3.3623538741723986,800.0,89.9,8.4,397.5,911.0,12.73,701.2800499531689,701.2800499531689,701.2800499531689,98.71995004683106,0.12339993755853883,0.15,0.8226662503902589,-12.700254283022929,31.778724110255933,54.054318526648075,0.5879035195789108,0.15310143059050038
catfish_synth_800g,1,synth,2099-01-01 00:05:53.637755,5.893962588050477,3.2921232473795454,3.325264198868742,1.7460122346159623,3.325264198868742,800.0,90.1,8.0,398.75,1090.0,10.06,700.9428660630659,700.9428660630659,701.1114580081174,99.05713393693406,0.12382141742116758,0.15,0.8254761161411172,-11.994684600633596,31.955166871666226,54.054318526648075,0.5911676946942314,0.15310143059050038
catfish_synth_800g,1,synth,2099-01-01 00:05:55.230718,5.92051196907773,3.265573866352292,3.2966313189700167,1.9611142785463294,3.2966313189700167,800.0,90.1,8.3,399.0,1006.0,11.2,700.7555416796754,700.7555416796754,700.8492038713707,99.24445832032461,0.12405557290040577,0.15,0.8270371526693718,-10.583545235854576,32.13172025549746,54.054318526648075,0.5944339163143264,0.15310143059050038
catfish_synth_800g,1,synth,2099-01-01 00:05:56.823681,5.947061350104986,3.2390244853250367,3.276290283176228,1.8903159291403238,3.276290283176228,800.0,90.3,8.1,398.25,928.0,12.4,700.0062441461131,700.0062441461131,700.3808929128943,99.99375585388691,0.12499219481735864,0.15,0.833281298782391,-10.583545235854576,32.30794177206586,54.054318526648075,0.5976939984200978,0.15310143059050038
catfish_synth_800g,1,synth,2099-01-01 00:06:00.009607,6.000160112159494,3.185925723270528,3.21908332013968,1.6023332314096423,3.21908332013968,800.0,91.0,7.5,398.75,914.0,12.68,699.2194817358727,699.2194817358727,699.612862940993,100.7805182641273,0.12597564783015913,0.15,0.8398376522010609,-11.994684600633596,32.66082729488645,54.054318526648075,0.604222348650739,0.15310143059050038
catfish_synth_800g,1,synth,2099-01-01 00:06:01.602570,6.026709493186749,3.1593763422432737,3.1905169696135913,1.4336665754718876,3.1905169696135913,800.0,91.3,7.2,399.0,1083.0,10.11,699.2194817358727,699.2194817358727,699.2194817358727,100.7805182641273,0.12597564783015913,0.15,0.8398376522010609,-13.405823965413063,32.83738067871769,54.054318526648075,0.607488570270834,0.15310143059050038
catfish_synth_800g,1,synth,2099-01-01 00:06:03.195532,6.053258874214003,3.1328269612160193,3.163967588586338,1.5992097748181935,3.163967588586338,800.0,91.0,7.2,399.0,971.0,11.77,699.1820168591945,699.1820168591945,699.2007492975335,100.8179831408055,0.12602247892600688,0.15,0.8401498595067125,-11.994684600633596,33.01393406254893,54.054318526648075,0.6107547918909288,0.15310143059050038
catfish_synth_800g,1,synth,2099-01-01 00:06:04.788495,6.079808255241257,3.106277580188765,3.1433767152588694,1.874935598062801,3.1433767152588694,800.0,91.1,6.2,398.25,1066.0,10.41,699.1820168591945,699.1820168591945,699.1820168591945,100.8179831408055,0.12602247892600688,0.15,0.8401498595067125,-10.230760394657567,33.19015557911733,54.054318526648075,0.6140148739967005,0.15310143059050038
catfish_synth_800g,1,synth,2099-01-01 00:06:06.381458,6.106357636268513,3.0797281991615097,3.110918731383384,1.8456397293430693,3.110918731383384,800.0,91.2,5.3,399.0,944.0,12.23,698.8822978457696,698.8822978457696,699.032157352482,101.11770215423041,0.12639712769278802,0.15,0.8426475179519202,-10.230760394657567,33.36670896294857,54.054318526648075,0.6172810956167956,0.15310143059050038
catfish_synth_800g,1,synth,2099-01-01 00:06:07.974421,6.132907017295766,3.0531788181342563,3.082421373692771,1.533617186397917,3.082421373692771,800.0,91.4,4.7,399.25,1104.0,9.88,698.3952544489541,698.3952544489541,698.6387761473618,101.60474555104588,0.12700593193880735,0.15,0.8467062129253824,-11.994684600633596,33.54337296920076,54.054318526648075,0.620549363741665,0.15310143059050038
catfish_synth_800g,1,synth,2099-01-01 00:06:09.567384,6.15945639832302,3.026629437107002,3.061673287597185,1.798033942673508,3.061673287597185,800.0,91.5,4.5,398.5,905.0,13.02,698.3952544489541,698.3952544489541,698.3952544489541,101.60474555104588,0.12700593193880735,0.15,0.8467062129253824,-10.230760394657567,33.719705108190105,54.054318526648075,0.623811492352211,0.15310143059050038
catfish_synth_800g,1,synth,2099-01-01 00:06:11.160347,6.186005779350276,3.0000800560797467,3.027460143647284,1.9312216421311805,3.027460143647284,800.0,91.7,4.1,399.5,1131.0,9.55,698.3952544489541,698.3952544489541,698.3952544489541,101.60474555104588,0.12700593193880735,0.15,0.8467062129253824,-9.525190712265537,33.89647973686324,54.054318526648075,0.6270818069818551,0.15310143059050038
catfish_synth_800g,1,synth,2099-01-01 00:06:12.753310,6.212555160377529,2.9735306750524932,3.0066050450218746,1.9036889506954981,3.0066050450218746,800.0,91.8,3.7,398.75,894.0,13.27,698.1330003122073,698.1330003122073,698.2641273805807,101.86699968779271,0.1273337496097409,0.15,0.8488916640649393,-9.525190712265537,34.072922498273535,54.054318526648075,0.6303459820971756,0.15310143059050038
catfish_synth_800g,1,synth,2099-01-01 00:06:14.346272,6.239104541404783,2.946981294025239,2.972534450623708,1.8958224674281554,2.972534450623708,800.0,91.9,2.9,399.75,1131.0,9.68,698.058070558851,698.058070558851,698.0955354355292,101.941929441149,0.12742741180143624,0.15,0.8495160786762417,-9.525190712265537,34.24980774936762,54.054318526648075,0.6336183432315942,0.15310143059050038
catfish_synth_800g,1,synth,2099-01-01 00:06:15.939235,6.265653922432039,2.9204319129979837,2.9553092052634033,1.8368238429231254,2.9553092052634033,800.0,92.0,2.3,398.5,904.0,12.91,697.4960974086792,697.4960974086792,697.7770839837651,102.50390259132075,0.12812987823915095,0.15,0.8541991882610064,-9.525190712265537,34.42613988835697,54.054318526648075,0.6368804718421402,0.15310143059050038
catfish_synth_800g,1,synth,2099-01-01 00:06:17.532198,6.292203303459293,2.8938825319707293,2.9250564292420846,1.8053579098537897,2.9250564292420846,800.0,92.0,2.0,399.0,1113.0,9.85,697.1963783952544,697.1963783952544,697.3462379019668,102.80362160474556,0.12850452700593196,0.15,0.856696846706213,-9.525190712265537,34.60269327218821,54.054318526648075,0.6401466934622353,0.15310143059050038
catfish_synth_800g,1,synth,2099-01-01 00:06:19.125161,6.3187526844865465,2.867333150943476,2.9021771315639424,1.8053579098537897,2.9021771315639424,800.0,92.4,1.2,398.5,910.0,12.77,697.1963783952544,697.1963783952544,697.1963783952544,102.80362160474556,0.12850452700593196,0.15,0.856696846706213,-9.525190712265537,34.77902541117756,54.054318526648075,0.6434088220727813,0.15310143059050038
catfish_synth_800g,1,synth,2099-01-01 00:06:20.718124,6.345302065513802,2.8407837699162206,2.871990937088613,1.625920713945137,2.871990937088613,800.0,92.7,0.4,399.0,1141.0,9.43,696.6344052450827,696.6344052450827,696.9153918201686,103.36559475491731,0.12920699344364664,0.15,0.8613799562909776,-10.230760394657214,34.9555787950088,54.054318526648075,0.6466750436928763,0.15310143059050038
catfish_synth_800g,1,synth,2099-01-01 00:06:22.311087,6.371851446541056,2.8142343888889663,2.8490450578644806,1.607610795995318,2.8490450578644806,800.0,92.9,0.0,398.5,902.0,12.99,696.4470808616923,696.4470808616923,696.5407430533875,103.55291913830774,0.1294411489228847,0.15,0.8629409928192313,-10.230760394657214,35.13191093399815,54.054318526648075,0.6499371723034224,0.15310143059050038
catfish_synth_800g,1,synth,2099-01-01 00:06:23.904050,6.3984008275683095,2.787685007861713,2.817143682364093,1.7188265939130778,2.817143682364093,800.0,93.2,0.0,399.25,1127.0,9.65,696.3721511083359,696.3721511083359,696.409615985014,103.62784889166414,0.12953481111458018,0.15,0.8635654074305346,-9.525190712265537,35.30857494025034,54.054318526648075,0.653205440428292,0.15310143059050038
catfish_synth_800g,1,synth,2099-01-01 00:06:25.497013,6.424950208595565,2.7611356268344576,2.7923594289573677,1.6912939024774074,2.7923594289573677,800.0,93.4,0.0,399.0,950.0,12.13,696.1098969715891,696.1098969715891,696.2410240399624,103.89010302841086,0.12986262878551358,0.15,0.8657508585700906,-9.525190712265537,35.48512832408158,54.054318526648075,0.656471662048387,0.15310143059050038
catfish_synth_800g,1,synth,2099-01-01 00:06:27.089975,6.451499589622819,2.734586245807203,2.7623152301216574,1.6519614861407168,2.7623152301216574,800.0,93.0,0.0,399.5,1074.0,10.29,695.7352482048079,695.7352482048079,695.9225725881986,104.26475179519207,0.1303309397439901,0.15,0.8688729316266007,-9.525190712265537,35.66190295275471,54.054318526648075,0.6597419766780309,0.15310143059050038
catfish_synth_800g,1,synth,2099-01-01 00:06:28.682938,6.4780489706500735,2.708036864779949,2.73231295505675,1.7032449059019787,2.73231295505675,800.0,93.3,0.0,400.0,976.0,11.69,695.6228535747736,695.6228535747736,695.6790508897907,104.37714642522644,0.13047143303153305,0.15,0.8698095535435537,-9.172405871074801,35.83889882626974,54.054318526648075,0.663016384317224,0.15310143059050038
catfish_synth_800g,1,synth,2099-01-01 00:06:30.275901,6.504598351677328,2.6814874837526945,2.705763574029495,1.9839628367637658,2.705763574029495,800.0,93.5,0.0,400.0,1089.0,9.96,695.3980643147049,695.3980643147049,695.5104589447392,104.60193568529508,0.13075241960661885,0.15,0.871682797377459,-7.761266506293133,36.01589469978477,54.054318526648075,0.666290791956417,0.15310143059050038
catfish_synth_800g,1,synth,2099-01-01 00:06:31.868864,6.531147732704582,2.65493810272544,2.6809063528359047,1.8792344483642978,2.6809063528359047,800.0,93.8,0.0,399.75,931.0,12.4,695.2482048079924,695.2482048079924,695.3231345613486,104.75179519200765,0.13093974399000957,0.15,0.8729316266000638,-8.114051347485953,36.19277995087886,54.054318526648075,0.6695631530908357,0.15310143059050038
catfish_synth_800g,1,synth,2099-01-01 00:06:33.461827,6.5576971137318365,2.628388721698186,2.6460000318060457,1.8746171647074004,2.6460000318060457,800.0,94.0,0.0,401.0,1146.0,9.42,695.2107399313144,695.2107399313144,695.2294723696534,104.78926006868562,0.13098657508585704,0.15,0.8732438339057136,-8.114051347485953,36.37021831407767,54.054318526648075,0.6728457467491266,0.15310143059050038
catfish_synth_800g,1,synth,2099-01-01 00:06:35.054790,6.584246494759092,2.6018393406709306,2.626065650858306,2.2692734099080174,2.626065650858306,800.0,94.2,0.0,400.0,883.0,13.23,695.2107399313144,695.2107399313144,695.2107399313144,104.78926006868562,0.13098657508585704,0.15,0.8732438339057136,-6.702911982708566,36.5472141875927,54.054318526648075,0.6761201543883196,0.15310143059050038
catfish_synth_800g,1,synth,2099-01-01 00:06:36.647753,6.610795875786345,2.575289959643677,2.591335379952988,2.207790632792278,2.591335379952988,800.0,94.4,0.0,401.25,1162.0,9.21,694.7986262878551,694.7986262878551,695.0046831095847,105.20137371214491,0.13150171714018113,0.15,0.8766781142678742,-6.702911982708566,36.724763173212466,54.054318526648075,0.6794047945513851,0.15310143059050038
catfish_synth_800g,1,synth,2099-01-01 00:06:38.240715,6.6373452568135995,2.548740578616423,2.5728839219880864,2.202201289418124,2.5728839219880864,800.0,94.0,0.0,400.0,926.0,12.47,694.761161411177,694.761161411177,694.779893849516,105.238838588823,0.13154854823602874,0.15,0.876990321573525,-6.702911982708566,36.9017590467275,54.054318526648075,0.6826792021905782,0.15310143059050038
catfish_synth_800g,1,synth,2099-01-01 00:06:39.833678,6.663894637840855,2.5221911975891675,2.5399183715793168,2.151897199050746,2.5399183715793168,800.0,94.3,0.0,401.0,1077.0,10.27,694.423977521074,694.423977521074,694.5925694661255,105.576022478926,0.13197002809865752,0.15,0.8798001873243835,-6.702911982708448,37.07919740992631,54.054318526648075,0.6859617958488691,0.15310143059050038
catfish_synth_800g,1,synth,2099-01-01 00:06:41.426641,6.690444018868108,2.495641816561914,2.5197187864810098,2.023062834277086,2.5197187864810098,800.0,94.5,0.0,400.0,1040.0,10.72,694.2741180143615,694.2741180143615,694.3490477677178,105.72588198563847,0.13215735248204807,0.15,0.8810490165469872,-7.055696823901268,37.25619328344134,54.054318526648075,0.6892362034880621,0.15310143059050038
catfish_synth_800g,1,synth,2099-01-01 00:06:43.019604,6.716993399895363,2.4690924355346597,2.4884537745370725,1.891327334131781,2.4884537745370725,800.0,94.7,0.0,400.75,1023.0,10.95,694.0118638776147,694.0118638776147,694.1429909459881,105.9881361223853,0.1324851701529816,0.15,0.8832344676865441,-7.408481665098383,37.43352102421921,54.054318526648075,0.6925167506415787,0.15310143059050038
catfish_synth_800g,1,synth,2099-01-01 00:06:44.612567,6.743542780922618,2.4425430545074045,2.4681294185868334,1.781222108918751,2.4681294185868334,800.0,94.9,0.0,399.75,1009.0,11.17,693.8245394942242,693.8245394942242,693.9182016859195,106.17546050577585,0.1327193256322198,0.15,0.8847955042147987,-7.7612665062955095,37.610406275313295,54.054318526648075,0.6957891117759972,0.15310143059050038
catfish_synth_800g,1,synth,2099-01-01 00:06:46.205530,6.770092161949872,2.41599367348015,2.433886367302139,1.8407570845555394,2.433886367302139,800.0,95.1,0.0,401.0,1034.0,10.73,693.6372151108336,693.6372151108336,693.7308773025288,106.36278488916639,0.132953481111458,0.15,0.8863565407430534,-7.408481665100524,37.78784463851211,54.054318526648075,0.6990717054342882,0.15310143059050038
catfish_synth_800g,1,synth,2099-01-01 00:06:47.798493,6.796641542977126,2.3894442924528967,2.4103755460343135,1.7952438599373957,2.4103755460343135,800.0,95.3,0.0,400.5,1088.0,10.08,693.3000312207305,693.3000312207305,693.468623165782,106.69996877926951,0.13337496097408688,0.15,0.8891664064939125,-7.408481665100524,37.965061756869034,54.054318526648075,0.7023502060830302,0.15310143059050038
catfish_synth_800g,1,synth,2099-01-01 00:06:49.391455,6.823190924004381,2.3628949114256415,2.386839134439601,1.7039875459309446,2.386839134439601,800.0,95.0,0.0,400.0,964.0,11.82,693.2251014673744,693.2251014673744,693.2625663440524,106.77489853262557,0.13346862316578195,0.15,0.889790821105213,-7.761266506293108,38.142057630384066,54.054318526648075,0.7056246137222233,0.15310143059050038
catfish_synth_800g,1,synth,2099-01-01 00:06:50.984418,6.849740305031635,2.336345530398387,2.3558228055624912,1.6846789051838515,2.3558228055624912,800.0,95.2,0.0,400.75,1117.0,9.55,693.075241960662,693.075241960662,693.1501717140181,106.92475803933803,0.13365594754917254,0.15,0.891039650327817,-7.761266506293108,38.319385371161935,54.054318526648075,0.7089051608757398,0.15310143059050038
catfish_synth_800g,1,synth,2099-01-01 00:06:52.577381,6.876289686058889,2.3097961493711336,2.330743975599882,1.63640730331562,2.330743975599882,800.0,95.3,0.0,400.5,981.0,11.64,692.7005931938809,692.7005931938809,692.8879175772714,107.29940680611912,0.1341242585076489,0.15,0.894161723384326,-7.7612665062955095,38.496602489518864,54.054318526648075,0.7121836615244819,0.15310143059050038
catfish_synth_800g,1,synth,2099-01-01 00:06:54.170344,6.902839067086144,2.2832467683438784,2.307108024542128,1.6364073033161262,2.307108024542128,800.0,95.5,0.0,400.0,1059.0,10.55,692.7005931938809,692.7005931938809,692.7005931938809,107.29940680611912,0.1341242585076489,0.15,0.894161723384326,-7.761266506293108,38.67359836303389,54.054318526648075,0.7154580691636748,0.15310143059050038
catfish_synth_800g,1,synth,2099-01-01 00:06:55.763307,6.929388448113398,2.256697387316624,2.2733713911019695,1.583308541261602,2.2733713911019695,800.0,95.7,0.0,401.25,1073.0,10.29,692.2884795504215,692.2884795504215,692.4945363721512,107.71152044957853,0.13463940056197315,0.15,0.8975960037464877,-7.761266506293108,38.851147348653654,54.054318526648075,0.7187427093267403,0.15310143059050038
catfish_synth_800g,1,synth,2099-01-01 00:06:57.356270,6.955937829140653,2.2301480062893697,2.253926295671908,1.5736542208875877,2.253926295671908,800.0,95.9,0.0,400.0,972.0,11.66,692.2135497970652,692.2135497970652,692.2510146737434,107.78645020293482,0.13473306275366853,0.15,0.8982204183577902,-7.761266506295379,39.02814322216869,54.054318526648075,0.7220171169659335,0.15310143059050038
catfish_synth_800g,1,synth,2099-01-01 00:06:58.949233,6.982487210167907,2.2035986252621154,2.2217561508150476,1.5350369393938768,2.2217561508150476,800.0,96.1,0.0,401.0,1200.0,8.35,691.9138307836404,691.9138307836404,692.0636902903527,108.08616921635962,0.13510771152044954,0.15,0.900718076802997,-7.761266506293108,39.205581585367504,54.054318526648075,0.7252997106242245,0.15310143059050038
catfish_synth_800g,1,synth,2099-01-01 00:07:00.542195,7.009036591195161,2.177049244234861,2.202154099840373,1.506073978273215,2.202154099840373,800.0,96.3,0.0,399.75,895.0,13.14,691.6890415235715,691.6890415235715,691.8014361536059,108.31095847642848,0.1353886980955356,0.15,0.9025913206369041,-7.761266506293108,39.38246683646159,54.054318526648075,0.728572071758643,0.15310143059050038
catfish_synth_800g,1,synth,2099-01-01 00:07:02.135158,7.035585972222416,2.1504998632076067,2.171480834731021,1.506073978273215,2.171480834731021,800.0,96.5,0.0,400.5,1173.0,8.92,691.6890415235715,691.6890415235715,691.6890415235715,108.31095847642848,0.1353886980955356,0.15,0.9025913206369041,-7.761266506293108,39.55968395481851,54.054318526648075,0.731850572407385,0.15310143059050038
catfish_synth_800g,1,synth,2099-01-01 00:07:03.728121,7.062135353249671,2.1239504821803514,2.149005526564425,1.4722838569658279,2.149005526564425,800.0,96.1,0.0,399.75,954.0,12.08,691.4267873868249,691.4267873868249,691.5579144551982,108.57321261317509,0.13571651576646887,0.15,0.9047767717764592,-7.761266506293108,39.736569205912595,54.054318526648075,0.7351229335418036,0.15310143059050038
catfish_synth_800g,1,synth,2099-01-01 00:07:05.321084,7.088684734276924,2.097401101153098,2.119771566490869,1.542392612059379,2.119771566490869,800.0,96.3,0.0,400.25,1138.0,9.47,691.4267873868249,691.4267873868249,691.4267873868249,108.57321261317509,0.13571651576646887,0.15,0.9047767717764592,-7.408481665098254,39.91367570184857,54.054318526648075,0.7383993876857711,0.15310143059050038
catfish_synth_800g,1,synth,2099-01-01 00:07:06.914047,7.115234115304179,2.0708517201258436,2.089257525426537,1.6195122426617579,2.089257525426537,800.0,96.5,0.0,401.0,1055.0,10.58,691.4267873868249,691.4267873868249,691.4267873868249,108.57321261317509,0.13571651576646887,0.15,0.9047767717764592,-7.055696823905669,40.091114065047385,54.054318526648075,0.741681981344062,0.15310143059050038
catfish_synth_800g,1,synth,2099-01-01 00:07:08.507010,7.141783496331434,2.0443023390985884,2.0627081443992825,1.3805678134170813,2.0627081443992825,800.0,96.7,0.0,401.0,1008.0,11.17,690.2279113331252,690.2279113331252,690.8273493599751,109.77208866687477,0.13721511083359345,0.15,0.9147674055572896,-7.408481665098254,40.2685524282462,54.054318526648075,0.744964575002353,0.15310143059050038
catfish_synth_800g,1,synth,2099-01-01 00:07:10.099973,7.168332877358687,2.017752958071335,2.0284716522748885,1.2936789300552207,2.0284716522748885,800.0,96.8,0.0,402.5,1191.0,8.96,690.0405869497347,690.0405869497347,690.13424914143,109.95941305026531,0.13744926631283164,0.15,0.9163284420855443,-7.761266506293108,40.4466545259707,54.054318526648075,0.7482594476892911,0.15310143059050038
catfish_synth_800g,1,synth,2099-01-01 00:07:11.692936,7.194882258385942,1.9912035770440806,2.0095100704456703,1.2743702893081277,2.0095100704456703,800.0,97.0,0.0,401.0,935.0,12.48,689.8907274430222,689.8907274430222,689.9656571963785,110.10927255697777,0.13763659069622222,0.15,0.9175772713081481,-7.761266506293108,40.62409288916951,54.054318526648075,0.751542041347582,0.15310143059050038
catfish_synth_800g,1,synth,2099-01-01 00:07:13.285898,7.221431639413197,1.9646541960168253,1.9742291124518614,1.230925847626797,1.9742291124518614,800.0,97.2,0.0,402.75,1258.0,8.23,689.5535435529191,689.5535435529191,689.7221354979706,110.44645644708089,0.1380580705588511,0.15,0.9203871370590074,-7.761266506295379,40.802305609314956,54.054318526648075,0.7548389605392944,0.15310143059050038
catfish_synth_800g,1,synth,2099-01-01 00:07:14.878861,7.247981020440451,1.938104814989571,1.9538261483375938,1.1826542457590858,1.9538261483375938,800.0,97.4,0.0,401.5,955.0,12.06,689.178894786138,689.178894786138,689.3662191695286,110.82110521386198,0.1385263815173275,0.15,0.9235092101155167,-7.761266506295379,40.97996521735568,54.054318526648075,0.7581256472071346,0.15310143059050038
catfish_synth_800g,1,synth,2099-01-01 00:07:16.471824,7.274530401467705,1.9115554339623175,1.926060945189407,1.1826542457594318,1.926060945189407,800.0,97.0,0.0,401.75,1104.0,9.87,689.178894786138,689.178894786138,689.178894786138,110.82110521386198,0.1385263815173275,0.15,0.9235092101155167,-7.761266506293108,41.15773544781734,54.054318526648075,0.7614143803797492,0.15310143059050038
catfish_synth_800g,1,synth,2099-01-01 00:07:18.064787,7.30107978249496,1.8850060529350623,1.8935374297167757,1.1826542457594318,1.8935374297167757,800.0,97.1,0.0,403.0,1194.0,8.93,689.178894786138,689.178894786138,689.178894786138,110.82110521386198,0.1385263815173275,0.15,0.9235092101155167,-7.761266506293108,41.33605879038373,54.054318526648075,0.7647133460762361,0.15310143059050038
catfish_synth_800g,1,synth,2099-01-01 00:07:19.657750,7.327629163522214,1.858456671907808,1.8740622856623108,1.238971114605071,1.8740622856623108,800.0,97.3,0.0,401.5,928.0,12.43,689.178894786138,689.178894786138,689.178894786138,110.82110521386198,0.1385263815173275,0.15,0.9235092101155167,-7.408481665098254,41.513718398424444,54.054318526648075,0.7680000327440761,0.15310143059050038
catfish_synth_800g,1,synth,2099-01-01 00:07:21.250713,7.354178544549468,1.8319072908805545,1.8405374866983468,1.3009196703348507,1.8405374866983468,800.0,97.5,0.0,403.0,1270.0,8.14,689.178894786138,689.178894786138,689.178894786138,110.82110521386198,0.1385263815173275,0.15,0.9235092101155167,-7.055696823905669,41.692041740990845,54.054318526648075,0.7712989984405633,0.15310143059050038
catfish_synth_800g,1,synth,2099-01-01 00:07:22.843676,7.380727925576723,1.8053579098532992,1.8197147313297686,1.3009196703352237,1.8197147313297686,800.0,97.7,0.0,401.75,950.0,12.08,689.178894786138,689.178894786138,689.178894786138,110.82110521386198,0.1385263815173275,0.15,0.9235092101155167,-7.055696823903646,41.8698119714525,54.054318526648075,0.7745877316131777,0.15310143059050038
catfish_synth_800g,1,synth,2099-01-01 00:07:24.436638,7.407277306603977,1.778808528826045,1.79090343018899,1.2372011558698242,1.79090343018899,800.0,97.8,0.0,402.25,1111.0,9.73,688.7293162660006,688.7293162660006,688.9541055260693,111.27068373399936,0.1390883546674992,0.15,0.927255697783328,-7.055696823903646,42.047803446756056,54.054318526648075,0.7778805577953413,0.15310143059050038
catfish_synth_800g,1,synth,2099-01-01 00:07:26.029601,7.433826687631232,1.7522591477987906,1.7610211023313587,1.2372011558698242,1.7610211023313587,800.0,98.0,0.0,403.0,1254.0,8.26,688.7293162660006,688.7293162660006,688.7293162660006,111.27068373399936,0.1390883546674992,0.15,0.927255697783328,-7.055696823903646,42.22612678932245,54.054318526648075,0.7811795234918283,0.15310143059050038
catfish_synth_800g,1,synth,2099-01-01 00:07:27.622564,7.460376068658487,1.7257097667715353,1.7399509406641889,1.2159616510484135,1.7399509406641889,800.0,98.2,0.0,401.75,951.0,11.95,688.5794567592882,688.5794567592882,688.6543865126444,111.42054324071182,0.13927567905088978,0.15,0.9285045270059319,-7.055696823901387,42.40389701978411,54.054318526648075,0.7844682566644429,0.15310143059050038
catfish_synth_800g,1,synth,2099-01-01 00:07:29.215527,7.4869254496857405,1.6991603857442819,1.712319500594233,1.1575530127880866,1.712319500594233,800.0,98.3,0.0,402.0,1035.0,10.74,688.167343115829,688.167343115829,688.3733999375586,111.832656884171,0.13979082110521376,0.15,0.9319388073680918,-7.055696823903646,42.58177787266671,54.054318526648075,0.7877590363418318,0.15310143059050038
catfish_synth_800g,1,synth,2099-01-01 00:07:30.808490,7.513474830712995,1.6726110047170275,1.6804622475874549,1.1575530127880866,1.6804622475874549,800.0,98.5,0.0,403.25,1299.0,7.88,688.167343115829,688.167343115829,688.167343115829,111.832656884171,0.13979082110521376,0.15,0.9319388073680918,-7.055696823903646,42.760211837654055,54.054318526648075,0.7910600485430933,0.15310143059050038
catfish_synth_800g,1,synth,2099-01-01 00:07:32.401453,7.54002421174025,1.6460616236897723,1.6580905228624692,1.1575530127880866,1.6580905228624692,800.0,98.0,0.0,402.25,1010.0,10.73,688.167343115829,688.167343115829,688.167343115829,111.832656884171,0.13979082110521376,0.15,0.9319388073680918,-7.055696823903646,42.938203312957604,54.054318526648075,0.7943528747252567,0.15310143059050038
catfish_synth_800g,1,synth,2099-01-01 00:07:33.994416,7.5665735927675035,1.6195122426625188,1.6336047268045515,1.2128875121925475,1.6336047268045515,800.0,98.3,0.0,401.75,978.0,11.63,688.1298782391507,688.1298782391507,688.1486106774898,111.87012176084932,0.13983765220106165,0.15,0.9322510146737444,-6.70291198270665,43.115973543419265,54.054318526648075,0.7976416078978713,0.15310143059050038
catfish_synth_800g,1,synth,2099-01-01 00:07:35.587378,7.593122973794758,1.5929628616352645,1.6009787007922829,1.4403039207290285,1.6009787007922829,800.0,98.4,0.0,403.25,1263.0,8.17,688.1298782391507,688.1298782391507,688.1298782391507,111.87012176084932,0.13983765220106165,0.15,0.9322510146737444,-5.644557459119907,43.29440750840661,54.054318526648075,0.8009426200991329,0.15310143059050038
catfish_synth_800g,1,synth,2099-01-01 00:07:38.773304,7.646221735849267,1.5398640995807558,1.5538574572223751,1.6233050113818914,1.6233050113818914,800.0,98.7,0.0,401.75,954.0,12.03,688.0174836091164,688.0174836091164,688.0736809241336,111.98251639088357,0.13997814548860446,0.15,0.9331876365906965,-4.9389877767279735,43.64994796932992,54.054318526648075,0.8075200864443618,0.15310143059050038
catfish_synth_800g,1,synth,2099-01-01 00:07:40.366267,7.672771116876521,1.5133147185535014,1.52730807619512,1.5702062493273365,1.5702062493273365,800.0,98.9,0.0,401.75,994.0,11.32,687.7552294723696,687.7552294723696,687.886356540743,112.24477052763041,0.140305963159538,0.15,0.9353730877302534,-4.9389877767279735,43.82771819979158,54.054318526648075,0.8108088196169764,0.15310143059050038
catfish_synth_800g,1,synth,2099-01-01 00:07:41.959230,7.699320497903776,1.4867653375262462,1.4941346824458304,1.360655777647282,1.4941346824458304,800.0,99.0,0.0,403.5,1265.0,8.14,687.6802997190134,687.6802997190134,687.7177645956915,112.31970028098658,0.14039962535123324,0.15,0.935997502341555,-5.644557459119801,44.006262787199866,54.054318526648075,0.8141118783230122,0.15310143059050038
catfish_synth_800g,1,synth,2099-01-01 00:07:43.552193,7.7258698789310305,1.4602159564989918,1.4685116093432167,1.354018432390471,1.4685116093432167,800.0,99.1,0.0,403.25,1247.0,8.34,687.6428348423353,687.6428348423353,687.6615672806744,112.35716515766467,0.14044645644708084,0.15,0.9363097096472056,-5.644557459119801,44.18469675218721,54.054318526648075,0.8174128905242738,0.15310143059050038
catfish_synth_800g,1,synth,2099-01-01 00:07:45.145156,7.752419259958284,1.4336665754717384,1.44287321566667,1.6664842244797047,1.6664842244797047,800.0,99.3,0.0,403.0,957.0,11.96,687.6428348423353,687.6428348423353,687.6428348423353,112.35716515766467,0.14044645644708084,0.15,0.9363097096472056,-4.586202935537246,44.36302009475361,54.054318526648075,0.8207118562207609,0.15310143059050038
catfish_synth_800g,1,synth,2099-01-01 00:07:46.738118,7.778968640985539,1.4071171944444831,1.4145358876559382,1.401807318239562,1.4145358876559382,800.0,99.4,0.0,403.5,1061.0,10.35,687.4180455822667,687.4180455822667,687.5304402123011,112.5819544177333,0.14072744302216664,0.15,0.9381829534811109,-5.291772617924792,44.54156468216189,54.054318526648075,0.8240149149267968,0.15310143059050038
catfish_synth_800g,1,synth,2099-01-01 00:07:48.331081,7.8055180220127935,1.3805678134172288,1.3836179584889183,1.752259147799246,1.752259147799246,800.0,99.0,0.0,404.75,1315.0,7.73,687.4180455822667,687.4180455822667,687.4180455822667,112.5819544177333,0.14072744302216664,0.15,0.9381829534811109,-4.233418094340333,44.72066238167491,54.054318526648075,0.8273282061567053,0.15310143059050038
catfish_synth_800g,1,synth,2099-01-01 00:07:49.924044,7.832067403040047,1.3540184323899753,1.3570685774616638,1.65491141736592,1.65491141736592,800.0,99.1,0.0,404.75,1267.0,8.07,687.0059319388073,687.0059319388073,687.211988760537,112.9940680611927,0.14124258507649087,0.15,0.9416172338432726,-4.233418094340333,44.899760081187935,54.054318526648075,0.8306414973866137,0.15310143059050038
catfish_synth_800g,1,synth,2099-01-01 00:07:51.517007,7.858616784067302,1.32746905136272,1.3347232502679331,1.6106624489871577,1.6106624489871577,800.0,99.3,0.0,403.5,999.0,11.31,686.8186075554167,686.8186075554167,686.9122697471121,113.18139244458325,0.14147674055572906,0.15,0.9431782703715271,-4.233418094340333,45.078304668596225,54.054318526648075,0.8339445560926498,0.15310143059050038
catfish_synth_800g,1,synth,2099-01-01 00:07:53.109970,7.885166165094557,1.3009196703354657,1.3065219840299522,1.757086307985912,1.757086307985912,800.0,99.4,9.7,404.0,1131.0,9.16,686.8186075554167,686.8186075554167,686.8186075554167,113.18139244458325,0.14147674055572906,0.15,0.9431782703715271,-3.8806332531454784,45.257070500846396,54.054318526648075,0.8372517078082345,0.15310143059050038
catfish_synth_800g,1,synth,2099-01-01 00:07:54.702933,7.911715546121811,1.2743702893082114,1.2767466227952162,2.112150757278104,2.112150757278104,800.0,99.6,9.1,405.0,1303.0,7.93,686.7062129253825,686.7062129253825,686.7624102403996,113.29378707461751,0.14161723384327188,0.15,0.9441148922884792,-3.175063570757932,45.436278822780366,54.054318526648075,0.8405670455429176,0.15310143059050038
catfish_synth_800g,1,synth,2099-01-01 00:07:56.295896,7.938264927149066,1.2478209082809562,1.2541500176899285,1.8997557090601735,1.8997557090601735,800.0,99.7,8.4,403.75,975.0,11.71,686.0318451451764,686.0318451451764,686.3690290352795,113.96815485482364,0.14246019356852954,0.15,0.949734623790197,-3.175063570757932,45.6149340326096,54.054318526648075,0.843872150753728,0.15310143059050038
catfish_synth_800g,1,synth,2099-01-01 00:07:57.888858,7.96481430817632,1.2212715272537027,1.226049430703874,1.554345580141386,1.554345580141386,800.0,99.9,6.3,404.25,1095.0,9.99,686.0318451451764,686.0318451451764,686.0318451451764,113.96815485482364,0.14246019356852954,0.15,0.949734623790197,-3.8806332531454784,45.79381048728072,54.054318526648075,0.8471813489740875,0.15310143059050038
catfish_synth_800g,1,synth,2099-01-01 00:07:59.481821,7.991363689203574,1.1947221462264483,1.1972295877679096,1.554345580141386,1.554345580141386,800.0,100.0,4.6,405.0,1360.0,7.34,686.0318451451764,686.0318451451764,686.0318451451764,113.96815485482364,0.14246019356852954,0.15,0.949734623790197,-3.8806332531454784,45.973018809214686,54.054318526648075,0.8504966867087703,0.15310143059050038
catfish_synth_800g,1,synth,2099-01-01 00:08:01.074784,8.01791307023083,1.168172765199193,1.172901411912766,1.554345580141386,1.554345580141386,800.0,100.1,3.1,404.25,1053.0,10.55,686.0318451451764,686.0318451451764,686.0318451451764,113.96815485482364,0.14246019356852954,0.15,0.949734623790197,-3.8806332531454784,46.15189526388581,54.054318526648075,0.8538058849291298,0.15310143059050038
catfish_synth_800g,1,synth,2099-01-01 00:08:02.667747,8.044462451258083,1.1416233841719396,1.1463520308855129,1.5253826190207895,1.5253826190207895,800.0,100.3,2.8,404.25,1072.0,10.27,685.9194505151422,685.9194505151422,685.9756478301592,114.08054948485778,0.14260068685607222,0.15,0.9506712457071481,-3.8806332531454784,46.33077171855693,54.054318526648075,0.857115083149489,0.15310143059050038
catfish_synth_800g,1,synth,2099-01-01 00:08:04.260710,8.071011832285336,1.1150740031446862,1.1176797757269885,1.8643565343572508,1.8643565343572508,800.0,100.4,2.4,405.0,1339.0,7.54,685.9194505151422,685.9194505151422,685.9194505151422,114.08054948485778,0.14260068685607222,0.15,0.9506712457071481,-3.175063570757932,46.5099800404909,54.054318526648075,0.8604304208841721,0.15310143059050038
catfish_synth_800g,1,synth,2099-01-01 00:08:05.853673,8.097561213312591,1.088524622117431,1.0938969287980695,1.7463592853472814,1.7463592853472814,800.0,100.0,2.4,404.0,959.0,11.93,685.544801748361,685.544801748361,685.7321261317516,114.45519825163899,0.14306899781454874,0.15,0.9537933187636582,-3.175063570757932,46.68874587274107,54.054318526648075,0.8637375725997568,0.15310143059050038
catfish_synth_800g,1,synth,2099-01-01 00:08:07.446636,8.124110594339847,1.0619752410901757,1.0659953884027076,1.4288394152852828,1.4288394152852828,800.0,100.0,1.9,404.5,1117.0,9.68,685.544801748361,685.544801748361,685.544801748361,114.45519825163899,0.14306899781454874,0.15,0.9537933187636582,-3.8806332531454784,46.867732949833155,54.054318526648075,0.8670488173248909,0.15310143059050038
catfish_synth_800g,1,synth,2099-01-01 00:08:10.632561,8.177209356394355,1.008876479035667,1.0142159275714688,1.964654196016797,1.964654196016797,800.0,100.0,0.0,404.0,939.0,12.28,685.544801748361,685.544801748361,685.544801748361,114.45519825163899,0.14306899781454874,0.15,0.9537933187636582,-2.8222787295610186,47.22526461433352,54.054318526648075,0.8736631207560609,0.15310143059050038
catfish_synth_800g,1,synth,2099-01-01 00:08:12.225524,8.203758737421609,0.9823270980084136,0.9851623096860138,1.7257097667714907,1.7257097667714907,800.0,100.0,0.0,405.0,1254.0,8.22,684.8704339681549,684.8704339681549,685.2076178582579,115.12956603184512,0.1439119575398064,0.15,0.959413050265376,-2.8222787295610186,47.40447293626748,54.054318526648075,0.8769784584907437,0.15310143059050038
catfish_synth_800g,1,synth,2099-01-01 00:08:13.818487,8.230308118448864,0.9557777169811583,0.958005178930391,1.2454073281878406,1.2454073281878406,800.0,100.0,0.0,405.25,1230.0,8.49,684.8329690914768,684.8329690914768,684.8517015298158,115.1670309085232,0.143958788635654,0.15,0.9597252575710268,-3.8806332531454784,47.58379188062239,54.054318526648075,0.8802958427302011,0.15310143059050038
catfish_synth_800g,1,synth,2099-01-01 00:08:15.411450,8.25685749947612,0.9292283359539031,0.9338256313698784,1.2164443670671856,1.2164443670671856,800.0,100.0,0.0,404.25,975.0,11.69,684.7205744614424,684.7205744614424,684.7767717764596,115.27942553855758,0.14409928192319696,0.15,0.9606618794879798,-3.8806332531454784,47.76266833529352,54.054318526648075,0.8836050409505606,0.15310143059050038
catfish_synth_800g,1,synth,2099-01-01 00:08:17.004413,8.283406880503373,0.9026789549266496,0.904397626324838,1.0000266853601767,1.0000266853601767,800.0,100.0,0.0,405.5,1371.0,7.21,684.233531064627,684.233531064627,684.4770527630346,115.76646893537304,0.1447080861692163,0.15,0.964720574461442,-4.233418094340333,47.94209790206938,54.054318526648075,0.8869244716947925,0.15310143059050038
catfish_synth_800g,1,synth,2099-01-01 00:08:18.597376,8.309956261530626,0.8761295738993962,0.8806447747543715,0.764622173584902,0.8806447747543715,800.0,100.0,0.0,404.25,959.0,11.93,684.0462066812364,684.0462066812364,684.1398688729316,115.95379331876359,0.14494224164845448,0.15,0.9662816109896966,-5.291772617927004,48.1209743567405,54.054318526648075,0.8902336699151518,0.15310143059050038
catfish_synth_800g,1,synth,2099-01-01 00:08:20.190339,8.336505642557881,0.8495801928721409,0.851922303598174,0.7363028338224983,0.851922303598174,800.0,100.0,0.0,405.25,1227.0,8.49,683.896347174524,683.896347174524,683.9712769278801,116.10365282547605,0.14512956603184507,0.15,0.9675304402123005,-5.291772617927004,48.30029330109541,54.054318526648075,0.8935510541546092,0.15310143059050038
catfish_synth_800g,1,synth,2099-01-01 00:08:21.783301,8.363055023585137,0.8230308118448857,0.8248476930372588,0.7009036591194774,0.8248476930372588,800.0,100.0,0.0,405.5,1203.0,8.83,683.7090227911333,683.7090227911333,683.8026849828286,116.2909772088667,0.14536372151108337,0.15,0.9690914767405558,-5.291772617927004,48.47972286787127,54.054318526648075,0.896870484898841,0.15310143059050038
catfish_synth_800g,1,synth,2099-01-01 00:08:24.969227,8.416153785639645,0.769932049790377,0.7697197853664226,0.665504484416478,0.769932049790377,800.0,100.0,0.0,406.5,1249.0,8.32,683.5216984077427,683.5216984077427,683.615360599438,116.47830159225725,0.14559787699032156,0.15,0.9706525132688104,-5.291772617927004,48.83946698079056,54.054318526648075,0.9035257184255008,0.15310143059050038
catfish_synth_800g,1,synth,2099-01-01 00:08:26.562190,8.442703166666899,0.7433826687631235,0.7450686035632534,0.4424896837876291,0.7450686035632534,800.0,100.0,0.0,405.5,1013.0,11.03,682.8098657508586,682.8098657508586,683.1657820793007,117.19013424914135,0.1464876678114267,0.15,0.976584452076178,-6.3501271415114635,49.01889654756642,54.054318526648075,0.9068451491697327,0.15310143059050038
catfish_synth_800g,1,synth,2099-01-01 00:08:28.155153,8.469252547694152,0.7168332877358701,0.7148624441136028,0.41920075306197924,0.7168332877358701,800.0,100.0,0.0,407.5,1389.0,7.16,682.8098657508586,682.8098657508586,682.8098657508586,117.19013424914135,0.1464876678114267,0.15,0.976584452076178,-6.702911982706308,49.199211093709856,54.054318526648075,0.9101809519521606,0.15310143059050038
catfish_synth_800g,1,synth,2099-01-01 00:08:29.748116,8.495801928721407,0.6902839067086148,0.690954180490708,0.41920075306197924,0.690954180490708,800.0,100.0,0.0,406.0,967.0,11.95,682.8098657508586,682.8098657508586,682.8098657508586,117.19013424914135,0.1464876678114267,0.15,0.976584452076178,-6.702911982706308,49.37886190532762,54.054318526648075,0.9135044757059416,0.15310143059050038
catfish_synth_800g,1,synth,2099-01-01 00:08:31.341079,8.522351309748663,0.6637345256813596,0.6631307597944485,0.4424896837876291,0.6637345256813596,800.0,100.0,0.0,406.75,1263.0,8.17,682.8098657508586,682.8098657508586,682.8098657508586,117.19013424914135,0.1464876678114267,0.15,0.976584452076178,-6.3501271415114635,49.55884458420821,54.054318526648075,0.916834138974046,0.15310143059050038
catfish_synth_800g,1,synth,2099-01-01 00:08:32.934041,8.548900690775916,0.6371851446541061,0.6361740502906623,0.5689153077268353,0.6371851446541061,800.0,100.0,0.0,407.0,1237.0,8.43,682.8098657508586,682.8098657508586,682.8098657508586,117.19013424914135,0.1464876678114267,0.15,0.976584452076178,-4.938987776732149,49.73893788550975,54.054318526648075,0.9201658487469249,0.15310143059050038
catfish_synth_800g,1,synth,2099-01-01 00:08:34.527004,8.575450071803171,0.6106357636268509,0.6111916004217592,0.5309876205450293,0.6111916004217592,800.0,100.0,0.0,406.0,1043.0,10.62,682.622541367468,682.622541367468,682.7162035591633,117.37745863253201,0.14672182329066502,0.15,0.9781454886044335,-4.938987776732149,49.918588697127504,54.054318526648075,0.9234893725007057,0.15310143059050038
catfish_synth_800g,1,synth,2099-01-01 00:08:36.119967,8.601999452830425,0.5840863825995974,0.5827662476313924,0.35989160948059684,0.5840863825995974,800.0,100.0,0.0,407.25,1399.0,7.1,682.285357477365,682.285357477365,682.4539494224165,117.71464252263502,0.14714330315329377,0.15,0.9809553543552918,-6.3501271415114635,50.09879262085,54.054318526648075,0.9268231287783593,0.15310143059050038
catfish_synth_800g,1,synth,2099-01-01 00:08:37.712930,8.62854883385768,0.5575370015723422,0.5580110976621165,0.35989160948059684,0.5580110976621165,800.0,100.0,0.0,406.0,958.0,12.24,682.285357477365,682.285357477365,682.285357477365,117.71464252263502,0.14714330315329377,0.15,0.9809553543552918,-6.3501271415114635,50.27844343246775,54.054318526648075,0.9301466525321401,0.15310143059050038
catfish_synth_800g,1,synth,2099-01-01 00:08:39.305893,8.655098214884935,0.530987620545087,0.5297489753897351,0.46271778361781557,0.530987620545087,800.0,100.0,0.0,407.25,1424.0,6.82,682.285357477365,682.285357477365,682.285357477365,117.71464252263502,0.14714330315329377,0.15,0.9809553543552918,-4.938987776732149,50.45864735619025,54.054318526648075,0.9334804088097937,0.15310143059050038
catfish_synth_800g,1,synth,2099-01-01 00:08:40.898856,8.681647595912189,0.5044382395178335,0.505158000925843,0.33108639869282963,0.505158000925843,800.0,100.0,0.0,405.75,1075.0,10.27,681.9856384639401,681.9856384639401,682.1354979706525,118.01436153605994,0.1475179519200749,0.15,0.9834530128004995,-5.997342300316809,50.63818754538706,54.054318526648075,0.9368018860588002,0.15310143059050038
catfish_synth_800g,1,synth,2099-01-01 00:08:42.491819,8.708196976939442,0.47788885849058005,0.478297562016245,0.33108639869282963,0.478297562016245,800.0,100.0,0.0,406.0,1134.0,9.54,681.9856384639401,681.9856384639401,681.9856384639401,118.01436153605994,0.1475179519200749,0.15,0.9834530128004995,-5.997342300316809,50.81783835700482,54.054318526648075,0.9401254098125811,0.15310143059050038
catfish_synth_800g,1,synth,2099-01-01 00:08:44.084781,8.734746357966698,0.4513394774633248,0.4505730027039388,0.2595939478220731,0.4513394774633248,800.0,100.0,0.0,407.0,1407.0,6.96,681.6484545738371,681.6484545738371,681.8170465188886,118.35154542616294,0.1479394317827037,0.15,0.986262878551358,-6.3501271415114635,50.997931658306356,54.054318526648075,0.94345711958546,0.15310143059050038
catfish_synth_800g,1,synth,2099-01-01 00:08:45.677744,8.761295738993951,0.42479009643607135,0.4256903528827412,0.2536940853715759,0.4256903528827412,800.0,100.0,0.0,405.5,941.0,12.24,681.610989697159,681.610989697159,681.629722135498,118.38901030284103,0.1479862628785513,0.15,0.9865750858570087,-6.3501271415114635,51.177361225082215,54.054318526648075,0.9467765503296919,0.15310143059050038
catfish_synth_800g,1,synth,2099-01-01 00:08:47.270707,8.787845120021206,0.3982407154088161,0.3980937631153076,0.2536940853715759,0.3982407154088161,800.0,100.0,0.0,406.5,1357.0,7.33,681.610989697159,681.610989697159,681.610989697159,118.38901030284103,0.1479862628785513,0.15,0.9865750858570087,-6.3501271415114635,51.357233281541866,54.054318526648075,0.9501041670930218,0.15310143059050038
catfish_synth_800g,1,synth,2099-01-01 00:08:48.863670,8.814394501048461,0.3716913343815609,0.3722802300790243,0.26861726686400245,0.3722802300790243,800.0,100.0,0.0,405.75,1040.0,11.2,681.610989697159,681.610989697159,681.610989697159,118.38901030284103,0.1479862628785513,0.15,0.9865750858570087,-5.997342300316809,51.53677347073867,54.054318526648075,0.9534256443420281,0.15310143059050038
catfish_synth_800g,1,synth,2099-01-01 00:08:50.456633,8.840943882075715,0.3451419533543074,0.3455016124568926,0.14749656126253705,0.3455016124568926,800.0,100.0,0.0,406.0,1293.0,7.88,680.9366219169528,680.9366219169528,681.2738058070559,119.06337808304716,0.14882922260380893,0.15,0.9921948173587263,-6.3501271415114635,51.716424282356435,54.054318526648075,0.9567491680958092,0.15310143059050038
catfish_synth_800g,1,synth,2099-01-01 00:08:52.049596,8.867493263102968,0.31859257232705396,0.31852726019660454,0.14749656126253705,0.31859257232705396,800.0,100.0,0.0,406.5,1234.0,8.61,680.9366219169528,680.9366219169528,680.9366219169528,119.06337808304716,0.14882922260380893,0.15,0.9921948173587263,-6.3501271415114635,51.89629633881608,54.054318526648075,0.960076784859139,0.15310143059050038
catfish_synth_800g,1,synth,2099-01-01 00:08:53.642559,8.894042644130224,0.2920431912997987,0.292960381514189,0.15617282957208695,0.292960381514189,800.0,100.0,0.0,405.25,1049.0,10.57,680.9366219169528,680.9366219169528,680.9366219169528,119.06337808304716,0.14882922260380893,0.15,0.9921948173587263,-5.997342300316809,52.07561528317099,54.054318526648075,0.9633941690985964,0.15310143059050038
catfish_synth_800g,1,synth,2099-01-01 00:08:55.235522,8.920592025157479,0.2654938102725435,0.26551013830515635,0.15617282957208695,0.26551013830515635,800.0,100.0,0.0,406.5,1375.0,7.23,680.9366219169528,680.9366219169528,680.9366219169528,119.06337808304716,0.14882922260380893,0.15,0.9921948173587263,-5.997342300316809,52.25548733963064,54.054318526648075,0.9667217858619264,0.15310143059050038
catfish_synth_800g,1,synth,2099-01-01 00:08:56.828484,8.947141406184732,0.23894442924529002,0.2397797274762527,0.1659336314203291,0.2397797274762527,800.0,100.0,0.0,405.25,1103.0,10.07,680.9366219169528,680.9366219169528,680.9366219169528,119.06337808304716,0.14882922260380893,0.15,0.9921948173587263,-5.644557459122154,52.43480628398555,54.054318526648075,0.9700391701013837,0.15310143059050038
catfish_synth_800g,1,synth,2099-01-01 00:08:58.421447,8.973690787211988,0.2123950482180348,0.21278740360267406,0.09292283359539719,0.21278740360267406,800.0,100.0,0.0,406.0,1282.0,8.2,680.5245082734937,680.5245082734937,680.7305650952233,119.47549172650633,0.14934436465813292,0.15,0.9956290977208861,-5.644557459122154,52.61445709560331,54.054318526648075,0.9733626938551648,0.15310143059050038
catfish_synth_800g,1,synth,2099-01-01 00:09:00.014410,9.000240168239241,0.18584566719078133,0.18636913003296923,0.09292283359539719,0.18636913003296923,800.0,100.0,0.0,405.75,1199.0,8.8,680.5245082734937,680.5245082734937,680.5245082734937,119.47549172650633,0.14934436465813292,0.15,0.9956290977208861,-5.644557459122154,52.79399728480012,54.054318526648075,0.9766841711041712,0.15310143059050038
catfish_synth_800g,1,synth,2099-01-01 00:09:01.607373,9.026789549266496,0.1592962861635261,0.15959037161490486,0.07352136284470856,0.0,800.0,100.0,0.0,406.25,1198.0,8.86,680.3371838901031,680.3371838901031,680.4308460817983,119.66281610989688,0.1495785201373711,0.15,0.9971901342491407,-4.586202935537495,52.97375871883882,54.054318526648075,0.9800097413627267,0.15310143059050038
catfish_synth_800g,1,synth,2099-01-01 00:09:03.200336,9.05333893029375,0.13274690513627263,0.13294284152761635,0.060684299490907805,0.0,800.0,100.0,0.0,406.5,1205.0,8.67,680.299719013425,680.299719013425,680.3184514517641,119.70028098657497,0.1496253512332187,0.15,0.9975023415547914,-4.938987776730279,53.153630775298474,54.054318526648075,0.9833373581260566,0.15310143059050038
catfish_synth_800g,1,synth,2099-01-01 00:09:04.793299,9.079888311321005,0.1061975241090174,0.10623014005622525,0.07723456298842134,0.0,800.0,100.0,0.0,407.0,1273.0,8.08,680.299719013425,680.299719013425,680.299719013425,119.70028098657497,0.1496253512332187,0.15,0.9975023415547914,-3.88063325314556,53.333724076600014,54.054318526648075,0.9866690678989355,0.15310143059050038
catfish_synth_800g,1,synth,2099-01-01 00:09:06.386262,9.106437692348258,0.07964814308176393,0.07974605106342514,0.031859257232732065,0.0,800.0,100.0,9.8,406.75,1163.0,9.76,680.1123946300345,680.1123946300345,680.299719013425,119.88760536996551,0.1498595067124569,0.15,0.999063378083046,-3.5278484119527165,53.513706755480605,54.054318526648075,0.9899987311670397,0.15310143059050038
catfish_synth_800g,1,synth,2099-01-01 00:09:07.979224,9.132987073375514,0.0530987620545087,0.05309876205450829,0.0,0.0,800.0,100.0,9.2,407.25,1264.0,8.27,680.0,680.0,680.299719013425,120.0,0.15,0.15,1.0,-3.5278484119527165,53.6939106792031,54.054318526648075,0.9933324874446933,0.15310143059050038
catfish_synth_800g,1,synth,2099-01-01 00:09:09.572187,9.159536454402767,0.026549381027255237,0.026581996974462226,0.0,0.0,800.0,100.0,8.5,407.0,1290.0,7.88,680.0,680.0,680.2060568217298,120.0,0.15,0.15,1.0,-3.5278484119527165,53.87400398050464,54.054318526648075,0.9966641972175722,0.15310143059050038
catfish_synth_800g,1,synth,2099-01-01 00:09:11.165150,9.186085835430022,0.0,0.0,0.0,0.0,800.0,100.0,7.9,407.5,1171.0,8.98,680.0,680.0,680.1123946300345,120.0,0.15,0.15,1.0,-3.5278484119527165,54.054318526648075,54.054318526648075,1.0,0.15310143059050038
catfish_synth_6000g,1,synth,2099-01-01 00:00:00.000000,0.0,46.0446853883831,203.2079387536917,18000.0,18000.0,6000.0,30.1,53.0,28.25,687.0,18.22,6000.0,6000.0,5984.826724945364,0.0,0.0,0.15,0.0,0.0,0.0,270.9439183382556,0.0,0.7674114231397183
catfish_synth_6000g,1,synth,2099-01-01 00:00:07.984628,0.13307712539995115,45.91160826298315,203.16094589378488,17921.32375897596,17921.32375897596,6000.0,30.1,53.1,28.25,688.0,18.26,5996.066187948798,5996.066187948798,5973.58726194193,3.9338120512020396,0.0006556353418670066,0.15,0.004370902279113378,0.0,0.06265714654247699,270.9439183382556,0.0002312550395180071,0.7674114231397183
catfish_synth_6000g,1,synth,2099-01-01 00:00:15.969255,0.2661542507999023,45.7785311375832,203.113953033878,17921.32375897596,17921.32375897596,6000.0,30.2,53.1,28.25,687.0,18.13,5996.066187948798,5996.066187948798,5968.81049016547,3.9338120512020396,0.0006556353418670066,0.15,0.004370902279113378,0.0,0.12531429308495398,270.9439183382556,0.0004625100790360142,0.7674114231397183
catfish_synth_6000g,1,synth,2099-01-01 00:00:23.953883,0.3992313761998535,45.64545401218325,203.06737603998803,17471.745238838594,17471.745238838594,6000.0,30.2,53.1,28.0,691.0,18.16,5973.58726194193,5973.58726194193,5964.03371838901,26.412738058070317,0.0044021230096783865,0.15,0.029347486731189244,0.0,0.1874169516049312,270.9439183382556,0.0006917186137795257,0.7674114231397183
catfish_synth_6000g,1,synth,2099-01-01 00:00:31.938510,0.5323085015998046,45.512376886783294,203.01955144804742,24.07130356498893,203.01955144804742,6000.0,30.2,53.1,28.75,693.0,17.88,5964.03371838901,5964.03371838901,5964.03371838901,35.966281610990336,0.005994380268498389,0.15,0.039962535123322596,-35.89476224485506,0.25118307419240776,270.9439183382556,0.000927066662846524,0.7674114231397183
catfish_synth_6000g,1,synth,2099-01-01 00:00:39.923138,0.6653856269997559,45.37929976138334,202.97255858814054,24.071303564988934,202.97255858814054,6000.0,30.2,53.1,28.25,692.0,17.78,5964.03371838901,5964.03371838901,5964.03371838901,35.966281610990336,0.005994380268498389,0.15,0.039962535123322596,-35.89476224485505,0.31384022073488477,270.9439183382556,0.0011583217023645313,0.7674114231397183
catfish_synth_6000g,1,synth,2099-01-01 00:00:47.907765,0.798462752399707,45.24622263598339,202.92514986221684,48.14260712997787,202.92514986221684,6000.0,30.2,53.1,28.5,719.0,17.27,5964.03371838901,5964.03371838901,5964.03371838901,35.966281610990336,0.005994380268498389,0.15,0.039962535123322596,-17.947381122427526,0.3770518552998615,270.9439183382556,0.0013916232466570338,0.7674114231397183
catfish_synth_6000g,1,synth,2099-01-01 00:00:55.892393,0.9315398777996582,45.11314551058344,202.87732527027623,17280.674367780193,17280.674367780193,6000.0,30.2,53.1,28.75,695.0,18.07,5964.03371838901,5964.03371838901,5964.03371838901,35.966281610990336,0.005994380268498389,0.15,0.039962535123322596,0.0,0.4408179778873382,270.9439183382556,0.0016269712957240323,0.7674114231397183
catfish_synth_6000g,1,synth,2099-01-01 00:01:03.877020,1.0646170031996092,44.98006838518349,202.83033241036935,17280.674367780193,17280.674367780193,6000.0,30.2,53.1,28.25,691.0,17.63,5964.03371838901,5964.03371838901,5964.03371838901,35.966281610990336,0.005994380268498389,0.15,0.039962535123322596,0.0,0.5034751244298151,270.9439183382556,0.0018582263352420394,0.7674114231397183
catfish_synth_6000g,1,synth,2099-01-01 00:01:11.861648,1.1976941285995606,44.84699125978354,202.78250781842874,17280.674367780193,17280.674367780193,6000.0,30.3,53.1,28.75,693.0,17.97,5964.03371838901,5964.03371838901,5964.03371838901,35.966281610990336,0.005994380268498389,0.15,0.039962535123322596,0.0,0.5672412470172917,270.9439183382556,0.0020935743843090377,0.7674114231397183
catfish_synth_6000g,1,synth,2099-01-01 00:01:19.846275,1.3307712539995118,44.713914134383586,202.73468322648813,17280.674367780193,17280.674367780193,6000.0,30.3,53.1,28.75,699.0,17.91,5964.03371838901,5964.03371838901,5964.03371838901,35.966281610990336,0.005994380268498389,0.15,0.039962535123322596,0.0,0.6310073696047684,270.9439183382556,0.0023289224333760366,0.7674114231397183
catfish_synth_6000g,1,synth,2099-01-01 00:01:27.830903,1.4638483793994628,44.580837008983636,202.68561103649694,17280.674367780193,17280.674367780193,6000.0,30.3,53.1,29.5,699.0,17.78,5964.03371838901,5964.03371838901,5964.03371838901,35.966281610990336,0.005994380268498389,0.15,0.039962535123322596,0.0,0.6964369562597444,270.9439183382556,0.002570409996766522,0.7674114231397183
catfish_synth_6000g,1,synth,2099-01-01 00:01:35.815530,1.596925504799414,44.447759883583686,202.63362778438756,17280.674367780193,17280.674367780193,6000.0,30.3,53.1,31.25,701.0,17.57,5964.03371838901,5964.03371838901,5964.03371838901,35.966281610990336,0.005994380268498389,0.15,0.039962535123322596,0.0,0.7657479590722189,270.9439183382556,0.0028262230935784767,0.7674114231397183
catfish_synth_6000g,1,synth,2099-01-01 00:01:43.800158,1.730002630199365,44.314682758183736,202.57582240804197,17280.674367780193,17280.674367780193,6000.0,30.3,53.1,34.75,705.0,17.63,5964.03371838901,5964.03371838901,5964.03371838901,35.966281610990336,0.005994380268498389,0.15,0.039962535123322596,0.0,0.8428217941996907,270.9439183382556,0.0031106872572333705,0.7674114231397183
catfish_synth_6000g,1,synth,2099-01-01 00:01:51.784785,1.8630797555993164,44.181605632783786,202.51136317542637,17280.674367780193,17280.674367780193,6000.0,30.3,53.1,38.75,706.0,17.42,5964.03371838901,5964.03371838901,5964.03371838901,35.966281610990336,0.005994380268498389,0.15,0.039962535123322596,0.0,0.9287674376871591,270.9439183382556,0.0034278954972801943,0.7674114231397183
catfish_synth_6000g,1,synth,2099-01-01 00:01:59.769413,1.9961568809992674,44.048528507383836,202.43941835450698,17280.674367780193,17280.674367780193,6000.0,30.4,53.1,43.25,705.0,17.57,5964.03371838901,5964.03371838901,5964.03371838901,35.966281610990336,0.005994380268498389,0.15,0.039962535123322596,0.0,1.0246938655796238,270.9439183382556,0.003781940823267939,0.7674114231397183
catfish_synth_6000g,1,synth,2099-01-01 00:02:07.754040,2.1292340063992183,43.915451381983885,202.3583244812164,17280.674367780193,17280.674367780193,6000.0,30.4,53.2,48.75,707.0,17.48,5964.03371838901,5964.03371838901,5964.03371838901,35.966281610990336,0.005994380268498389,0.15,0.039962535123322596,0.0,1.1328190299670842,270.9439183382556,0.004181009254294589,0.7674114231397183
catfish_synth_6000g,1,synth,2099-01-01 00:02:15.738668,2.2623111317991698,43.78237425658393,202.2672498235208,17280.674367780193,17280.674367780193,6000.0,30.4,53.2,54.75,718.0,17.78,5964.03371838901,5964.03371838901,5964.03371838901,35.966281610990336,0.005994380268498389,0.15,0.039962535123322596,0.0,1.2542519068945397,270.9439183382556,0.004629193799909134,0.7674114231397183
catfish_synth_6000g,1,synth,2099-01-01 00:02:23.723295,2.395388257199121,43.64929713118398,202.16536264938648,17280.674367780193,17280.674367780193,6000.0,30.4,53.2,61.25,709.0,17.1,5964.03371838901,5964.03371838901,5964.03371838901,35.966281610990336,0.005994380268498389,0.15,0.039962535123322596,0.0,1.3901014724069898,270.9439183382556,0.0051305874696605655,0.7674114231397183
catfish_synth_6000g,1,synth,2099-01-01 00:02:31.707923,2.528465382599072,43.51622000578403,202.05058362872904,17280.674367780193,17280.674367780193,6000.0,30.5,53.2,69.0,709.0,17.36,5964.03371838901,5964.03371838901,5964.03371838901,35.966281610990336,0.005994380268498389,0.15,0.039962535123322596,0.0,1.5431401666169333,270.9439183382556,0.00569542278742136,0.7674114231397183
catfish_synth_6000g,1,synth,2099-01-01 00:02:39.692550,2.6615425079990236,43.38314288038408,201.92249689553157,17280.674367780193,17280.674367780193,6000.0,30.5,53.2,77.0,709.0,17.48,5964.03371838901,5964.03371838901,5964.03371838901,35.966281610990336,0.005994380268498389,0.15,0.039962535123322596,0.0,1.7139224775468709,270.9439183382556,0.006325746257966018,0.7674114231397183
catfish_synth_6000g,1,synth,2099-01-01 00:02:47.677178,2.7946196333989746,43.25006575498413,189.35430999064138,17280.674367780193,17280.674367780193,6000.0,30.6,53.3,85.25,709.0,17.36,5964.03371838901,5964.03371838901,5964.03371838901,35.966281610990336,0.005994380268498389,0.15,0.039962535123322596,0.0,1.9030028932193015,270.9439183382556,0.007023604386069031,0.7674114231397183
catfish_synth_6000g,1,synth,2099-01-01 00:02:55.661806,2.9276967587989255,43.11698862958418,170.68655172859135,17280.674367780193,17280.674367780193,6000.0,30.7,53.3,94.5,708.0,17.57,5964.03371838901,5964.03371838901,5964.03371838901,35.966281610990336,0.005994380268498389,0.15,0.039962535123322596,0.0,2.1125993657242246,270.9439183382556,0.007797183190828382,0.7674114231397183
catfish_synth_6000g,1,synth,2099-01-01 00:03:03.646433,3.060773884198877,42.98391150418422,156.46769120811348,17280.674367780193,17280.674367780193,6000.0,30.7,53.3,103.0,710.0,17.51,5964.03371838901,5964.03371838901,5964.03371838901,35.966281610990336,0.005994380268498389,0.15,0.039962535123322596,0.0,2.3410484309941406,270.9439183382556,0.008640343157920585,0.7674114231397183
catfish_synth_6000g,1,synth,2099-01-01 00:03:11.631061,3.193851009598828,42.85083437878427,143.44083997424985,17280.674367780193,17280.674367780193,6000.0,30.8,53.3,112.25,713.0,17.42,5964.03371838901,5964.03371838901,5964.03371838901,35.966281610990336,0.005994380268498389,0.15,0.039962535123322596,0.0,2.5900135530965493,270.9439183382556,0.009559223801669127,0.7674114231397183
catfish_synth_6000g,1,synth,2099-01-01 00:03:19.615688,3.3269281349987794,42.71775725338432,132.1152537748838,17280.674367780193,17280.674367780193,6000.0,30.9,53.4,121.75,709.0,17.36,5964.03371838901,5964.03371838901,5964.03371838901,35.966281610990336,0.005994380268498389,0.15,0.039962535123322596,0.0,2.8600492200539502,270.9439183382556,0.010555871626848503,0.7674114231397183
catfish_synth_6000g,1,synth,2099-01-01 00:03:27.600316,3.46000526039873,42.58468012798437,123.12387419331347,17280.674367780193,17280.674367780193,6000.0,31.0,53.4,130.5,718.0,17.66,5964.03371838901,5964.03371838901,5964.03371838901,35.966281610990336,0.005994380268498389,0.15,0.039962535123322596,0.0,3.1494919677988436,270.9439183382556,0.011624147119135224,0.7674114231397183
catfish_synth_6000g,1,synth,2099-01-01 00:03:35.584943,3.5930823857986813,42.45160300258442,114.43138335393984,17280.674367780193,17280.674367780193,6000.0,31.0,53.2,140.25,714.0,17.1,5964.03371838901,5964.03371838901,5964.03371838901,35.966281610990336,0.005994380268498389,0.15,0.039962535123322596,0.0,3.4605597484212294,270.9439183382556,0.012772236297627276,0.7674114231397183
catfish_synth_6000g,1,synth,2099-01-01 00:03:43.569571,3.7261595111986328,42.31852587718447,107.03888624949195,17280.674367780193,17280.674367780193,6000.0,31.1,53.2,149.75,715.0,16.54,5964.03371838901,5964.03371838901,5964.03371838901,35.966281610990336,0.005994380268498389,0.15,0.039962535123322596,0.0,3.7926980738986074,270.9439183382556,0.013998092657550164,0.7674114231397183
catfish_synth_6000g,1,synth,2099-01-01 00:03:51.554198,3.8592366365985837,42.18544875178452,100.99672234375728,17280.674367780193,17280.674367780193,6000.0,31.3,53.3,158.5,720.0,17.1,5964.03371838901,5964.03371838901,5964.03371838901,35.966281610990336,0.005994380268498389,0.15,0.039962535123322596,0.0,4.144243480163478,270.9439183382556,0.015295576684580398,0.7674114231397183
catfish_synth_6000g,1,synth,2099-01-01 00:03:59.538826,3.9923137619985347,42.05237162638457,95.57981071606808,17280.674367780193,17280.674367780193,6000.0,31.4,53.3,167.25,720.0,17.1,5964.03371838901,5964.03371838901,5964.03371838901,35.966281610990336,0.005994380268498389,0.15,0.039962535123322596,0.0,4.515195967215843,270.9439183382556,0.016664688378717984,0.7674114231397183
catfish_synth_6000g,1,synth,2099-01-01 00:04:07.523453,4.125390887398487,41.91929450098461,90.4375933690045,17280.674367780193,17280.674367780193,6000.0,31.6,53.4,176.5,719.0,17.1,5964.03371838901,5964.03371838901,5964.03371838901,35.966281610990336,0.005994380268498389,0.15,0.039962535123322596,0.0,4.9066645111007,270.9439183382556,0.018109520749511904,0.7674114231397183
catfish_synth_6000g,1,synth,2099-01-01 00:04:15.508081,4.258468012798437,41.78621737558466,86.03283504533847,17280.674367780193,17280.674367780193,6000.0,31.7,53.5,185.25,720.0,17.1,5964.03371838901,5964.03371838901,5964.03371838901,35.966281610990336,0.005994380268498389,0.15,0.039962535123322596,0.0,5.317540135773049,270.9439183382556,0.019625980787413174,0.7674114231397183
catfish_synth_6000g,1,synth,2099-01-01 00:04:23.492708,4.3915451381983885,41.65314025018471,82.44507153858427,17280.674367780193,17280.674367780193,6000.0,31.9,53.5,193.0,730.0,16.76,5964.03371838901,5964.03371838901,5964.03371838901,35.966281610990336,0.005994380268498389,0.15,0.039962535123322596,0.0,5.745604889142892,270.9439183382556,0.021205882473323806,0.7674114231397183
catfish_synth_6000g,1,synth,2099-01-01 00:04:31.477336,4.5246222635983395,41.52006312478476,78.73630977396442,17280.674367780193,17280.674367780193,6000.0,32.0,53.6,201.75,733.0,16.93,5964.03371838901,5964.03371838901,5964.03371838901,35.966281610990336,0.005994380268498389,0.15,0.039962535123322596,0.0,6.193076723300226,270.9439183382556,0.022857411826341784,0.7674114231397183
catfish_synth_6000g,1,synth,2099-01-01 00:04:39.461963,4.6576993889982905,41.38698599938481,75.87194917554417,17280.674367780193,17280.674367780193,6000.0,32.1,53.4,209.0,736.0,16.65,5964.03371838901,5964.03371838901,5964.03371838901,35.966281610990336,0.005994380268498389,0.15,0.039962535123322596,0.0,6.6566287101100565,270.9439183382556,0.024568289817820138,0.7674114231397183
catfish_synth_6000g,1,synth,2099-01-01 00:04:55.431218,4.923853639798193,41.120831748584905,70.6041803980883,17280.674367780193,17280.674367780193,6000.0,32.6,53.6,223.75,746.0,16.51,5964.03371838901,5964.03371838901,5964.03371838901,35.966281610990336,0.005994380268498389,0.15,0.039962535123322596,0.0,7.649162270384692,270.9439183382556,0.028231533364167328,0.7674114231397183
catfish_synth_6000g,1,synth,2099-01-01 00:05:03.415846,5.056930765198144,40.987754623184955,68.18123796248008,17280.674367780193,17280.674367780193,6000.0,32.8,53.6,231.25,752.0,16.22,5964.03371838901,5964.03371838901,5964.03371838901,35.966281610990336,0.005994380268498389,0.15,0.039962535123322596,0.0,8.162063691197003,270.9439183382556,0.030124550280575795,0.7674114231397183
catfish_synth_6000g,1,synth,2099-01-01 00:05:11.400473,5.190007890598095,40.854677497785005,66.18411016723313,17280.674367780193,17280.674367780193,6000.0,33.0,53.5,237.75,751.0,16.14,5964.03371838901,5964.03371838901,5964.03371838901,35.966281610990336,0.005994380268498389,0.15,0.039962535123322596,0.0,8.68938180059431,270.9439183382556,0.032070776321121146,0.7674114231397183
catfish_synth_6000g,1,synth,2099-01-01 00:05:19.385101,5.323085015998047,40.721600372385055,64.28973635365708,17280.674367780193,17280.674367780193,6000.0,33.2,53.6,244.25,742.0,16.22,5964.03371838901,5964.03371838901,5964.03371838901,35.966281610990336,0.005994380268498389,0.15,0.039962535123322596,0.0,9.23111659857661,270.9439183382556,0.03407021148580338,0.7674114231397183
catfish_synth_6000g,1,synth,2099-01-01 00:05:27.369728,5.456162141397997,40.588523246985105,62.55262389009203,17280.674367780193,17280.674367780193,6000.0,33.5,53.6,250.5,762.0,15.91,5964.03371838901,5964.03371838901,5964.03371838901,35.966281610990336,0.005994380268498389,0.15,0.039962535123322596,0.0,9.786713597121407,270.9439183382556,0.036120809269848016,0.7674114231397183
catfish_synth_6000g,1,synth,2099-01-01 00:05:35.354356,5.589239266797949,40.455446121585155,60.837476510662526,17218.857321261312,17218.857321261312,6000.0,33.8,53.7,257.0,767.0,15.24,5960.942866063066,5960.942866063066,5962.488292226038,39.057133936934406,0.006509522322822401,0.15,0.04339681548548267,0.0,10.356727284251198,270.9439183382556,0.03822461617802953,0.7674114231397183
catfish_synth_6000g,1,synth,2099-01-01 00:05:43.338984,5.7223163921979,40.322368996185205,59.316472164486996,17027.78645020293,17027.78645020293,6000.0,34.0,53.5,263.0,767.0,16.22,5951.3893225101465,5951.3893225101465,5956.166094286606,48.610677489853515,0.008101779581642252,0.15,0.054011863877615016,0.0,10.940048683920985,270.9439183382556,0.040377539200798944,0.7674114231397183
catfish_synth_6000g,1,synth,2099-01-01 00:05:51.323611,5.855393517597851,40.18929187078525,57.96834626104355,16921.01155167029,16921.01155167029,6000.0,34.3,53.6,268.5,770.0,15.58,5946.0505775835145,5946.0505775835145,5948.7199500468305,53.949422416485504,0.008991570402747584,0.15,0.0599438026849839,0.0,11.535568820085766,270.9439183382556,0.04257548532860726,0.7674114231397183
catfish_synth_6000g,1,synth,2099-01-01 00:06:07.292866,6.121547768397754,39.92313761998535,55.27176179234084,16488.292226038084,16488.292226038084,6000.0,34.8,53.8,280.25,784.0,15.41,5924.414611301904,5924.414611301904,5935.232594442709,75.58538869809581,0.012597564783015968,0.15,0.08398376522010646,0.0,12.778730966530308,270.9439183382556,0.047163749033026475,0.7674114231397183
catfish_synth_6000g,1,synth,2099-01-01 00:06:15.277494,6.254624893797705,39.7900604945854,53.14262792121576,16274.742428972822,16274.742428972822,6000.0,35.1,53.7,290.75,784.0,15.26,5913.737121448641,5913.737121448641,5919.075866375273,86.26287855135888,0.01437714642522648,0.15,0.0958476428348432,0.0,13.42360053669757,270.9439183382556,0.0495438340857649,0.7674114231397183
catfish_synth_6000g,1,synth,2099-01-01 00:06:23.262121,6.387702019197656,39.65698336918545,53.14698862664654,16139.868872931602,16139.868872931602,6000.0,35.4,53.8,290.0,785.0,15.41,5906.99344364658,5906.99344364658,5910.365282547611,93.00655635341991,0.015501092725569985,0.15,0.10334061817046657,0.0,14.066806642797335,270.9439183382556,0.051917779624179844,0.7674114231397183
catfish_synth_6000g,1,synth,2099-01-01 00:06:31.246749,6.520779144597607,39.5239062437855,53.243985045084884,15915.079612862919,15915.079612862919,6000.0,35.8,53.9,288.75,793.0,15.14,5895.753980643146,5895.753980643146,5901.373712144863,104.24601935685405,0.017374336559475675,0.15,0.1158289103965045,0.0,14.707240308784598,270.9439183382556,0.0542814926387223,0.7674114231397183
catfish_synth_6000g,1,synth,2099-01-01 00:06:39.231376,6.653856269997559,39.39082911838554,51.85069525589595,15813.924445832017,15813.924445832017,6000.0,36.1,53.9,295.75,794.0,15.12,5890.696222291601,5890.696222291601,5893.225101467373,109.30377770839914,0.01821729628473319,0.15,0.12144864189822127,0.0,15.36319963940186,270.9439183382556,0.05670250778695064,0.7674114231397183
catfish_synth_6000g,1,synth,2099-01-01 00:06:47.216004,6.78693339539751,39.25775199298559,49.98078928614,15544.177333749594,15544.177333749594,6000.0,36.4,54.0,306.0,790.0,15.0,5877.20886668748,5877.20886668748,5883.952544489541,122.79113331252029,0.02046518888542005,0.15,0.136434592569467,0.0,16.04189297894161,270.9439183382556,0.05920742963093331,0.7674114231397183
catfish_synth_6000g,1,synth,2099-01-01 00:06:55.200631,6.92001052079746,39.12467486758564,48.965226314596336,15426.162972213533,15426.162972213533,6000.0,36.7,54.1,311.5,818.0,15.1,5871.308148610677,5871.308148610677,5874.258507649078,128.69185138932335,0.021448641898220558,0.15,0.14299094598813705,0.0,16.732785054976357,270.9439183382556,0.06175737457995487,0.7674114231397183
catfish_synth_6000g,1,synth,2099-01-01 00:07:03.185259,7.053087646197413,38.99159774218569,48.910871417997974,15167.65532313455,15167.65532313455,6000.0,37.1,54.1,311.0,799.0,15.0,5858.3827661567275,5858.3827661567275,5864.8454573837025,141.61723384327252,0.023602872307212086,0.15,0.15735248204808058,0.0,17.422568154966104,270.9439183382556,0.06430322651942745,0.7674114231397183
catfish_synth_6000g,1,synth,2099-01-01 00:07:11.169886,7.186164771597363,38.85852061678574,48.85655576025986,128.86704906913195,128.86704906913195,6000.0,37.5,54.2,310.5,806.0,14.86,5848.267249453637,5848.267249453637,5853.325007805182,151.7327505463627,0.025288791757727115,0.15,0.16859194505151412,-5.8065056572547284,18.111242278910854,270.9439183382556,0.06684498544935104,0.7674114231397183
catfish_synth_6000g,1,synth,2099-01-01 00:07:19.154514,7.319241896997314,38.72544349138579,48.025527838284766,24.875916940833413,48.025527838284766,6000.0,37.8,54.3,315.0,797.0,14.68,5835.341866999686,5835.341866999686,5841.804558226662,164.65813300031368,0.02744302216671895,0.15,0.18295348111145968,-29.56039243693705,18.809897187260596,270.9439183382556,0.06942358146521554,0.7674114231397183
catfish_synth_6000g,1,synth,2099-01-01 00:07:27.139141,7.4523190223972655,38.59236636598584,46.55840827293246,14.881743055478108,46.55840827293246,6000.0,38.2,54.3,324.0,811.0,14.7,5830.565095223228,5830.565095223228,5832.953481111457,169.43490477677187,0.028239150796128647,0.15,0.18826100530752432,-49.09136601134236,19.52851366442033,270.9439183382556,0.07207585165296188,0.7674114231397183
catfish_synth_6000g,1,synth,2099-01-01 00:07:35.123769,7.5853961477972165,38.45928924058588,45.61347110941466,13.497446263337714,45.61347110941466,6000.0,38.6,54.4,329.75,809.0,15.05,5819.606618794879,5819.606618794879,5825.085857009053,180.39338120512093,0.030065563534186823,0.15,0.20043709022791217,-53.31427921661762,20.259883366097565,270.9439183382556,0.07477519145052164,0.7674114231397183
catfish_synth_6000g,1,synth,2099-01-01 00:07:43.108396,7.7184732731971675,38.32621211518593,45.10313971168121,13.471094357317927,45.10313971168121,6000.0,39.0,54.4,332.5,799.0,15.17,5818.20168591945,5818.20168591945,5818.904152357165,181.79831408054997,0.030299719013424996,0.15,0.20199812675616666,-53.31427921661762,20.997352436022293,270.9439183382556,0.07749704280060084,0.7674114231397183
catfish_synth_6000g,1,synth,2099-01-01 00:07:51.093024,7.851550398597119,38.19313498978598,45.03798900150969,13.312982921199165,45.03798900150969,6000.0,39.4,54.6,332.0,790.0,15.33,5809.772088666874,5809.772088666874,5813.986887293162,190.22791133312603,0.03170465188885434,0.15,0.21136434592569558,-53.31427921661762,21.73371252990202,270.9439183382556,0.08021480114113104,0.7674114231397183
catfish_synth_6000g,1,synth,2099-01-01 00:07:59.077651,7.984627523997069,38.06005786438603,45.28108338637291,12.160074944802885,45.28108338637291,6000.0,39.8,54.7,329.25,795.0,15.03,5799.656571963784,5799.656571963784,5804.714330315329,200.3434280362162,0.03339057133936937,0.15,0.22260380892912912,-57.53719242189467,22.463973255534253,270.9439183382556,0.08291004792914179,0.7674114231397183
catfish_synth_6000g,1,synth,2099-01-01 00:08:07.062279,8.117704649397021,37.92698073898608,44.00843791520192,12.086821481279973,44.00843791520192,6000.0,40.2,54.7,337.75,791.0,15.1,5795.441773337496,5795.441773337496,5797.54917265064,204.55822666250424,0.03409303777708404,0.15,0.22728691851389363,-57.53719242189467,23.213086573931477,270.9439183382556,0.0856748758794854,0.7674114231397183
catfish_synth_6000g,1,synth,2099-01-01 00:08:15.046906,8.250781774796973,37.793903613586124,43.20176225028358,11.355914700795633,43.20176225028358,6000.0,40.6,54.8,343.0,784.0,15.36,5783.359350608804,5783.359350608804,5789.40056197315,216.64064939119635,0.03610677489853272,0.15,0.2407118326568848,-60.17651317519365,23.9738441408012,270.9439183382556,0.08848268043009343,0.7674114231397183
catfish_synth_6000g,1,synth,2099-01-01 00:08:23.031534,8.383858900196923,37.660826488186174,43.51406411715459,11.32789846386933,43.51406411715459,6000.0,41.0,54.8,339.5,784.0,14.98,5781.673431158289,5781.673431158289,5782.516390883546,218.32656884171138,0.036387761473618566,0.15,0.24258507649079045,-60.17651317519365,24.72683887535592,270.9439183382556,0.09126183391385848,0.7674114231397183
catfish_synth_6000g,1,synth,2099-01-01 00:08:31.016162,8.516936025596873,37.527749362786224,43.44516702732566,11.155131669490459,43.44516702732566,6000.0,41.4,54.9,339.0,784.0,15.19,5771.276927880112,5771.276927880112,5776.4751795192005,228.72307211988755,0.038120512019981255,0.15,0.254136746799875,-60.17651317519365,25.478724633865646,270.9439183382556,0.09403689438807457,0.7674114231397183
catfish_synth_6000g,1,synth,2099-01-01 00:08:39.000789,8.650013150996827,37.394672237386274,42.74293924217909,11.071082958711534,42.74293924217909,6000.0,41.9,55.1,343.5,791.0,15.24,5766.219169528566,5766.219169528566,5768.748048704339,233.78083047143355,0.038963471745238926,0.15,0.2597564783015929,-60.17651317519365,26.240591176780367,270.9439183382556,0.09684879194823158,0.7674114231397183
catfish_synth_6000g,1,synth,2099-01-01 00:08:46.985417,8.783090276396777,37.261595111986324,41.93626278774765,10.98703424793264,41.93626278774765,6000.0,42.3,55.0,349.0,791.0,15.17,5761.161411177022,5761.161411177022,5763.690290352794,238.83858882297773,0.03980643147049629,0.15,0.2653762098033086,-60.17651317519365,27.01465645619008,270.9439183382556,0.09970571261342749,0.7674114231397183
catfish_synth_6000g,1,synth,2099-01-01 00:08:54.970044,8.916167401796727,37.128517986586374,41.38679723750482,10.823606199195858,41.38679723750482,6000.0,42.7,55.2,352.5,786.0,15.33,5751.326881049017,5751.326881049017,5756.24414611302,248.67311895098283,0.041445519825163805,0.15,0.276303465501092,-60.17651317519365,27.796484567914792,270.9439183382556,0.10259128434546633,0.7674114231397183
catfish_synth_6000g,1,synth,2099-01-01 00:09:02.954672,9.049244527196679,36.995440861186424,41.37146348973646,10.795589962269524,41.37146348973646,6000.0,43.0,55.1,351.5,784.0,15.38,5749.6409615985,5749.6409615985,5750.483921323759,250.35903840149967,0.04172650640024995,0.15,0.27817670933499966,-60.17651317519365,28.57609472754951,270.9439183382556,0.10546867005840721,0.7674114231397183
catfish_synth_6000g,1,synth,2099-01-01 00:09:10.939299,9.182321652596631,36.862363735786474,41.59452521790669,10.599476303785401,41.59452521790669,6000.0,43.4,55.3,348.5,784.0,15.33,5737.839525444895,5737.839525444895,5743.740243521697,262.1604745551049,0.043693412425850814,0.15,0.2912894161723388,-60.17651317519365,29.34905103091423,270.9439183382556,0.10832149771405414,0.7674114231397183
catfish_synth_6000g,1,synth,2099-01-01 00:09:18.923927,9.315398777996581,36.729286610386524,41.28318584157286,10.548113202753834,41.28318584157286,6000.0,43.8,55.4,350.0,796.0,15.14,5734.74867311895,5734.74867311895,5736.294099281922,265.25132688104986,0.04420855448017498,0.15,0.29472369653449987,-60.17651317519365,30.12533426241394,270.9439183382556,0.11118660439834802,0.7674114231397183
catfish_synth_6000g,1,synth,2099-01-01 00:09:26.908554,9.448475903396533,36.59620948498657,40.540012373686615,10.679739036601484,40.540012373686615,6000.0,44.3,55.4,355.25,793.0,15.0,5725.757102716202,5725.757102716202,5730.252887917576,274.2428972837979,0.04570714954729965,0.15,0.304714330315331,-58.592920723213766,30.91326174238615,270.9439183382556,0.11409468768290633,0.7674114231397183
catfish_synth_6000g,1,synth,2099-01-01 00:09:34.893182,9.581553028796485,36.463132359586616,39.92767223691484,10.487916153142113,39.92767223691484,6000.0,44.7,55.6,359.5,786.0,15.41,5714.517639712769,5714.517639712769,5720.137371214485,285.48236028723113,0.04758039338120519,0.15,0.31720262254136794,-58.592920723213766,31.71061551874086,270.9439183382556,0.11703756154863106,0.7674114231397183
catfish_synth_6000g,1,synth,2099-01-01 00:09:42.877809,9.714630154196435,36.330055234186666,39.65624558886446,10.779247157396167,39.65624558886446,6000.0,45.1,55.6,360.75,783.0,15.41,5714.517639712769,5714.517639712769,5714.517639712769,285.48236028723113,0.04758039338120519,0.15,0.31720262254136794,-57.009328271234445,32.510741735208065,270.9439183382556,0.11999066793822825,0.7674114231397183
catfish_synth_6000g,1,synth,2099-01-01 00:09:50.862437,9.847707279596387,36.196978108786716,39.82779046170299,10.877171834577878,39.82779046170299,6000.0,45.4,55.7,358.0,784.0,15.41,5708.616921635966,5708.616921635966,5711.567280674368,291.3830783640342,0.0485638463940057,0.15,0.323758975960038,-55.953599969912126,33.30476858342777,270.9439183382556,0.122921262775306,0.7674114231397183
catfish_synth_6000g,1,synth,2099-01-01 00:09:58.847064,9.980784404996337,36.063900983386766,39.86229169729197,10.943034388658468,39.86229169729197,6000.0,45.9,55.8,356.5,789.0,15.31,5700.749297533563,5700.749297533563,5704.683109584765,299.25070246643736,0.04987511707773956,0.15,0.33250078051826376,-54.89787166859209,34.095468503512485,270.9439183382556,0.1258395785837368,0.7674114231397183
catfish_synth_6000g,1,synth,2099-01-01 00:10:06.831692,10.113861530396289,35.93082385798681,39.424075247834814,11.300909488963617,39.424075247834814,6000.0,46.3,55.9,359.25,785.0,15.26,5696.534498907275,5696.534498907275,5698.641898220419,303.4655010927254,0.05057758351545423,0.15,0.33718389010302824,-52.786415065959574,34.892267791844695,270.9439183382556,0.12878040594468704,0.7674114231397183
catfish_synth_6000g,1,synth,2099-01-01 00:10:14.816319,10.24693865579624,35.79774673258686,38.5903652062054,11.39574730975888,38.5903652062054,6000.0,46.8,56.0,365.75,787.0,15.33,5689.5098345301285,5689.5098345301285,5693.022166718702,310.4901654698715,0.05174836091164525,0.15,0.3449890727443017,-51.730686764640254,35.7034837687619,270.9439183382556,0.13177444242977415,0.7674114231397183
catfish_synth_6000g,1,synth,2099-01-01 00:10:22.800947,10.38001578119619,35.66466960718691,38.43092854173017,11.254522605252799,38.43092854173017,6000.0,47.2,56.0,366.0,774.0,16.06,5682.2041835778955,5682.2041835778955,5685.857009054012,317.7958164221045,0.05296596940368409,0.15,0.35310646269122725,-51.730686764640254,36.5152542337016,270.9439183382556,0.13477052541963577,0.7674114231397183
catfish_synth_6000g,1,synth,2099-01-01 00:10:30.785574,10.51309290659614,35.53159248178696,38.58879444039011,11.058980706705931,38.58879444039011,6000.0,47.6,56.2,363.25,782.0,15.55,5672.088666874804,5672.088666874804,5677.14642522635,327.9113331251956,0.05465188885419927,0.15,0.3643459256946618,-51.730686764640254,37.3209253303938,270.9439183382556,0.13774409685697792,0.7674114231397183
catfish_synth_6000g,1,synth,2099-01-01 00:10:38.770202,10.646170031996094,35.39851535638701,38.37620743633551,10.955778038028406,38.37620743633551,6000.0,48.0,56.1,364.0,759.0,15.29,5666.749921948172,5666.749921948172,5669.419294411488,333.2500780518276,0.0555416796753046,0.15,0.3702778645020307,-51.730686764640254,38.128259891153505,270.9439183382556,0.14072380780864358,0.7674114231397183
catfish_synth_6000g,1,synth,2099-01-01 00:10:46.754829,10.779247157396044,35.26543823098706,37.774492771007445,11.035797904300285,37.774492771007445,6000.0,48.5,56.3,368.5,768.0,15.29,5665.064002497658,5665.064002497658,5665.906962222915,334.9359975023417,0.055822666250390285,0.15,0.37215110833593523,-51.20282261398349,38.945575236318206,270.9439183382556,0.14374035584625014,0.7674114231397183
catfish_synth_6000g,1,synth,2099-01-01 00:10:54.739457,10.912324282795995,35.13236110558711,37.4121705782177,10.947994440118874,37.4121705782177,6000.0,48.9,56.5,370.75,783.0,15.43,5660.568217296284,5660.568217296284,5662.816109896971,339.4317827037157,0.05657196378395262,0.15,0.37714642522635083,-51.20282261398349,39.7678809736854,270.9439183382556,0.14677532242682717,0.7674114231397183
catfish_synth_6000g,1,synth,2099-01-01 00:11:02.724084,11.045401408195946,34.99928398018716,37.68713348639068,10.799826094312774,37.68713348639068,6000.0,49.3,56.6,366.75,785.0,15.33,5652.981579768967,5652.981579768967,5656.774898532625,347.0184202310329,0.05783640337183882,0.15,0.3855760224789255,-51.20282261398349,40.5813149026926,270.9439183382556,0.14977754493101225,0.7674114231397183
catfish_synth_6000g,1,synth,2099-01-01 00:11:10.708712,11.178478533595898,34.8662068547872,37.40054461562865,11.161307291608248,37.40054461562865,6000.0,49.8,56.7,368.25,794.0,15.17,5647.923821417421,5647.923821417421,5650.452700593194,352.0761785825789,0.05867936309709648,0.15,0.3911957539806432,-49.09136601134382,41.3980757598348,270.9439183382556,0.15279204646384434,0.7674114231397183
catfish_synth_6000g,1,synth,2099-01-01 00:11:18.693340,11.311555658995848,34.73312972938725,36.81595186106618,11.67449327372352,36.81595186106618,6000.0,50.1,56.7,372.75,785.0,15.38,5642.304089915703,5642.304089915703,5645.113955666562,357.6959100842969,0.05961598501404948,0.15,0.3974399000936632,-46.45204525804125,42.224817401382,270.9439183382556,0.15584338508261733,0.7674114231397183
catfish_synth_6000g,1,synth,2099-01-01 00:11:26.677967,11.4446327843958,34.6000526039873,36.856534885954275,11.80982117502803,36.856534885954275,6000.0,50.6,56.8,371.0,783.0,15.41,5636.122385263815,5636.122385263815,5639.213237589759,363.877614736185,0.0606462691226975,0.15,0.40430846081798333,-45.396316956725,43.0476776267717,270.9439183382556,0.1588803981679689,0.7674114231397183
catfish_synth_6000g,1,synth,2099-01-01 00:11:34.662595,11.577709909795752,34.46697547858735,36.89813328134084,11.723166302674574,36.89813328134084,6000.0,51.0,57.2,369.25,797.0,15.14,5632.188573212613,5632.188573212613,5634.155479238214,367.81142678738706,0.06130190446456451,0.15,0.40867936309709674,-45.396316956725,43.8666564360039,270.9439183382556,0.16190308571989895,0.7674114231397183
catfish_synth_6000g,1,synth,2099-01-01 00:11:42.647222,11.710787035195702,34.3338983531874,36.22352251205196,11.59318399414439,36.22352251205196,6000.0,51.6,57.3,374.75,791.0,15.17,5626.28785513581,5626.28785513581,5629.238214174211,373.7121448641901,0.06228535747736502,0.15,0.41523571651576685,-45.396316956725,44.697833981731094,270.9439183382556,0.1649707963768679,0.7674114231397183
catfish_synth_6000g,1,synth,2099-01-01 00:11:50.631850,11.843864160595654,34.20082122778744,36.382767020912006,11.648162505595597,36.382767020912006,6000.0,52.1,57.5,371.75,788.0,15.29,5622.635029659694,5622.635029659694,5624.461442397752,377.3649703403062,0.06289416172338436,0.15,0.4192944114892291,-44.86845280606517,45.522357671188296,270.9439183382556,0.16801394897654293,0.7674114231397183
catfish_synth_6000g,1,synth,2099-01-01 00:11:58.616477,11.976941285995604,34.06774410238749,36.34782278026165,11.3084608421259,36.34782278026165,6000.0,52.4,57.8,370.75,800.0,14.86,5613.362472681861,5613.362472681861,5617.998751170777,386.6375273181393,0.06443958788635655,0.15,0.42959725257571035,-45.396316956725,46.34466340855549,270.9439183382556,0.17104891555711996,0.7674114231397183
catfish_synth_6000g,1,synth,2099-01-01 00:12:06.601105,12.110018411395556,33.93466697698754,35.683415355083795,11.416451746075696,35.683415355083795,6000.0,52.7,58.0,376.25,790.0,15.29,5612.238526381518,5612.238526381518,5612.80049953169,387.76147361848234,0.06462691226974705,0.15,0.4308460817983137,-44.86845280606517,47.17916788241769,270.9439183382556,0.1741289052427359,0.7674114231397183
catfish_synth_6000g,1,synth,2099-01-01 00:12:14.585732,12.243095536795508,33.80158985158759,36.03092294827083,11.25362796911574,36.03092294827083,6000.0,53.1,58.2,371.25,797.0,15.24,5604.932875429285,5604.932875429285,5608.585700905402,395.06712457071535,0.06584452076178589,0.15,0.43896347174523925,-44.86845280606517,48.00258259582988,270.9439183382556,0.1771679648328619,0.7674114231397183
catfish_synth_6000g,1,synth,2099-01-01 00:12:22.570360,12.376172662195458,33.66851272618764,35.49003910508086,11.574464126248502,35.49003910508086,6000.0,53.6,58.3,375.5,803.0,15.63,5600.9990633780835,5600.9990633780835,5602.965969403684,399.0009366219165,0.06650015610365274,0.15,0.44333437402435166,-43.284860354089375,48.83542360562457,270.9439183382556,0.18024181500415434,0.7674114231397183
catfish_synth_6000g,1,synth,2099-01-01 00:12:30.554987,12.50924978759541,33.53543560078769,35.49930170871198,11.830556448054828,35.49930170871198,6000.0,54.0,58.5,374.0,795.0,15.07,5599.594130502654,5599.594130502654,5600.2965969403685,400.40586949734643,0.06673431158289107,0.15,0.4448954105526072,-42.229132052769714,49.664937687284265,270.9439183382556,0.1833033861467998,0.7674114231397183
catfish_synth_6000g,1,synth,2099-01-01 00:12:38.539615,12.642326912995362,33.40235847538774,35.461396973952006,11.710787035196784,35.461396973952006,6000.0,54.5,58.8,373.0,807.0,14.79,5594.5363721511085,5594.5363721511085,5597.0652513268815,405.4636278488915,0.06757727130814858,0.15,0.4505151420543239,-42.22913205276288,50.49223381685396,270.9439183382556,0.1863567712703473,0.7674114231397183
catfish_synth_6000g,1,synth,2099-01-01 00:12:46.524242,12.775404038395312,33.26928134998779,34.88241214338655,11.56440219725682,34.88241214338655,6000.0,55.0,58.9,377.75,802.0,15.63,5588.354667499219,5588.354667499219,5591.4455198251635,411.64533250078057,0.06860755541679676,0.15,0.4573837027786451,-42.22913205276288,51.330065218851146,270.9439183382556,0.18944903998461018,0.7674114231397183
catfish_synth_6000g,1,synth,2099-01-01 00:12:54.508870,12.908481163795264,33.136204224587836,34.9116866702497,11.424671215584986,34.9116866702497,6000.0,55.3,59.1,376.0,794.0,15.14,5582.4539494224155,5582.4539494224155,5585.404308460817,417.54605057758454,0.06959100842959742,0.15,0.46394005619731615,-42.229132052769714,52.16401520469085,270.9439183382556,0.19252698316545167,0.7674114231397183
catfish_synth_6000g,1,synth,2099-01-01 00:13:02.493497,13.041558289195214,33.003127099187886,35.01228883983134,11.411363503045006,35.01228883983134,6000.0,55.7,59.3,373.5,814.0,14.79,5581.891976272244,5581.891976272244,5582.1729628473295,418.1080237277556,0.0696846706212926,0.15,0.4645644708086174,-42.229132052769714,52.99242031030554,270.9439183382556,0.19558446129854812,0.7674114231397183
catfish_synth_6000g,1,synth,2099-01-01 00:13:10.478125,13.174635414595166,32.870049973787935,34.3938928592258,11.58794661174891,34.3938928592258,6000.0,56.0,59.5,378.75,809.0,14.96,5577.115204495785,5577.115204495785,5579.503590384014,422.8847955042147,0.07048079925070246,0.15,0.4698719950046831,-41.17340375145004,53.832469664392725,270.9439183382556,0.198684916031909,0.7674114231397183
catfish_synth_6000g,1,synth,2099-01-01 00:13:18.462752,13.307712539995117,32.736972848387985,34.60475466241812,11.987587456028118,34.60475466241812,6000.0,56.6,59.6,375.0,805.0,14.96,5574.586325320012,5574.586325320012,5575.850764907898,425.4136746799877,0.07090227911333129,0.15,0.4726818607555419,-39.58981129946712,54.66420169814243,270.9439183382556,0.20175467319365248,0.7674114231397183
catfish_synth_6000g,1,synth,2099-01-01 00:13:26.447380,13.440789665395066,32.603895722988035,34.219756755226896,12.206636050386422,34.219756755226896,6000.0,57.1,59.8,377.75,816.0,14.66,5570.371526693724,5570.371526693724,5572.478926006868,429.62847330627574,0.07160474555104596,0.15,0.4773649703403064,-38.534082998143774,55.50203310013961,270.9439183382556,0.20484694190791536,0.7674114231397183
catfish_synth_6000g,1,synth,2099-01-01 00:13:34.432007,13.57386679079502,32.47081859758808,33.83936207114922,12.400538896423384,33.83936207114922,6000.0,57.3,60.0,380.5,813.0,15.14,5564.751795192007,5564.751795192007,5567.561660942865,435.2482048079928,0.0725413674679988,0.15,0.4836091164533254,-37.47835469683119,56.3459638703843,270.9439183382556,0.20796172217469772,0.7674114231397183
catfish_synth_6000g,1,synth,2099-01-01 00:13:42.416635,13.706943916194971,32.33774147218813,33.930090250452636,12.577689452085574,33.930090250452636,6000.0,57.7,60.1,378.0,810.0,14.91,5564.751795192007,5564.751795192007,5564.751795192007,435.2482048079928,0.0725413674679988,0.15,0.4836091164533254,-36.950490546174535,57.18434976040399,270.9439183382556,0.2110560373937351,0.7674114231397183
catfish_synth_6000g,1,synth,2099-01-01 00:13:50.401262,13.84002104159492,32.20466434678818,33.79701312505269,12.536250943473776,33.79701312505269,6000.0,58.1,60.3,378.0,827.0,14.44,5556.603184514518,5556.603184514518,5560.677489853262,443.39681548548197,0.07389946924758033,0.15,0.4926631283172022,-36.42262639551103,58.022735650423684,270.9439183382556,0.21415035261277252,0.7674114231397183
catfish_synth_6000g,1,synth,2099-01-01 00:13:58.385890,13.973098166994872,32.07158722138823,33.353871659055926,12.227886722462888,33.353871659055926,6000.0,58.4,60.7,381.5,821.0,14.59,5551.826412738058,5551.826412738058,5554.214798626288,448.173587261942,0.07469559787699033,0.15,0.4979706525132689,-36.950490546174535,58.868884372758366,270.9439183382556,0.21727331889865284,0.7674114231397183
catfish_synth_6000g,1,synth,2099-01-01 00:14:06.370518,14.106175292394825,31.938510095988278,33.551905106048984,11.913214211860204,33.551905106048984,6000.0,58.9,60.9,377.75,816.0,14.66,5546.487667811427,5546.487667811427,5549.157040274742,453.51233218857305,0.07558538869809552,0.15,0.5039025913206368,-37.47835469683119,59.70671577475556,270.9439183382556,0.22036558761291575,0.7674114231397183
catfish_synth_6000g,1,synth,2099-01-01 00:14:14.355145,14.239252417794773,31.805432970588328,33.19823688856456,12.083402986314388,33.19823688856456,6000.0,59.2,61.3,380.25,827.0,14.31,5546.487667811427,5546.487667811427,5546.487667811427,453.51233218857305,0.07558538869809552,0.15,0.5039025913206368,-36.950490546174535,60.55009205697775,270.9439183382556,0.22347832137492363,0.7674114231397183
catfish_synth_6000g,1,synth,2099-01-01 00:14:22.339773,14.372329543194725,31.672355845188378,32.91307359940809,12.096517833456534,32.91307359940809,6000.0,59.6,61.5,382.0,819.0,14.61,5540.586949734624,5540.586949734624,5543.537308773026,459.4130502653761,0.07656884171089602,0.15,0.5104589447393069,-36.42262639551103,61.397349755357446,270.9439183382556,0.22660538067035296,0.7674114231397183
catfish_synth_6000g,1,synth,2099-01-01 00:14:30.324400,14.505406668594677,31.539278719788424,33.062418887732434,12.557641469559302,33.062418887732434,6000.0,60.1,61.6,378.75,821.0,14.64,5537.496097408679,5537.496097408679,5539.041523571652,462.5039025913211,0.07708398376522019,0.15,0.513893225101468,-34.83903394353179,62.23739910944463,270.9439183382556,0.22970583540371384,0.7674114231397183
catfish_synth_6000g,1,synth,2099-01-01 00:14:38.309028,14.638483793994627,31.406201594388474,32.73409125708997,13.324883781981534,32.73409125708997,6000.0,60.3,62.0,381.0,839.0,14.03,5536.09116453325,5536.09116453325,5536.793630970964,463.90883546675013,0.07731813924445835,0.15,0.5154542616297224,-32.727577340895884,63.082438855734324,270.9439183382556,0.2328247086800452,0.7674114231397183
catfish_synth_6000g,1,synth,2099-01-01 00:14:46.293655,14.77156091939458,31.27312446898852,32.493970013779325,13.849043219587536,32.493970013779325,6000.0,60.8,62.1,382.25,821.0,14.29,5531.31439275679,5531.31439275679,5533.70277864502,468.68560724321014,0.07811426787386835,0.15,0.520761785825789,-31.143984888916798,63.93025104213651,270.9439183382556,0.23595381448024902,0.7674114231397183
catfish_synth_6000g,1,synth,2099-01-01 00:14:54.278283,14.904638044794531,31.14004734358857,32.574809741662975,14.84656802643803,32.574809741662975,6000.0,61.0,62.4,379.75,831.0,14.33,5531.033406181705,5531.033406181705,5531.173899469248,468.9665938182952,0.07816109896971588,0.15,0.5210739931314392,-29.03252828627747,64.7725183483137,270.9439183382556,0.2390624552327079,0.7674114231397183
catfish_synth_6000g,1,synth,2099-01-01 00:15:02.262910,15.037715170194481,31.00697021818862,32.249865281397206,16.203470788698638,32.249865281397206,6000.0,61.4,62.6,382.0,845.0,14.03,5527.661567280674,5527.661567280674,5529.347486731189,472.3384327193262,0.0787230721198877,0.15,0.5248204807992514,-26.39320753297824,65.61977604669339,270.9439183382556,0.24218951452813722,0.7674114231397183
catfish_synth_6000g,1,synth,2099-01-01 00:15:10.247538,15.170792295594433,30.87389309278867,32.09569602697084,15.94796270793074,32.09569602697084,6000.0,61.8,62.7,382.25,826.0,14.39,5520.917889478614,5520.917889478614,5524.289728379644,479.0821105213863,0.07984701842023105,0.15,0.5323134561348737,-26.39320753297824,66.46758823309558,270.9439183382556,0.2453186203283411,0.7674114231397183
catfish_synth_6000g,1,synth,2099-01-01 00:15:18.232165,15.303869420994385,30.740815967388716,32.13143255588763,15.777623987418785,32.13143255588763,6000.0,62.3,63.0,380.25,842.0,14.07,5516.42210427724,5516.42210427724,5518.669996877927,483.57789572276033,0.0805963159537934,0.15,0.5373087730252893,-26.39320753297824,67.31096451531778,270.9439183382556,0.24843135409034897,0.7674114231397183
catfish_synth_6000g,1,synth,2099-01-01 00:15:26.216793,15.436946546394335,30.607738841988766,31.788483238744448,15.575346756810859,31.788483238744448,6000.0,62.7,63.2,382.75,845.0,14.26,5511.083359350609,5511.083359350609,5513.752731813924,488.9166406493914,0.08148610677489856,0.15,0.5432407118326571,-26.39320753297824,68.15988567776496,270.9439183382556,0.25156455290010177,0.7674114231397183
catfish_synth_6000g,1,synth,2099-01-01 00:15:34.201420,15.570023671794287,30.474661716588813,31.71781805687607,15.458238886458878,31.71781805687607,6000.0,63.1,63.2,382.0,831.0,14.33,5507.992507024664,5507.992507024664,5509.537933187636,492.0074929753364,0.08200124882922273,0.15,0.5466749921948182,-26.39320753297824,69.00714337614465,270.9439183382556,0.2546916121955311,0.7674114231397183
catfish_synth_6000g,1,synth,2099-01-01 00:15:42.186048,15.703100797194239,30.341584591188862,31.709778321976287,14.145605551772746,31.709778321976287,6000.0,63.3,63.6,380.5,852.0,13.89,5503.2157352482045,5503.2157352482045,5505.604121136434,496.7842647517955,0.08279737745863258,0.15,0.5519825163908839,-28.504664135617226,69.85107414638935,270.9439183382556,0.2578063924623135,0.7674114231397183
catfish_synth_6000g,1,synth,2099-01-01 00:15:50.170675,15.836177922594187,30.208507465788912,31.308149328051453,14.145605551772746,31.308149328051453,6000.0,63.7,63.7,383.75,855.0,13.78,5503.2157352482045,5503.2157352482045,5503.2157352482045,496.7842647517955,0.08279737745863258,0.15,0.5519825163908839,-28.504664135617226,70.70221326092654,270.9439183382556,0.2609477772911643,0.7674114231397183
catfish_synth_6000g,1,synth,2099-01-01 00:15:58.155303,15.969255047994139,30.075430340388962,31.256870110758758,15.043038255211059,31.256870110758758,6000.0,64.1,64.0,382.75,844.0,14.29,5497.034030596316,5497.034030596316,5500.12488292226,502.96596940368363,0.08382766156728061,0.15,0.5588510771152041,-26.39320753297824,71.55113442337372,270.9439183382556,0.26408097610091713,0.7674114231397183
catfish_synth_6000g,1,synth,2099-01-01 00:16:06.139930,16.102332173394093,29.94235321498901,31.226207369732197,14.957868894955046,31.226207369732197,6000.0,64.5,64.1,381.5,865.0,13.64,5494.786137995628,5494.786137995628,5495.910084295972,505.21386200437155,0.08420231033406192,0.15,0.5613487355604129,-26.39320753297824,72.39728314570841,270.9439183382556,0.26720394238679746,0.7674114231397183
catfish_synth_6000g,1,synth,2099-01-01 00:16:14.124558,16.235409298794043,29.80927608958906,30.82936111125458,14.925930384859042,30.82936111125458,6000.0,64.9,64.2,384.75,855.0,13.93,5493.9431782703705,5493.9431782703705,5494.3646581329995,506.0568217296295,0.08434280362160491,0.15,0.5622853574773661,-26.39320753297824,73.2506402123356,270.9439183382556,0.2703535132347462,0.7674114231397183
catfish_synth_6000g,1,synth,2099-01-01 00:16:22.109185,16.368486424193993,29.67619896418911,30.958919434377773,14.702360814187147,30.958919434377773,6000.0,65.4,64.5,381.5,879.0,13.74,5488.042460193568,5488.042460193568,5490.992819231969,511.95753980643167,0.08532625663440528,0.15,0.5688417108960352,-26.39320753297824,74.09678893467029,270.9439183382556,0.2734764795206266,0.7674114231397183
catfish_synth_6000g,1,synth,2099-01-01 00:16:30.093813,16.501563549593946,29.543121838789155,30.524490075677583,13.993571570902766,30.524490075677583,6000.0,65.8,64.6,385.25,861.0,13.68,5484.108648142365,5484.108648142365,5486.075554167966,515.8913518576346,0.08598189197627244,0.15,0.5732126131751496,-27.448935834297906,74.95125497734247,270.9439183382556,0.27663014337812436,0.7674114231397183
catfish_synth_6000g,1,synth,2099-01-01 00:16:38.078440,16.634640674993893,29.41004471338921,30.53070332220054,13.993571570902853,30.53070332220054,6000.0,66.1,64.8,383.5,864.0,13.66,5484.108648142365,5484.108648142365,5484.108648142365,515.8913518576346,0.08598189197627244,0.15,0.5732126131751496,-27.448935834297735,75.80183960385716,270.9439183382556,0.2797694817022007,0.7674114231397183
catfish_synth_6000g,1,synth,2099-01-01 00:16:46.063068,16.767717800393847,29.276967587989255,30.160647904519603,14.57873488055061,30.160647904519603,6000.0,66.5,64.9,386.5,867.0,13.54,5477.083983765219,5477.083983765219,5480.596315953792,522.9160162347807,0.08715266937246345,0.15,0.581017795816423,-25.865343382318066,76.65907808664184,270.9439183382556,0.2829333780835709,0.7674114231397183
catfish_synth_6000g,1,synth,2099-01-01 00:16:54.047696,16.9007949257938,29.1438904625893,30.263508050862956,13.44832233287266,30.263508050862956,6000.0,66.8,65.0,383.5,869.0,13.56,5476.241024039963,5476.241024039963,5476.662503902591,523.7589759600369,0.08729316266000614,0.15,0.5819544177333743,-27.976799984953608,77.50966271315654,270.9439183382556,0.28607271640764725,0.7674114231397183
catfish_synth_6000g,1,synth,2099-01-01 00:17:02.032323,17.033872051193747,29.010813337189354,29.856729948258824,14.383192982003779,29.856729948258824,6000.0,67.3,65.3,387.0,874.0,13.52,5472.026225413675,5472.026225413675,5474.133624726819,527.9737745863249,0.08799562909772082,0.15,0.5866375273181389,-25.865343382318066,78.36801017198623,270.9439183382556,0.28924070579856653,0.7674114231397183
catfish_synth_6000g,1,synth,2099-01-01 00:17:10.016951,17.1669491765937,28.8777362117894,29.917779805617382,15.321227306917487,29.917779805617382,6000.0,67.7,65.3,384.5,873.0,13.5,5472.026225413675,5472.026225413675,5472.026225413675,527.9737745863249,0.08799562909772082,0.15,0.5866375273181389,-24.281750930338745,79.22081275059091,270.9439183382556,0.2923882301417408,0.7674114231397183
catfish_synth_6000g,1,synth,2099-01-01 00:17:18.001578,17.300026301993654,28.744659086389447,29.57224588366366,15.860373763577899,29.57224588366366,6000.0,68.0,65.6,387.25,866.0,13.14,5468.373399937558,5468.373399937558,5470.199812675617,531.6266000624419,0.08860443334374031,0.15,0.5906962222916021,-23.226022629018914,80.07971469744311,270.9439183382556,0.29555826603743457,0.7674114231397183
catfish_synth_6000g,1,synth,2099-01-01 00:17:25.986206,17.4331034273936,28.6115819609895,29.53493380322376,14.927781892691474,29.53493380322376,6000.0,68.4,65.7,386.0,858.0,13.68,5462.472681860755,5462.472681860755,5465.423040899157,537.5273181392449,0.08958788635654082,0.15,0.5972525757102721,-24.281750930338745,80.93584420418279,270.9439183382556,0.2987180694092558,0.7674114231397183
catfish_synth_6000g,1,synth,2099-01-01 00:17:33.970833,17.566180552793554,28.478504835589547,29.382740215815247,14.916209968743683,29.382740215815247,6000.0,68.7,65.7,386.25,899.0,13.1,5462.19169528567,5462.19169528567,5462.332188573213,537.80830471433,0.08963471745238834,0.15,0.5975647830159223,-24.281750930338745,81.79252819894498,270.9439183382556,0.3018799192858516,0.7674114231397183
catfish_synth_6000g,1,synth,2099-01-01 00:17:41.955461,17.699257678193504,28.345427710189597,29.230657436976863,15.364359023450747,29.230657436976863,6000.0,69.1,65.8,386.5,850.0,13.93,5456.852950359038,5456.852950359038,5459.522322822354,543.147049640962,0.09052450827349366,0.15,0.6034967218232911,-23.226022629018914,82.64976668172966,270.9439183382556,0.30504381566722183,0.7674114231397183
catfish_synth_6000g,1,synth,2099-01-01 00:17:49.940088,17.832334803593454,28.212350584789647,29.078685251824506,14.626911870048087,29.078685251824506,6000.0,69.3,66.0,386.75,885.0,13.23,5455.167030908523,5455.167030908523,5456.00999063378,544.832969091477,0.0908054948485795,0.15,0.6053699656571967,-24.281750930338745,83.50755965253684,270.9439183382556,0.3082097585533666,0.7674114231397183
catfish_synth_6000g,1,synth,2099-01-01 00:17:57.924716,17.965411928993408,28.079273459389693,28.90806301957907,14.60376802215243,28.90806301957907,6000.0,69.7,66.1,387.25,842.0,13.89,5454.605057758351,5454.605057758351,5454.886044333437,545.394942241649,0.09089915704027483,0.15,0.6059943802684989,-24.281750930338745,84.36646159938904,270.9439183382556,0.3113797944490604,0.7674114231397183
catfish_synth_6000g,1,synth,2099-01-01 00:18:05.909343,18.098489054393358,27.946196333989743,28.906215752244655,14.395473391091633,28.906215752244655,6000.0,70.0,66.1,385.5,872.0,13.42,5449.547299406806,5449.547299406806,5452.076178582578,550.4527005931941,0.09174211676553234,0.15,0.6116141117702156,-24.281750930338745,85.22148213008373,270.9439183382556,0.3145355048113327,0.7674114231397183
catfish_synth_6000g,1,synth,2099-01-01 00:18:13.893971,18.231566179793308,27.813119208589793,28.568394020743806,13.438073805693804,28.568394020743806,6000.0,70.3,66.4,388.25,875.0,13.39,5447.580393381204,5447.580393381204,5448.563846394005,552.419606618796,0.09206993443646601,0.15,0.6137995629097734,-25.865343382318066,86.0826020290259,270.9439183382556,0.31771372672612436,0.7674114231397183
catfish_synth_6000g,1,synth,2099-01-01 00:18:21.878598,18.364643305193262,27.68004208318984,28.60184250815907,14.164034912135179,28.60184250815907,6000.0,70.7,66.4,386.0,849.0,13.91,5443.927567905089,5443.927567905089,5445.753980643147,556.0724320949112,0.09267873868248519,0.15,0.6178582578832347,-24.281750930338745,86.9387315357656,270.9439183382556,0.32087353009794567,0.7674114231397183
catfish_synth_6000g,1,synth,2099-01-01 00:18:29.863226,18.497720430593212,27.54696495778989,28.35804857305012,14.783658839887353,28.35804857305012,6000.0,71.0,66.7,387.5,893.0,13.08,5443.365594754917,5443.365594754917,5443.646581330003,556.6344052450831,0.09277240087418052,0.15,0.6184826724945368,-23.226022629018757,87.79818797064027,270.9439183382556,0.32404561249841385,0.7674114231397183
catfish_synth_6000g,1,synth,2099-01-01 00:18:37.847853,18.630797555993162,27.41388783238994,28.261609753300103,15.297532415022859,28.261609753300103,6000.0,71.3,66.7,387.0,850.0,13.78,5439.150796128629,5439.150796128629,5441.258195441773,560.8492038713712,0.0934748673118952,0.15,0.6231657820793013,-22.170294327702656,88.65653542946997,270.9439183382556,0.3272136018893331,0.7674114231397183
catfish_synth_6000g,1,synth,2099-01-01 00:18:45.832481,18.763874681393116,27.280810706989985,28.146801283202866,15.107422235880065,28.146801283202866,6000.0,71.6,66.8,386.75,894.0,13.12,5434.935997502341,5434.935997502341,5437.043396815485,565.0640024976592,0.09417733374960986,0.15,0.6278488916640658,-22.170294327702656,89.51432840027715,270.9439183382556,0.3303795447754779,0.7674114231397183
catfish_synth_6000g,1,synth,2099-01-01 00:18:53.817108,18.896951806793066,27.147733581590035,27.923045029957546,15.862793347671648,27.923045029957546,6000.0,71.8,66.8,388.0,870.0,13.41,5434.935997502341,5434.935997502341,5434.935997502341,565.0640024976592,0.09417733374960986,0.15,0.6278488916640658,-21.114566026386704,90.37489381119684,270.9439183382556,0.3335557201854951,0.7674114231397183
catfish_synth_6000g,1,synth,2099-01-01 00:19:01.801736,19.030028932193016,27.014656456190085,27.93464689435012,15.809562497511736,27.93464689435012,6000.0,72.1,67.0,386.0,880.0,13.31,5433.812051201999,5433.812051201999,5434.37402435217,566.1879487980013,0.09436465813300023,0.15,0.6290977208866682,-21.114566026386704,91.23102331793652,270.9439183382556,0.3367155235573164,0.7674114231397183
catfish_synth_6000g,1,synth,2099-01-01 00:19:09.786363,19.16310605759297,26.88157933079013,27.621810136425392,15.689793084654534,27.621810136425392,6000.0,72.5,67.0,388.5,895.0,13.06,5431.283172026226,5431.283172026226,5432.547611614113,568.7168279737743,0.09478613799562906,0.15,0.6319075866375271,-21.114566026383006,92.09269770490121,270.9439183382556,0.33989579197688263,0.7674114231397183
catfish_synth_6000g,1,synth,2099-01-01 00:19:17.770991,19.29618318299292,26.74850220539018,27.631666051834888,15.476869684014638,27.631666051834888,6000.0,72.8,67.0,386.5,870.0,13.46,5426.787386824853,5426.787386824853,5429.03527942554,573.2126131751475,0.09553543552919125,0.15,0.6369029035279417,-21.114566026383006,92.94993618768589,270.9439183382556,0.3430596883582529,0.7674114231397183
catfish_synth_6000g,1,synth,2099-01-01 00:19:25.755619,19.42926030839287,26.61542507999023,27.338662884977374,15.224023145752026,27.338662884977374,6000.0,73.1,67.2,388.75,898.0,13.01,5421.448641898221,5421.448641898221,5424.118014361537,578.5513581017794,0.09642522635029657,0.15,0.6428348423353105,-21.114566026386704,93.81216506267307,270.9439183382556,0.3462420032825936,0.7674114231397183
catfish_synth_6000g,1,synth,2099-01-01 00:19:33.740246,19.56233743379282,26.48234795459028,27.311481161326853,15.197407720672027,27.311481161326853,6000.0,73.4,67.3,387.25,890.0,13.06,5420.886668748049,5420.886668748049,5421.167655323135,579.1133312519514,0.0965188885419919,0.15,0.6434592569466128,-21.114566026386704,94.67106700952526,270.9439183382556,0.34941203917828734,0.7674114231397183
catfish_synth_6000g,1,synth,2099-01-01 00:19:41.724874,19.695414559192773,26.349270829190328,27.073022115047177,14.94456118241217,27.073022115047177,6000.0,73.7,67.3,388.75,878.0,13.42,5415.5479238214175,5415.5479238214175,5418.217296284733,584.4520761785825,0.09740867936309708,0.15,0.6493911957539805,-21.114566026386704,95.53329588451246,270.9439183382556,0.35259435410262807,0.7674114231397183
catfish_synth_6000g,1,synth,2099-01-01 00:19:49.709501,19.828491684592723,26.216193703790378,26.905169110244472,14.94456118241217,26.905169110244472,6000.0,74.0,67.3,389.25,913.0,12.68,5415.5479238214175,5415.5479238214175,5415.5479238214175,584.4520761785825,0.09740867936309708,0.15,0.6493911957539805,-21.114566026386704,96.39663373554461,270.9439183382556,0.3557807620365177,0.7674114231397183
catfish_synth_6000g,1,synth,2099-01-01 00:19:57.694129,19.961568809992674,26.083116578390428,26.893599200181107,14.864714907174777,26.893599200181107,6000.0,74.2,67.5,387.5,880.0,13.33,5413.862004370902,5413.862004370902,5414.7049640961595,586.1379956290984,0.09768966593818307,0.15,0.6512644395878872,-21.114566026383006,97.2560901704193,270.9439183382556,0.35895284443698594,0.7674114231397183
catfish_synth_6000g,1,synth,2099-01-01 00:20:05.678756,20.094645935392627,25.950039452990474,26.58812720811333,15.245861443258907,26.58812720811333,6000.0,74.5,67.5,390.0,880.0,13.31,5413.862004370902,5413.862004370902,5413.862004370902,586.1379956290984,0.09768966593818307,0.15,0.6512644395878872,-20.58670187571975,98.12109148551897,270.9439183382556,0.3621453918851991,0.7674114231397183
catfish_synth_6000g,1,synth,2099-01-01 00:20:13.663384,20.227723060792577,25.816962327590524,26.438017329857445,14.41225268081498,26.438017329857445,6000.0,74.8,67.6,390.25,926.0,12.7,5404.308460817983,5404.308460817983,5409.0852325944425,595.6915391820166,0.09928192319700277,0.15,0.6618794879800185,-21.114566026383006,98.98664728864117,270.9439183382556,0.36533998583818683,0.7674114231397183
catfish_synth_6000g,1,synth,2099-01-01 00:20:29.632639,20.49387731159248,25.55080807679062,26.171863079057545,14.41225268081498,26.171863079057545,6000.0,75.5,67.7,390.25,877.0,13.39,5404.308460817983,5404.308460817983,5404.308460817983,595.6915391820166,0.09928192319700277,0.15,0.6618794879800185,-21.114566026383006,100.71775889488552,270.9439183382556,0.3717291737441622,0.7674114231397183
catfish_synth_6000g,1,synth,2099-01-01 00:20:37.617266,20.62695443699243,25.41773095139067,26.055562788964682,14.066252154772558,26.055562788964682,6000.0,75.9,67.8,390.0,926.0,12.5,5397.002809865749,5397.002809865749,5400.655635341866,602.9971901342506,0.10049953168904176,0.15,0.6699968779269451,-21.114566026386704,101.5827602099852,270.9439183382556,0.3749217211923754,0.7674114231397183
catfish_synth_6000g,1,synth,2099-01-01 00:20:45.601894,20.76003156239238,25.28465382599072,25.955933112587793,14.039636729692646,25.955933112587793,6000.0,76.1,67.9,389.5,879.0,13.33,5396.440836715579,5396.440836715579,5396.721823290664,603.5591632844207,0.10059319388073679,0.15,0.6706212925382453,-21.114566026386704,102.44665254903987,270.9439183382556,0.37811017563103955,0.7674114231397183
catfish_synth_6000g,1,synth,2099-01-01 00:20:53.586521,20.893108687792335,25.151576700590766,25.739823571600546,13.91986731683509,25.739823571600546,6000.0,76.4,67.9,390.75,895.0,13.06,5393.911957539805,5393.911957539805,5395.176397127692,606.0880424601946,0.10101467374336577,0.15,0.6734311582891052,-21.114566026383006,103.31331732820706,270.9439183382556,0.38130886259357627,0.7674114231397183
catfish_synth_6000g,1,synth,2099-01-01 00:21:01.571149,21.02618581319228,25.01849957519082,25.656246106915212,13.680328491115233,25.656246106915212,6000.0,76.7,68.0,390.0,944.0,12.36,5388.854199188261,5388.854199188261,5391.383078364033,611.1458008117388,0.10185763346862313,0.15,0.6790508897908208,-21.114566026383006,104.17831864330675,270.9439183382556,0.3845014100417895,0.7674114231397183
catfish_synth_6000g,1,synth,2099-01-01 00:21:09.555776,21.159262938592235,24.885422449790866,25.506733205662016,14.03110614473608,25.506733205662016,6000.0,76.9,68.0,390.25,864.0,13.58,5388.854199188261,5388.854199188261,5388.854199188261,611.1458008117388,0.10185763346862313,0.15,0.6790508897908208,-20.58670187571975,105.04387444642893,270.9439183382556,0.38769600399477716,0.7674114231397183
catfish_synth_6000g,1,synth,2099-01-01 00:21:25.525031,21.425417189392135,24.619268198990966,25.256929424865742,13.976510400982217,25.256929424865742,6000.0,77.3,68.1,390.0,878.0,13.29,5387.730252887917,5387.730252887917,5388.292226038089,612.2697471120828,0.1020449578520138,0.15,0.6802997190134253,-20.58670187571975,106.7738770766283,270.9439183382556,0.3940810988912036,0.7674114231397183
catfish_synth_6000g,1,synth,2099-01-01 00:21:33.509659,21.55849431479209,24.486191073591012,25.04315923421063,13.703531682213038,25.04315923421063,6000.0,77.6,68.2,391.25,914.0,12.71,5382.1105213862,5382.1105213862,5384.920387137059,617.8894786137998,0.10298157976896664,0.15,0.6865438651264443,-20.58670187571975,107.64165083184047,270.9439183382556,0.3972838788632892,0.7674114231397183
catfish_synth_6000g,1,synth,2099-01-01 00:21:41.494286,21.691571440192043,24.35311394819106,25.022599512301998,13.64893593845922,25.022599512301998,6000.0,77.9,68.2,389.5,901.0,12.99,5380.986575085857,5380.986575085857,5381.548548236029,619.0134249141429,0.10316890415235715,0.15,0.6877926943490477,-20.58670187571975,108.50554317089515,270.9439183382556,0.4004723333019534,0.7674114231397183
catfish_synth_6000g,1,synth,2099-01-01 00:21:49.478914,21.82464856559199,24.220036822791112,24.793527759617003,14.271622529381807,24.793527759617003,6000.0,78.1,68.3,391.0,890.0,13.14,5378.738682485169,5378.738682485169,5379.862628785513,621.2613175148308,0.10354355291913847,0.15,0.6902903527942565,-19.5309735744001,109.37276243808483,270.9439183382556,0.40367306676926457,0.7674114231397183
catfish_synth_6000g,1,synth,2099-01-01 00:21:57.463541,21.957725690991943,24.08695969739116,24.708099950859488,14.22846238060346,24.708099950859488,6000.0,78.4,68.3,390.25,925.0,12.47,5377.895722759912,5377.895722759912,5378.31720262254,622.1042772400879,0.10368404620668131,0.15,0.6912269747112088,-19.5309735744001,110.23831824120701,270.9439183382556,0.4068676607222523,0.7674114231397183
catfish_synth_6000g,1,synth,2099-01-01 00:22:05.448169,22.090802816391893,23.95388257199121,24.543406574722678,14.0270483529711,24.543406574722678,6000.0,78.7,68.3,390.75,867.0,13.54,5373.961910708711,5373.961910708711,5375.928816734311,626.038089291289,0.10433968154854817,0.15,0.6955978769903212,-19.5309735744001,111.10498302037419,270.9439183382556,0.41006634768478895,0.7674114231397183
catfish_synth_6000g,1,synth,2099-01-01 00:22:21.417424,22.356957067191797,23.687728321191305,24.308698072256824,14.828593973140205,24.308698072256824,6000.0,79.2,68.5,390.25,880.0,13.33,5373.961910708711,5373.961910708711,5373.961910708711,626.038089291289,0.10433968154854817,0.15,0.6955978769903212,-18.475245273082013,112.83609462661856,270.9439183382556,0.4164555355907643,0.7674114231397183
catfish_synth_6000g,1,synth,2099-01-01 00:22:29.402052,22.490034192591747,23.554651195791354,24.06709997332001,13.724927311522489,24.06709997332001,6000.0,79.5,68.5,392.0,910.0,12.91,5368.061192631908,5368.061192631908,5371.01155167031,631.9388073680921,0.10532313456134867,0.15,0.7021542304089912,-19.5309735744001,113.70553184589825,270.9439183382556,0.41966445507717354,0.7674114231397183
catfish_synth_6000g,1,synth,2099-01-01 00:22:37.386679,22.623111317991697,23.421574070391404,23.980157863843356,12.602403775377446,23.980157863843356,6000.0,79.9,68.5,391.25,919.0,12.54,5366.094286606306,5366.094286606306,5367.077739619107,633.905713393694,0.10565095223228232,0.15,0.7043396815485489,-21.11456602637987,114.57330560111042,270.9439183382556,0.42286723504925916,0.7674114231397183
catfish_synth_6000g,1,synth,2099-01-01 00:22:45.371307,22.75618844339165,23.28849694499145,23.831767738530345,12.575788350297481,23.831767738530345,6000.0,80.1,68.4,391.5,882.0,13.31,5365.532313456135,5365.532313456135,5365.813300031221,634.467686543865,0.1057446144239775,0.15,0.7049640961598501,-21.11456602637987,115.4416338443451,270.9439183382556,0.4260720615261193,0.7674114231397183
catfish_synth_6000g,1,synth,2099-01-01 00:22:53.355934,22.8892655687916,23.1554198195915,23.65312317959592,13.379646121295485,23.65312317959592,6000.0,80.2,68.6,392.25,944.0,12.18,5361.317514829847,5361.317514829847,5363.424914142991,638.6824851701531,0.10644708086169218,0.15,0.7096472057446145,-19.5309735744001,116.3116255516473,270.9439183382556,0.429283027517303,0.7674114231397183
catfish_synth_6000g,1,synth,2099-01-01 00:23:01.340562,23.02234269419155,23.02234269419155,23.50498037064209,13.26455239121977,23.50498037064209,6000.0,80.4,68.6,392.5,866.0,13.68,5359.069622229159,5359.069622229159,5360.193568529503,640.930377770841,0.1068217296284735,0.15,0.7121448641898234,-19.5309735744001,117.18217174697197,270.9439183382556,0.4324960400132612,0.7674114231397183
catfish_synth_6000g,1,synth,2099-01-01 00:23:09.325189,23.155419819591504,22.889265568791597,23.3419986900632,13.077525079846874,23.3419986900632,6000.0,80.6,68.6,393.0,949.0,12.03,5355.416796753044,5355.416796753044,5357.243209491102,644.5832032469561,0.1074305338744927,0.15,0.7162035591632847,-19.5309735744001,118.05382691834166,270.9439183382556,0.43571314551876833,0.7674114231397183
catfish_synth_6000g,1,synth,2099-01-01 00:23:17.309817,23.288496944991454,22.756188443391647,23.23865659484168,12.948044633511742,23.23865659484168,6000.0,80.9,68.6,392.5,870.0,13.78,5352.887917577271,5352.887917577271,5354.152357165158,647.1120824227291,0.10785201373712153,0.15,0.7190134249141436,-19.5309735744001,118.92437311366632,270.9439183382556,0.4389261580147264,0.7674114231397183
catfish_synth_6000g,1,synth,2099-01-01 00:23:25.294444,23.421574070391404,22.623111317991697,22.987766254765724,12.120255113351972,22.987766254765724,6000.0,81.0,68.7,394.5,948.0,12.55,5349.516078676242,5349.516078676242,5351.201998126757,650.4839213237583,0.10841398688729305,0.15,0.7227599125819537,-20.586701875719484,119.799355213171,270.9439183382556,0.4421555425488805,0.7674114231397183
catfish_synth_6000g,1,synth,2099-01-01 00:23:33.279072,23.554651195791354,22.490034192591747,22.95711711395097,12.092957241474997,22.95711711395097,6000.0,81.2,68.7,392.75,899.0,12.97,5348.954105526069,5348.954105526069,5349.235092101155,651.0458944739312,0.10850764907898854,0.15,0.723384327193257,-20.586701875719484,120.67045589651819,270.9439183382556,0.4453706015496132,0.7674114231397183
catfish_synth_6000g,1,synth,2099-01-01 00:23:41.263699,23.687728321191308,22.356957067191793,22.707727805579772,11.997414689905824,22.707727805579772,6000.0,81.5,68.7,394.75,913.0,12.71,5346.987199500469,5346.987199500469,5347.970652513269,653.0128004995313,0.10883546674992188,0.15,0.7255697783328126,-20.586701875719484,121.54599248404536,270.9439183382556,0.4486020325885418,0.7674114231397183
catfish_synth_6000g,1,synth,2099-01-01 00:23:49.248327,23.820805446591258,22.223879941791843,22.661266298001486,13.307712539996274,22.661266298001486,6000.0,81.8,68.7,393.25,893.0,13.04,5345.863253200125,5345.863253200125,5346.425226350297,654.1367467998753,0.10902279113331255,0.15,0.726818607555417,-18.475245273083843,122.41820214343754,270.9439183382556,0.4518211845988234,0.7674114231397183
catfish_synth_6000g,1,synth,2099-01-01 00:23:57.232954,23.95388257199121,22.090802816391893,22.442079231000516,13.216459654007734,22.442079231000516,6000.0,82.1,68.6,394.75,942.0,12.73,5344.17733374961,5344.17733374961,5345.020293474867,655.8226662503903,0.10930377770839839,0.15,0.7286918513893226,-18.475245273083843,123.2937387309647,270.9439183382556,0.455052615637752,0.7674114231397183
catfish_synth_6000g,1,synth,2099-01-01 00:24:05.217582,24.086959697391162,21.95772569099194,22.380292065038308,13.526898393596268,22.380292065038308,6000.0,82.2,68.8,393.5,883.0,13.27,5342.772400874181,5342.772400874181,5343.474867311896,657.2275991258193,0.10953793318763655,0.15,0.730252887917577,-17.947381122424257,124.16650287837939,270.9439183382556,0.45827381415280816,0.7674114231397183
catfish_synth_6000g,1,synth,2099-01-01 00:24:13.202209,24.220036822791112,21.82464856559199,22.176346377051157,13.307712539996327,22.176346377051157,6000.0,82.5,68.8,394.75,935.0,12.36,5338.838588822979,5338.838588822979,5340.80549484858,661.1614111770214,0.11019356852950356,0.15,0.7346237901966904,-17.947381122424257,125.04203946590657,270.9439183382556,0.4615052451917368,0.7674114231397183
catfish_synth_6000g,1,synth,2099-01-01 00:24:21.186837,24.353113948191062,21.69157144019204,22.099590131338953,13.307712539996327,22.099590131338953,6000.0,82.7,68.7,393.75,853.0,13.84,5338.838588822979,5338.838588822979,5338.838588822979,661.1614111770214,0.11019356852950356,0.15,0.7346237901966904,-17.947381122424257,125.91535810134374,270.9439183382556,0.46472849021156737,0.7674114231397183
catfish_synth_6000g,1,synth,2099-01-01 00:24:29.171464,24.486191073591016,21.558494314792085,21.910529243731688,14.38950078518093,21.910529243731688,6000.0,83.0,68.7,394.75,963.0,11.86,5335.466749921949,5335.466749921949,5337.152669372464,664.5332500780514,0.11075554167967523,0.15,0.7383702778645016,-16.36378867044816,126.7908946888709,270.9439183382556,0.46795992125049596,0.7674114231397183
catfish_synth_6000g,1,synth,2099-01-01 00:24:37.156092,24.619268198990966,21.425417189392135,21.805239726757517,15.93123301216163,21.805239726757517,6000.0,83.0,68.8,394.25,868.0,13.33,5335.466749921949,5335.466749921949,5335.466749921949,664.5332500780514,0.11075554167967523,0.15,0.7383702778645016,-14.78019621847206,127.6653223003531,270.9439183382556,0.4711872592798756,0.7674114231397183
catfish_synth_6000g,1,synth,2099-01-01 00:24:45.140719,24.752345324390916,21.292340063992185,21.68599841336693,15.893210976333004,21.68599841336693,6000.0,83.3,68.8,394.0,933.0,12.38,5334.904776771776,5334.904776771776,5335.185763346863,665.0952232282243,0.11084920387137072,0.15,0.7389946924758048,-14.78019621847206,128.53919542381277,270.9439183382556,0.4744125508044807,0.7674114231397183
catfish_synth_6000g,1,synth,2099-01-01 00:24:53.125347,24.88542244979087,21.15926293859223,21.49802002616099,15.45595756430474,21.49802002616099,6000.0,83.6,68.7,395.0,912.0,12.73,5328.442085544802,5328.442085544802,5331.673431158289,671.5579144551984,0.1119263190758664,0.15,0.7461754605057761,-14.78019621847206,129.41528649936245,270.9439183382556,0.4776460283481838,0.7674114231397183
catfish_synth_6000g,1,synth,2099-01-01 00:25:01.109975,25.01849957519082,21.02618581319228,21.419506403365506,15.45595756430474,21.419506403365506,6000.0,83.8,68.6,394.0,895.0,12.99,5328.442085544802,5328.442085544802,5328.442085544802,671.5579144551984,0.1119263190758664,0.15,0.7461754605057761,-14.78019621847206,130.28915962282213,270.9439183382556,0.4808713198727889,0.7674114231397183
catfish_synth_6000g,1,synth,2099-01-01 00:25:09.094602,25.15157670059077,20.89310868779233,21.23220267947602,15.24683636724775,21.23220267947602,6000.0,84.0,68.6,395.0,945.0,12.06,5325.3512332188575,5325.3512332188575,5326.8966593818295,674.6487667811425,0.11244146113019042,0.15,0.7496097408679362,-14.78019621847206,131.1652506983718,270.9439183382556,0.48410479741649204,0.7674114231397183
catfish_synth_6000g,1,synth,2099-01-01 00:25:17.079230,25.284653825990723,20.760031562392378,21.166529372106154,15.24683636724775,21.166529372106154,6000.0,84.1,68.7,393.75,864.0,13.62,5325.3512332188575,5325.3512332188575,5325.3512332188575,674.6487667811425,0.11244146113019042,0.15,0.7496097408679362,-14.78019621847206,132.038569333809,270.9439183382556,0.4873280424363227,0.7674114231397183
catfish_synth_6000g,1,synth,2099-01-01 00:25:25.063857,25.41773095139067,20.62695443699243,20.96646955881979,16.378723126148106,20.96646955881979,6000.0,84.6,68.7,395.0,981.0,11.34,5324.7892600686855,5324.7892600686855,5325.0702466437715,675.2107399313145,0.11253512332188575,0.15,0.7502341554792384,-13.724467917148967,132.91466040935867,270.9439183382556,0.49056151998002584,0.7674114231397183
catfish_synth_6000g,1,synth,2099-01-01 00:25:33.048485,25.550808076790624,20.493877311592477,20.873277917678845,14.980682116451636,20.873277917678845,6000.0,85.1,68.6,394.25,852.0,13.82,5321.417421167656,5321.417421167656,5323.1033406181705,678.5825788323436,0.11309709647205728,0.15,0.7539806431470485,-14.780196218468447,133.78908802084086,270.9439183382556,0.4937888580094055,0.7674114231397183
catfish_synth_6000g,1,synth,2099-01-01 00:25:41.033112,25.683885202190574,20.360800186192527,20.726973112990127,14.752549901480185,20.726973112990127,6000.0,85.5,68.6,394.5,959.0,11.91,5318.0455822666245,5318.0455822666245,5319.73150171714,681.9544177333755,0.11365906962222926,0.15,0.7577271308148618,-14.780196218468447,134.66407012034554,270.9439183382556,0.4970182425435596,0.7674114231397183
catfish_synth_6000g,1,synth,2099-01-01 00:25:49.017740,25.816962327590527,20.227723060792574,20.580769342173465,14.695516847737444,20.580769342173465,6000.0,85.2,68.7,394.75,923.0,12.61,5317.202622541368,5317.202622541368,5317.624102403996,682.7973774586317,0.11379956290977195,0.15,0.758663752731813,-14.780196218468447,135.5396067078727,270.9439183382556,0.5002496735824882,0.7674114231397183
catfish_synth_6000g,1,synth,2099-01-01 00:25:57.002367,25.950039452990477,20.094645935392624,20.4868688081609,14.676505829823094,20.4868688081609,6000.0,85.3,68.7,394.0,884.0,12.91,5316.921635966281,5316.921635966281,5317.062129253825,683.0783640337186,0.11384639400561976,0.15,0.758975960037465,-14.780196218468447,136.41347983133238,270.9439183382556,0.5034749651070932,0.7674114231397183
catfish_synth_6000g,1,synth,2099-01-01 00:26:04.986995,26.083116578390428,19.961568809992674,20.2503226483763,14.410351579023253,20.2503226483763,6000.0,85.6,68.6,396.0,987.0,11.49,5312.98782391508,5312.98782391508,5314.95472994068,687.0121760849197,0.11450202934748661,0.15,0.7633468623165774,-14.780196218468447,137.29178885897204,270.9439183382556,0.5067166286698943,0.7674114231397183
catfish_synth_6000g,1,synth,2099-01-01 00:26:12.971622,26.21619370379038,19.82849168459272,20.168512162592492,14.35331852528033,20.168512162592492,6000.0,85.8,68.6,395.0,863.0,13.89,5312.144864189821,5312.144864189821,5312.566344052451,687.8551358101786,0.11464252263502976,0.15,0.7642834842335318,-14.780196218468447,138.16787993452172,270.9439183382556,0.5099501062135974,0.7674114231397183
catfish_synth_6000g,1,synth,2099-01-01 00:26:28.940877,26.48234795459028,19.56233743379282,19.82605837019388,13.649910862452055,19.82605837019388,6000.0,86.0,0.0,396.5,882.0,12.97,5301.748360911645,5301.748360911645,5306.946612550733,698.2516390883548,0.11637527318139246,0.15,0.7758351545426164,-14.780196218468447,139.92671594189108,270.9439183382556,0.5164416193582976,0.7674114231397183
catfish_synth_6000g,1,synth,2099-01-01 00:26:36.925505,26.615425079990235,19.429260308392866,19.692981244793923,13.649910862452055,19.692981244793923,6000.0,86.3,0.0,396.5,976.0,11.67,5301.748360911645,5301.748360911645,5301.748360911645,698.2516390883548,0.11637527318139246,0.15,0.7758351545426164,-14.780196218468447,140.80613394557577,270.9439183382556,0.5196873759306477,0.7674114231397183
catfish_synth_6000g,1,synth,2099-01-01 00:26:44.910132,26.748502205390185,19.296183182992916,19.559904119393973,14.454223158825863,19.559904119393973,6000.0,86.5,0.0,396.5,928.0,12.4,5298.376522010614,5298.376522010614,5300.06244146113,701.6234779893857,0.11693724633156428,0.15,0.7795816422104286,-13.724467917148768,141.68555194926046,270.9439183382556,0.5229331325029979,0.7674114231397183
catfish_synth_6000g,1,synth,2099-01-01 00:26:52.894760,26.88157933079013,19.16310605759297,19.46389566888864,14.392802947102844,19.46389566888864,6000.0,86.7,0.0,395.75,942.0,12.19,5297.533562285357,5297.533562285357,5297.955042147985,702.4664377146428,0.11707773961910713,0.15,0.7805182641273809,-13.724467917148768,142.56330648887763,270.9439183382556,0.5261727495610244,0.7674114231397183
catfish_synth_6000g,1,synth,2099-01-01 00:27:00.879387,27.01465645619009,19.030028932193012,19.269534237226445,13.022547271280871,19.269534237226445,6000.0,86.9,0.0,397.0,970.0,11.8,5292.475803933812,5292.475803933812,5295.004683109584,707.5241960661879,0.11792069934436465,0.15,0.7861379956290977,-14.780196218468447,143.44383346860732,270.9439183382556,0.5294225991429236,0.7674114231397183
catfish_synth_6000g,1,synth,2099-01-01 00:27:08.864015,27.14773358159004,18.896951806793062,19.18511755181949,12.536782985953808,19.18511755181949,6000.0,87.1,0.0,396.0,940.0,12.26,5291.913830783641,5291.913830783641,5292.194817358726,708.0861692163589,0.11801436153605982,0.15,0.7867624102403988,-15.30806036912827,144.32214249624698,270.9439183382556,0.5326642627057245,0.7674114231397183
catfish_synth_6000g,1,synth,2099-01-01 00:27:16.848642,27.280810706989985,18.763874681393116,19.003715193291526,12.48171658923656,19.003715193291526,6000.0,87.1,0.0,397.0,971.0,11.74,5291.070871058383,5291.070871058383,5291.492350921012,708.9291289416169,0.11815485482360281,0.15,0.7876990321573522,-15.30806036912827,145.20266947597668,270.9439183382556,0.5359141122876238,0.7674114231397183
catfish_synth_6000g,1,synth,2099-01-01 00:27:24.833270,27.413887832389943,18.63079755599316,18.906607244913584,12.463361123664146,18.906607244913584,6000.0,87.3,0.0,396.25,947.0,12.09,5290.789884483297,5290.789884483297,5290.93037777084,709.2101155167029,0.11820168591945049,0.15,0.7880112394630033,-15.30806036912827,146.08153299163885,270.9439183382556,0.5391578223551993,0.7674114231397183
catfish_synth_6000g,1,synth,2099-01-01 00:27:32.817897,27.546964957789893,18.49772043059321,18.737812347640364,12.114607277788373,18.737812347640364,6000.0,87.5,0.0,397.0,918.0,12.5,5285.451139556665,5285.451139556665,5288.120512019981,714.5488604433349,0.11909147674055581,0.15,0.7939431782703721,-15.30806036912827,146.96205997136855,270.9439183382556,0.5424076719370984,0.7674114231397183
catfish_synth_6000g,1,synth,2099-01-01 00:27:40.802525,27.68004208318984,18.364643305193262,18.6165422873618,11.710787035192721,18.6165422873618,6000.0,87.7,0.0,396.75,1019.0,11.01,5285.451139556665,5285.451139556665,5285.451139556665,714.5488604433349,0.11909147674055581,0.15,0.7939431782703721,-15.835924519791526,147.84203246307572,270.9439183382556,0.5456554750142231,0.7674114231397183
catfish_synth_6000g,1,synth,2099-01-01 00:27:48.787153,27.813119208589796,18.231566179793305,18.483465161961853,11.639812568312788,18.483465161961853,6000.0,87.9,0.0,396.75,918.0,12.7,5284.327193256322,5284.327193256322,5284.889166406494,715.6728067436779,0.11927880112394633,0.15,0.7951920074929756,-15.835924519791526,148.72200495478288,270.9439183382556,0.5489032780913475,0.7674114231397183
catfish_synth_6000g,1,synth,2099-01-01 00:27:56.771780,27.946196333989743,18.098489054393358,18.350388036561903,11.480120017832869,18.350388036561903,6000.0,88.0,0.0,396.75,1023.0,10.95,5281.798314080549,5281.798314080549,5283.062753668435,718.2016859194509,0.11970028098657516,0.15,0.7980018732438344,-15.835924519791526,149.60197744649005,270.9439183382556,0.5521510811684721,0.7674114231397183
catfish_synth_6000g,1,synth,2099-01-01 00:28:04.756408,28.079273459389693,17.965411928993408,18.217310911161952,11.284940233910277,18.217310911161952,6000.0,88.1,0.0,396.75,909.0,12.73,5278.707461754605,5278.707461754605,5280.252887917577,721.292538245395,0.12021542304089917,0.15,0.8014361536059945,-15.835924519795366,150.48194993819723,270.9439183382556,0.5553988842455967,0.7674114231397183
catfish_synth_6000g,1,synth,2099-01-01 00:28:12.741035,28.21235058478965,17.83233480359345,18.084233785762,11.072016833270473,18.084233785762,6000.0,88.4,0.0,396.75,1023.0,10.79,5275.335622853575,5275.335622853575,5277.02154230409,724.6643771464251,0.12077739619107085,0.15,0.8051826412738057,-15.835924519795366,151.3619224299044,270.9439183382556,0.5586466873227213,0.7674114231397183
catfish_synth_6000g,1,synth,2099-01-01 00:28:20.725663,28.345427710189597,17.699257678193504,17.917035464539858,11.072016833273159,17.917035464539858,6000.0,88.8,0.0,397.5,1003.0,11.32,5275.335622853575,5275.335622853575,5275.335622853575,724.6643771464251,0.12077739619107085,0.15,0.8051826412738057,-15.835924519791526,152.24355838567908,270.9439183382556,0.5619006299141693,0.7674114231397183
catfish_synth_6000g,1,synth,2099-01-01 00:28:28.710290,28.478504835589547,17.566180552793554,17.840478955747287,11.072016833273159,17.840478955747287,6000.0,89.1,0.0,396.25,885.0,13.08,5275.335622853575,5275.335622853575,5275.335622853575,724.6643771464251,0.12077739619107085,0.15,0.8051826412738057,-15.835924519791526,153.12242190134126,270.9439183382556,0.5651443399817448,0.7674114231397183
catfish_synth_6000g,1,synth,2099-01-01 00:28:36.694918,28.6115819609895,17.4331034273936,17.65129969526637,10.734888115590776,17.65129969526637,6000.0,89.5,0.0,397.5,1072.0,10.06,5269.996877926944,5269.996877926944,5272.666250390259,730.0031220730561,0.12166718701217602,0.15,0.8111145800811735,-15.835924519795366,154.00405785711592,270.9439183382556,0.5683982825731929,0.7674114231397183
catfish_synth_6000g,1,synth,2099-01-01 00:28:44.679545,28.74465908638945,17.30002630199365,17.540453425905795,10.063957608370577,17.540453425905795,6000.0,89.1,0.0,397.0,926.0,12.5,5269.996877926944,5269.996877926944,5269.996877926944,730.0031220730561,0.12166718701217602,0.15,0.8111145800811735,-16.891652821107968,154.88458483684562,270.9439183382556,0.571648132155092,0.7674114231397183
catfish_synth_6000g,1,synth,2099-01-01 00:28:52.664173,28.8777362117894,17.1669491765937,17.41842888615544,9.897611201620625,17.41842888615544,6000.0,89.3,0.0,396.75,1034.0,10.73,5267.187012176085,5267.187012176085,5268.591945051514,732.8129878239151,0.12213549797065253,0.15,0.8142366531376836,-16.891652821107968,155.76455732855277,270.9439183382556,0.5748959352322165,0.7674114231397183
catfish_synth_6000g,1,synth,2099-01-01 00:29:00.648800,29.010813337189354,17.033872051193747,17.263427998784245,9.697995513520727,17.263427998784245,6000.0,89.4,0.0,397.25,985.0,11.52,5263.815173275055,5263.815173275055,5265.50109272557,736.1848267249452,0.1226974711208242,0.15,0.8179831408054947,-16.891652821107968,156.64563879630495,270.9439183382556,0.5781478313188901,0.7674114231397183
catfish_synth_6000g,1,synth,2099-01-01 00:29:08.633428,29.143890462589304,16.900794925793797,17.17391788410677,8.39864524746569,17.17391788410677,6000.0,89.6,10.0,396.25,962.0,11.85,5259.600374648767,5259.600374648767,5261.707773961911,740.3996253512332,0.12339993755853887,0.15,0.8226662503902592,-19.003109423740277,157.52450231196715,270.9439183382556,0.5813915413864658,0.7674114231397183
catfish_synth_6000g,1,synth,2099-01-01 00:29:16.618055,29.276967587989255,16.767717800393847,16.965327300673685,8.39864524746569,16.965327300673685,6000.0,89.7,9.2,398.0,1058.0,10.43,5259.600374648767,5259.600374648767,5259.600374648767,740.3996253512332,0.12339993755853887,0.15,0.8226662503902592,-19.003109423740277,158.40724724378683,270.9439183382556,0.5846495769874628,0.7674114231397183
catfish_synth_6000g,1,synth,2099-01-01 00:29:24.602683,29.41004471338921,16.634640674993893,16.853590209614207,8.39864524746569,16.853590209614207,6000.0,89.9,8.4,397.5,911.0,12.73,5259.600374648767,5259.600374648767,5259.600374648767,740.3996253512332,0.12339993755853887,0.15,0.8226662503902592,-19.003109423740277,159.2888831995615,270.9439183382556,0.5879035195789108,0.7674114231397183
catfish_synth_6000g,1,synth,2099-01-01 00:29:32.587310,29.54312183878916,16.501563549593943,16.667680513024244,8.751778011595842,16.667680513024244,6000.0,90.1,8.0,398.75,1090.0,10.06,5257.071495472995,5257.071495472995,5258.335935060881,742.9285045270053,0.12382141742116755,0.15,0.825476116141117,-17.947381122427885,160.17329159544866,270.9439183382556,0.5911676946942314,0.7674114231397183
catfish_synth_6000g,1,synth,2099-01-01 00:29:40.571938,29.67619896418911,16.368486424193993,16.524159978781547,9.829963662873652,16.524159978781547,6000.0,90.1,8.3,399.0,1006.0,11.2,5255.666562597565,5255.666562597565,5256.36902903528,744.3334374024353,0.12405557290040588,0.15,0.8270371526693725,-15.835924519791948,161.05825447935834,270.9439183382556,0.5944339163143264,0.7674114231397183
catfish_synth_6000g,1,synth,2099-01-01 00:29:48.556565,29.809276089589062,16.23540929879404,16.422201798727702,9.475091328473885,16.422201798727702,6000.0,90.3,8.1,398.25,928.0,12.4,5250.046831095848,5250.046831095848,5252.856696846706,749.9531689041523,0.12499219481735872,0.15,0.8332812987823915,-15.835924519791948,161.9415538992005,270.9439183382556,0.597693998420098,0.7674114231397183
catfish_synth_6000g,1,synth,2099-01-01 00:30:04.525820,30.075430340388962,15.969255047994139,16.13545544535886,8.031595921196201,16.13545544535886,6000.0,91.0,7.5,398.75,914.0,12.68,5244.1461130190455,5244.1461130190455,5247.096472057447,755.8538869809545,0.12597564783015908,0.15,0.8398376522010605,-17.947381122427885,163.71037069097486,270.9439183382556,0.604222348650739,0.7674114231397183
catfish_synth_6000g,1,synth,2099-01-01 00:30:12.510448,30.208507465788916,15.836177922594185,15.992268385469343,7.186164771597719,15.992268385469343,6000.0,91.3,7.2,399.0,1083.0,10.11,5244.1461130190455,5244.1461130190455,5244.1461130190455,755.8538869809545,0.12597564783015908,0.15,0.8398376522010605,-20.05883772506334,164.5953335748845,270.9439183382556,0.607488570270834,0.7674114231397183
catfish_synth_6000g,1,synth,2099-01-01 00:30:20.495075,30.341584591188866,15.703100797194235,15.859191260069395,8.015939788797771,15.859191260069395,6000.0,91.0,7.2,399.0,971.0,11.77,5243.865126443959,5243.865126443959,5244.0056197315025,756.1348735560414,0.1260224789260069,0.15,0.8401498595067127,-17.947381122424257,165.48029645879416,270.9439183382556,0.610754791890929,0.7674114231397183
catfish_synth_6000g,1,synth,2099-01-01 00:30:28.479703,30.474661716588816,15.570023671794285,15.755980784876728,9.397998373072076,15.755980784876728,6000.0,91.1,6.2,398.25,1066.0,10.41,5243.865126443959,5243.865126443959,5243.865126443959,756.1348735560414,0.1260224789260069,0.15,0.8401498595067127,-15.308060369128484,166.36359587863635,270.9439183382556,0.6140148739967005,0.7674114231397183
catfish_synth_6000g,1,synth,2099-01-01 00:30:36.464331,30.60773884198877,15.436946546394331,15.593287154242049,9.251154648492815,15.593287154242049,6000.0,91.2,5.3,399.0,944.0,12.23,5241.617233843272,5241.617233843272,5242.741180143616,758.3827661567284,0.12639712769278807,0.15,0.8426475179519205,-15.308060369128484,167.248558762546,270.9439183382556,0.6172810956167954,0.7674114231397183
catfish_synth_6000g,1,synth,2099-01-01 00:30:44.448958,30.74081596738872,15.303869420994381,15.450445916660353,7.687161008397859,15.450445916660353,6000.0,91.4,4.7,399.25,1104.0,9.88,5237.964408367156,5237.964408367156,5239.790821105214,762.0355916328444,0.1270059319388074,0.15,0.8467062129253827,-17.947381122424257,168.1340761344782,270.9439183382556,0.6205493637416651,0.7674114231397183
catfish_synth_6000g,1,synth,2099-01-01 00:30:52.433586,30.87389309278867,15.170792295594431,15.346447422220239,9.012533596051536,15.346447422220239,6000.0,91.5,4.5,398.5,905.0,13.02,5237.964408367156,5237.964408367156,5237.964408367156,762.0355916328444,0.1270059319388074,0.15,0.8467062129253827,-15.308060369128484,169.01793004234287,270.9439183382556,0.6238114923522111,0.7674114231397183
catfish_synth_6000g,1,synth,2099-01-01 00:31:00.418213,31.006970218188624,15.037715170194478,15.174956160594459,9.680128677238416,15.174956160594459,6000.0,91.7,4.1,399.5,1131.0,9.55,5237.964408367156,5237.964408367156,5237.964408367156,762.0355916328444,0.1270059319388074,0.15,0.8467062129253827,-14.252332067812405,169.90400190229752,270.9439183382556,0.6270818069818551,0.7674114231397183
catfish_synth_6000g,1,synth,2099-01-01 00:31:08.402841,31.140047343588574,14.904638044794527,15.07042127248716,9.542122769416277,15.07042127248716,6000.0,91.8,3.7,398.75,894.0,13.27,5235.9975023415545,5235.9975023415545,5236.980955354355,764.0024976584455,0.12733374960974092,0.15,0.8488916640649395,-14.252332067812405,170.78841029818471,270.9439183382556,0.6303459820971757,0.7674114231397183
catfish_synth_6000g,1,synth,2099-01-01 00:31:16.387468,31.27312446898852,14.771560919394581,14.89964453164634,9.502692510040907,14.89964453164634,6000.0,91.9,2.9,399.75,1131.0,9.68,5235.435529191383,5235.435529191383,5235.716515766469,764.5644708086174,0.12742741180143624,0.15,0.8495160786762417,-14.252332067808805,171.67503664616189,270.9439183382556,0.6336183432315942,0.7674114231397183
catfish_synth_6000g,1,synth,2099-01-01 00:31:24.372096,31.406201594388477,14.638483793994624,14.813304057851303,9.20696556470767,14.813304057851303,6000.0,92.0,2.3,398.5,904.0,12.91,5231.2207305650945,5231.2207305650945,5233.3281298782385,768.7792694349055,0.12812987823915092,0.15,0.8541991882610062,-14.252332067808805,172.55889055402656,270.9439183382556,0.6368804718421402,0.7674114231397183
catfish_synth_6000g,1,synth,2099-01-01 00:31:32.356723,31.539278719788427,14.505406668594674,14.661663894784871,9.04924452719667,14.661663894784871,6000.0,92.0,2.0,399.0,1113.0,9.85,5228.972837964408,5228.972837964408,5230.0967842647515,771.0271620355916,0.12850452700593193,0.15,0.8566968467062129,-14.252332067808805,173.44385343793624,270.9439183382556,0.6401466934622353,0.7674114231397183
catfish_synth_6000g,1,synth,2099-01-01 00:31:40.341351,31.672355845188374,14.372329543194727,14.546982834497571,9.04924452719667,14.546982834497571,6000.0,92.4,1.2,398.5,910.0,12.77,5228.972837964408,5228.972837964408,5228.972837964408,771.0271620355916,0.12850452700593193,0.15,0.8566968467062129,-14.252332067808805,174.32770734580092,270.9439183382556,0.6434088220727814,0.7674114231397183
catfish_synth_6000g,1,synth,2099-01-01 00:31:48.325978,31.80543297058833,14.23925241779477,14.395676407300005,8.149826714148668,14.395676407300005,6000.0,92.7,0.4,399.0,1141.0,9.43,5224.75803933812,5224.75803933812,5226.865438651264,775.2419606618796,0.1292069934436466,0.15,0.8613799562909774,-15.30806036912806,175.2126702297106,270.9439183382556,0.6466750436928764,0.7674114231397183
catfish_synth_6000g,1,synth,2099-01-01 00:31:56.310606,31.938510095988278,14.106175292394823,14.280661611143843,8.05804938628665,14.280661611143843,6000.0,92.9,0.0,398.5,902.0,12.99,5223.353106462691,5223.353106462691,5224.055572900406,776.6468935373086,0.12944114892288477,0.15,0.8629409928192319,-15.30806036912806,176.09652413757527,270.9439183382556,0.6499371723034224,0.7674114231397183
catfish_synth_6000g,1,synth,2099-01-01 00:32:04.295233,32.07158722138823,13.973098166994873,14.120757945459966,8.615511674041198,14.120757945459966,6000.0,93.2,0.0,399.25,1127.0,9.65,5222.7911333125185,5222.7911333125185,5223.072119887605,777.2088666874815,0.12953481111458026,0.15,0.8635654074305351,-14.252332067808805,176.98204150950744,270.9439183382556,0.653205440428292,0.7674114231397183
catfish_synth_6000g,1,synth,2099-01-01 00:32:12.279861,32.204664346788185,13.840021041594916,13.996528412757671,8.477505766219087,13.996528412757671,6000.0,93.4,0.0,399.0,950.0,12.13,5220.824227286918,5220.824227286918,5221.807680299718,779.1757727130816,0.1298626287855136,0.15,0.8657508585700907,-14.252332067808805,177.86700439341712,270.9439183382556,0.656471662048387,0.7674114231397183
catfish_synth_6000g,1,synth,2099-01-01 00:32:20.264488,32.337741472188135,13.706943916194966,13.845933729894947,8.280354469330305,13.845933729894947,6000.0,93.0,0.0,399.5,1074.0,10.29,5218.01436153606,5218.01436153606,5219.419294411489,781.9856384639397,0.13033093974398996,0.15,0.8688729316265997,-14.252332067808805,178.75307625337177,270.9439183382556,0.659741976678031,0.7674114231397183
catfish_synth_6000g,1,synth,2099-01-01 00:32:28.249116,32.470818597588085,13.573866790795016,13.695549187332626,8.537409429502507,13.695549187332626,6000.0,93.3,0.0,400.0,976.0,11.69,5217.171401810801,5217.171401810801,5217.59288167343,782.8285981891986,0.1304714330315331,0.15,0.869809553543554,-13.724467917152385,179.64025708937146,270.9439183382556,0.6630163843172241,0.7674114231397183
catfish_synth_6000g,1,synth,2099-01-01 00:32:36.233743,32.603895722988035,13.440789665395066,13.562472061932672,9.944490643521691,13.562472061932672,6000.0,93.5,0.0,400.0,1089.0,9.96,5215.485482360286,5215.485482360286,5216.328442085543,784.5145176397136,0.13075241960661893,0.15,0.8716827973774596,-11.613011314513031,180.52743792537115,270.9439183382556,0.666290791956417,0.7674114231397183
catfish_synth_6000g,1,synth,2099-01-01 00:32:44.218371,32.736972848387985,13.307712539995116,13.4378767827253,9.41954609353036,13.4378767827253,6000.0,93.8,0.0,399.75,931.0,12.4,5214.361536059943,5214.361536059943,5214.923509210115,785.6384639400567,0.13093974399000946,0.15,0.8729316266000631,-12.140875465166033,181.41406427334832,270.9439183382556,0.6695631530908356,0.7674114231397183
catfish_synth_6000g,1,synth,2099-01-01 00:32:52.202998,32.870049973787935,13.174635414595166,13.262911013987678,9.396402245634773,13.262911013987678,6000.0,94.0,0.0,401.0,1146.0,9.42,5214.080549484858,5214.080549484858,5214.2210427724,785.9194505151418,0.13098657508585695,0.15,0.873243833905713,-12.140875465166033,182.30346306143798,270.9439183382556,0.6728457467491266,0.7674114231397183
catfish_synth_6000g,1,synth,2099-01-01 00:33:00.187626,33.00312709918789,13.041558289195208,13.162991166122694,11.374592192082346,13.162991166122694,6000.0,94.2,0.0,400.0,883.0,13.23,5214.080549484858,5214.080549484858,5214.080549484858,785.9194505151418,0.13098657508585695,0.15,0.873243833905713,-10.029418862530097,183.19064389743767,270.9439183382556,0.6761201543883196,0.7674114231397183
catfish_synth_6000g,1,synth,2099-01-01 00:33:08.172253,33.13620422458784,12.908481163795258,12.988907837713015,11.066413585892867,12.988907837713015,6000.0,94.4,0.0,401.25,1162.0,9.21,5210.989697158913,5210.989697158913,5212.535123321886,789.0103028410867,0.13150171714018113,0.15,0.8766781142678742,-10.029418862530097,184.08059717354985,270.9439183382556,0.6794047945513851,0.7674114231397183
catfish_synth_6000g,1,synth,2099-01-01 00:33:16.156881,33.269281349987786,12.775404038395315,12.896421049305918,11.038397348966635,12.896421049305918,6000.0,94.0,0.0,400.0,926.0,12.47,5210.708710583828,5210.708710583828,5210.84920387137,789.2912894161718,0.13154854823602863,0.15,0.8769903215735242,-10.029418862530097,184.9677780095495,270.9439183382556,0.6826792021905781,0.7674114231397183
catfish_synth_6000g,1,synth,2099-01-01 00:33:24.141509,33.40235847538774,12.642326912995358,12.73118327291019,10.786251216630108,12.73118327291019,6000.0,94.3,0.0,401.0,1077.0,10.27,5208.179831408055,5208.179831408055,5209.444270995942,791.8201685919448,0.13197002809865746,0.15,0.8798001873243831,-10.029418862529816,185.8571767976392,270.9439183382556,0.6859617958488692,0.7674114231397183
catfish_synth_6000g,1,synth,2099-01-01 00:33:32.126136,33.53543560078769,12.509249787595408,12.629934105692517,10.140476955484774,12.629934105692517,6000.0,94.5,0.0,400.0,1040.0,10.72,5207.055885107711,5207.055885107711,5207.617858257883,792.9441148922888,0.13215735248204813,0.15,0.8810490165469875,-10.557283013182818,186.74435763363886,270.9439183382556,0.6892362034880621,0.7674114231397183
catfish_synth_6000g,1,synth,2099-01-01 00:33:40.110764,33.66851272618764,12.376172662195458,12.47322017285833,9.480160933257924,12.47322017285833,6000.0,94.7,0.0,400.75,1023.0,10.95,5205.088979082111,5205.088979082111,5206.072432094911,794.9110209178889,0.13248517015298147,0.15,0.8832344676865432,-11.085147163846358,187.63320193370603,270.9439183382556,0.6925167506415787,0.7674114231397183
catfish_synth_6000g,1,synth,2099-01-01 00:33:48.095391,33.8015898515876,12.2430955367955,12.371345599485538,8.928265322288585,12.371345599485538,6000.0,94.9,0.0,399.75,1009.0,11.17,5203.684046206681,5203.684046206681,5204.386512644396,796.3159537933188,0.1327193256322198,0.15,0.8847955042147987,-11.613011314509613,188.51982828168323,270.9439183382556,0.6957891117759973,0.7674114231397183
catfish_synth_6000g,1,synth,2099-01-01 00:33:56.080019,33.93466697698755,12.11001841139555,12.19970442919941,9.226680694395036,12.19970442919941,6000.0,95.1,0.0,401.0,1034.0,10.73,5202.279113331252,5202.279113331252,5202.981579768966,797.7208866687479,0.13295348111145797,0.15,0.8863565407430531,-11.085147163853192,189.4092270697729,270.9439183382556,0.6990717054342883,0.7674114231397183
catfish_synth_6000g,1,synth,2099-01-01 00:34:04.064646,34.06774410238749,11.976941285995608,12.081857896095586,8.998548479423704,12.081857896095586,6000.0,95.3,0.0,400.5,1088.0,10.08,5199.750234155479,5199.750234155479,5201.014673743366,800.2497658445209,0.13337496097408683,0.15,0.8891664064939122,-11.085147163853192,190.2975168818176,270.9439183382556,0.7023502060830303,0.7674114231397183
catfish_synth_6000g,1,synth,2099-01-01 00:34:12.049274,34.20082122778745,11.84386416059565,11.963883093065759,8.541131866579647,11.963883093065759,6000.0,95.0,0.0,400.0,964.0,11.82,5199.188261005308,5199.188261005308,5199.469247580393,800.811738994692,0.13346862316578198,0.15,0.8897908211052132,-11.613011314509613,191.18469771781724,270.9439183382556,0.7056246137222233,0.7674114231397183
catfish_synth_6000g,1,synth,2099-01-01 00:34:20.033901,34.3338983531874,11.7107870351957,11.808415668676915,8.444348502652431,11.808415668676915,6000.0,95.2,0.0,400.75,1117.0,9.55,5198.064314704965,5198.064314704965,5198.626287855137,801.935685295035,0.1336559475491725,0.15,0.8910396503278167,-11.613011314509613,192.0735420178844,270.9439183382556,0.7089051608757397,0.7674114231397183
catfish_synth_6000g,1,synth,2099-01-01 00:34:28.018529,34.46697547858735,11.57770990979575,11.682709589262405,8.202390092832083,11.682709589262405,6000.0,95.3,0.0,400.5,981.0,11.64,5195.254448954106,5195.254448954106,5196.659381829535,804.745551045894,0.134124258507649,0.15,0.8941617233843268,-11.61301131451272,192.96183182992908,270.9439183382556,0.7121836615244818,0.7674114231397183
catfish_synth_6000g,1,synth,2099-01-01 00:34:36.003156,34.60005260398731,11.444632784395793,11.56423585084903,8.202390092834277,11.56423585084903,6000.0,95.5,0.0,400.0,1059.0,10.55,5195.254448954106,5195.254448954106,5195.254448954106,804.745551045894,0.134124258507649,0.15,0.8941617233843268,-11.613011314509613,193.84901266592877,270.9439183382556,0.7154580691636748,0.7674114231397183
catfish_synth_6000g,1,synth,2099-01-01 00:34:43.987784,34.73312972938725,11.31155565899585,11.395133068592848,7.936235842034298,11.395133068592848,6000.0,95.7,0.0,401.25,1073.0,10.29,5192.163596628161,5192.163596628161,5193.709022791134,807.836403371839,0.13463940056197315,0.15,0.8975960037464877,-11.613011314509613,194.73896594204095,270.9439183382556,0.7187427093267403,0.7674114231397183
catfish_synth_6000g,1,synth,2099-01-01 00:34:51.972411,34.8662068547872,11.1784785335959,11.297665734032252,7.887844160070442,11.297665734032252,6000.0,95.9,0.0,400.0,972.0,11.66,5191.601623477989,5191.601623477989,5191.882610053075,808.398376522011,0.1347330627536685,0.15,0.8982204183577901,-11.613011314509922,195.6261467780406,270.9439183382556,0.7220171169659333,0.7674114231397183
catfish_synth_6000g,1,synth,2099-01-01 00:34:59.957039,34.99928398018716,11.045401408195943,11.136414878622247,7.6942774322162215,11.136414878622247,6000.0,96.1,0.0,401.0,1200.0,8.35,5189.353730877303,5189.353730877303,5190.477677177646,810.646269122697,0.1351077115204495,0.15,0.9007180768029968,-11.613011314509613,196.51554556613027,270.9439183382556,0.7252997106242243,0.7674114231397183
catfish_synth_6000g,1,synth,2099-01-01 00:35:07.941666,35.13236110558711,10.912324282795993,11.038160814131055,7.5491023863252815,11.038160814131055,6000.0,96.3,0.0,399.75,895.0,13.14,5187.667811426787,5187.667811426787,5188.510771152045,812.332188573213,0.1353886980955355,0.15,0.9025913206369034,-11.613011314509613,197.40217191410747,270.9439183382556,0.7285720717586429,0.7674114231397183
catfish_synth_6000g,1,synth,2099-01-01 00:35:15.926294,35.26543823098706,10.779247157396043,10.884412975596026,7.5491023863252815,10.884412975596026,6000.0,96.5,0.0,400.5,1173.0,8.92,5187.667811426787,5187.667811426787,5187.667811426787,812.332188573213,0.1353886980955355,0.15,0.9025913206369034,-11.613011314509613,198.29046172615216,270.9439183382556,0.731850572407385,0.7674114231397183
catfish_synth_6000g,1,synth,2099-01-01 00:35:23.910921,35.39851535638701,10.646170031996093,10.77175688767374,7.379731499452596,10.77175688767374,6000.0,96.1,0.0,399.75,954.0,12.08,5185.700905401186,5185.700905401186,5186.684358413986,814.299094598814,0.135716515766469,0.15,0.9047767717764601,-11.613011314509613,199.17708807412933,270.9439183382556,0.7351229335418035,0.7674114231397183
catfish_synth_6000g,1,synth,2099-01-01 00:35:31.895549,35.53159248178696,10.513092906596142,10.625223476342905,7.731147285138649,10.625223476342905,6000.0,96.3,0.0,400.25,1138.0,9.47,5185.700905401186,5185.700905401186,5185.700905401186,814.299094598814,0.135716515766469,0.15,0.9047767717764601,-11.085147163853192,200.0648233981515,270.9439183382556,0.7383993876857711,0.7674114231397183
catfish_synth_6000g,1,synth,2099-01-01 00:35:39.880176,35.66466960718691,10.380015781196192,10.472273738456028,8.117704649395922,10.472273738456028,6000.0,96.5,0.0,401.0,1055.0,10.58,5185.700905401186,5185.700905401186,5185.700905401186,814.299094598814,0.135716515766469,0.15,0.9047767717764601,-10.557283013193071,200.95422218624117,270.9439183382556,0.741681981344062,0.7674114231397183
catfish_synth_6000g,1,synth,2099-01-01 00:35:47.864804,35.797746732586866,10.246938655796235,10.33919661305608,6.920010520796338,10.33919661305608,6000.0,96.7,0.0,401.0,1008.0,11.17,5176.70933499844,5176.70933499844,5181.205120199813,823.2906650015602,0.13721511083359336,0.15,0.9147674055572891,-11.085147163853192,201.84362097433083,270.9439183382556,0.7449645750023529,0.7674114231397183
catfish_synth_6000g,1,synth,2099-01-01 00:35:55.849431,35.930823857986816,10.113861530396285,10.167588320154055,6.484485383125681,10.167588320154055,6000.0,96.8,0.0,402.5,1191.0,8.96,5175.304402123011,5175.304402123011,5176.006868560726,824.6955978769893,0.13744926631283155,0.15,0.9163284420855438,-11.613011314509613,202.7363466905555,270.9439183382556,0.748259447689291,0.7674114231397183
catfish_synth_6000g,1,synth,2099-01-01 00:36:03.834059,36.063900983386766,9.980784404996335,10.072544567522762,6.387702019198387,10.072544567522762,6000.0,97.0,0.0,401.0,935.0,12.48,5174.180455822667,5174.180455822667,5174.742428972839,825.8195441773332,0.1376365906962222,0.15,0.917577271308148,-11.613011314509613,203.62574547864517,270.9439183382556,0.751542041347582,0.7674114231397183
catfish_synth_6000g,1,synth,2099-01-01 00:36:11.818687,36.196978108786716,9.847707279596385,9.895700954244067,6.169939450361891,9.895700954244067,6000.0,97.2,0.0,402.75,1258.0,8.23,5171.651576646894,5171.651576646894,5172.91601623478,828.3484233531062,0.13805807055885103,0.15,0.9203871370590069,-11.613011314509922,204.51902568289233,270.9439183382556,0.7548389605392943,0.7674114231397183
catfish_synth_6000g,1,synth,2099-01-01 00:36:19.803314,36.330055234186666,9.714630154196435,9.79343236232557,5.927981040542155,9.79343236232557,6000.0,97.4,0.0,401.5,955.0,12.06,5168.841710896035,5168.841710896035,5170.246643771465,831.1582891039652,0.13852638151732755,0.15,0.923509210115517,-11.613011314513031,205.40953344702703,270.9439183382556,0.7581256472071345,0.7674114231397183
catfish_synth_6000g,1,synth,2099-01-01 00:36:27.787942,36.463132359586616,9.581553028796485,9.654261003968351,5.9279810405437425,9.654261003968351,6000.0,97.0,0.0,401.75,1104.0,9.87,5168.841710896035,5168.841710896035,5168.841710896035,831.1582891039652,0.13852638151732755,0.15,0.923509210115517,-11.613011314509922,206.3005956991842,270.9439183382556,0.761414380379749,0.7674114231397183
catfish_synth_6000g,1,synth,2099-01-01 00:36:35.772569,36.596209484986574,9.448475903396528,9.491238900268243,5.9279810405437425,9.491238900268243,6000.0,97.1,0.0,403.0,1194.0,8.93,5168.841710896035,5168.841710896035,5168.841710896035,831.1582891039652,0.13852638151732755,0.15,0.923509210115517,-11.613011314509922,207.19443039145392,270.9439183382556,0.7647133460762361,0.7674114231397183
catfish_synth_6000g,1,synth,2099-01-01 00:36:43.757197,36.729286610386524,9.315398777996577,9.393620948841894,6.210265851996631,9.393620948841894,6000.0,97.3,0.0,401.5,928.0,12.43,5168.841710896035,5168.841710896035,5168.841710896035,831.1582891039652,0.13852638151732755,0.15,0.923509210115517,-11.085147163853192,208.08493815558862,270.9439183382556,0.7680000327440761,0.7674114231397183
catfish_synth_6000g,1,synth,2099-01-01 00:36:51.741824,36.862363735786474,9.182321652596627,9.225579973756426,6.520779144594453,9.225579973756426,6000.0,97.5,0.0,403.0,1270.0,8.14,5168.841710896035,5168.841710896035,5168.841710896035,831.1582891039652,0.13852638151732755,0.15,0.923509210115517,-10.55728301319677,208.9787728478583,270.9439183382556,0.7712989984405632,0.7674114231397183
catfish_synth_6000g,1,synth,2099-01-01 00:36:59.726452,36.995440861186424,9.049244527196677,9.121207204217571,6.520779144596737,9.121207204217571,6000.0,97.7,0.0,401.75,950.0,12.08,5168.841710896035,5168.841710896035,5168.841710896035,831.1582891039652,0.13852638151732755,0.15,0.923509210115517,-10.557283013193071,209.86983510001548,270.9439183382556,0.7745877316131776,0.7674114231397183
catfish_synth_6000g,1,synth,2099-01-01 00:37:07.711079,37.128517986586374,8.916167401796727,8.976792344567501,6.201394043637004,8.976792344567501,6000.0,97.8,0.0,402.25,1111.0,9.73,5165.469871995006,5165.469871995006,5167.155791445521,834.5301280049944,0.13908835466749905,0.15,0.9272556977833271,-10.557283013193071,210.76200632821767,270.9439183382556,0.7778805577953412,0.7674114231397183
catfish_synth_6000g,1,synth,2099-01-01 00:37:15.695707,37.261595111986324,8.783090276396777,8.827009029940687,6.201394043637004,8.827009029940687,6000.0,98.0,0.0,403.0,1254.0,8.26,5165.469871995006,5165.469871995006,5165.469871995006,834.5301280049944,0.13908835466749905,0.15,0.9272556977833271,-10.557283013193071,211.65584102048734,270.9439183382556,0.7811795234918282,0.7674114231397183
catfish_synth_6000g,1,synth,2099-01-01 00:37:23.680334,37.39467223738628,8.65001315099682,8.721396151678073,6.094932343319143,8.721396151678073,6000.0,98.2,0.0,401.75,951.0,11.95,5164.345925694662,5164.345925694662,5164.907898844834,835.6540743053383,0.13927567905088972,0.15,0.9285045270059316,-10.557283013189371,212.54690327264453,270.9439183382556,0.7844682566644428,0.7674114231397183
catfish_synth_6000g,1,synth,2099-01-01 00:37:31.664962,37.52774936278623,8.51693602559687,8.582895272452449,5.802162667437186,8.582895272452449,6000.0,98.3,0.0,402.0,1035.0,10.74,5161.255073368718,5161.255073368718,5162.80049953169,838.7449266312824,0.13979082110521374,0.15,0.9319388073680916,-10.557283013193071,213.43852001282423,270.9439183382556,0.7877590363418319,0.7674114231397183
catfish_synth_6000g,1,synth,2099-01-01 00:37:39.649589,37.660826488186174,8.383858900196927,8.423212768030636,5.802162667437186,8.423212768030636,6000.0,98.5,0.0,403.25,1299.0,7.88,5161.255073368718,5161.255073368718,5161.255073368718,838.7449266312824,0.13979082110521374,0.15,0.9319388073680916,-10.557283013193071,214.3329091931164,270.9439183382556,0.7910600485430933,0.7674114231397183
catfish_synth_6000g,1,synth,2099-01-01 00:37:47.634217,37.79390361358613,8.25078177479697,8.311075885683588,5.802162667437186,8.311075885683588,6000.0,98.0,0.0,402.25,1010.0,10.73,5161.255073368718,5161.255073368718,5161.255073368718,838.7449266312824,0.13979082110521374,0.15,0.9319388073680916,-10.557283013193071,215.22508042131858,270.9439183382556,0.7943528747252568,0.7674114231397183
catfish_synth_6000g,1,synth,2099-01-01 00:37:55.618844,37.92698073898608,8.11770464939702,8.188342351927298,6.079523413007586,8.188342351927298,6000.0,98.3,0.0,401.75,978.0,11.63,5160.974086793631,5160.974086793631,5161.114580081174,839.0259132063693,0.13983765220106156,0.15,0.9322510146737438,-10.029418862533232,216.11614267347576,270.9439183382556,0.7976416078978713,0.7674114231397183
catfish_synth_6000g,1,synth,2099-01-01 00:38:03.603472,38.06005786438603,7.984627523997069,8.02480642050654,7.219434052943846,8.02480642050654,6000.0,98.4,0.0,403.25,1263.0,8.17,5160.974086793631,5160.974086793631,5160.974086793631,839.0259132063693,0.13983765220106156,0.15,0.9322510146737438,-8.445826410557416,217.01053185376793,270.9439183382556,0.8009426200991328,0.7674114231397183
catfish_synth_6000g,1,synth,2099-01-01 00:38:19.572727,38.32621211518594,7.718473273197162,7.788614110293469,8.136715667311181,8.136715667311181,6000.0,98.7,0.0,401.75,954.0,12.03,5160.131127068374,5160.131127068374,5160.552606931002,839.8688729316264,0.1399781454886044,0.15,0.933187636590696,-7.390098109234321,218.79265635808227,270.9439183382556,0.8075200864443617,0.7674114231397183
catfish_synth_6000g,1,synth,2099-01-01 00:38:27.557354,38.45928924058588,7.585396147797219,7.6555369848935175,7.870561416511158,7.870561416511158,6000.0,98.9,0.0,401.75,994.0,11.32,5158.164221042772,5158.164221042772,5159.147674055573,841.8357789572283,0.14030596315953806,0.15,0.9353730877302537,-7.390098109234321,219.68371861023945,270.9439183382556,0.8108088196169763,0.7674114231397183
catfish_synth_6000g,1,synth,2099-01-01 00:38:35.541982,38.59236636598584,7.452319022397262,7.489257406647063,6.820202676747175,7.489257406647063,6000.0,99.0,0.0,403.5,1265.0,8.14,5157.602247892601,5157.602247892601,5157.883234467687,842.3977521073994,0.14039962535123324,0.15,0.935997502341555,-8.445826410553746,220.57866227855413,270.9439183382556,0.8141118783230122,0.7674114231397183
catfish_synth_6000g,1,synth,2099-01-01 00:38:43.526609,38.72544349138579,7.319241896997312,7.360823342255572,6.786933395399919,7.360823342255572,6000.0,99.1,0.0,403.25,1247.0,8.34,5157.321261317515,5157.321261317515,5157.461754605058,842.6787386824853,0.1404464564470809,0.15,0.9363097096472061,-8.445826410550328,221.4730514588463,270.9439183382556,0.8174128905242737,0.7674114231397183
catfish_synth_6000g,1,synth,2099-01-01 00:38:51.511237,38.85852061678574,7.186164771597362,7.232312484437661,8.353148794335958,8.353148794335958,6000.0,99.3,0.0,403.0,957.0,11.96,5157.321261317515,5157.321261317515,5157.321261317515,842.6787386824853,0.1404464564470809,0.15,0.9363097096472061,-6.862233958574117,222.366886151116,270.9439183382556,0.8207118562207608,0.7674114231397183
catfish_synth_6000g,1,synth,2099-01-01 00:38:59.495865,38.9915977421857,7.053087646197405,7.090273385698876,7.026472221117441,7.090273385698876,6000.0,99.4,0.0,403.5,1061.0,10.35,5155.635341867,5155.635341867,5156.478301592257,844.3646581330004,0.14072744302216672,0.15,0.9381829534811115,-7.917962259893738,223.2618298194307,270.9439183382556,0.8240149149267968,0.7674114231397183
catfish_synth_6000g,1,synth,2099-01-01 00:39:07.480492,39.12467486758564,6.920010520797462,6.935299183752603,8.783090276397282,8.783090276397282,6000.0,99.0,0.0,404.75,1315.0,7.73,5155.635341867,5155.635341867,5155.635341867,844.3646581330004,0.14072744302216672,0.15,0.9381829534811115,-6.334369807914644,224.15954592785786,270.9439183382556,0.8273282061567052,0.7674114231397183
catfish_synth_6000g,1,synth,2099-01-01 00:39:15.465120,39.25775199298559,6.7869333953975115,6.802222058352651,8.295140816597344,8.295140816597344,6000.0,99.1,0.0,404.75,1267.0,8.07,5152.544489541055,5152.544489541055,5154.089915704028,847.4555104589454,0.1412425850764909,0.15,0.9416172338432727,-6.334369807914644,225.05726203628504,270.9439183382556,0.8306414973866137,0.7674114231397183
catfish_synth_6000g,1,synth,2099-01-01 00:39:23.449747,39.39082911838555,6.653856269997554,6.690217491993444,8.073345607597451,8.073345607597451,6000.0,99.3,0.0,403.5,999.0,11.31,5151.139556665626,5151.139556665626,5151.84202310334,848.8604433343744,0.14147674055572906,0.15,0.9431782703715271,-6.334369807914644,225.95220570459972,270.9439183382556,0.8339445560926497,0.7674114231397183
catfish_synth_6000g,1,synth,2099-01-01 00:39:31.434375,39.5239062437855,6.520779144597604,6.548860394449938,8.807286117384397,8.807286117384397,6000.0,99.4,9.7,404.0,1131.0,9.16,5151.139556665626,5151.139556665626,5151.139556665626,848.8604433343744,0.14147674055572906,0.15,0.9431782703715271,-5.806505657251558,226.84825834895938,270.9439183382556,0.8372517078082345,0.7674114231397183
catfish_synth_6000g,1,synth,2099-01-01 00:39:39.419002,39.65698336918545,6.387702019197654,6.39961324338468,10.587024642932253,10.587024642932253,6000.0,99.6,9.1,405.0,1303.0,7.93,5150.2965969403685,5150.2965969403685,5150.7180768029975,849.7034030596315,0.1416172338432719,0.15,0.9441148922884794,-4.750777355935016,227.74652894540904,270.9439183382556,0.8405670455429175,0.7674114231397183
catfish_synth_6000g,1,synth,2099-01-01 00:39:47.403630,39.7900604945854,6.254624893797704,6.286349162081895,9.522407639732243,9.522407639732243,6000.0,99.7,8.4,403.75,975.0,11.71,5145.238838588823,5145.238838588823,5147.767717764596,854.7611614111775,0.14246019356852957,0.15,0.9497346237901971,-4.750777355935016,228.6420271017462,270.9439183382556,0.8438721507537279,0.7674114231397183
catfish_synth_6000g,1,synth,2099-01-01 00:39:55.388257,39.92313761998535,6.121547768397754,6.145496713043009,7.791060796147717,7.791060796147717,6000.0,99.9,6.3,404.25,1095.0,9.99,5145.238838588823,5145.238838588823,5145.238838588823,854.7611614111775,0.14246019356852957,0.15,0.9497346237901971,-5.806505657251558,229.53863423412835,270.9439183382556,0.8471813489740873,0.7674114231397183
catfish_synth_6000g,1,synth,2099-01-01 00:40:03.372885,40.0562147453853,5.988470642997804,6.0010390381744605,7.791060796147717,7.791060796147717,6000.0,100.0,4.6,405.0,1360.0,7.34,5145.238838588823,5145.238838588823,5145.238838588823,854.7611614111775,0.14246019356852957,0.15,0.9497346237901971,-5.806505657251558,230.43690483057802,270.9439183382556,0.8504966867087702,0.7674114231397183
catfish_synth_6000g,1,synth,2099-01-01 00:40:11.357512,40.189291870785254,5.855393517597847,5.8790955659065585,7.791060796147717,7.791060796147717,6000.0,100.1,3.1,404.25,1053.0,10.55,5145.238838588823,5145.238838588823,5145.238838588823,854.7611614111775,0.14246019356852957,0.15,0.9497346237901971,-5.806505657251558,231.3335119629602,270.9439183382556,0.8538058849291297,0.7674114231397183
catfish_synth_6000g,1,synth,2099-01-01 00:40:19.342140,40.322368996185205,5.722316392197897,5.746018440506612,7.645885750257009,7.645885750257009,6000.0,100.3,2.8,404.25,1072.0,10.27,5144.395878863566,5144.395878863566,5144.8173587261945,855.6041211364336,0.14260068685607227,0.15,0.9506712457071486,-5.806505657251558,232.23011909534233,270.9439183382556,0.857115083149489,0.7674114231397183
catfish_synth_6000g,1,synth,2099-01-01 00:40:27.326767,40.455446121585155,5.5892392667979465,5.602300540216835,9.344971472532562,9.344971472532562,6000.0,100.4,2.4,405.0,1339.0,7.54,5144.395878863566,5144.395878863566,5144.395878863566,855.6041211364336,0.14260068685607227,0.15,0.9506712457071486,-4.750777355935016,233.128389691792,270.9439183382556,0.8604304208841719,0.7674114231397183
catfish_synth_6000g,1,synth,2099-01-01 00:40:35.311395,40.588523246985105,5.456162141397996,5.483090495361977,8.753517581865868,8.753517581865868,6000.0,100.0,2.4,404.0,959.0,11.93,5141.586013112707,5141.586013112707,5142.990945988136,858.4139868872926,0.14306899781454877,0.15,0.9537933187636585,-4.750777355935016,234.02444233615165,270.9439183382556,0.8637375725997568,0.7674114231397183
catfish_synth_6000g,1,synth,2099-01-01 00:40:43.296022,40.721600372385055,5.323085015998046,5.343235755011019,7.161968930620429,7.161968930620429,6000.0,100.0,1.9,404.5,1117.0,9.68,5141.586013112707,5141.586013112707,5141.586013112707,858.4139868872926,0.14306899781454877,0.15,0.9537933187636585,-5.806505657251558,234.92160395655634,270.9439183382556,0.8670488173248908,0.7674114231397183
catfish_synth_6000g,1,synth,2099-01-01 00:40:59.265277,40.98775462318496,5.056930765198139,5.083694419749492,9.847707279599755,9.847707279599755,6000.0,100.0,0.0,404.0,939.0,12.28,5141.586013112707,5141.586013112707,5141.586013112707,858.4139868872926,0.14306899781454877,0.15,0.9537933187636585,-4.22291320527529,236.7137092452757,270.9439183382556,0.8736631207560608,0.7674114231397183
catfish_synth_6000g,1,synth,2099-01-01 00:41:07.249905,41.12083174858491,4.923853639798189,4.938064962448927,8.650013150999664,8.650013150999664,6000.0,100.0,0.0,405.0,1254.0,8.22,5136.528254761161,5136.528254761161,5139.057133936934,863.4717452388386,0.14391195753980643,0.15,0.9594130502653763,-4.22291320527529,237.61197984172537,270.9439183382556,0.8769784584907437,0.7674114231397183
catfish_synth_6000g,1,synth,2099-01-01 00:41:15.234532,41.25390887398486,4.790776514398239,4.801941529237474,6.24252697331094,6.24252697331094,6000.0,100.0,0.0,405.25,1230.0,8.49,5136.247268186075,5136.247268186075,5136.387761473618,863.7527318139246,0.1439587886356541,0.15,0.9597252575710273,-5.806505657251558,238.51080492619752,270.9439183382556,0.8802958427302011,0.7674114231397183
catfish_synth_6000g,1,synth,2099-01-01 00:41:23.219160,41.38698599938481,4.657699388998289,4.680743047076206,6.097351927420076,6.097351927420076,6000.0,100.0,0.0,404.25,975.0,11.69,5135.404308460818,5135.404308460818,5135.825788323447,864.5956915391816,0.14409928192319693,0.15,0.9606618794879795,-5.806505657251558,239.4074120585797,270.9439183382556,0.8836050409505606,0.7674114231397183
catfish_synth_6000g,1,synth,2099-01-01 00:41:31.203787,41.52006312478476,4.524622263598339,4.533236997363447,5.012571723398527,5.012571723398527,6000.0,100.0,0.0,405.5,1371.0,7.21,5131.751482984702,5131.751482984702,5133.57789572276,868.2485170152977,0.1447080861692163,0.15,0.964720574461442,-6.334369807914644,240.30679163107433,270.9439183382556,0.8869244716947924,0.7674114231397183
catfish_synth_6000g,1,synth,2099-01-01 00:41:39.188415,41.65314025018471,4.3915451381983885,4.414177302382063,3.832621211518698,4.414177302382063,6000.0,100.0,0.0,404.25,959.0,11.93,5130.346550109273,5130.346550109273,5131.049016546987,869.6534498907267,0.14494224164845446,0.15,0.9662816109896964,-7.917962259893738,241.20339876345648,270.9439183382556,0.8902336699151517,0.7674114231397183
catfish_synth_6000g,1,synth,2099-01-01 00:41:47.173043,41.78621737558467,4.258468012798431,4.2702076975191074,3.6906722777586825,4.2702076975191074,6000.0,100.0,0.0,405.25,1227.0,8.49,5129.222603808929,5129.222603808929,5129.784576959101,870.7773961910707,0.14512956603184513,0.15,0.9675304402123008,-7.917962259893738,242.10222384792866,270.9439183382556,0.8935510541546091,0.7674114231397183
catfish_synth_6000g,1,synth,2099-01-01 00:41:55.157670,41.91929450098462,4.125390887398481,4.134497891664464,3.5132361105587777,4.134497891664464,6000.0,100.0,0.0,405.5,1203.0,8.83,5127.8176709335,5127.8176709335,5128.520137371215,872.1823290664997,0.1453637215110833,0.15,0.9690914767405553,-7.917962259893738,243.0016034204233,270.9439183382556,0.8968704848988409,0.7674114231397183
catfish_synth_6000g,1,synth,2099-01-01 00:42:11.126925,42.18544875178452,3.859236636598581,3.8581726743414,3.3357999433587584,3.859236636598581,6000.0,100.0,0.0,406.5,1249.0,8.32,5126.41273805807,5126.41273805807,5127.115204495785,873.5872619419297,0.14559787699032162,0.15,0.9706525132688109,-7.917962259893738,244.80479846959264,270.9439183382556,0.9035257184255008,0.7674114231397183
catfish_synth_6000g,1,synth,2099-01-01 00:42:19.111553,42.31852587718447,3.726159511198631,3.7346101547967967,2.21795208999977,3.7346101547967967,6000.0,100.0,0.0,405.5,1013.0,11.03,5121.073993131439,5121.073993131439,5123.743365594755,878.9260068685608,0.1464876678114268,0.15,0.9765844520761787,-9.501554711870005,245.70417804208728,270.9439183382556,0.9068451491697326,0.7674114231397183
catfish_synth_6000g,1,synth,2099-01-01 00:42:27.096180,42.45160300258442,3.593082385798681,3.5832036544039756,2.1012177694733305,3.593082385798681,6000.0,100.0,0.0,407.5,1389.0,7.16,5121.073993131439,5121.073993131439,5121.073993131439,878.9260068685608,0.1464876678114268,0.15,0.9765844520761787,-10.029418862530097,246.60799351876196,270.9439183382556,0.9101809519521605,0.7674114231397183
catfish_synth_6000g,1,synth,2099-01-01 00:42:35.080808,42.58468012798438,3.4600052603987237,3.4633649661508334,2.1012177694733305,3.4633649661508334,6000.0,100.0,0.0,406.0,967.0,11.95,5121.073993131439,5121.073993131439,5121.073993131439,878.9260068685608,0.1464876678114268,0.15,0.9765844520761787,-10.029418862530097,247.50848206730166,270.9439183382556,0.9135044757059416,0.7674114231397183
catfish_synth_6000g,1,synth,2099-01-01 00:42:43.065435,42.71775725338432,3.3269281349987807,3.323901795945442,2.21795208999977,3.3269281349987807,6000.0,100.0,0.0,406.75,1263.0,8.17,5121.073993131439,5121.073993131439,5121.073993131439,878.9260068685608,0.1464876678114268,0.15,0.9765844520761787,-9.501554711870005,248.41063407990882,270.9439183382556,0.916834138974046,0.7674114231397183
catfish_synth_6000g,1,synth,2099-01-01 00:42:51.050063,42.85083437878427,3.1938510095988306,3.188782961825626,2.85165268714185,3.1938510095988306,6000.0,100.0,0.0,407.0,1237.0,8.43,5121.073993131439,5121.073993131439,5121.073993131439,878.9260068685608,0.1464876678114268,0.15,0.9765844520761787,-7.390098109234068,249.31334058053847,270.9439183382556,0.9201658487469248,0.7674114231397183
catfish_synth_6000g,1,synth,2099-01-01 00:42:59.034690,42.98391150418423,3.0607738841988734,3.063559981651846,2.6615425079990933,3.063559981651846,6000.0,100.0,0.0,406.0,1043.0,10.62,5119.66906025601,5119.66906025601,5120.371526693725,880.3309397439898,0.14672182329066497,0.15,0.9781454886044332,-7.390098109234068,250.21382912907814,270.9439183382556,0.9234893725007057,0.7674114231397183
catfish_synth_6000g,1,synth,2099-01-01 00:43:07.019318,43.11698862958418,2.9276967587989233,2.92107966416579,1.8039343665331409,2.9276967587989233,6000.0,100.0,0.0,407.25,1399.0,7.1,5117.140181080237,5117.140181080237,5118.404620668123,882.8598189197628,0.1471433031532938,0.15,0.980955354355292,-9.501554711870005,251.11709011773033,270.9439183382556,0.9268231287783592,0.7674114231397183
catfish_synth_6000g,1,synth,2099-01-01 00:43:15.003945,43.25006575498413,2.7946196333989732,2.7969960106382703,1.8039343665331409,2.7969960106382703,6000.0,100.0,0.0,406.0,958.0,12.24,5117.140181080237,5117.140181080237,5117.140181080237,882.8598189197628,0.1471433031532938,0.15,0.980955354355292,-9.501554711870005,252.01757866627,270.9439183382556,0.9301466525321401,0.7674114231397183
catfish_synth_6000g,1,synth,2099-01-01 00:43:22.988573,43.383142880384085,2.661542507999016,2.6553338759975595,2.3193441855420316,2.661542507999016,6000.0,100.0,0.0,407.25,1424.0,6.82,5117.140181080237,5117.140181080237,5117.140181080237,882.8598189197628,0.1471433031532938,0.15,0.980955354355292,-7.390098109234068,252.9208396549222,270.9439183382556,0.9334804088097935,0.7674114231397183
catfish_synth_6000g,1,synth,2099-01-01 00:43:30.973200,43.51622000578403,2.528465382599073,2.5320731420060962,1.6595500343999374,2.5320731420060962,6000.0,100.0,0.0,405.75,1075.0,10.27,5114.892288479551,5114.892288479551,5116.016234779894,885.1077115204489,0.14751795192007483,0.15,0.9834530128004989,-8.973690561210391,253.8207737154394,270.9439183382556,0.9368018860588001,0.7674114231397183
catfish_synth_6000g,1,synth,2099-01-01 00:43:38.957828,43.64929713118398,2.395388257199123,2.3974368582674717,1.6595500343999374,2.3974368582674717,6000.0,100.0,0.0,406.0,1134.0,9.54,5114.892288479551,5114.892288479551,5114.892288479551,885.1077115204489,0.14751795192007483,0.15,0.9834530128004989,-8.973690561210391,254.72126226397907,270.9439183382556,0.9401254098125811,0.7674114231397183
catfish_synth_6000g,1,synth,2099-01-01 00:43:46.942455,43.782374256583935,2.2623111317991658,2.2584692246162517,1.3011985594666098,2.2623111317991658,6000.0,100.0,0.0,407.0,1407.0,6.96,5112.363409303778,5112.363409303778,5113.627848891665,887.6365906962219,0.14793943178270366,0.15,0.9862628785513577,-9.501554711869751,255.62396876460872,270.9439183382556,0.9434571195854599,0.7674114231397183
catfish_synth_6000g,1,synth,2099-01-01 00:43:54.927083,43.915451381983885,2.1292340063992157,2.1337464859904713,1.2716258649332306,2.1337464859904713,6000.0,100.0,0.0,405.5,941.0,12.24,5112.082422728692,5112.082422728692,5112.222916016235,887.9175772713079,0.14798626287855132,0.15,0.9865750858570088,-9.501554711870005,256.52334833710336,270.9439183382556,0.9467765503296917,0.7674114231397183
catfish_synth_6000g,1,synth,2099-01-01 00:44:02.911710,44.048528507383836,1.9961568809992656,1.9954202917442905,1.2716258649332646,1.9961568809992656,6000.0,100.0,0.0,406.5,1357.0,7.33,5112.082422728692,5112.082422728692,5112.082422728692,887.9175772713079,0.14798626287855132,0.15,0.9865750858570088,-9.501554711869751,257.42494586168806,270.9439183382556,0.9501041670930217,0.7674114231397183
catfish_synth_6000g,1,synth,2099-01-01 00:44:10.896338,44.181605632783786,1.8630797555993155,1.8660315587505192,1.3464273863999165,1.8660315587505192,6000.0,100.0,0.0,405.75,1040.0,11.2,5112.082422728692,5112.082422728692,5112.082422728692,887.9175772713079,0.14798626287855132,0.15,0.9865750858570088,-8.973690561210391,258.32487992220524,270.9439183382556,0.9534256443420281,0.7674114231397183
catfish_synth_6000g,1,synth,2099-01-01 00:44:18.880965,44.314682758183736,1.7300026301993654,1.7318053991395148,0.7393173633332444,1.7318053991395148,6000.0,100.0,0.0,406.0,1293.0,7.88,5107.024664377146,5107.024664377146,5109.553543552919,892.9753356228539,0.14882922260380899,0.15,0.9921948173587266,-9.501554711869751,259.2253684707449,270.9439183382556,0.9567491680958091,0.7674114231397183
catfish_synth_6000g,1,synth,2099-01-01 00:44:26.865593,44.447759883583686,1.5969255047994153,1.5965981317972062,0.7393173633332444,1.5969255047994153,6000.0,100.0,0.0,406.5,1234.0,8.61,5107.024664377146,5107.024664377146,5107.024664377146,892.9753356228539,0.14882922260380899,0.15,0.9921948173587266,-9.501554711869751,260.12696599532956,270.9439183382556,0.9600767848591389,0.7674114231397183
catfish_synth_6000g,1,synth,2099-01-01 00:44:34.850221,44.58083700898364,1.463848379399458,1.4684457384509115,0.7828066199998996,1.4684457384509115,6000.0,100.0,0.0,405.25,1049.0,10.57,5107.024664377146,5107.024664377146,5107.024664377146,892.9753356228539,0.14882922260380899,0.15,0.9921948173587266,-8.973690561210391,261.02579107980176,270.9439183382556,0.9633941690985965,0.7674114231397183
catfish_synth_6000g,1,synth,2099-01-01 00:44:42.834848,44.71391413438359,1.330771253999508,1.3308530972500694,0.7828066199998996,1.3308530972500694,6000.0,100.0,0.0,406.5,1375.0,7.23,5107.024664377146,5107.024664377146,5107.024664377146,892.9753356228539,0.14882922260380899,0.15,0.9921948173587266,-8.973690561210391,261.9273886043864,270.9439183382556,0.9667217858619264,0.7674114231397183
catfish_synth_6000g,1,synth,2099-01-01 00:44:50.819476,44.84699125978354,1.197694128599558,1.2018810091642793,0.8317320337499081,1.2018810091642793,6000.0,100.0,0.0,405.25,1103.0,10.07,5107.024664377146,5107.024664377146,5107.024664377146,892.9753356228539,0.14882922260380899,0.15,0.9921948173587266,-8.445826410550808,262.82621368885856,270.9439183382556,0.9700391701013836,0.7674114231397183
catfish_synth_6000g,1,synth,2099-01-01 00:44:58.804103,44.98006838518349,1.0646170031996078,1.0665836602252314,0.46576993889997437,1.0665836602252314,6000.0,100.0,0.0,406.0,1282.0,8.2,5103.933812051202,5103.933812051202,5105.479238214174,896.066187948798,0.149344364658133,0.15,0.9956290977208867,-8.445826410550808,263.72670223739823,270.9439183382556,0.9733626938551646,0.7674114231397183
catfish_synth_6000g,1,synth,2099-01-01 00:45:06.788731,45.11314551058344,0.9315398777996577,0.9341637028229441,0.46576993889997437,0.9341637028229441,6000.0,100.0,0.0,405.75,1199.0,8.8,5103.933812051202,5103.933812051202,5103.933812051202,896.066187948798,0.149344364658133,0.15,0.9956290977208867,-8.445826410550808,264.62663629791547,270.9439183382556,0.9766841711041713,0.7674114231397183
catfish_synth_6000g,1,synth,2099-01-01 00:45:14.773358,45.24622263598339,0.7984627523997077,0.7999368374810589,0.3685212703383743,0.0,6000.0,100.0,0.0,406.25,1198.0,8.86,5102.528879175773,5102.528879175773,5103.231345613487,897.471120824227,0.14957852013737116,0.15,0.9971901342491412,-6.862233958574484,265.5276793344776,270.9439183382556,0.9800097413627267,0.7674114231397183
catfish_synth_6000g,1,synth,2099-01-01 00:45:22.757986,45.37929976138335,0.6653856269997505,0.6663677460063997,0.30417628662888624,0.0,6000.0,100.0,0.0,406.5,1205.0,8.67,5102.247892600688,5102.247892600688,5102.388385888231,897.7521073993121,0.14962535123321868,0.15,0.9975023415547912,-7.390098109227319,266.42927685906227,270.9439183382556,0.9833373581260565,0.7674114231397183
catfish_synth_6000g,1,synth,2099-01-01 00:45:30.742613,45.5123768867833,0.5323085015998004,0.5324719870118448,0.38713345570941265,0.0,6000.0,100.0,0.0,407.0,1273.0,8.08,5102.247892600688,5102.247892600688,5102.247892600688,897.7521073993121,0.14962535123321868,0.15,0.9975023415547912,-5.80650565725122,267.33198335969195,270.9439183382556,0.9866690678989354,0.7674114231397183
catfish_synth_6000g,1,synth,2099-01-01 00:45:38.727241,45.64545401218325,0.3992313761998503,0.3997221338841867,0.15969255048004774,0.0,6000.0,100.0,9.8,406.75,1163.0,9.76,5100.842959725258,5100.842959725258,5102.247892600688,899.157040274742,0.149859506712457,0.15,0.9990633780830468,-5.278641506594827,268.2341353722991,270.9439183382556,0.9899987311670396,0.7674114231397183
catfish_synth_6000g,1,synth,2099-01-01 00:45:46.711868,45.7785311375832,0.2661542507999002,0.266154250799901,0.0,0.0,6000.0,100.0,9.2,407.25,1264.0,8.27,5100.0,5100.0,5102.247892600688,900.0,0.15,0.15,1.0,-5.278641506594827,269.1373963609513,270.9439183382556,0.9933324874446933,0.7674114231397183
catfish_synth_6000g,1,synth,2099-01-01 00:45:54.696496,45.91160826298315,0.1330771253999501,0.13324061081199634,0.0,0.0,6000.0,100.0,8.5,407.0,1290.0,7.88,5100.0,5100.0,5101.545426162973,900.0,0.15,0.15,1.0,-5.278641506598385,270.0401028615809,270.9439183382556,0.9966641972175719,0.7674114231397183
catfish_synth_6000g,1,synth,2099-01-01 00:46:02.681123,46.0446853883831,0.0,0.0,0.0,0.0,6000.0,100.0,7.9,407.5,1171.0,8.98,5100.0,5100.0,5100.842959725258,900.0,0.15,0.15,1.0,-5.278641506598385,270.9439183382556,270.9439183382556,1.0,0.7674114231397183
catfish_synth_10000g,1,synth,2099-01-01 00:00:00.000000,0.0,69.28807721703069,305.7874591327262,30000.0,30000.0,10000.0,30.1,53.0,28.25,687.0,18.22,10000.0,10000.0,9974.711208242272,0.0,0.0,0.15,0.0,0.0,0.0,407.71661217696834,0.0,1.1548012869505115
catfish_synth_10000g,1,synth,2099-01-01 00:00:12.015274,0.20025455843072454,69.08782265859996,305.7167442417804,29868.872931626574,29868.872931626574,10000.0,30.1,53.1,28.25,688.0,18.26,9993.443646581329,9993.443646581329,9955.978769903215,6.556353418671279,0.0006556353418671278,0.15,0.004370902279114186,0.0,0.0942865212611328,407.71661217696834,0.00023125503951800712,1.1548012869505115
catfish_synth_10000g,1,synth,2099-01-01 00:00:24.030547,0.4005091168614491,68.88756810016925,305.64602935083457,29868.872931626574,29868.872931626574,10000.0,30.2,53.1,28.25,687.0,18.13,9993.443646581329,9993.443646581329,9948.017483609116,6.556353418671279,0.0006556353418671278,0.15,0.004370902279114186,0.0,0.1885730425222656,407.71661217696834,0.00046251007903601424,1.1548012869505115
catfish_synth_10000g,1,synth,2099-01-01 00:00:36.045821,0.6007636752921737,68.68731354173852,305.5759402553838,29119.5753980643,29119.5753980643,10000.0,30.2,53.1,28.0,691.0,18.16,9955.978769903215,9955.978769903215,9940.056197315016,44.021230096785075,0.004402123009678507,0.15,0.02934748673119005,0.0,0.282025169789937,407.71661217696834,0.0006917186137795257,1.1548012869505115
catfish_synth_10000g,1,synth,2099-01-01 00:00:48.061094,0.8010182337228982,68.48705898330779,305.50397377344774,36.22251571614516,305.50397377344774,10000.0,30.2,53.1,28.75,693.0,17.88,9940.056197315016,9940.056197315016,9940.056197315016,59.94380268498389,0.005994380268498389,0.15,0.039962535123322596,-39.75583056129787,0.37798047903799253,407.71661217696834,0.0009270666628465241,1.1548012869505115
catfish_synth_10000g,1,synth,2099-01-01 00:01:00.076368,1.0012727921536229,68.28680442487706,305.4332588825019,36.22251571614517,305.4332588825019,10000.0,30.2,53.1,28.25,692.0,17.78,9940.056197315016,9940.056197315016,9940.056197315016,59.94380268498389,0.005994380268498389,0.15,0.039962535123322596,-39.75583056129786,0.47226700029912533,407.71661217696834,0.0011583217023645313,1.1548012869505115
catfish_synth_10000g,1,synth,2099-01-01 00:01:12.091641,1.2015273505843473,68.08654986644635,305.36191819606097,72.44503143229034,305.36191819606097,10000.0,30.2,53.1,28.5,719.0,17.27,9940.056197315016,9940.056197315016,9940.056197315016,59.94380268498389,0.005994380268498389,0.15,0.039962535123322596,-19.87791528064893,0.5673879155537195,407.71661217696834,0.001391623246657034,1.1548012869505115
catfish_synth_10000g,1,synth,2099-01-01 00:01:24.106915,1.401781909015072,67.88629530801562,305.2899517141249,28801.123946300322,28801.123946300322,10000.0,30.2,53.1,28.75,695.0,18.07,9940.056197315016,9940.056197315016,9940.056197315016,59.94380268498389,0.005994380268498389,0.15,0.039962535123322596,0.0,0.663343224801775,407.71661217696834,0.0016269712957240323,1.1548012869505115
catfish_synth_10000g,1,synth,2099-01-01 00:01:36.122188,1.6020364674457963,67.68604074958489,305.2192368231791,28801.123946300322,28801.123946300322,10000.0,30.2,53.1,28.25,691.0,17.63,9940.056197315016,9940.056197315016,9940.056197315016,59.94380268498389,0.005994380268498389,0.15,0.039962535123322596,0.0,0.7576297460629078,407.71661217696834,0.0018582263352420396,1.1548012869505115
catfish_synth_10000g,1,synth,2099-01-01 00:01:48.137462,1.802291025876521,67.48578619115416,305.14727034124303,28801.123946300322,28801.123946300322,10000.0,30.3,53.1,28.75,693.0,17.97,9940.056197315016,9940.056197315016,9940.056197315016,59.94380268498389,0.005994380268498389,0.15,0.039962535123322596,0.0,0.8535850553109634,407.71661217696834,0.002093574384309038,1.1548012869505115
catfish_synth_10000g,1,synth,2099-01-01 00:02:00.152735,2.0025455843072457,67.28553163272345,305.075303859307,28801.123946300322,28801.123946300322,10000.0,30.3,53.1,28.75,699.0,17.91,9940.056197315016,9940.056197315016,9940.056197315016,59.94380268498389,0.005994380268498389,0.15,0.039962535123322596,0.0,0.9495403645590189,407.71661217696834,0.0023289224333760366,1.1548012869505115
catfish_synth_10000g,1,synth,2099-01-01 00:02:12.168009,2.20280014273797,67.08527707429272,305.0014599908857,28801.123946300322,28801.123946300322,10000.0,30.3,53.1,29.5,699.0,17.78,9940.056197315016,9940.056197315016,9940.056197315016,59.94380268498389,0.005994380268498389,0.15,0.039962535123322596,0.0,1.0479988557874584,407.71661217696834,0.002570409996766522,1.1548012869505115
catfish_synth_10000g,1,synth,2099-01-01 00:02:24.183282,2.4030547011686947,66.88502251586199,304.92323555399867,28801.123946300322,28801.123946300322,10000.0,30.3,53.1,31.25,701.0,17.57,9940.056197315016,9940.056197315016,9940.056197315016,59.94380268498389,0.005994380268498389,0.15,0.039962535123322596,0.0,1.1522981049701275,407.71661217696834,0.0028262230935784767,1.1548012869505115
catfish_synth_10000g,1,synth,2099-01-01 00:02:36.198556,2.603309259599419,66.68476795743128,304.8362499801803,28801.123946300322,28801.123946300322,10000.0,30.3,53.1,34.75,705.0,17.63,9940.056197315016,9940.056197315016,9940.056197315016,59.94380268498389,0.005994380268498389,0.15,0.039962535123322596,0.0,1.2682788700612555,407.71661217696834,0.0031106872572333705,1.1548012869505115
catfish_synth_10000g,1,synth,2099-01-01 00:02:48.213829,2.803563818030144,66.48451339900055,304.73925167844044,28801.123946300322,28801.123946300322,10000.0,30.3,53.1,38.75,706.0,17.42,9940.056197315016,9940.056197315016,9940.056197315016,59.94380268498389,0.005994380268498389,0.15,0.039962535123322596,0.0,1.3976099390477652,407.71661217696834,0.0034278954972801947,1.1548012869505115
catfish_synth_10000g,1,synth,2099-01-01 00:03:00.229103,3.0038183764608686,66.28425884056982,304.6309890577888,28801.123946300322,28801.123946300322,10000.0,30.4,53.1,43.25,705.0,17.57,9940.056197315016,9940.056197315016,9940.056197315016,59.94380268498389,0.005994380268498389,0.15,0.039962535123322596,0.0,1.541960099916579,407.71661217696834,0.00378194082326794,1.1548012869505115
catfish_synth_10000g,1,synth,2099-01-01 00:03:12.244376,3.2040729348915926,66.08400428213909,304.5089589362451,28801.123946300322,28801.123946300322,10000.0,30.4,53.2,48.75,707.0,17.48,9940.056197315016,9940.056197315016,9940.056197315016,59.94380268498389,0.005994380268498389,0.15,0.039962535123322596,0.0,1.7046669286415428,407.71661217696834,0.00418100925429459,1.1548012869505115
catfish_synth_10000g,1,synth,2099-01-01 00:03:24.259650,3.4043274933223175,65.88374972370838,304.3719097228191,28801.123946300322,28801.123946300322,10000.0,30.4,53.2,54.75,718.0,17.78,9940.056197315016,9940.056197315016,9940.056197315016,59.94380268498389,0.005994380268498389,0.15,0.039962535123322596,0.0,1.887399213209579,407.71661217696834,0.004629193799909135,1.1548012869505115
catfish_synth_10000g,1,synth,2099-01-01 00:03:36.274923,3.604582051753042,65.68349516527765,304.2185898265205,28801.123946300322,28801.123946300322,10000.0,30.4,53.2,61.25,709.0,17.1,9940.056197315016,9940.056197315016,9940.056197315016,59.94380268498389,0.005994380268498389,0.15,0.039962535123322596,0.0,2.09182574160761,407.71661217696834,0.0051305874696605655,1.1548012869505115
catfish_synth_10000g,1,synth,2099-01-01 00:03:48.290197,3.8048366101837665,65.48324060684692,304.045870269874,28801.123946300322,28801.123946300322,10000.0,30.5,53.2,69.0,709.0,17.36,9940.056197315016,9940.056197315016,9940.056197315016,59.94380268498389,0.005994380268498389,0.15,0.039962535123322596,0.0,2.322118483802943,407.71661217696834,0.005695422787421361,1.1548012869505115
catfish_synth_10000g,1,synth,2099-01-01 00:04:00.305470,4.005091168614491,65.2829860484162,303.8531252573845,28801.123946300322,28801.123946300322,10000.0,30.5,53.2,77.0,709.0,17.48,9940.056197315016,9940.056197315016,9940.056197315016,59.94380268498389,0.005994380268498389,0.15,0.039962535123322596,0.0,2.5791118337890397,407.71661217696834,0.0063257462579660185,1.1548012869505115
catfish_synth_10000g,1,synth,2099-01-01 00:04:12.320744,4.2053457270452155,65.08273148998548,284.94050814644623,28801.123946300322,28801.123946300322,10000.0,30.6,53.3,85.25,709.0,17.36,9940.056197315016,9940.056197315016,9940.056197315016,59.94380268498389,0.005994380268498389,0.15,0.039962535123322596,0.0,2.8636401855593614,407.71661217696834,0.007023604386069032,1.1548012869505115
catfish_synth_10000g,1,synth,2099-01-01 00:04:24.336017,4.40560028547594,64.88247693155475,256.8492514678607,28801.123946300322,28801.123946300322,10000.0,30.7,53.3,94.5,708.0,17.57,9940.056197315016,9940.056197315016,9940.056197315016,59.94380268498389,0.005994380268498389,0.15,0.039962535123322596,0.0,3.1790411150877524,407.71661217696834,0.0077971831908283835,1.1548012869505115
catfish_synth_10000g,1,synth,2099-01-01 00:04:36.351291,4.605854843906665,64.68222237312402,235.45269945819877,28801.123946300322,28801.123946300322,10000.0,30.7,53.3,103.0,710.0,17.51,9940.056197315016,9940.056197315016,9940.056197315016,59.94380268498389,0.005994380268498389,0.15,0.039962535123322596,0.0,3.5228114403938298,407.71661217696834,0.008640343157920586,1.1548012869505115
catfish_synth_10000g,1,synth,2099-01-01 00:04:48.366564,4.806109402337389,64.4819678146933,215.84988391991646,28801.123946300322,28801.123946300322,10000.0,30.8,53.3,112.25,713.0,17.42,9940.056197315016,9940.056197315016,9940.056197315016,59.94380268498389,0.005994380268498389,0.15,0.039962535123322596,0.0,3.8974543434579765,407.71661217696834,0.009559223801669127,1.1548012869505115
catfish_synth_10000g,1,synth,2099-01-01 00:05:00.381838,5.006363960768114,64.28171325626258,198.807133285599,28801.123946300322,28801.123946300322,10000.0,30.9,53.4,121.75,709.0,17.36,9940.056197315016,9940.056197315016,9940.056197315016,59.94380268498389,0.005994380268498389,0.15,0.039962535123322596,0.0,4.303804218273655,407.71661217696834,0.010555871626848502,1.1548012869505115
catfish_synth_10000g,1,synth,2099-01-01 00:05:12.397111,5.206618519198838,64.08145869783185,185.2768985260266,28801.123946300322,28801.123946300322,10000.0,31.0,53.4,130.5,718.0,17.66,9940.056197315016,9940.056197315016,9940.056197315016,59.94380268498389,0.005994380268498389,0.15,0.039962535123322596,0.0,4.739357882860481,407.71661217696834,0.011624147119135226,1.1548012869505115
catfish_synth_10000g,1,synth,2099-01-01 00:05:24.412385,5.406873077629563,63.88120413940113,172.1964317705994,28801.123946300322,28801.123946300322,10000.0,31.0,53.2,140.25,714.0,17.1,9940.056197315016,9940.056197315016,9940.056197315016,59.94380268498389,0.005994380268498389,0.15,0.039962535123322596,0.0,5.2074529131922995,407.71661217696834,0.01277223629762728,1.1548012869505115
catfish_synth_10000g,1,synth,2099-01-01 00:05:36.427658,5.607127636060288,63.6809495809704,161.07219656561975,28801.123946300322,28801.123946300322,10000.0,31.1,53.2,149.75,715.0,16.54,9940.056197315016,9940.056197315016,9940.056197315016,59.94380268498389,0.005994380268498389,0.15,0.039962535123322596,0.0,5.707254915275649,407.71661217696834,0.013998092657550166,1.1548012869505115
catfish_synth_10000g,1,synth,2099-01-01 00:05:48.442932,5.807382194491012,63.48069502253968,151.97994377407122,28801.123946300322,28801.123946300322,10000.0,31.3,53.3,158.5,720.0,17.1,9940.056197315016,9940.056197315016,9940.056197315016,59.94380268498389,0.005994380268498389,0.15,0.039962535123322596,0.0,6.236260707130147,407.71661217696834,0.015295576684580403,1.1548012869505115
catfish_synth_10000g,1,synth,2099-01-01 00:06:00.458205,6.007636752921737,63.28044046410895,143.82857108097312,28801.123946300322,28801.123946300322,10000.0,31.4,53.3,167.25,720.0,17.1,9940.056197315016,9940.056197315016,9940.056197315016,59.94380268498389,0.005994380268498389,0.15,0.039962535123322596,0.0,6.794470288755792,407.71661217696834,0.016664688378717984,1.1548012869505115
catfish_synth_10000g,1,synth,2099-01-01 00:06:12.473479,6.207891311352461,63.08018590567823,136.09055854804382,28801.123946300322,28801.123946300322,10000.0,31.6,53.4,176.5,719.0,17.1,9940.056197315016,9940.056197315016,9940.056197315016,59.94380268498389,0.005994380268498389,0.15,0.039962535123322596,0.0,7.383552448139507,407.71661217696834,0.018109520749511904,1.1548012869505115
catfish_synth_10000g,1,synth,2099-01-01 00:06:24.488752,6.408145869783185,62.879931347247506,129.46227490839644,28801.123946300322,28801.123946300322,10000.0,31.7,53.5,185.25,720.0,17.1,9940.056197315016,9940.056197315016,9940.056197315016,59.94380268498389,0.005994380268498389,0.15,0.039962535123322596,0.0,8.001838397294367,407.71661217696834,0.01962598078741317,1.1548012869505115
catfish_synth_10000g,1,synth,2099-01-01 00:06:36.504026,6.60840042821391,62.67967678881678,124.06340568395495,28801.123946300322,28801.123946300322,10000.0,31.9,53.5,193.0,730.0,16.76,9940.056197315016,9940.056197315016,9940.056197315016,59.94380268498389,0.005994380268498389,0.15,0.039962535123322596,0.0,8.645990560246533,407.71661217696834,0.021205882473323806,1.1548012869505115
catfish_synth_10000g,1,synth,2099-01-01 00:06:48.519299,6.808654986644635,62.47942223038606,118.48245819003674,28801.123946300322,28801.123946300322,10000.0,32.0,53.6,201.75,733.0,16.93,9940.056197315016,9940.056197315016,9940.056197315016,59.94380268498389,0.005994380268498389,0.15,0.039962535123322596,0.0,9.319346512969844,407.71661217696834,0.022857411826341788,1.1548012869505115
catfish_synth_10000g,1,synth,2099-01-01 00:07:00.534573,7.008909545075359,62.27916767195533,114.17216620635352,28801.123946300322,28801.123946300322,10000.0,32.1,53.4,209.0,736.0,16.65,9940.056197315016,9940.056197315016,9940.056197315016,59.94380268498389,0.005994380268498389,0.15,0.039962535123322596,0.0,10.016899891503535,407.71661217696834,0.02456828981782014,1.1548012869505115
catfish_synth_10000g,1,synth,2099-01-01 00:07:24.565120,7.409418661936809,61.87865855509388,106.24522378650342,28801.123946300322,28801.123946300322,10000.0,32.6,53.6,223.75,746.0,16.51,9940.056197315016,9940.056197315016,9940.056197315016,59.94380268498389,0.005994380268498389,0.15,0.039962535123322596,0.0,11.510465139799356,407.71661217696834,0.028231533364167335,1.1548012869505115
catfish_synth_10000g,1,synth,2099-01-01 00:07:36.580393,7.609673220367533,61.67840399666316,102.59917818634825,28801.123946300322,28801.123946300322,10000.0,32.8,53.6,231.25,752.0,16.22,9940.056197315016,9940.056197315016,9940.056197315016,59.94380268498389,0.005994380268498389,0.15,0.039962535123322596,0.0,12.282279583751105,407.71661217696834,0.0301245502805758,1.1548012869505115
catfish_synth_10000g,1,synth,2099-01-01 00:07:48.595667,7.809927778798258,61.478149438232435,99.59389877739696,28801.123946300322,28801.123946300322,10000.0,33.0,53.5,237.75,751.0,16.14,9940.056197315016,9940.056197315016,9940.056197315016,59.94380268498389,0.005994380268498389,0.15,0.039962535123322596,0.0,13.07578827153285,407.71661217696834,0.032070776321121146,1.1548012869505115
catfish_synth_10000g,1,synth,2099-01-01 00:08:00.610940,8.010182337228983,61.27789487980171,96.74324363737738,28801.123946300322,28801.123946300322,10000.0,33.2,53.6,244.25,742.0,16.22,9940.056197315016,9940.056197315016,9940.056197315016,59.94380268498389,0.005994380268498389,0.15,0.039962535123322596,0.0,13.890991203144592,407.71661217696834,0.03407021148580339,1.1548012869505115
catfish_synth_10000g,1,synth,2099-01-01 00:08:12.626214,8.210436895659706,61.077640321370986,94.12923549517974,28801.123946300322,28801.123946300322,10000.0,33.5,53.6,250.5,762.0,15.91,9940.056197315016,9940.056197315016,9940.056197315016,59.94380268498389,0.005994380268498389,0.15,0.039962535123322596,0.0,14.727053984592867,407.71661217696834,0.036120809269848016,1.1548012869505115
catfish_synth_10000g,1,synth,2099-01-01 00:08:24.641487,8.410691454090431,60.87738576294026,91.54828042811607,28698.095535435532,28698.095535435532,10000.0,33.8,53.7,257.0,767.0,15.24,9934.904776771777,9934.904776771777,9937.480487043396,65.0952232282234,0.00650952232282234,0.15,0.04339681548548227,0.0,15.584811009871137,407.71661217696834,0.03822461617802953,1.1548012869505115
catfish_synth_10000g,1,synth,2099-01-01 00:08:36.656761,8.610946012521156,60.677131204509536,89.25947194356863,28379.644083671556,28379.644083671556,10000.0,34.0,53.5,263.0,767.0,16.22,9918.982204183578,9918.982204183578,9926.943490477677,81.01779581642222,0.008101779581642222,0.15,0.054011863877614814,0.0,16.46259349099248,407.71661217696834,0.040377539200798944,1.1548012869505115
catfish_synth_10000g,1,synth,2099-01-01 00:08:48.672034,8.81120057095188,60.47687664607881,87.2308110697203,28201.6859194505,28201.6859194505,10000.0,34.3,53.6,268.5,770.0,15.58,9910.084295972525,9910.084295972525,9914.533250078051,89.91570402747493,0.008991570402747492,0.15,0.05994380268498328,0.0,17.358732639969972,407.71661217696834,0.04257548532860726,1.1548012869505115
catfish_synth_10000g,1,synth,2099-01-01 00:09:12.702581,9.21170968781333,60.07636752921736,83.1729887322729,27480.487043396788,27480.487043396788,10000.0,34.8,53.8,280.25,784.0,15.41,9874.02435216984,9874.02435216984,9892.054324071181,125.9756478301606,0.01259756478301606,0.15,0.08398376522010707,0.0,19.22944397331032,407.71661217696834,0.047163749033026475,1.1548012869505115
catfish_synth_10000g,1,synth,2099-01-01 00:09:24.717855,9.411964246244054,59.876112970786636,79.9690664810172,27124.570714954716,27124.570714954716,10000.0,35.1,53.7,290.75,784.0,15.26,9856.228535747736,9856.228535747736,9865.126443958787,143.7714642522642,0.014377146425226419,0.15,0.09584764283484279,0.0,20.199844187705875,407.71661217696834,0.049543834085764904,1.1548012869505115
catfish_synth_10000g,1,synth,2099-01-01 00:09:36.733128,9.612218804674779,59.67585841235591,79.97562847383048,26899.781454885997,26899.781454885997,10000.0,35.4,53.8,290.0,785.0,15.41,9844.9890727443,9844.9890727443,9850.608804246018,155.01092725570015,0.015501092725570015,0.15,0.10334061817046677,0.0,21.167741220121044,407.71661217696834,0.05191777962417985,1.1548012869505115
catfish_synth_10000g,1,synth,2099-01-01 00:09:48.748402,9.812473363105502,59.475603853925186,80.1215887572778,26525.13268810486,26525.13268810486,10000.0,35.8,53.9,288.75,793.0,15.14,9826.256634405243,9826.256634405243,9835.622853574772,173.74336559475705,0.017374336559475706,0.15,0.11582891039650471,0.0,22.131466282568905,407.71661217696834,0.054281492638722305,1.1548012869505115
catfish_synth_10000g,1,synth,2099-01-01 00:10:00.763675,10.012727921536229,59.275349295494465,78.02496523417778,26356.540743053374,26356.540743053374,10000.0,36.1,53.9,295.75,794.0,15.12,9817.827037152669,9817.827037152669,9822.041835778957,182.1729628473313,0.01821729628473313,0.15,0.12144864189822087,0.0,23.118554376833686,407.71661217696834,0.05670250778695065,1.1548012869505115
catfish_synth_10000g,1,synth,2099-01-01 00:10:12.778949,10.212982479966952,59.075094737063736,75.21112932394861,25906.96222291601,25906.96222291601,10000.0,36.4,54.0,306.0,790.0,15.0,9795.3481111458,9795.3481111458,9806.587574149235,204.65188885419957,0.02046518888541996,0.15,0.13643459256946638,0.0,24.139852624830382,407.71661217696834,0.05920742963093332,1.1548012869505115
catfish_synth_10000g,1,synth,2099-01-01 00:10:24.794222,10.413237038397677,58.874840178633015,73.68290940024752,25710.27162035589,25710.27162035589,10000.0,36.7,54.1,311.5,818.0,15.1,9785.513581017794,9785.513581017794,9790.430846081797,214.48641898220558,0.021448641898220558,0.15,0.14299094598813705,0.0,25.179507540683225,407.71661217696834,0.06175737457995488,1.1548012869505115
catfish_synth_10000g,1,synth,2099-01-01 00:10:36.809496,10.613491596828402,58.674585620202286,73.60111611094905,25279.42553855759,25279.42553855759,10000.0,37.1,54.1,311.0,799.0,15.0,9763.97127692788,9763.97127692788,9774.742428972837,236.02872307212056,0.023602872307212055,0.15,0.15735248204808036,0.0,26.21749366854915,407.71661217696834,0.06430322651942745,1.1548012869505115
catfish_synth_10000g,1,synth,2099-01-01 00:10:48.824769,10.813746155259127,58.474331061771565,73.51938186831694,193.91923240041638,193.91923240041638,10000.0,37.5,54.2,310.5,806.0,14.86,9747.11208242273,9747.11208242273,9755.541679675305,252.88791757727085,0.025288791757727084,0.15,0.1685919450515139,-6.431090237855393,27.25381100842815,407.71661217696834,0.06684498544935104,1.1548012869505115
catfish_synth_10000g,1,synth,2099-01-01 00:11:00.840043,11.01400071368985,58.27407650334084,72.26885042605312,37.43329852951779,72.26885042605312,10000.0,37.8,54.3,315.0,797.0,14.68,9725.56977833281,9725.56977833281,9736.34093037777,274.43022166718947,0.02744302216671895,0.15,0.18295348111145968,-32.74009575635968,28.305147440189454,407.71661217696834,0.06942358146521554,1.1548012869505115
catfish_synth_10000g,1,synth,2099-01-01 00:11:12.855316,11.214255272120576,58.073821944910115,70.06112780023203,22.394058147091506,70.06112780023203,10000.0,38.2,54.3,324.0,811.0,14.7,9717.608492038713,9717.608492038713,9721.58913518576,282.39150796128706,0.028239150796128706,0.15,0.1882610053075247,-54.371944738245375,29.386522055715368,407.71661217696834,0.07207585165296189,1.1548012869505115
catfish_synth_10000g,1,synth,2099-01-01 00:11:24.870590,11.4145098305513,57.873567386479394,68.63918564558801,20.31096729271528,68.63918564558801,10000.0,38.6,54.4,329.75,809.0,15.05,9699.344364658133,9699.344364658133,9708.476428348422,300.6556353418673,0.03006556353418673,0.15,0.20043709022791154,-59.049101274870786,30.487087733090892,407.71661217696834,0.07477519145052164,1.1548012869505115
catfish_synth_10000g,1,synth,2099-01-01 00:11:36.885863,11.614764388982024,57.673312828048665,67.87123857429904,20.27131292470918,67.87123857429904,10000.0,39.0,54.4,332.5,799.0,15.17,9697.00280986575,9697.00280986575,9698.173587261941,302.99719013425056,0.030299719013425055,0.15,0.20199812675616705,-59.049101274870786,31.59683174439449,407.71661217696834,0.07749704280060084,1.1548012869505115
catfish_synth_10000g,1,synth,2099-01-01 00:11:48.901137,11.81501894741275,57.47305826961794,67.77319973661275,20.033386716672698,67.77319973661275,10000.0,39.4,54.6,332.0,790.0,15.33,9682.953481111457,9682.953481111457,9689.978145488603,317.0465188885428,0.031704651888854275,0.15,0.21136434592569517,-59.049101274870786,32.70490696771116,407.71661217696834,0.08021480114113104,1.1548012869505115
catfish_synth_10000g,1,synth,2099-01-01 00:12:00.916410,12.015273505843474,57.272803711187215,68.13900834986215,18.29848992633083,68.13900834986215,10000.0,39.8,54.7,329.25,795.0,15.03,9666.094286606305,9666.094286606305,9674.523883858881,333.9057133936949,0.03339057133936949,0.15,0.22260380892912995,-63.726257811489674,33.80380385709976,407.71661217696834,0.08291004792914179,1.1548012869505115
catfish_synth_10000g,1,synth,2099-01-01 00:12:12.931684,12.215528064274197,57.072549152756494,66.22393048728982,18.188258059304744,66.22393048728982,10000.0,40.2,54.7,337.75,791.0,15.1,9659.069622229159,9659.069622229159,9662.581954417732,340.930377770841,0.0340930377770841,0.15,0.227286918513894,-63.726257811489674,34.931070142266044,407.71661217696834,0.08567487587948538,1.1548012869505115
catfish_synth_10000g,1,synth,2099-01-01 00:12:24.946957,12.415782622704922,56.872294594325766,65.01004433976793,17.08838898608974,65.01004433976793,10000.0,40.6,54.8,343.0,784.0,15.36,9638.932251014672,9638.932251014672,9649.000936621916,361.06774898532785,0.036106774898532784,0.15,0.24071183265688523,-66.64948064687572,36.075858701295026,407.71661217696834,0.08848268043009343,1.1548012869505115
catfish_synth_10000g,1,synth,2099-01-01 00:12:36.962231,12.616037181135647,56.672040035895044,65.47999642401523,17.046230131683274,65.47999642401523,10000.0,41.0,54.8,339.5,784.0,14.98,9636.122385263814,9636.122385263814,9637.527318139244,363.87761473618593,0.03638776147361859,0.15,0.24258507649079064,-66.64948064687572,37.20896574441554,407.71661217696834,0.0912618339138585,1.1548012869505115
catfish_synth_10000g,1,synth,2099-01-01 00:12:48.977504,12.81629173956637,56.47178547746432,65.37632003140163,16.786250529510045,65.37632003140163,10000.0,41.4,54.9,339.0,784.0,15.19,9618.794879800187,9618.794879800187,9627.458632532002,381.2051201998129,0.03812051201998129,0.15,0.2541367467998753,-66.64948064687572,38.34040399954914,407.71661217696834,0.0940368943880746,1.1548012869505115
catfish_synth_10000g,1,synth,2099-01-01 00:13:00.992778,13.016546297997097,56.271530919033594,64.31960713194817,16.659773966290626,64.31960713194817,10000.0,41.9,55.1,343.5,791.0,15.24,9610.365282547611,9610.365282547611,9614.580081173899,389.63471745238894,0.03896347174523889,0.15,0.2597564783015926,-66.64948064687572,39.486861346565036,407.71661217696834,0.0968487919482316,1.1548012869505115
catfish_synth_10000g,1,synth,2099-01-01 00:13:13.008051,13.21680085642782,56.071276360602866,63.1057197963664,16.533297403071234,63.1057197963664,10000.0,42.3,55.0,349.0,791.0,15.17,9601.935685295037,9601.935685295037,9606.150483921323,398.0643147049632,0.03980643147049632,0.15,0.2653762098033088,-66.64948064687572,40.65167536143708,407.71661217696834,0.09970571261342749,1.1548012869505115
catfish_synth_10000g,1,synth,2099-01-01 00:13:25.023325,13.417055414858545,55.871021802172145,62.27888362293629,16.28737075236681,62.27888362293629,10000.0,42.7,55.2,352.5,786.0,15.33,9585.544801748361,9585.544801748361,9593.740243521699,414.45519825163865,0.04144551982516387,0.15,0.27630346550109247,-66.64948064687572,41.828170892217585,407.71661217696834,0.10259128434546634,1.1548012869505115
catfish_synth_10000g,1,synth,2099-01-01 00:13:37.038598,13.61730997328927,55.67076724374142,62.255809387757175,16.24521189796032,62.255809387757175,10000.0,43.0,55.1,351.5,784.0,15.38,9582.734935997501,9582.734935997501,9584.139868872931,417.26506400249855,0.04172650640024986,0.15,0.27817670933499905,-66.64948064687572,43.00132884702425,407.71661217696834,0.10546867005840721,1.1548012869505115
catfish_synth_10000g,1,synth,2099-01-01 00:13:49.053872,13.817564531719995,55.470512685310695,62.591472844142146,15.950099917115017,62.591472844142146,10000.0,43.4,55.3,348.5,784.0,15.33,9563.065875741491,9563.065875741491,9572.900405869495,436.93412425850875,0.043693412425850876,0.15,0.29128941617233917,-66.64948064687572,44.164474073909375,407.71661217696834,0.10832149771405414,1.1548012869505115
catfish_synth_10000g,1,synth,2099-01-01 00:14:01.069145,14.017819090150718,55.27025812687997,62.122969116379394,15.872808684036503,62.122969116379394,10000.0,43.8,55.4,350.0,796.0,15.14,9557.914455198252,9557.914455198252,9560.490165469871,442.08554480174826,0.04420855448017483,0.15,0.29472369653449887,-66.64948064687572,45.33262566475527,407.71661217696834,0.11118660439834804,1.1548012869505115
catfish_synth_10000g,1,synth,2099-01-01 00:14:13.084419,14.218073648581445,55.070003568449245,61.004641122731236,16.070879337846172,61.004641122731236,10000.0,44.3,55.4,355.25,793.0,15.0,9542.928504527004,9542.928504527004,9550.421479862627,457.0714954729956,0.04570714954729956,0.15,0.3047143303153304,-64.89554694564575,46.51829952946385,407.71661217696834,0.11409468768290634,1.1548012869505115
catfish_synth_10000g,1,synth,2099-01-01 00:14:25.099692,14.418328207012168,54.86974901001852,60.083191224184766,15.782224118486566,60.083191224184766,10000.0,44.7,55.6,359.5,786.0,15.41,9524.196066187948,9524.196066187948,9533.562285357475,475.8039338120525,0.047580393381205247,0.15,0.31720262254136833,-64.89554694564575,47.71815809206127,407.71661217696834,0.11703756154863107,1.1548012869505115
catfish_synth_10000g,1,synth,2099-01-01 00:14:37.114966,14.618582765442891,54.669494451587795,59.67474819997377,16.2206192328892,59.67474819997377,10000.0,45.1,55.6,360.75,783.0,15.41,9524.196066187948,9524.196066187948,9524.196066187948,475.8039338120525,0.047580393381205247,0.15,0.31720262254136833,-63.14161324441119,48.922188624626,407.71661217696834,0.11999066793822827,1.1548012869505115
catfish_synth_10000g,1,synth,2099-01-01 00:14:49.130239,14.818837323873618,54.469239893157074,59.93288905369369,16.36797636079235,59.93288905369369,10000.0,45.4,55.7,358.0,784.0,15.41,9514.361536059943,9514.361536059943,9519.278801123946,485.6384639400567,0.04856384639400567,0.15,0.32375897596003783,-61.97232411025058,50.11704082326266,407.71661217696834,0.12292126277530603,1.1548012869505115
catfish_synth_10000g,1,synth,2099-01-01 00:15:01.145513,15.019091882304341,54.26898533472635,59.98480653896715,16.467086381727295,59.98480653896715,10000.0,45.9,55.8,356.5,789.0,15.31,9501.248829222604,9501.248829222604,9507.805182641274,498.7511707773956,0.04987511707773956,0.15,0.33250078051826376,-60.80303497609877,51.30688665793855,407.71661217696834,0.1258395785837368,1.1548012869505115
catfish_synth_10000g,1,synth,2099-01-01 00:15:13.160786,15.219346440735066,54.068730776295624,59.32537809610453,17.005617101936878,59.32537809610453,10000.0,46.3,55.9,359.25,785.0,15.26,9494.224164845456,9494.224164845456,9497.736497034031,505.77583515454353,0.050577583515454355,0.15,0.33718389010302907,-58.46445670779086,52.50591082654252,407.71661217696834,0.12878040594468704,1.1548012869505115
catfish_synth_10000g,1,synth,2099-01-01 00:15:25.176060,15.419600999165791,53.868476217864895,58.07081059816681,17.148329126026958,58.07081059816681,10000.0,46.8,56.0,365.75,787.0,15.33,9482.516390883548,9482.516390883548,9488.370277864502,517.4836091164525,0.05174836091164525,0.15,0.3449890727443017,-57.295167573634245,53.72662923897648,407.71661217696834,0.13177444242977418,1.1548012869505115
catfish_synth_10000g,1,synth,2099-01-01 00:15:37.191333,15.619855557596516,53.668221659434174,57.83089018550237,16.93581408442697,57.83089018550237,10000.0,47.2,56.0,366.0,774.0,16.06,9470.340305963158,9470.340305963158,9476.428348423353,529.6596940368418,0.05296596940368418,0.15,0.35310646269122786,-57.295167573634245,54.9481820454039,407.71661217696834,0.13477052541963577,1.1548012869505115
catfish_synth_10000g,1,synth,2099-01-01 00:15:49.206607,15.820110116027239,53.46796710100345,58.06844690858612,16.641562488365516,58.06844690858612,10000.0,47.6,56.2,363.25,782.0,15.55,9453.481111458008,9453.481111458008,9461.910708710584,546.518888541992,0.05465188885419921,0.15,0.3643459256946614,-57.295167573634245,56.16055651790324,407.71661217696834,0.13774409685697794,1.1548012869505115
catfish_synth_10000g,1,synth,2099-01-01 00:16:01.221880,16.020364674457966,53.267712542572724,57.74854582493165,16.48626303488862,57.74854582493165,10000.0,48.0,56.1,364.0,759.0,15.29,9444.583203246955,9444.583203246955,9449.032157352482,555.4167967530448,0.055541679675304476,0.15,0.3702778645020299,-57.295167573634245,57.37543417238297,407.71661217696834,0.14072380780864358,1.1548012869505115
catfish_synth_10000g,1,synth,2099-01-01 00:16:13.237154,16.22061923288869,53.067457984141996,56.843085143808416,16.60667698986221,56.843085143808416,10000.0,48.5,56.3,368.5,768.0,15.29,9441.773337496097,9441.773337496097,9443.178270371525,558.2266625039028,0.055822666250390285,0.15,0.37215110833593523,-56.71052300656035,58.605330918745,407.71661217696834,0.14374035584625014,1.1548012869505115
catfish_synth_10000g,1,synth,2099-01-01 00:16:25.252427,16.420873791319412,52.86720342571128,56.2978624354827,16.474550270897616,56.2978624354827,10000.0,48.9,56.5,370.75,783.0,15.43,9434.280362160474,9434.280362160474,9438.026849828286,565.7196378395256,0.05657196378395256,0.15,0.3771464252263504,-56.71052300656035,59.84273721104818,407.71661217696834,0.14677532242682717,1.1548012869505115
catfish_synth_10000g,1,synth,2099-01-01 00:16:37.267701,16.62112834975014,52.66694886728055,56.711626826586894,16.251586432644892,56.711626826586894,10000.0,49.3,56.6,366.75,785.0,15.33,9421.635966281612,9421.635966281612,9427.958164221043,578.3640337183879,0.05783640337183879,0.15,0.3855760224789253,-56.71052300656035,61.06679319945599,407.71661217696834,0.14977754493101228,1.1548012869505115
catfish_synth_10000g,1,synth,2099-01-01 00:16:49.282974,16.821382908180862,52.466694308849824,56.280367678231165,16.79554361031777,56.280367678231165,10000.0,49.8,56.7,368.25,794.0,15.17,9413.206369029034,9413.206369029034,9417.421167655324,586.7936309709658,0.05867936309709657,0.15,0.3911957539806438,-54.37194473824812,62.29585555182456,407.71661217696834,0.15279204646384437,1.1548012869505115
catfish_synth_10000g,1,synth,2099-01-01 00:17:01.298248,17.021637466611587,52.2664397504191,55.40067206131073,17.56778626233114,55.40067206131073,10000.0,50.1,56.7,372.75,785.0,15.38,9403.840149859507,9403.840149859507,9408.523259444271,596.1598501404933,0.05961598501404933,0.15,0.3974399000936622,-51.44872190285702,63.53993699607544,407.71661217696834,0.15584338508261736,1.1548012869505115
catfish_synth_10000g,1,synth,2099-01-01 00:17:13.313522,17.22189202504231,52.06618519198838,55.46174142769751,17.771427790037922,55.46174142769751,10000.0,50.6,56.8,371.0,783.0,15.41,9393.537308773026,9393.537308773026,9398.688729316265,606.4626912269741,0.06064626912269741,0.15,0.4043084608179828,-50.27943276870042,64.77817768237207,407.71661217696834,0.15888039816796887,1.1548012869505115
catfish_synth_10000g,1,synth,2099-01-01 00:17:25.328795,17.422146583473037,51.86593063355765,55.52433872437435,17.641029472921733,55.52433872437435,10000.0,51.0,57.2,369.25,797.0,15.14,9386.980955354355,9386.980955354355,9390.25913206369,613.0190446456454,0.061301904464564544,0.15,0.40867936309709696,-50.2794327686961,66.0105776107145,407.71661217696834,0.16190308571989898,1.1548012869505115
catfish_synth_10000g,1,synth,2099-01-01 00:17:37.344069,17.62240114190376,51.665676075126925,54.509183931162944,17.445431997245446,54.509183931162944,10000.0,51.6,57.3,374.75,791.0,15.17,9377.14642522635,9377.14642522635,9382.063690290353,622.8535747736496,0.06228535747736496,0.15,0.4152357165157664,-50.27943276869543,67.26133420691306,407.71661217696834,0.1649707963768679,1.1548012869505115
catfish_synth_10000g,1,synth,2099-01-01 00:17:49.359342,17.822655700334487,51.4654215166962,54.74881518791309,17.528163702642136,54.74881518791309,10000.0,52.1,57.5,371.75,788.0,15.29,9371.058382766156,9371.058382766156,9374.102403996254,628.9416172338442,0.06289416172338443,0.15,0.4192944114892295,-49.6947882016218,68.5020780751901,407.71661217696834,0.16801394897654293,1.1548012869505115
catfish_synth_10000g,1,synth,2099-01-01 00:18:01.374616,18.02291025876521,51.26516695826548,54.69623106828996,17.016980383858723,54.69623106828996,10000.0,52.4,57.8,370.75,800.0,14.86,9355.604121136434,9355.604121136434,9363.331251951295,644.3958788635664,0.06443958788635663,0.15,0.4295972525757109,-50.27943276869543,69.73948436749329,407.71661217696834,0.17104891555711998,1.1548012869505115
catfish_synth_10000g,1,synth,2099-01-01 00:18:13.389889,18.223164817195933,51.06491239983475,53.696430274973935,17.17948517737454,53.696430274973935,10000.0,52.7,58.0,376.25,790.0,15.29,9353.730877302529,9353.730877302529,9354.667499219482,646.2691226974712,0.06462691226974712,0.15,0.4308460817983142,-49.6947882016218,70.99524732765262,407.71661217696834,0.1741289052427359,1.1548012869505115
catfish_synth_10000g,1,synth,2099-01-01 00:18:25.405163,18.42341937562666,50.864657841404025,54.21935996267081,16.93446783529459,54.21935996267081,10000.0,53.1,58.2,371.25,797.0,15.24,9341.554792382141,9341.554792382141,9347.642834842336,658.4452076178586,0.06584452076178586,0.15,0.4389634717452391,-49.6947882016218,72.23432240794273,407.71661217696834,0.17716796483286193,1.1548012869505115
catfish_synth_10000g,1,synth,2099-01-01 00:18:37.420436,18.623673934057383,50.66440328297331,53.40543754847084,17.417262325948585,53.40543754847084,10000.0,53.6,58.3,375.5,803.0,15.63,9334.998438963472,9334.998438963472,9338.276615672807,665.0015610365281,0.06650015610365281,0.15,0.4433343740243521,-47.940854500392675,73.48758218612167,407.71661217696834,0.18024181500415434,1.1548012869505115
catfish_synth_10000g,1,synth,2099-01-01 00:18:49.435710,18.823928492488108,50.46414872454258,53.41937592138425,17.802630244489805,53.41937592138425,10000.0,54.0,58.5,374.0,795.0,15.07,9332.65688417109,9332.65688417109,9333.82766156728,667.3431158289095,0.06673431158289095,0.15,0.44489541055260634,-46.77156536623632,74.73583560033985,407.71661217696834,0.18330338614679983,1.1548012869505115
catfish_synth_10000g,1,synth,2099-01-01 00:19:01.450983,19.024183050918833,50.263894166111854,53.36233684799745,17.62240114190395,53.36233684799745,10000.0,54.5,58.8,373.0,807.0,14.79,9324.227286918514,9324.227286918514,9328.442085544802,675.7727130814856,0.06757727130814856,0.15,0.45051514205432375,-46.77156536623157,75.98075143858419,407.71661217696834,0.1863567712703473,1.1548012869505115
catfish_synth_10000g,1,synth,2099-01-01 00:19:13.466257,19.224437609349557,50.06363960768113,52.49108003932718,17.402121127630124,52.49108003932718,10000.0,55.0,58.9,377.75,802.0,15.63,9313.924445832032,9313.924445832032,9319.075866375273,686.0755541679682,0.06860755541679682,0.15,0.4573837027786455,-46.77156536623157,77.2415207627043,407.71661217696834,0.18944903998461024,1.1548012869505115
catfish_synth_10000g,1,synth,2099-01-01 00:19:25.481530,19.424692167780282,49.86338504925041,52.53513236937737,17.191853841276245,52.53513236937737,10000.0,55.3,59.1,376.0,794.0,15.14,9304.089915704026,9304.089915704026,9309.007180768029,695.9100842959742,0.06959100842959742,0.15,0.46394005619731615,-46.771565366235905,78.49644932887017,407.71661217696834,0.19252698316545167,1.1548012869505115
catfish_synth_10000g,1,synth,2099-01-01 00:19:37.496804,19.624946726211004,49.66313049081968,52.68651858985814,17.171828385433205,52.68651858985814,10000.0,55.7,59.3,373.5,814.0,14.79,9303.153293787074,9303.153293787074,9303.62160474555,696.8467062129257,0.06968467062129258,0.15,0.4645644708086172,-46.771565366235905,79.74303395510142,407.71661217696834,0.19558446129854815,1.1548012869505115
catfish_synth_10000g,1,synth,2099-01-01 00:19:49.512077,19.825201284641732,49.462875932388954,51.75595585295414,17.43755078027416,51.75595585295414,10000.0,56.0,59.5,378.75,809.0,14.96,9295.192007492977,9295.192007492977,9299.172650640026,704.8079925070233,0.07048079925070233,0.15,0.46987199500468224,-45.602276232079554,81.00714085519537,407.71661217696834,0.19868491603190902,1.1548012869505115
catfish_synth_10000g,1,synth,2099-01-01 00:20:01.527351,20.025455843072457,49.26262137395823,52.07326085305295,18.03893062344034,52.07326085305295,10000.0,56.6,59.6,375.0,805.0,14.96,9290.977208866687,9290.977208866687,9293.084608179832,709.0227911333131,0.07090227911333132,0.15,0.47268186075554214,-43.84834253084087,82.2587318453874,407.71661217696834,0.20175467319365248,1.1548012869505115
catfish_synth_10000g,1,synth,2099-01-01 00:20:13.542624,20.22571040150318,49.06236681552751,51.49391571263441,18.368555113043843,51.49391571263441,10000.0,57.1,59.8,377.75,816.0,14.66,9283.95254448954,9283.95254448954,9287.464876678114,716.0474555104593,0.07160474555104593,0.15,0.4773649703403062,-42.67905339668452,83.5195011695075,407.71661217696834,0.20484694190791541,1.1548012869505115
catfish_synth_10000g,1,synth,2099-01-01 00:20:25.557898,20.425964959933903,48.86211225709678,50.92149750582066,18.66034026165672,50.92149750582066,10000.0,57.3,60.0,380.5,813.0,15.14,9274.586325320011,9274.586325320011,9279.269434904776,725.4136746799886,0.07254136746799886,0.15,0.4836091164533257,-41.50976426253233,84.78944882755567,407.71661217696834,0.20796172217469774,1.1548012869505115
catfish_synth_10000g,1,synth,2099-01-01 00:20:37.573171,20.626219518364632,48.661857698666054,51.05802533830145,18.92691655111118,51.05802533830145,10000.0,57.7,60.1,378.0,810.0,14.91,9274.586325320011,9274.586325320011,9274.586325320011,725.4136746799886,0.07254136746799886,0.15,0.4836091164533257,-40.92511969544961,86.05105254566924,407.71661217696834,0.21105603739373513,1.1548012869505115
catfish_synth_10000g,1,synth,2099-01-01 00:20:49.588445,20.826474076795353,48.46160314023534,50.85777077987073,18.864559852171432,50.85777077987073,10000.0,58.1,60.3,378.0,827.0,14.44,9261.005307524196,9261.005307524196,9267.795816422104,738.9946924758042,0.07389946924758042,0.15,0.4926631283172028,-40.34047512837142,87.3126562637828,407.71661217696834,0.21415035261277254,1.1548012869505115
catfish_synth_10000g,1,synth,2099-01-01 00:21:01.603718,21.02672863522608,48.26134858180461,50.19093116841366,18.400533140378965,50.19093116841366,10000.0,58.4,60.7,381.5,821.0,14.59,9253.044021230096,9253.044021230096,9257.024664377146,746.9559787699036,0.07469559787699036,0.15,0.49797065251326905,-40.92511969544961,88.58594149780481,407.71661217696834,0.21727331889865284,1.1548012869505115
catfish_synth_10000g,1,synth,2099-01-01 00:21:13.618992,21.226983193656803,48.06109402337388,50.48893204845164,17.927013709656958,50.48893204845164,10000.0,58.9,60.9,377.75,816.0,14.66,9244.146113019046,9244.146113019046,9248.59506712457,755.8538869809545,0.07558538869809545,0.15,0.5039025913206363,-41.50976426253233,89.84671082192492,407.71661217696834,0.22036558761291578,1.1548012869505115
catfish_synth_10000g,1,synth,2099-01-01 00:21:25.634265,21.427237752087525,47.86083946494317,49.95673184867672,18.183113905511334,49.95673184867672,10000.0,59.2,61.3,380.25,827.0,14.31,9244.146113019046,9244.146113019046,9244.146113019046,755.8538869809545,0.07558538869809545,0.15,0.5039025913206363,-40.92511969544961,91.11582408597964,407.71661217696834,0.22347832137492366,1.1548012869505115
catfish_synth_10000g,1,synth,2099-01-01 00:21:37.649539,21.627492310518253,47.66058490651244,49.527617916593684,18.202849137356854,49.527617916593684,10000.0,59.6,61.5,382.0,819.0,14.61,9234.311582891041,9234.311582891041,9239.228847955044,765.6884171089587,0.07656884171089587,0.15,0.5104589447393059,-40.34047512837142,92.3907781079886,407.71661217696834,0.22660538067035302,1.1548012869505115
catfish_synth_10000g,1,synth,2099-01-01 00:21:49.664812,21.827746868948978,47.46033034808171,49.752352818833394,18.896748331915212,49.752352818833394,10000.0,60.1,61.6,378.75,821.0,14.64,9229.160162347798,9229.160162347798,9231.73587261942,770.8398376522018,0.07708398376522019,0.15,0.513893225101468,-38.58654142714599,93.65488500808253,407.71661217696834,0.22970583540371386,1.1548012869505115
catfish_synth_10000g,1,synth,2099-01-01 00:22:01.680086,22.0280014273797,47.26007578965099,49.25828515320484,20.051295140932744,49.25828515320484,10000.0,60.3,62.0,381.0,839.0,14.03,9226.818607555417,9226.818607555417,9227.989384951608,773.1813924445833,0.07731813924445832,0.15,0.5154542616297222,-36.247963158832974,94.92650145411764,407.71661217696834,0.23282470868004523,1.1548012869505115
catfish_synth_10000g,1,synth,2099-01-01 00:22:13.695359,22.228255985810424,47.05982123122027,48.89695052560077,20.840050657029106,48.89695052560077,10000.0,60.8,62.1,382.25,821.0,14.29,9218.857321261317,9218.857321261317,9222.837964408367,781.1426787386827,0.07811426787386827,0.15,0.5207617858257885,-34.4940294575942,96.20228987012004,407.71661217696834,0.23595381448024905,1.1548012869505115
catfish_synth_10000g,1,synth,2099-01-01 00:22:25.710633,22.428510544241153,46.85956667278954,49.01859820894491,22.341126736924643,49.01859820894491,10000.0,61.0,62.4,379.75,831.0,14.33,9218.38901030284,9218.38901030284,9218.623165782079,781.6109896971593,0.07816109896971593,0.15,0.5210739931314395,-32.15545118928635,97.46973434618783,407.71661217696834,0.23906245523270794,1.1548012869505115
catfish_synth_10000g,1,synth,2099-01-01 00:22:37.725906,22.628765102671874,46.65931211435881,48.52962154064474,24.38299503452086,48.52962154064474,10000.0,61.4,62.6,382.0,845.0,14.03,9212.769278801123,9212.769278801123,9215.579144551983,787.2307211988773,0.07872307211988773,0.15,0.5248204807992516,-29.232228353899963,98.74468836819679,407.71661217696834,0.24218951452813728,1.1548012869505115
catfish_synth_10000g,1,synth,2099-01-01 00:22:49.741180,22.8290196611026,46.45905755592809,48.29762753058509,23.998506282334002,48.29762753058509,10000.0,61.8,62.7,382.25,826.0,14.39,9201.52981579769,9201.52981579769,9207.149547299407,798.4701842023096,0.07984701842023097,0.15,0.5323134561348731,-29.232228353899963,100.02047678419919,407.71661217696834,0.2453186203283411,1.1548012869505115
catfish_synth_10000g,1,synth,2099-01-01 00:23:01.756453,23.029274219533324,46.25880299749737,48.35140388618768,23.74218044754266,48.35140388618768,10000.0,62.3,63.0,380.25,842.0,14.07,9194.036840462066,9194.036840462066,9197.783328129877,805.9631595379342,0.08059631595379342,0.15,0.5373087730252895,-29.232228353899963,101.28959004825391,407.71661217696834,0.24843135409034897,1.1548012869505115
catfish_synth_10000g,1,synth,2099-01-01 00:23:13.771727,23.22952877796405,46.05854843906664,47.83533349571131,23.43779351872805,47.83533349571131,10000.0,62.7,63.2,382.75,845.0,14.26,9185.138932251015,9185.138932251015,9189.587886356541,814.8610677489851,0.08148610677489851,0.15,0.5432407118326568,-29.232228353899963,102.56704725224324,407.71661217696834,0.2515645529001018,1.1548012869505115
catfish_synth_10000g,1,synth,2099-01-01 00:23:25.787000,23.429783336394774,45.85829388063591,47.728996476866406,23.26156950730896,47.728996476866406,10000.0,63.1,63.2,382.0,831.0,14.33,9179.987511707772,9179.987511707772,9182.563221979393,820.0124882922282,0.08200124882922283,0.15,0.5466749921948189,-29.232228353899963,103.8420012742522,407.71661217696834,0.25469161219553116,1.1548012869505115
catfish_synth_10000g,1,synth,2099-01-01 00:23:37.802274,23.6300378948255,45.65803932220519,47.71689827774002,21.286317877632356,47.71689827774002,10000.0,63.3,63.6,380.5,852.0,13.89,9172.026225413674,9172.026225413674,9176.006868560722,827.9737745863258,0.08279737745863258,0.15,0.5519825163908839,-31.570806622212416,105.11194893230038,407.71661217696834,0.2578063924623135,1.1548012869505115
catfish_synth_10000g,1,synth,2099-01-01 00:23:49.817547,23.83029245325622,45.45778476377447,47.1125266654913,21.286317877632356,47.1125266654913,10000.0,63.7,63.7,383.75,855.0,13.78,9172.026225413674,9172.026225413674,9172.026225413674,827.9737745863258,0.08279737745863258,0.15,0.5519825163908839,-31.570806622212416,106.39274371226355,407.71661217696834,0.2609477772911643,1.1548012869505115
catfish_synth_10000g,1,synth,2099-01-01 00:24:01.832821,24.03054701168695,45.25753020534374,47.03536166072613,22.63677528500528,47.03536166072613,10000.0,64.1,64.0,382.75,844.0,14.29,9161.723384327193,9161.723384327193,9166.874804870433,838.2766156728067,0.08382766156728066,0.15,0.5588510771152044,-29.232228353899963,107.6702009162529,407.71661217696834,0.2640809761009172,1.1548012869505115
catfish_synth_10000g,1,synth,2099-01-01 00:24:13.848094,24.230801570117674,45.05727564691301,46.98922034495834,22.508612367609643,46.98922034495834,10000.0,64.5,64.1,381.5,865.0,13.64,9157.976896659382,9157.976896659382,9159.850140493287,842.023103340618,0.08420231033406181,0.15,0.5613487355604121,-29.232228353899963,108.94348615027491,407.71661217696834,0.2672039423867975,1.1548012869505115
catfish_synth_10000g,1,synth,2099-01-01 00:24:25.863368,24.431056128548395,44.8570210884823,46.39204579660919,22.460551273586255,46.39204579660919,10000.0,64.9,64.2,384.75,855.0,13.93,9156.571963783952,9156.571963783952,9157.274430221667,843.428036216048,0.0843428036216048,0.15,0.5622853574773654,-29.232228353899963,110.22761850621193,407.71661217696834,0.27035351323474627,1.1548012869505115
catfish_synth_10000g,1,synth,2099-01-01 00:24:37.878641,24.63131068697912,44.65676653005157,46.58700525872625,22.12412361542272,46.58700525872625,10000.0,65.4,64.5,381.5,879.0,13.74,9146.737433655948,9146.737433655948,9151.65469871995,853.2625663440522,0.08532625663440521,0.15,0.5688417108960347,-29.232228353899963,111.50090374023395,407.71661217696834,0.27347647952062665,1.1548012869505115
catfish_synth_10000g,1,synth,2099-01-01 00:24:49.893915,24.831565245409845,44.45651197162084,45.93327563288417,21.05753702882697,45.93327563288417,10000.0,65.8,64.6,385.25,861.0,13.68,9140.181080237277,9140.181080237277,9143.459256946611,859.8189197627235,0.08598189197627235,0.15,0.573212613175149,-30.401517488056314,112.7867048841579,407.71661217696834,0.2766301433781244,1.1548012869505115
catfish_synth_10000g,1,synth,2099-01-01 00:25:01.909188,25.03181980384057,44.25625741319012,45.942625330926845,21.05753702883029,45.942625330926845,10000.0,66.1,64.8,383.5,864.0,13.66,9140.181080237277,9140.181080237277,9140.181080237277,859.8189197627235,0.08598189197627235,0.15,0.573212613175149,-30.40151748805152,114.06666527012761,407.71661217696834,0.27976948170220073,1.1548012869505115
catfish_synth_10000g,1,synth,2099-01-01 00:25:13.924462,25.232074362271295,44.0560028547594,45.385765659966296,21.938091217475566,45.385765659966296,10000.0,66.5,64.9,386.5,867.0,13.54,9128.473306275366,9128.473306275366,9134.327193256322,871.5266937246342,0.08715266937246342,0.15,0.5810177958164229,-28.647583786812454,115.35663838401885,407.71661217696834,0.28293337808357094,1.1548012869505115
catfish_synth_10000g,1,synth,2099-01-01 00:25:25.939735,25.43232892070202,43.85574829632867,45.54054968557702,20.23704556519027,45.54054968557702,10000.0,66.8,65.0,383.5,869.0,13.56,9127.068373399938,9127.068373399938,9127.770839837653,872.9316266000624,0.08729316266000624,0.15,0.581954417733375,-30.986162055125156,116.63659876998858,407.71661217696834,0.2860727164076473,1.1548012869505115
catfish_synth_10000g,1,synth,2099-01-01 00:25:37.955009,25.63258347913274,43.65549373789795,44.92842969071343,21.6438396214141,44.92842969071343,10000.0,67.3,65.3,387.0,874.0,13.52,9120.043709022792,9120.043709022792,9123.556041211365,879.9562909772085,0.08799562909772085,0.15,0.586637527318139,-28.647583786812454,117.92824067186675,407.71661217696834,0.28924070579856653,1.1548012869505115
catfish_synth_10000g,1,synth,2099-01-01 00:25:49.970282,25.83283803756347,43.45523917946722,45.02029756200125,23.05539437932947,45.02029756200125,10000.0,67.7,65.3,384.5,873.0,13.5,9120.043709022792,9120.043709022792,9120.043709022792,879.9562909772085,0.08799562909772085,0.15,0.586637527318139,-26.893650085582465,119.21153863381032,407.71661217696834,0.29238823014174087,1.1548012869505115
catfish_synth_10000g,1,synth,2099-01-01 00:26:01.985556,26.033092595994194,43.2549846210365,44.50033785626129,23.86670237296827,44.50033785626129,10000.0,68.0,65.6,387.25,866.0,13.14,9113.955666562597,9113.955666562597,9116.999687792693,886.0443334374031,0.08860443334374031,0.15,0.5906962222916021,-25.724360951430427,120.50401492968196,407.71661217696834,0.2955582660374346,1.1548012869505115
catfish_synth_10000g,1,synth,2099-01-01 00:26:14.000829,26.233347154424916,43.05473006260577,44.44419060954125,22.463337423969037,44.44419060954125,10000.0,68.4,65.7,386.0,858.0,13.68,9104.121136434593,9104.121136434593,9109.038401498594,895.8788635654073,0.08958788635654073,0.15,0.5972525757102716,-26.893650085582465,121.79231925558629,407.71661217696834,0.2987180694092559,1.1548012869505115
catfish_synth_10000g,1,synth,2099-01-01 00:26:26.016103,26.43360171285564,42.85447550417505,44.21516958469658,22.445923984105487,44.21516958469658,10000.0,68.7,65.7,386.25,899.0,13.1,9103.652825476116,9103.652825476116,9103.886980955354,896.347174523884,0.0896347174523884,0.15,0.5975647830159226,-26.893650085582465,123.08145797548408,407.71661217696834,0.30187991928585167,1.1548012869505115
catfish_synth_10000g,1,synth,2099-01-01 00:26:38.031376,26.63385627128637,42.65422094574432,43.98631530467162,23.12029901881747,43.98631530467162,10000.0,69.1,65.8,386.5,850.0,13.93,9094.754917265063,9094.754917265063,9099.20387137059,905.2450827349367,0.09052450827349366,0.15,0.6034967218232911,-25.724360951430427,124.37143108937533,407.71661217696834,0.3050438156672219,1.1548012869505115
catfish_synth_10000g,1,synth,2099-01-01 00:26:50.046650,26.83411082971709,42.4539663873136,43.757627446108586,22.01058798751694,43.757627446108586,10000.0,69.3,66.0,386.75,885.0,13.23,9091.945051514205,9091.945051514205,9093.349984389635,908.0549484857947,0.09080549484857947,0.15,0.6053699656571965,-26.893650085582465,125.66223859726004,407.71661217696834,0.30820975855336663,1.1548012869505115
catfish_synth_10000g,1,synth,2099-01-01 00:27:02.061923,27.034365388147815,42.25371182888287,43.50087498264739,21.975761107790024,43.50087498264739,10000.0,69.7,66.1,387.25,842.0,13.89,9091.008429597252,9091.008429597252,9091.476740555729,908.991570402748,0.0908991570402748,0.15,0.6059943802684987,-26.893650085582237,126.95471489313168,407.71661217696834,0.3113797944490604,1.1548012869505115
catfish_synth_10000g,1,synth,2099-01-01 00:27:14.077197,27.23461994657854,42.05345727045215,43.49809521337265,21.662319190246254,43.49809521337265,10000.0,70.0,66.1,385.5,872.0,13.42,9082.578832344676,9082.578832344676,9086.793630970964,917.4211676553241,0.09174211676553241,0.15,0.6116141117702161,-26.893650085582237,128.24135043104909,407.71661217696834,0.3145355048113327,1.1548012869505115
catfish_synth_10000g,1,synth,2099-01-01 00:27:26.092470,27.43487450500926,41.85320271202143,42.98974081762891,20.221623573783376,42.98974081762891,10000.0,70.3,66.4,388.25,875.0,13.39,9079.300655635341,9079.300655635341,9080.93974399001,920.6993443646588,0.09206993443646588,0.15,0.6137995629097726,-28.647583786812454,129.53716430289455,407.71661217696834,0.31771372672612436,1.1548012869505115
catfish_synth_10000g,1,synth,2099-01-01 00:27:38.107744,27.63512906343999,41.6529481535907,43.04007412665847,21.31405039297545,43.04007412665847,10000.0,70.7,66.4,386.0,849.0,13.91,9073.212613175148,9073.212613175148,9076.256634405245,926.7873868248516,0.09267873868248516,0.15,0.6178582578832345,-26.893650085582237,130.8254686287989,407.71661217696834,0.32087353009794567,1.1548012869505115
catfish_synth_10000g,1,synth,2099-01-01 00:27:50.123017,27.835383621870715,41.45269359515997,42.67321282967294,22.24646094566918,42.67321282967294,10000.0,71.0,66.7,387.5,893.0,13.08,9072.275991258193,9072.275991258193,9072.74430221667,927.7240087418068,0.09277240087418068,0.15,0.6184826724945379,-25.724360951425886,132.11877931866397,407.71661217696834,0.32404561249841385,1.1548012869505115
catfish_synth_10000g,1,synth,2099-01-01 00:28:02.138291,28.035638180301437,41.25243903672926,42.52809162115135,23.019738288181333,42.52809162115135,10000.0,71.3,66.7,387.0,850.0,13.78,9065.251326881047,9065.251326881047,9068.76365906962,934.7486731189529,0.09347486731189529,0.15,0.623165782079302,-24.555071817269763,133.41042122054216,407.71661217696834,0.3272136018893332,1.1548012869505115
catfish_synth_10000g,1,synth,2099-01-01 00:28:14.153564,28.23589273873216,41.05218447829853,42.355327748965706,22.733660347566,42.355327748965706,10000.0,71.6,66.8,386.75,894.0,13.12,9058.226662503901,9058.226662503901,9061.738994692474,941.773337496099,0.0941773337496099,0.15,0.6278488916640661,-24.555071817269763,134.70122872842686,407.71661217696834,0.3303795447754779,1.1548012869505115
catfish_synth_10000g,1,synth,2099-01-01 00:28:26.168838,28.43614729716289,40.8519299198678,42.018619170725174,23.87034336494054,42.018619170725174,10000.0,71.8,66.8,388.0,870.0,13.41,9058.226662503901,9058.226662503901,9058.226662503901,941.773337496099,0.0941773337496099,0.15,0.6278488916640661,-23.385782683117746,135.99620820627888,407.71661217696834,0.3335557201854951,1.1548012869505115
catfish_synth_10000g,1,synth,2099-01-01 00:28:38.184111,28.63640185559361,40.65167536143708,42.036077664992504,23.79024154156837,42.036077664992504,10000.0,72.1,67.0,386.0,880.0,13.31,9056.353418669998,9056.353418669998,9057.29004058695,943.6465813300019,0.0943646581330002,0.15,0.629097720886668,-23.385782683117746,137.28451253218321,407.71661217696834,0.3367155235573164,1.1548012869505115
catfish_synth_10000g,1,synth,2099-01-01 00:28:50.199385,28.836656414024336,40.45142080300636,41.565320676285126,23.610012438980938,41.565320676285126,10000.0,72.5,67.0,388.5,895.0,13.06,9052.13862004371,9052.13862004371,9054.246019356855,947.86137995629,0.094786137995629,0.15,0.6319075866375267,-23.385782683117537,138.58116079802215,407.71661217696834,0.33989579197688263,1.1548012869505115
catfish_synth_10000g,1,synth,2099-01-01 00:29:02.214658,29.03691097245506,40.25116624457563,41.58015186520904,23.2896051454918,41.58015186520904,10000.0,72.8,67.0,386.5,870.0,13.46,9044.645644708087,9044.645644708087,9048.392132375899,955.3543552919127,0.09553543552919128,0.15,0.6369029035279419,-23.385782683117537,139.8711339119134,407.71661217696834,0.34305968835825285,1.1548012869505115
catfish_synth_10000g,1,synth,2099-01-01 00:29:14.229932,29.237165530885783,40.05091168614491,41.13924047926264,22.90912148447322,41.13924047926264,10000.0,73.1,67.2,388.75,898.0,13.01,9035.747736497035,9035.747736497035,9040.196690602561,964.2522635029654,0.09642522635029654,0.15,0.6428348423353103,-23.385782683117746,141.16861657174582,407.71661217696834,0.3462420032825936,1.1548012869505115
catfish_synth_10000g,1,synth,2099-01-01 00:29:26.245205,29.43742008931651,39.85065712771418,41.09833740106147,22.86907057278698,41.09833740106147,10000.0,73.4,67.3,387.25,890.0,13.06,9034.81111458008,9034.81111458008,9035.279425538556,965.1888854199206,0.09651888854199206,0.15,0.6434592569466138,-23.385782683117746,142.46109286761745,407.71661217696834,0.34941203917828734,1.1548012869505115
catfish_synth_10000g,1,synth,2099-01-01 00:29:38.260479,29.637674647747236,39.65040256928346,40.739504048800285,22.488586911768763,40.739504048800285,10000.0,73.7,67.3,388.75,878.0,13.42,9025.91320636903,9025.91320636903,9030.362160474555,974.0867936309696,0.09740867936309697,0.15,0.6493911957539799,-23.385782683117746,143.75857552744986,407.71661217696834,0.35259435410262807,1.1548012869505115
catfish_synth_10000g,1,synth,2099-01-01 00:29:50.275752,29.837929206177957,39.45014801085273,40.486918720878485,22.488586911768763,40.486918720878485,10000.0,74.0,67.3,389.25,913.0,12.68,9025.91320636903,9025.91320636903,9025.91320636903,974.0867936309696,0.09740867936309697,0.15,0.6493911957539799,-23.385782683117746,145.0577269752692,407.71661217696834,0.3557807620365178,1.1548012869505115
catfish_synth_10000g,1,synth,2099-01-01 00:30:02.291026,30.038183764608682,39.24989345242201,40.4695083115098,22.368434176710405,40.4695083115098,10000.0,74.2,67.5,387.5,880.0,13.33,9023.103340618169,9023.103340618169,9024.5082734936,976.8966593818313,0.09768966593818314,0.15,0.6512644395878876,-23.385782683117537,146.35103766513427,407.71661217696834,0.358952844436986,1.1548012869505115
catfish_synth_10000g,1,synth,2099-01-01 00:30:14.306299,30.23843832303941,39.04963889399128,40.00983382800529,22.94198377098943,40.00983382800529,10000.0,74.5,67.5,390.0,880.0,13.31,9023.103340618169,9023.103340618169,9023.103340618169,976.8966593818313,0.09768966593818314,0.15,0.6512644395878876,-22.801138116035226,147.65269229493398,407.71661217696834,0.36214539188519923,1.1548012869505115
catfish_synth_10000g,1,synth,2099-01-01 00:30:26.321573,30.438692881470132,38.84938433556056,39.7839483702613,21.687568678046052,39.7839483702613,10000.0,74.8,67.6,390.25,926.0,12.7,9007.180768029972,9007.180768029972,9015.142054324071,992.8192319700283,0.09928192319700284,0.15,0.6618794879800189,-23.385782683117537,148.95518131872714,407.71661217696834,0.3653399858381869,1.1548012869505115
catfish_synth_10000g,1,synth,2099-01-01 00:30:50.352120,30.839201998331582,38.44887521869911,39.38343925339985,21.687568678046052,39.38343925339985,10000.0,75.5,67.7,390.25,877.0,13.39,9007.180768029972,9007.180768029972,9007.180768029972,992.8192319700283,0.09928192319700284,0.15,0.6618794879800189,-23.385782683117537,151.56015936631348,407.71661217696834,0.37172917374416226,1.1548012869505115
catfish_synth_10000g,1,synth,2099-01-01 00:31:02.367393,31.039456556762303,38.24862066026839,39.20843048936233,21.16690682612592,39.20843048936233,10000.0,75.9,67.8,390.0,926.0,12.5,8995.004683109582,8995.004683109582,9001.092725569777,1004.9953168904176,0.10049953168904176,0.15,0.6699968779269451,-23.385782683117746,152.8618139961132,407.71661217696834,0.3749217211923755,1.1548012869505115
catfish_synth_10000g,1,synth,2099-01-01 00:31:14.382667,31.239711115193032,38.04836610183766,39.05850767738778,21.12685591443984,39.05850767738778,10000.0,76.1,67.9,389.5,879.0,13.33,8994.068061192631,8994.068061192631,8994.536372151106,1005.9319388073691,0.10059319388073691,0.15,0.6706212925382461,-23.385782683117746,154.16179983792597,407.71661217696834,0.3781101756310396,1.1548012869505115
catfish_synth_10000g,1,synth,2099-01-01 00:31:26.397940,31.439965673623757,37.84811154340693,38.73330587750668,20.94662681185238,38.73330587750668,10000.0,76.4,67.9,390.75,895.0,13.06,8989.853262566343,8989.853262566343,8991.960661879486,1010.1467374336571,0.10101467374336572,0.15,0.6734311582891048,-23.385782683117537,155.46595764970607,407.71661217696834,0.3813088625935763,1.1548012869505115
catfish_synth_10000g,1,synth,2099-01-01 00:31:38.413214,31.640220232054478,37.647856984976215,38.60753844576347,20.586168606676978,38.60753844576347,10000.0,76.7,68.0,390.0,944.0,12.36,8981.423665313769,8981.423665313769,8985.638463940057,1018.5763346862313,0.10185763346862313,0.15,0.6790508897908208,-23.385782683117746,156.76761227950578,407.71661217696834,0.38450141004178956,1.1548012869505115
catfish_synth_10000g,1,synth,2099-01-01 00:31:50.428487,31.840474790485203,37.44760242654549,38.3825513194623,21.1140190837755,38.3825513194623,10000.0,76.9,68.0,390.25,864.0,13.58,8981.423665313769,8981.423665313769,8981.423665313769,1018.5763346862313,0.10185763346862313,0.15,0.6790508897908208,-22.801138116035226,158.07010130329897,407.71661217696834,0.38769600399477727,1.1548012869505115
catfish_synth_10000g,1,synth,2099-01-01 00:32:14.459034,32.24098390734665,37.04709330968404,38.00664640216461,21.031863367496175,38.00664640216461,10000.0,77.3,68.1,390.0,878.0,13.29,8979.550421479862,8979.550421479862,8980.487043396815,1020.449578520138,0.1020449578520138,0.15,0.6802997190134253,-22.801138116035226,160.67341056289837,407.71661217696834,0.39408109889120363,1.1548012869505115
catfish_synth_10000g,1,synth,2099-01-01 00:32:26.474308,32.44123846577738,36.84683875125331,37.684964858423456,20.62108478609981,37.684964858423456,10000.0,77.6,68.2,391.25,914.0,12.71,8970.184202310335,8970.184202310335,8974.867311895097,1029.8157976896655,0.10298157976896655,0.15,0.6865438651264437,-22.801138116035226,161.97923716266536,407.71661217696834,0.3972838788632892,1.1548012869505115
catfish_synth_10000g,1,synth,2099-01-01 00:32:38.489581,32.6414930242081,36.64658419282259,37.65402657342596,20.53892906982049,37.65402657342596,10000.0,77.9,68.2,389.5,901.0,12.99,8968.310958476428,8968.310958476428,8969.247580393381,1031.689041523572,0.1031689041523572,0.15,0.687792694349048,-22.801138116035226,163.27922300447815,407.71661217696834,0.4004723333019534,1.1548012869505115
catfish_synth_10000g,1,synth,2099-01-01 00:32:50.504855,32.841747582638824,36.446329634391866,37.30931922762915,21.475948320357656,37.30931922762915,10000.0,78.1,68.3,391.0,890.0,13.14,8964.564470808617,8964.564470808617,8966.437714642521,1035.4355291913835,0.10354355291913835,0.15,0.6902903527942557,-21.63184898187908,164.5842152102517,407.71661217696834,0.4036730667692646,1.1548012869505115
catfish_synth_10000g,1,synth,2099-01-01 00:33:02.520128,33.04200214106955,36.24607507596114,37.180767396733906,21.411000896001706,37.180767396733906,10000.0,78.4,68.3,390.25,925.0,12.47,8963.159537933187,8963.159537933187,8963.862004370902,1036.8404620668134,0.10368404620668134,0.15,0.691226974711209,-21.63184898187908,165.88670423404488,407.71661217696834,0.40686766072225233,1.1548012869505115
catfish_synth_10000g,1,synth,2099-01-01 00:33:14.535402,33.24225669950028,36.04582051753041,36.93293668040589,21.107912915674103,36.93293668040589,10000.0,78.7,68.3,390.75,867.0,13.54,8956.603184514517,8956.603184514517,8959.881361223852,1043.3968154854829,0.1043396815485483,0.15,0.6955978769903219,-21.63184898187908,167.19086204582499,407.71661217696834,0.410066347684789,1.1548012869505115
catfish_synth_10000g,1,synth,2099-01-01 00:33:38.565949,33.642765816361724,35.645311400668966,36.57974714929769,22.314079367994392,36.57974714929769,10000.0,79.2,68.5,390.25,880.0,13.33,8956.603184514517,8956.603184514517,8956.603184514517,1043.3968154854829,0.1043396815485483,0.15,0.6955978769903219,-20.46255984772707,169.79584009341133,407.71661217696834,0.4164555355907644,1.1548012869505115
catfish_synth_10000g,1,synth,2099-01-01 00:33:50.581222,33.84302037479245,35.44505684223824,36.216190148236166,20.653280945182697,36.216190148236166,10000.0,79.5,68.5,392.0,910.0,12.91,8946.768654386513,8946.768654386513,8951.685919450516,1053.231345613487,0.1053231345613487,0.15,0.7021542304089914,-21.63184898187908,171.10416987515873,407.71661217696834,0.4196644550771736,1.1548012869505115
catfish_synth_10000g,1,synth,2099-01-01 00:34:02.596496,34.043274933223174,35.244802283807516,36.08535959647938,18.964106683395375,36.08535959647938,10000.0,79.9,68.5,391.25,919.0,12.54,8943.490477677176,8943.490477677176,8945.129566031845,1056.5095223228236,0.10565095223228237,0.15,0.7043396815485491,-23.38578268310885,172.40999647492575,407.71661217696834,0.42286723504925927,1.1548012869505115
catfish_synth_10000g,1,synth,2099-01-01 00:34:14.611769,34.2435294916539,35.04454772537679,35.862062024257796,18.924055771709277,35.862062024257796,10000.0,80.1,68.4,391.5,882.0,13.31,8942.553855760225,8942.553855760225,8943.0221667187,1057.446144239775,0.1057446144239775,0.15,0.7049640961598501,-23.38578268310885,173.7166574686862,407.71661217696834,0.42607206152611937,1.1548012869505115
catfish_synth_10000g,1,synth,2099-01-01 00:34:26.627043,34.44378405008462,34.844293166946066,35.59323755755889,20.13370155033534,35.59323755755889,10000.0,80.2,68.6,392.25,944.0,12.18,8935.529191383079,8935.529191383079,8939.041523571652,1064.4708086169212,0.10644708086169212,0.15,0.7096472057446142,-21.63184898187908,175.02582164442708,407.71661217696834,0.4292830275173031,1.1548012869505115
catfish_synth_10000g,1,synth,2099-01-01 00:34:38.642317,34.644038608515345,34.644038608515345,35.37031214718068,19.96050841871947,35.37031214718068,10000.0,80.4,68.6,392.5,866.0,13.68,8931.782703715266,8931.782703715266,8933.655947549172,1068.2172962847344,0.10682172962847344,0.15,0.712144864189823,-21.63184898187908,176.3358202141614,407.71661217696834,0.4324960400132612,1.1548012869505115
catfish_synth_10000g,1,synth,2099-01-01 00:34:50.657590,34.84429316694607,34.443784050084616,35.12505719161613,19.67906957984385,35.12505719161613,10000.0,80.6,68.6,393.0,949.0,12.03,8925.694661255073,8925.694661255073,8928.73868248517,1074.3053387449272,0.10743053387449272,0.15,0.7162035591632848,-21.63184898187908,177.64748757188266,407.71661217696834,0.4357131455187684,1.1548012869505115
catfish_synth_10000g,1,synth,2099-01-01 00:35:02.672864,35.0445477253768,34.24352949165389,34.96954792897091,19.48422730677608,34.96954792897091,10000.0,80.9,68.6,392.5,870.0,13.78,8921.479862628785,8921.479862628785,8923.587261941928,1078.5201373712152,0.10785201373712153,0.15,0.7190134249141436,-21.63184898187908,178.95748614161695,407.71661217696834,0.43892615801472645,1.1548012869505115
catfish_synth_10000g,1,synth,2099-01-01 00:35:14.688137,35.24480228380752,34.04327493322317,34.59200795645161,18.238569014000788,34.59200795645161,10000.0,81.0,68.7,394.5,948.0,12.55,8915.860131127069,8915.860131127069,8918.669996877927,1084.1398688729314,0.10841398688729315,0.15,0.7227599125819544,-22.80113811603502,180.274159863299,407.71661217696834,0.4421555425488806,1.1548012869505115
catfish_synth_10000g,1,synth,2099-01-01 00:35:26.703411,35.445056842238245,33.843020374792445,34.54588710629279,18.197491155861126,34.54588710629279,10000.0,81.2,68.7,392.75,899.0,12.97,8914.923509210115,8914.923509210115,8915.391820168592,1085.0764907898847,0.10850764907898847,0.15,0.7233843271932565,-22.80113811603502,181.58499282702678,407.71661217696834,0.4453706015496133,1.1548012869505115
catfish_synth_10000g,1,synth,2099-01-01 00:35:38.718684,35.64531140066897,33.64276581636172,34.1706058874122,18.053718652372392,34.1706058874122,10000.0,81.5,68.7,394.75,913.0,12.71,8911.64533250078,8911.64533250078,8913.284420855449,1088.3546674992194,0.10883546674992195,0.15,0.725569778332813,-22.80113811603502,182.90250094270223,407.71661217696834,0.44860203258854187,1.1548012869505115
catfish_synth_10000g,1,synth,2099-01-01 00:35:50.733958,35.845565959099694,33.442511257930995,34.10069057585018,20.02545584307187,34.10069057585018,10000.0,81.8,68.7,393.25,893.0,13.04,8909.772088666874,8909.772088666874,8910.708710583827,1090.227911333126,0.1090227911333126,0.15,0.7268186075554174,-20.46255984772707,184.21500269441694,407.71661217696834,0.4518211845988235,1.1548012869505115
catfish_synth_10000g,1,synth,2099-01-01 00:36:02.749231,36.04582051753042,33.24225669950027,33.77085771250806,19.888138431576717,33.77085771250806,10000.0,82.1,68.6,394.75,942.0,12.73,8906.962222916016,8906.962222916016,8908.367155791446,1093.037777083984,0.10930377770839841,0.15,0.7286918513893228,-20.462559847726897,185.5325108100924,407.71661217696834,0.45505261563775207,1.1548012869505115
catfish_synth_10000g,1,synth,2099-01-01 00:36:14.764505,36.246075075961144,33.042002141069545,33.6778803386787,20.355286880492148,33.6778803386787,10000.0,82.2,68.8,393.5,883.0,13.27,8904.620668123634,8904.620668123634,8905.791445519826,1095.3793318763655,0.10953793318763655,0.15,0.730252887917577,-19.877915280644356,186.84584695580057,407.71661217696834,0.4582738141528082,1.1548012869505115
catfish_synth_10000g,1,synth,2099-01-01 00:36:26.779778,36.446329634391866,32.841747582638824,33.370982713944365,20.025455843076795,33.370982713944365,10000.0,82.5,68.8,394.75,935.0,12.36,8898.064314704965,8898.064314704965,8901.3424914143,1101.935685295035,0.1101935685295035,0.15,0.73462379019669,-19.877915280644356,188.16335507147605,407.71661217696834,0.4615052451917368,1.1548012869505115
catfish_synth_10000g,1,synth,2099-01-01 00:36:38.795052,36.646584192822594,32.641493024208096,33.255479857644296,20.025455843076795,33.255479857644296,10000.0,82.7,68.7,393.75,853.0,13.84,8898.064314704965,8898.064314704965,8898.064314704965,1101.935685295035,0.1101935685295035,0.15,0.73462379019669,-19.877915280644356,189.47752561117767,407.71661217696834,0.4647284902115674,1.1548012869505115
catfish_synth_10000g,1,synth,2099-01-01 00:36:50.810325,36.84683875125332,32.44123846577737,32.97098089172112,21.65333160838598,32.97098089172112,10000.0,83.0,68.7,394.75,963.0,11.86,8892.444583203247,8892.444583203247,8895.254448954107,1107.555416796753,0.1107555416796753,0.15,0.738370277864502,-18.12398157941015,190.79503372685312,407.71661217696834,0.467959921250496,1.1548012869505115
catfish_synth_10000g,1,synth,2099-01-01 00:37:02.825599,37.047093309684044,32.240983907346646,32.81254114735726,23.9733314235659,32.81254114735726,10000.0,83.0,68.8,394.25,868.0,13.33,8892.444583203247,8892.444583203247,8892.444583203247,1107.555416796753,0.1107555416796753,0.15,0.738370277864502,-16.37004787817984,192.11087305454168,407.71661217696834,0.47118725927987565,1.1548012869505115
catfish_synth_10000g,1,synth,2099-01-01 00:37:14.840872,37.247347868114765,32.040729348915924,32.63310672924846,23.916115835442803,32.63310672924846,10000.0,83.3,68.8,394.0,933.0,12.38,8891.507961286294,8891.507961286294,8891.97627224477,1108.4920387137063,0.11084920387137062,0.15,0.7389946924758042,-16.37004787817984,193.42587798823678,407.71661217696834,0.47441255080448075,1.1548012869505115
catfish_synth_10000g,1,synth,2099-01-01 00:37:26.856146,37.447602426545494,31.840474790485196,32.35023671074369,23.25813657202753,32.35023671074369,10000.0,83.6,68.7,395.0,912.0,12.73,8880.736809241336,8880.736809241336,8886.122385263814,1119.2631907586638,0.11192631907586638,0.15,0.7461754605057759,-16.37004787817984,194.74422049790573,407.71661217696834,0.4776460283481839,1.1548012869505115
catfish_synth_10000g,1,synth,2099-01-01 00:37:38.871419,37.647856984976215,31.640220232054475,32.23208935208643,23.25813657202753,32.23208935208643,10000.0,83.8,68.6,394.0,895.0,12.99,8880.736809241336,8880.736809241336,8880.736809241336,1119.2631907586638,0.11192631907586638,0.15,0.7461754605057759,-16.37004787817984,196.0592254316008,407.71661217696834,0.48087131987278897,1.1548012869505115
catfish_synth_10000g,1,synth,2099-01-01 00:37:50.886693,37.848111543406944,31.439965673623746,31.95023456744789,22.943450837350614,31.95023456744789,10000.0,84.0,68.6,395.0,945.0,12.06,8875.585388698095,8875.585388698095,8878.161098969715,1124.414611301905,0.1124414611301905,0.15,0.7496097408679367,-16.37004787817984,197.37756794126975,407.71661217696834,0.48410479741649215,1.1548012869505115
catfish_synth_10000g,1,synth,2099-01-01 00:38:02.901966,38.048366101837665,31.239711115193025,31.8514093251043,22.943450837350614,31.8514093251043,10000.0,84.1,68.7,393.75,864.0,13.62,8875.585388698095,8875.585388698095,8875.585388698095,1124.414611301905,0.1124414611301905,0.15,0.7496097408679367,-16.37004787817984,198.69173848097137,407.71661217696834,0.4873280424363227,1.1548012869505115
catfish_synth_10000g,1,synth,2099-01-01 00:38:14.917240,38.24862066026839,31.039456556762303,31.550359167543498,24.6467148837772,31.550359167543498,10000.0,84.6,68.7,395.0,981.0,11.34,8874.648766781142,8874.648766781142,8875.117077739618,1125.3512332188584,0.11253512332188584,0.15,0.750234155479239,-15.200758744028011,200.01008099064032,407.71661217696834,0.4905615199800259,1.1548012869505115
catfish_synth_10000g,1,synth,2099-01-01 00:38:26.932513,38.448875218699115,30.839201998331575,31.410124315836065,22.54294172049593,31.410124315836065,10000.0,85.1,68.6,394.25,852.0,13.82,8869.029035279427,8869.029035279427,8871.838901030285,1130.9709647205727,0.11309709647205728,0.15,0.7539806431470485,-16.370047878175008,201.32592031832888,407.71661217696834,0.49378885800940553,1.1548012869505115
catfish_synth_10000g,1,synth,2099-01-01 00:38:38.947787,38.649129777129836,30.638947439900853,31.18996473565893,22.19964819175725,31.18996473565893,10000.0,85.5,68.6,394.5,959.0,11.91,8863.409303777707,8863.409303777707,8866.219169528567,1136.5906962222925,0.11365906962222926,0.15,0.7577271308148618,-16.370047878175008,202.6425940400109,407.71661217696834,0.49701824254355964,1.1548012869505115
catfish_synth_10000g,1,synth,2099-01-01 00:38:50.963060,38.849384335560565,30.438692881470125,30.969957191328486,22.113824809572694,30.969957191328486,10000.0,85.2,68.7,394.75,923.0,12.61,8862.00437090228,8862.00437090228,8862.706837339992,1137.9956290977207,0.11379956290977207,0.15,0.7586637527318139,-16.370047878175008,203.96010215568634,407.71661217696834,0.5002496735824882,1.1548012869505115
catfish_synth_10000g,1,synth,2099-01-01 00:39:02.978334,39.049638893991286,30.238438323039404,30.828655597094453,22.085217015511137,30.828655597094453,10000.0,85.3,68.7,394.0,884.0,12.91,8861.536059943803,8861.536059943803,8861.770215423041,1138.4639400561973,0.11384639400561973,0.15,0.7589759600374649,-16.370047878175008,205.27510708938144,407.71661217696834,0.5034749651070933,1.1548012869505115
catfish_synth_10000g,1,synth,2099-01-01 00:39:14.993607,39.24989345242201,30.038183764608682,30.472700757870324,21.68470789864957,30.472700757870324,10000.0,85.6,68.6,396.0,987.0,11.49,8854.979706525133,8854.979706525133,8858.257883234468,1145.0202934748668,0.11450202934748668,0.15,0.7633468623165779,-16.370047878175008,206.5967871750242,407.71661217696834,0.5067166286698943,1.1548012869505115
catfish_synth_10000g,1,synth,2099-01-01 00:39:27.008881,39.45014801085274,29.837929206177947,30.349592277307625,21.5988845164649,30.349592277307625,10000.0,85.8,68.6,395.0,863.0,13.89,8853.574773649703,8853.574773649703,8854.277240087418,1146.4252263502967,0.11464252263502968,0.15,0.7642834842335312,-16.370047878175008,207.91512968469314,407.71661217696834,0.5099501062135975,1.1548012869505115
catfish_synth_10000g,1,synth,2099-01-01 00:39:51.039428,39.850657127714186,29.437420089316504,29.834267552839716,20.540396136187866,29.834267552839716,10000.0,86.0,0.0,396.5,882.0,12.97,8836.247268186076,8836.247268186076,8844.91102091789,1163.7527318139237,0.11637527318139236,0.15,0.7758351545426158,-16.370047878175008,210.56182743195257,407.71661217696834,0.5164416193582977,1.1548012869505115
catfish_synth_10000g,1,synth,2099-01-01 00:40:03.054701,40.050911686144914,29.237165530885775,29.63401299440899,20.540396136187866,29.63401299440899,10000.0,86.3,0.0,396.5,976.0,11.67,8836.247268186076,8836.247268186076,8836.247268186076,1163.7527318139237,0.11637527318139236,0.15,0.7758351545426158,-16.370047878175008,211.88517630558226,407.71661217696834,0.5196873759306477,1.1548012869505115
catfish_synth_10000g,1,synth,2099-01-01 00:40:15.069975,40.251166244575636,29.036910972455054,29.433758435978262,21.750725884939936,29.433758435978262,10000.0,86.5,0.0,396.5,928.0,12.4,8830.627536684358,8830.627536684358,8833.437402435218,1169.3724633156417,0.11693724633156416,0.15,0.7795816422104278,-15.200758744023469,213.208525179212,407.71661217696834,0.5229331325029979,1.1548012869505115
catfish_synth_10000g,1,synth,2099-01-01 00:40:27.085248,40.45142080300636,28.836656414024333,29.289284847419893,21.65830070412582,29.289284847419893,10000.0,86.7,0.0,395.75,942.0,12.19,8829.22260380893,8829.22260380893,8829.925070246645,1170.7773961910698,0.11707773961910697,0.15,0.7805182641273799,-15.200758744023469,214.5293708708613,407.71661217696834,0.5261727495610244,1.1548012869505115
catfish_synth_10000g,1,synth,2099-01-01 00:40:39.100522,40.651675361437086,28.636401855593604,28.99680961881467,19.59633893215695,28.99680961881467,10000.0,86.9,0.0,397.0,970.0,11.8,8820.793006556354,8820.793006556354,8825.007805182642,1179.2069934436458,0.11792069934436458,0.15,0.7861379956290973,-16.370047878175008,215.85438853247794,407.71661217696834,0.5294225991429236,1.1548012869505115
catfish_synth_10000g,1,synth,2099-01-01 00:40:51.115795,40.85192991986781,28.436147297162883,28.869779327098122,18.865360470095798,28.869779327098122,10000.0,87.1,0.0,396.0,940.0,12.26,8819.856384639403,8819.856384639403,8820.32469559788,1180.1436153605973,0.11801436153605974,0.15,0.7867624102403983,-16.95469244525803,217.17606861812072,407.71661217696834,0.5326642627057246,1.1548012869505115
catfish_synth_10000g,1,synth,2099-01-01 00:41:03.131069,41.05218447829853,28.23589273873216,28.596804921495863,18.782496514882933,28.596804921495863,10000.0,87.1,0.0,397.0,971.0,11.74,8818.45145176397,8818.45145176397,8819.153918201686,1181.548548236029,0.11815485482360291,0.15,0.7876990321573528,-16.95469244525803,218.50108627973736,407.71661217696834,0.5359141122876238,1.1548012869505115
catfish_synth_10000g,1,synth,2099-01-01 00:41:15.146342,41.252439036729264,28.035638180301426,28.450676807711503,18.754875196478785,28.450676807711503,10000.0,87.3,0.0,396.25,947.0,12.09,8817.983140805496,8817.983140805496,8818.217296284733,1182.016859194504,0.11820168591945039,0.15,0.7880112394630027,-16.95469244525803,219.82360075937362,407.71661217696834,0.5391578223551994,1.1548012869505115
catfish_synth_10000g,1,synth,2099-01-01 00:41:27.161616,41.452693595159985,27.835383621870704,28.196674119291398,18.23007014679809,28.196674119291398,10000.0,87.5,0.0,397.0,918.0,12.5,8809.085232594442,8809.085232594442,8813.53418669997,1190.9147674055585,0.11909147674055584,0.15,0.7939431782703723,-16.95469244525803,221.14861842099026,407.71661217696834,0.5424076719370985,1.1548012869505115
catfish_synth_10000g,1,synth,2099-01-01 00:41:39.176889,41.65294815359071,27.635129063439983,28.014186841339114,17.622401141904206,28.014186841339114,10000.0,87.7,0.0,396.75,1019.0,11.01,8809.085232594442,8809.085232594442,8809.085232594442,1190.9147674055585,0.11909147674055584,0.15,0.7939431782703723,-17.539337012336507,222.47280168861343,407.71661217696834,0.5456554750142231,1.1548012869505115
catfish_synth_10000g,1,synth,2099-01-01 00:41:51.192163,41.853202712021435,27.434874505009255,27.813932282908397,17.5155987107412,27.813932282908397,10000.0,87.9,0.0,396.75,918.0,12.7,8807.211988760537,8807.211988760537,8808.14861067749,1192.7880112394632,0.11927880112394633,0.15,0.7951920074929756,-17.539337012336507,223.79698495623657,407.71661217696834,0.5489032780913476,1.1548012869505115
catfish_synth_10000g,1,synth,2099-01-01 00:42:03.207436,42.05345727045216,27.234619946578533,27.61367772447767,17.275293240624315,27.61367772447767,10000.0,88.0,0.0,396.75,1023.0,10.95,8802.997190134249,8802.997190134249,8805.104589447394,1197.0028098657513,0.11970028098657512,0.15,0.7980018732438342,-17.539337012336507,225.12116822385974,407.71661217696834,0.5521510811684722,1.1548012869505115
catfish_synth_10000g,1,synth,2099-01-01 00:42:15.222710,42.25371182888288,27.034365388147812,27.41342316604695,16.981586554921883,27.41342316604695,10000.0,88.1,0.0,396.75,909.0,12.73,8797.84576959101,8797.84576959101,8800.421479862629,1202.1542304089908,0.12021542304089908,0.15,0.8014361536059939,-17.539337012340738,226.44535149148288,407.71661217696834,0.5553988842455967,1.1548012869505115
catfish_synth_10000g,1,synth,2099-01-01 00:42:27.237983,42.453966387313606,26.834110829717083,27.213168607616225,16.661179261432743,27.213168607616225,10000.0,88.4,0.0,396.75,1023.0,10.79,8792.226038089291,8792.226038089291,8795.035903840151,1207.7739619107087,0.12077739619107088,0.15,0.8051826412738059,-17.539337012340738,227.76953475910605,407.71661217696834,0.5586466873227213,1.1548012869505115
catfish_synth_10000g,1,synth,2099-01-01 00:42:39.253257,42.65422094574433,26.633856271286362,26.96156844803906,16.661179261436764,26.96156844803906,10000.0,88.8,0.0,397.5,1003.0,11.32,8792.226038089291,8792.226038089291,8792.226038089291,1207.7739619107087,0.12077739619107088,0.15,0.8051826412738059,-17.539337012336507,229.09622120870958,407.71661217696834,0.5619006299141693,1.1548012869505115
catfish_synth_10000g,1,synth,2099-01-01 00:42:51.268530,42.85447550417505,26.43360171285564,26.84636615600593,16.661179261436764,26.84636615600593,10000.0,89.1,0.0,396.25,885.0,13.08,8792.226038089291,8792.226038089291,8792.226038089291,1207.7739619107087,0.12077739619107088,0.15,0.8051826412738059,-17.539337012336507,230.41873568834583,407.71661217696834,0.565144339981745,1.1548012869505115
catfish_synth_10000g,1,synth,2099-01-01 00:43:03.283804,43.054730062605785,26.233347154424905,26.561689062493425,16.15386771340842,26.561689062493425,10000.0,89.5,0.0,397.5,1072.0,10.06,8783.32812987824,8783.32812987824,8787.777083983765,1216.6718701217596,0.12166718701217596,0.15,0.8111145800811731,-17.539337012340738,231.7454221379494,407.71661217696834,0.568398282573193,1.1548012869505115
catfish_synth_10000g,1,synth,2099-01-01 00:43:15.299077,43.254984621036506,26.033092595994184,26.394887512957528,15.144250981320706,26.394887512957528,10000.0,89.1,0.0,397.0,926.0,12.5,8783.32812987824,8783.32812987824,8783.32812987824,1216.6718701217596,0.12166718701217596,0.15,0.8111145800811731,-18.708626146496403,233.07043979956603,407.71661217696834,0.5716481321550921,1.1548012869505115
catfish_synth_10000g,1,synth,2099-01-01 00:43:27.314351,43.45523917946723,25.832838037563462,26.21126489372842,14.893932783282327,26.21126489372842,10000.0,89.3,0.0,396.75,1034.0,10.73,8778.645020293476,8778.645020293476,8780.986575085859,1221.3549797065243,0.12213549797065243,0.15,0.8142366531376829,-18.708626146496403,234.39462306718917,407.71661217696834,0.5748959352322166,1.1548012869505115
catfish_synth_10000g,1,synth,2099-01-01 00:43:39.329624,43.655493737897956,25.632583479132734,25.97801944178765,14.593550945636252,25.97801944178765,10000.0,89.4,0.0,397.25,985.0,11.52,8773.025288791758,8773.025288791758,8775.835154542616,1226.9747112082423,0.12269747112082423,0.15,0.8179831408054948,-18.708626146496403,235.72047512279926,407.71661217696834,0.5781478313188901,1.1548012869505115
catfish_synth_10000g,1,synth,2099-01-01 00:43:51.344898,43.85574829632868,25.432328920702012,25.843324553872474,12.63828768763039,25.843324553872474,10000.0,89.6,10.0,396.25,962.0,11.85,8766.000624414612,8766.000624414612,8769.512956603185,1233.9993755853884,0.12339993755853884,0.15,0.822666250390259,-21.047204414800376,237.04298960243554,407.71661217696834,0.5813915413864659,1.1548012869505115
catfish_synth_10000g,1,synth,2099-01-01 00:44:03.360171,44.0560028547594,25.23207436227129,25.529437286976236,12.63828768763039,25.529437286976236,10000.0,89.7,9.2,398.0,1058.0,10.43,8766.000624414612,8766.000624414612,8766.000624414612,1233.9993755853884,0.12339993755853884,0.15,0.822666250390259,-21.047204414800376,238.37134484002598,407.71661217696834,0.5846495769874629,1.1548012869505115
catfish_synth_10000g,1,synth,2099-01-01 00:44:15.375445,44.25625741319013,25.031819803840563,25.361295228277555,12.63828768763039,25.361295228277555,10000.0,89.9,8.4,397.5,911.0,12.73,8766.000624414612,8766.000624414612,8766.000624414612,1233.9993755853884,0.12339993755853884,0.15,0.822666250390259,-21.047204414800376,239.69803128962954,407.71661217696834,0.587903519578911,1.1548012869505115
catfish_synth_10000g,1,synth,2099-01-01 00:44:27.390718,44.45651197162085,24.83156524540984,25.081538176968216,13.169682136799658,25.081538176968216,10000.0,90.1,8.0,398.75,1090.0,10.06,8761.785825788324,8761.785825788324,8763.893225101467,1238.2141742116764,0.12382141742116765,0.15,0.8254761161411177,-19.877915280644707,241.0288897092004,407.71661217696834,0.5911676946942315,1.1548012869505115
catfish_synth_10000g,1,synth,2099-01-01 00:44:39.405992,44.65676653005157,24.63131068697912,24.86556836905318,14.79213671608333,24.86556836905318,10000.0,90.1,8.3,399.0,1006.0,11.2,8759.444270995942,8759.444270995942,8760.615048392134,1240.5557290040579,0.12405557290040578,0.15,0.8270371526693719,-17.539337012336507,242.3605825227647,407.71661217696834,0.5944339163143265,1.1548012869505115
catfish_synth_10000g,1,synth,2099-01-01 00:44:51.421265,44.857021088482306,24.431056128548384,24.712141622993556,14.258124560268003,24.712141622993556,10000.0,90.3,8.1,398.25,928.0,12.4,8750.078051826413,8750.078051826413,8754.761161411177,1249.9219481735872,0.12499219481735872,0.15,0.8332812987823915,-17.539337012336507,243.68977215434862,407.71661217696834,0.597693998420098,1.1548012869505115
catfish_synth_10000g,1,synth,2099-01-01 00:45:15.451812,45.25753020534375,24.03054701168694,24.28064549469262,12.085951585292031,24.28064549469262,10000.0,91.0,7.5,398.75,914.0,12.68,8740.243521698409,8740.243521698409,8745.160786762412,1259.7564783015914,0.12597564783015913,0.15,0.8398376522010609,-19.877915280644707,246.3514889934903,407.71661217696834,0.604222348650739,1.1548012869505115
catfish_synth_10000g,1,synth,2099-01-01 00:45:27.467086,45.45778476377448,23.830292453256213,24.065177499235148,10.813746155260894,24.065177499235148,10000.0,91.3,7.2,399.0,1083.0,10.11,8740.243521698409,8740.243521698409,8740.243521698409,1259.7564783015914,0.12597564783015913,0.15,0.8398376522010609,-22.216493548956663,247.6831818070546,407.71661217696834,0.607488570270834,1.1548012869505115
catfish_synth_10000g,1,synth,2099-01-01 00:45:39.482359,45.6580393222052,23.63003789482549,23.864922940804426,12.062392225476545,23.864922940804426,10000.0,91.0,7.2,399.0,971.0,11.77,8739.77521073993,8739.77521073993,8740.009366219168,1260.2247892600699,0.126022478926007,0.15,0.8401498595067133,-19.877915280644707,249.0148746206189,407.71661217696834,0.610754791890929,1.1548012869505115
catfish_synth_10000g,1,synth,2099-01-01 00:45:51.497633,45.85829388063592,23.42978333639477,23.709611740077666,14.14211502297417,23.709611740077666,10000.0,91.1,6.2,398.25,1066.0,10.41,8739.77521073993,8739.77521073993,8739.77521073993,1260.2247892600699,0.126022478926007,0.15,0.8401498595067133,-16.954692445253777,250.34406425220286,407.71661217696834,0.6140148739967006,1.1548012869505115
catfish_synth_10000g,1,synth,2099-01-01 00:46:03.512906,46.05854843906665,23.229528777964042,23.464790242285893,13.92114447574031,23.464790242285893,10000.0,91.2,5.3,399.0,944.0,12.23,8736.02872307212,8736.02872307212,8737.901966906025,1263.9712769278794,0.12639712769278794,0.15,0.8426475179519196,-16.954692445253777,251.67575706576716,407.71661217696834,0.6172810956167956,1.1548012869505115
catfish_synth_10000g,1,synth,2099-01-01 00:46:15.528180,46.25880299749737,23.02927421953332,23.24984264049744,11.56764566935352,23.24984264049744,10000.0,91.4,4.7,399.25,1104.0,9.88,8729.940680611926,8729.940680611926,8732.984701842022,1270.059319388074,0.1270059319388074,0.15,0.8467062129253827,-19.877915280644707,253.00828427332493,407.71661217696834,0.6205493637416651,1.1548012869505115
catfish_synth_10000g,1,synth,2099-01-01 00:46:27.543453,46.4590575559281,22.829019661102592,23.0933456278142,13.562067336485041,23.0933456278142,10000.0,91.5,4.5,398.5,905.0,13.02,8729.940680611926,8729.940680611926,8729.940680611926,1270.059319388074,0.1270059319388074,0.15,0.8467062129253827,-16.954692445253777,254.33830829890235,407.71661217696834,0.6238114923522112,1.1548012869505115
catfish_synth_10000g,1,synth,2099-01-01 00:46:39.558727,46.659312114358826,22.628765102671863,22.83528544828758,14.56666491696628,22.83528544828758,10000.0,91.7,4.1,399.5,1131.0,9.55,8729.940680611926,8729.940680611926,8729.940680611926,1270.059319388074,0.1270059319388074,0.15,0.8467062129253827,-15.785403311097404,255.67166990045357,407.71661217696834,0.6270818069818552,1.1548012869505115
catfish_synth_10000g,1,synth,2099-01-01 00:46:51.574000,46.85956667278955,22.428510544241142,22.677981270010374,14.35899352303806,22.677981270010374,10000.0,91.8,3.7,398.75,894.0,13.27,8726.662503902591,8726.662503902591,8728.30159225726,1273.3374960974088,0.1273337496097409,0.15,0.8488916640649393,-15.785403311097404,257.0025283200244,407.71661217696834,0.6303459820971756,1.1548012869505115
catfish_synth_10000g,1,synth,2099-01-01 00:47:03.589274,47.05982123122027,22.22825598581042,22.420996301898573,14.299658839058782,22.420996301898573,10000.0,91.9,2.9,399.75,1131.0,9.68,8725.725881985638,8725.725881985638,8726.194192944115,1274.274118014362,0.1274274118014362,0.15,0.8495160786762415,-15.785403311097134,258.3367243155691,407.71661217696834,0.6336183432315942,1.1548012869505115
catfish_synth_10000g,1,synth,2099-01-01 00:47:15.604547,47.260075789651,22.028001427379692,22.291071091968156,13.854648709212572,22.291071091968156,10000.0,92.0,2.3,398.5,904.0,12.91,8718.701217608492,8718.701217608492,8722.213549797065,1281.2987823915082,0.1281298782391508,0.15,0.8541991882610055,-15.785403311097134,259.6667483411465,407.71661217696834,0.6368804718421402,1.1548012869505115
catfish_synth_10000g,1,synth,2099-01-01 00:47:27.619821,47.46033034808172,21.82774686894897,22.062882860489857,13.617309973294587,22.062882860489857,10000.0,92.0,2.0,399.0,1113.0,9.85,8714.95472994068,8714.95472994068,8716.827973774587,1285.0452700593196,0.12850452700593196,0.15,0.856696846706213,-15.785403311097134,260.9984411547108,407.71661217696834,0.6401466934622353,1.1548012869505115
catfish_synth_10000g,1,synth,2099-01-01 00:47:39.635094,47.66058490651244,21.62749231051825,21.890310714682077,13.617309973294587,21.890310714682077,10000.0,92.4,1.2,398.5,910.0,12.77,8714.95472994068,8714.95472994068,8714.95472994068,1285.0452700593196,0.12850452700593196,0.15,0.856696846706213,-15.785403311097134,262.3284651802882,407.71661217696834,0.6434088220727814,1.1548012869505115
catfish_synth_10000g,1,synth,2099-01-01 00:47:51.650368,47.86083946494317,21.42723775208752,21.66262468919035,12.263865371485707,21.66262468919035,10000.0,92.7,0.4,399.0,1141.0,9.43,8707.930065563534,8707.930065563534,8711.442397752107,1292.0699344364657,0.12920699344364658,0.15,0.8613799562909773,-16.954692445253464,263.6601579938525,407.71661217696834,0.6466750436928763,1.1548012869505115
catfish_synth_10000g,1,synth,2099-01-01 00:48:03.665641,48.0610940233739,21.226983193656793,21.489550337395997,12.125758779464515,21.489550337395997,10000.0,92.9,0.0,398.5,902.0,12.99,8705.588510771153,8705.588510771153,8706.759288167344,1294.4114892288471,0.12944114892288472,0.15,0.8629409928192315,-16.954692445253464,264.99018201942994,407.71661217696834,0.6499371723034224,1.1548012869505115
catfish_synth_10000g,1,synth,2099-01-01 00:48:15.680915,48.26134858180462,21.02672863522607,21.24892718096139,12.96462844952004,21.24892718096139,10000.0,93.2,0.0,399.25,1127.0,9.65,8704.651888854198,8704.651888854198,8705.120199812674,1295.3481111458022,0.12953481111458023,0.15,0.8635654074305349,-15.785403311097134,266.32270922698774,407.71661217696834,0.653205440428292,1.1548012869505115
catfish_synth_10000g,1,synth,2099-01-01 00:48:27.696188,48.46160314023535,20.826474076795343,21.061986486679142,12.756957055591933,21.061986486679142,10000.0,93.4,0.0,399.0,950.0,12.13,8701.373712144865,8701.373712144865,8703.012800499531,1298.6262878551352,0.12986262878551352,0.15,0.8657508585700902,-15.785403311097134,267.65440204055204,407.71661217696834,0.656471662048387,1.1548012869505115
catfish_synth_10000g,1,synth,2099-01-01 00:48:39.711462,48.66185769866607,20.62621951836462,20.835371494598014,12.460283635694422,20.835371494598014,10000.0,93.0,0.0,399.5,1074.0,10.29,8696.6906025601,8696.6906025601,8699.032157352482,1303.3093974398998,0.13033093974399,0.15,0.8688729316266,-15.785403311097134,268.98776364210323,407.71661217696834,0.6597419766780309,1.1548012869505115
catfish_synth_10000g,1,synth,2099-01-01 00:48:51.726735,48.86211225709679,20.4259649599339,20.609072721799038,12.847100133172576,20.609072721799038,10000.0,93.3,0.0,400.0,976.0,11.69,8695.285669684668,8695.285669684668,8695.988136122385,1304.7143303153316,0.13047143303153316,0.15,0.8698095535435545,-15.20075874402349,270.3227940316414,407.71661217696834,0.663016384317224,1.1548012869505115
catfish_synth_10000g,1,synth,2099-01-01 00:49:03.742009,49.06236681552752,20.22571040150317,20.40881816336831,14.964477002730614,20.40881816336831,10000.0,93.5,0.0,400.0,1089.0,9.96,8692.475803933812,8692.475803933812,8693.88073680924,1307.5241960661879,0.1307524196066188,0.15,0.8716827973774587,-12.862180475715288,271.6578244211796,407.71661217696834,0.6662907919564172,1.1548012869505115
catfish_synth_10000g,1,synth,2099-01-01 00:49:15.757282,49.26262137395824,20.02545584307245,20.221327093470023,14.174540048925461,20.221327093470023,10000.0,93.8,0.0,399.75,931.0,12.4,8690.602560099906,8690.602560099906,8691.539182016859,1309.3974399000945,0.13093974399000946,0.15,0.8729316266000631,-13.44682504278893,272.9920204167243,407.71661217696834,0.6695631530908356,1.1548012869505115
catfish_synth_10000g,1,synth,2099-01-01 00:49:27.772556,49.46287593238896,19.82520128464173,19.958038473027234,14.13971316919849,19.958038473027234,10000.0,94.0,0.0,401.0,1146.0,9.42,8690.13424914143,8690.13424914143,8690.368404620669,1309.8657508585693,0.13098657508585693,0.15,0.8732438339057129,-13.44682504278893,274.3303883822363,407.71661217696834,0.6728457467491267,1.1548012869505115
catfish_synth_10000g,1,synth,2099-01-01 00:49:39.787829,49.66313049081969,19.624946726211,19.807679010779083,17.116494889024843,19.807679010779083,10000.0,94.2,0.0,400.0,883.0,13.23,8690.13424914143,8690.13424914143,8690.13424914143,1309.8657508585693,0.13098657508585693,0.15,0.8732438339057129,-11.108246774480998,275.66541877177445,407.71661217696834,0.6761201543883196,1.1548012869505115
catfish_synth_10000g,1,synth,2099-01-01 00:49:51.803103,49.86338504925042,19.42469216778027,19.545718287205737,16.652747490553672,19.545718287205737,10000.0,94.4,0.0,401.25,1162.0,9.21,8684.98282859819,8684.98282859819,8687.55853886981,1315.0171714018106,0.13150171714018105,0.15,0.8766781142678737,-11.108246774480998,277.00462113128,407.71661217696834,0.6794047945513852,1.1548012869505115
catfish_synth_10000g,1,synth,2099-01-01 00:50:03.818376,50.06363960768114,19.22443760934955,19.406544098422536,16.610588636147188,19.406544098422536,10000.0,94.0,0.0,400.0,926.0,12.47,8684.514517639713,8684.514517639713,8684.748673118951,1315.4854823602873,0.13154854823602874,0.15,0.876990321573525,-11.108246774480998,278.3396515208181,407.71661217696834,0.6826792021905782,1.1548012869505115
catfish_synth_10000g,1,synth,2099-01-01 00:50:15.833650,50.26389416611187,19.024183050918822,19.157894168175293,16.23115894648929,19.157894168175293,10000.0,94.3,0.0,401.0,1077.0,10.27,8680.299719013425,8680.299719013425,8682.40711832657,1319.7002809865753,0.13197002809865754,0.15,0.8798001873243837,-11.10824677448079,279.67801948633013,407.71661217696834,0.6859617958488692,1.1548012869505115
catfish_synth_10000g,1,synth,2099-01-01 00:50:27.848923,50.46414872454259,18.8239284924881,19.00553434516501,15.259397352425937,19.00553434516501,10000.0,94.5,0.0,400.0,1040.0,10.72,8678.42647517952,8678.42647517952,8679.363097096473,1321.57352482048,0.13215735248204802,0.15,0.8810490165469869,-11.692891341554436,281.01304987586826,407.71661217696834,0.6892362034880621,1.1548012869505115
catfish_synth_10000g,1,synth,2099-01-01 00:50:39.864197,50.66440328297331,18.62367393405738,18.76971110112262,14.265753305354325,18.76971110112262,10000.0,94.7,0.0,400.75,1023.0,10.95,8675.148298470185,8675.148298470185,8676.787386824853,1324.8517015298148,0.13248517015298147,0.15,0.8832344676865432,-12.277535908632828,282.35058344738684,407.71661217696834,0.6925167506415787,1.1548012869505115
catfish_synth_10000g,1,synth,2099-01-01 00:50:51.879470,50.86465784140404,18.42341937562665,18.61641016645956,13.43526037471429,18.61641016645956,10000.0,94.9,0.0,399.75,1009.0,11.17,8672.806743677802,8672.806743677802,8673.977521073994,1327.193256322198,0.1327193256322198,0.15,0.8847955042147987,-12.862180475715327,283.68477944293153,407.71661217696834,0.6957891117759972,1.1548012869505115
catfish_synth_10000g,1,synth,2099-01-01 00:51:03.894744,51.06491239983476,18.22316481719593,18.358124404268047,13.884316051195299,18.358124404268047,10000.0,95.1,0.0,401.0,1034.0,10.73,8670.46518888542,8670.46518888542,8671.63596628161,1329.5348111145795,0.13295348111145794,0.15,0.8863565407430529,-12.27753590863737,285.02314740844355,407.71661217696834,0.6990717054342882,1.1548012869505115
catfish_synth_10000g,1,synth,2099-01-01 00:51:15.910017,51.26516695826548,18.022910258765208,18.180788852584218,13.541022522456792,18.180788852584218,10000.0,95.3,0.0,400.5,1088.0,10.08,8666.25039025913,8666.25039025913,8668.357789572276,1333.7496097408693,0.13337496097408694,0.15,0.889166406493913,-12.27753590863737,286.3598465859687,407.71661217696834,0.7023502060830303,1.1548012869505115
catfish_synth_10000g,1,synth,2099-01-01 00:51:27.925291,51.46542151669622,17.822655700334472,18.00326028021923,12.852701659279758,18.00326028021923,10000.0,95.0,0.0,400.0,964.0,11.82,8665.31376834218,8665.31376834218,8665.782079300654,1334.6862316578208,0.1334686231657821,0.15,0.889790821105214,-12.8621804757151,287.6948769755068,407.71661217696834,0.7056246137222233,1.1548012869505115
catfish_synth_10000g,1,synth,2099-01-01 00:51:39.940565,51.66567607512694,17.62240114190375,17.769312783023274,12.707061980421138,17.769312783023274,10000.0,95.2,0.0,400.75,1117.0,9.55,8663.440524508274,8663.440524508274,8664.377146425228,1336.5594754917256,0.13365594754917257,0.15,0.8910396503278172,-12.8621804757151,289.0324105470254,407.71661217696834,0.7089051608757398,1.1548012869505115
catfish_synth_10000g,1,synth,2099-01-01 00:51:51.955838,51.86593063355766,17.42214658347303,17.580150180137508,12.34296278327023,17.580150180137508,10000.0,95.3,0.0,400.5,981.0,11.64,8658.75741492351,8658.75741492351,8661.098969715891,1341.2425850764903,0.13412425850764903,0.15,0.8941617233843269,-12.862180475719413,290.36910972455047,407.71661217696834,0.7121836615244819,1.1548012869505115
catfish_synth_10000g,1,synth,2099-01-01 00:52:03.971112,52.06618519198839,17.2218920250423,17.40187080943195,12.34296278327437,17.40187080943195,10000.0,95.5,0.0,400.0,1059.0,10.55,8658.75741492351,8658.75741492351,8658.75741492351,1341.2425850764903,0.13412425850764903,0.15,0.8941617233843269,-12.8621804757151,291.70414011408866,407.71661217696834,0.7154580691636749,1.1548012869505115
catfish_synth_10000g,1,synth,2099-01-01 00:52:15.986385,52.26643975041911,17.02163746661158,17.14740481545783,11.942453666412913,17.14740481545783,10000.0,95.7,0.0,401.25,1073.0,10.29,8653.605994380268,8653.605994380268,8656.181704651888,1346.3940056197316,0.13463940056197315,0.15,0.8975960037464877,-12.8621804757151,293.0433424735941,407.71661217696834,0.7187427093267404,1.1548012869505115
catfish_synth_10000g,1,synth,2099-01-01 00:52:28.001659,52.46669430884983,16.82138290818086,17.0007358970754,11.869633826979552,17.0007358970754,10000.0,95.9,0.0,400.0,972.0,11.66,8652.669372463315,8652.669372463315,8653.137683421792,1347.330627536685,0.1347330627536685,0.15,0.8982204183577901,-12.862180475719413,294.3783728631323,407.71661217696834,0.7220171169659335,1.1548012869505115
catfish_synth_10000g,1,synth,2099-01-01 00:52:40.016932,52.66694886728056,16.62112834975013,16.75808548852729,11.578354469266289,16.75808548852729,10000.0,96.1,0.0,401.0,1200.0,8.35,8648.922884795506,8648.922884795506,8650.79612862941,1351.0771152044945,0.13510771152044945,0.15,0.9007180768029964,-12.8621804757151,295.7167408286443,407.71661217696834,0.7252997106242244,1.1548012869505115
catfish_synth_10000g,1,synth,2099-01-01 00:52:52.032206,52.86720342571128,16.42087379131941,16.610232698353368,11.359894950978003,16.610232698353368,10000.0,96.3,0.0,399.75,895.0,13.14,8646.113019044644,8646.113019044644,8647.517951920076,1353.8869809553562,0.1353886980955356,0.15,0.9025913206369041,-12.8621804757151,297.050936824189,407.71661217696834,0.728572071758643,1.1548012869505115
catfish_synth_10000g,1,synth,2099-01-01 00:53:04.047479,53.067457984142,16.220619232888687,16.378872835244078,11.359894950978003,16.378872835244078,10000.0,96.5,0.0,400.5,1173.0,8.92,8646.113019044644,8646.113019044644,8646.113019044644,1353.8869809553562,0.1353886980955356,0.15,0.9025913206369041,-12.8621804757151,298.3876360017141,407.71661217696834,0.731850572407385,1.1548012869505115
catfish_synth_10000g,1,synth,2099-01-01 00:53:16.062753,53.26771254257274,16.02036467445795,16.20934786937478,11.10502551297545,16.20934786937478,10000.0,96.1,0.0,399.75,954.0,12.08,8642.83484233531,8642.83484233531,8644.473930689977,1357.165157664689,0.1357165157664689,0.15,0.9047767717764593,-12.8621804757151,299.72183199725885,407.71661217696834,0.7351229335418037,1.1548012869505115
catfish_synth_10000g,1,synth,2099-01-01 00:53:28.078026,53.46796710100346,15.82011011602723,15.988844281750593,11.633836251688349,15.988844281750593,10000.0,96.3,0.0,400.25,1138.0,9.47,8642.83484233531,8642.83484233531,8642.83484233531,1357.165157664689,0.1357165157664689,0.15,0.9047767717764593,-12.27753590863737,301.0576967807904,407.71661217696834,0.7383993876857711,1.1548012869505115
catfish_synth_10000g,1,synth,2099-01-01 00:53:40.093300,53.66822165943418,15.619855557596509,15.758685401097141,12.215528064272993,15.758685401097141,10000.0,96.5,0.0,401.0,1055.0,10.58,8642.83484233531,8642.83484233531,8642.83484233531,1357.165157664689,0.1357165157664689,0.15,0.9047767717764593,-11.692891341559184,302.39606474630244,407.71661217696834,0.7416819813440622,1.1548012869505115
catfish_synth_10000g,1,synth,2099-01-01 00:53:52.108573,53.86847621786491,15.41960099916578,15.558430842666414,10.413237038396474,15.558430842666414,10000.0,96.7,0.0,401.0,1008.0,11.17,8627.848891664065,8627.848891664065,8635.341866999688,1372.1511083359346,0.13721511083359347,0.15,0.9147674055572899,-12.27753590863737,303.73443271181446,407.71661217696834,0.7449645750023531,1.1548012869505115
catfish_synth_10000g,1,synth,2099-01-01 00:54:04.123847,54.06873077629563,15.219346440735059,15.30019455438725,9.7578584835326,15.30019455438725,10000.0,96.8,0.0,402.5,1191.0,8.96,8625.507336871684,8625.507336871684,8626.678114267874,1374.492663128316,0.1374492663128316,0.15,0.9163284420855441,-12.8621804757151,305.0778070412872,407.71661217696834,0.748259447689291,1.1548012869505115
catfish_synth_10000g,1,synth,2099-01-01 00:54:16.139120,54.26898533472635,15.019091882304338,15.15717264391558,9.612218804673835,15.15717264391558,10000.0,97.0,0.0,401.0,935.0,12.48,8623.634093037777,8623.634093037777,8624.57071495473,1376.3659069622227,0.13763659069622228,0.15,0.9175772713081486,-12.8621804757151,306.4161750067992,407.71661217696834,0.7515420413475821,1.1548012869505115
catfish_synth_10000g,1,synth,2099-01-01 00:54:28.154394,54.46923989315708,14.818837323873609,14.891058241594472,9.284529527238647,14.891058241594472,10000.0,97.2,0.0,402.75,1258.0,8.23,8619.41929441149,8619.41929441149,8621.526693724634,1380.5807055885107,0.13805807055885108,0.15,0.9203871370590072,-12.862180475719413,307.76038373026546,407.71661217696834,0.7548389605392946,1.1548012869505115
catfish_synth_10000g,1,synth,2099-01-01 00:54:40.169667,54.6694944515878,14.618582765442888,14.73716438752736,8.920430330091845,14.73716438752736,10000.0,97.4,0.0,401.5,955.0,12.06,8614.736184826725,8614.736184826725,8617.077739619108,1385.2638151732754,0.13852638151732755,0.15,0.923509210115517,-12.862180475719642,309.1004204837644,407.71661217696834,0.7581256472071346,1.1548012869505115
catfish_synth_10000g,1,synth,2099-01-01 00:54:52.184941,54.86974901001852,14.418328207012166,14.527739222757164,8.920430330094995,14.527739222757164,10000.0,97.0,0.0,401.75,1104.0,9.87,8614.736184826725,8614.736184826725,8614.736184826725,1385.2638151732754,0.13852638151732755,0.15,0.923509210115517,-12.8621804757151,310.44129163125683,407.71661217696834,0.7614143803797492,1.1548012869505115
catfish_synth_10000g,1,synth,2099-01-01 00:55:04.200214,55.07000356844926,14.21807364858143,14.282423438449396,8.920430330094995,14.282423438449396,10000.0,97.1,0.0,403.0,1194.0,8.93,8614.736184826725,8614.736184826725,8614.736184826725,1385.2638151732754,0.13852638151732755,0.15,0.923509210115517,-12.8621804757151,311.78633474871657,407.71661217696834,0.7647133460762362,1.1548012869505115
catfish_synth_10000g,1,synth,2099-01-01 00:55:16.215488,55.27025812687998,14.01781909015071,14.135527871694068,9.34521272676601,14.135527871694068,10000.0,97.3,0.0,401.5,928.0,12.43,8614.736184826725,8614.736184826725,8614.736184826725,1385.2638151732754,0.13852638151732755,0.15,0.923509210115517,-12.27753590863737,313.12637150221553,407.71661217696834,0.7680000327440762,1.1548012869505115
catfish_synth_10000g,1,synth,2099-01-01 00:55:28.230761,55.4705126853107,13.817564531719988,13.88265968594934,9.81247336310068,13.88265968594934,10000.0,97.5,0.0,403.0,1270.0,8.14,8614.736184826725,8614.736184826725,8614.736184826725,1385.2638151732754,0.13852638151732755,0.15,0.923509210115517,-11.692891341563726,314.4714146196753,407.71661217696834,0.7712989984405634,1.1548012869505115
catfish_synth_10000g,1,synth,2099-01-01 00:55:40.246035,55.67076724374143,13.61730997328926,13.725599463815904,9.812473363104667,13.725599463815904,10000.0,97.7,0.0,401.75,950.0,12.08,8614.736184826725,8614.736184826725,8614.736184826725,1385.2638151732754,0.13852638151732755,0.15,0.923509210115517,-11.692891341558976,315.8122857671677,407.71661217696834,0.7745877316131778,1.1548012869505115
catfish_synth_10000g,1,synth,2099-01-01 00:55:52.261308,55.87102180217215,13.417055414858538,13.508283874354959,9.331862422871051,13.508283874354959,10000.0,97.8,0.0,402.25,1111.0,9.73,8609.116453325008,8609.116453325008,8611.926319075867,1390.8835466749915,0.13908835466749916,0.15,0.9272556977833278,-11.692891341558976,317.154825702647,407.71661217696834,0.7778805577953413,1.1548012869505115
catfish_synth_10000g,1,synth,2099-01-01 00:56:04.276582,56.07127636060287,13.216800856427817,13.282889829805702,9.331862422871051,13.282889829805702,10000.0,98.0,0.0,403.0,1254.0,8.26,8609.116453325008,8609.116453325008,8609.116453325008,1390.8835466749915,0.13908835466749916,0.15,0.9272556977833278,-11.692891341558976,318.4998688201067,407.71661217696834,0.7811795234918284,1.1548012869505115
catfish_synth_10000g,1,synth,2099-01-01 00:56:16.291855,56.2715309190336,13.016546297997088,13.123963491131681,9.171658776130133,13.123963491131681,10000.0,98.2,0.0,401.75,951.0,11.95,8607.243209491102,8607.243209491102,8608.179831408055,1392.7567905088981,0.1392756790508898,0.15,0.9285045270059321,-11.692891341554228,319.8407399675991,407.71661217696834,0.7844682566644429,1.1548012869505115
catfish_synth_10000g,1,synth,2099-01-01 00:56:28.307129,56.47178547746432,12.816291739566367,12.91554726386319,8.731098747578955,12.91554726386319,10000.0,98.3,0.0,402.0,1035.0,10.74,8602.091788947862,8602.091788947862,8604.667499219482,1397.9082110521376,0.13979082110521376,0.15,0.9319388073680918,-11.692891341558976,321.18244550908497,407.71661217696834,0.7877590363418319,1.1548012869505115
catfish_synth_10000g,1,synth,2099-01-01 00:56:40.322402,56.672040035895044,12.616037181135646,12.67525691106215,8.731098747578955,12.67525691106215,10000.0,98.5,0.0,403.25,1299.0,7.88,8602.091788947862,8602.091788947862,8602.091788947862,1397.9082110521376,0.13979082110521376,0.15,0.9319388073680918,-11.692891341558976,322.52832302053815,407.71661217696834,0.7910600485430934,1.1548012869505115
catfish_synth_10000g,1,synth,2099-01-01 00:56:52.337676,56.87229459432578,12.41578262270491,12.506513246133135,8.731098747578955,12.506513246133135,10000.0,98.0,0.0,402.25,1010.0,10.73,8602.091788947862,8602.091788947862,8602.091788947862,1397.9082110521376,0.13979082110521376,0.15,0.9319388073680918,-11.692891341558976,323.87086295601745,407.71661217696834,0.7943528747252568,1.1548012869505115
catfish_synth_10000g,1,synth,2099-01-01 00:57:04.352949,57.0725491527565,12.215528064274189,12.321823732190431,9.148471406206712,12.321823732190431,10000.0,98.3,0.0,401.75,978.0,11.63,8601.623477989384,8601.623477989384,8601.857633468622,1398.376522010616,0.13983765220106162,0.15,0.9322510146737442,-11.10824677447625,325.2117341035099,407.71661217696834,0.7976416078978715,1.1548012869505115
catfish_synth_10000g,1,synth,2099-01-01 00:57:16.368223,57.27280371118722,12.015273505843467,12.075734739542018,10.863809794871933,12.075734739542018,10000.0,98.4,0.0,403.25,1263.0,8.17,8601.623477989384,8601.623477989384,8601.623477989384,1398.376522010616,0.13983765220106162,0.15,0.9322510146737442,-9.354313073241897,326.55761161496304,407.71661217696834,0.8009426200991329,1.1548012869505115
catfish_synth_10000g,1,synth,2099-01-01 00:57:40.398770,57.67331282804867,11.614764388982017,11.720312373419365,12.24413585834378,12.24413585834378,10000.0,98.7,0.0,401.75,954.0,12.03,8600.218545113956,8600.218545113956,8600.921011551669,1399.7814548860442,0.13997814548860443,0.15,0.9331876365906963,-8.185023939085234,329.23935390994785,407.71661217696834,0.8075200864443619,1.1548012869505115
catfish_synth_10000g,1,synth,2099-01-01 00:57:52.414043,57.873567386479394,11.414509830551296,11.520057814988636,11.843626741481879,11.843626741481879,10000.0,98.9,0.0,401.75,994.0,11.32,8596.94036840462,8596.94036840462,8598.579456759287,1403.0596315953808,0.14030596315953808,0.15,0.935373087730254,-8.185023939085234,330.58022505744026,407.71661217696834,0.8108088196169765,1.1548012869505115
catfish_synth_10000g,1,synth,2099-01-01 00:58:04.429317,58.07382194491012,11.214255272120567,11.269840180532558,10.263046119579574,11.269840180532558,10000.0,99.0,0.0,403.5,1265.0,8.14,8596.003746487668,8596.003746487668,8596.472057446143,1403.9962535123323,0.14039962535123324,0.15,0.935997502341555,-9.354313073241897,331.9269369628869,407.71661217696834,0.8141118783230124,1.1548012869505115
catfish_synth_10000g,1,synth,2099-01-01 00:58:16.444590,58.274076503340844,11.014000713689846,11.07657250380086,10.212982479971846,11.07657250380086,10000.0,99.1,0.0,403.25,1247.0,8.34,8595.535435529191,8595.535435529191,8595.76959100843,1404.464564470809,0.1404464564470809,0.15,0.9363097096472061,-9.354313073241897,333.27281447434007,407.71661217696834,0.8174128905242739,1.1548012869505115
catfish_synth_10000g,1,synth,2099-01-01 00:58:28.459864,58.474331061771565,10.813746155259125,10.883189268263314,12.569824590730022,12.569824590730022,10000.0,99.3,0.0,403.0,957.0,11.96,8595.535435529191,8595.535435529191,8595.535435529191,1404.464564470809,0.1404464564470809,0.15,0.9363097096472061,-7.600379372011798,334.61785759179975,407.71661217696834,0.8207118562207608,1.1548012869505115
catfish_synth_10000g,1,synth,2099-01-01 00:58:40.475137,58.6745856202023,10.61349159682839,10.669448725609215,10.57344068514836,10.669448725609215,10000.0,99.4,0.0,403.5,1061.0,10.35,8592.725569778333,8592.725569778333,8594.130502653763,1407.274430221667,0.1407274430221667,0.15,0.9381829534811114,-8.769668506163462,335.9645694972464,407.71661217696834,0.8240149149267968,1.1548012869505115
catfish_synth_10000g,1,synth,2099-01-01 00:58:52.490411,58.87484017863302,10.413237038397668,10.43624342991595,13.216800856430414,13.216800856430414,10000.0,99.0,0.0,404.75,1315.0,7.73,8592.725569778333,8592.725569778333,8592.725569778333,1407.274430221667,0.1407274430221667,0.15,0.9381829534811114,-7.0157348049334445,337.31545337266033,407.71661217696834,0.8273282061567053,1.1548012869505115
catfish_synth_10000g,1,synth,2099-01-01 00:59:04.505684,59.07509473706374,10.212982479966946,10.23598887148522,12.482534142184193,12.482534142184193,10000.0,99.1,0.0,404.75,1267.0,8.07,8587.574149235092,8587.574149235092,8590.149859506713,1412.4258507649083,0.14124258507649085,0.15,0.9416172338432723,-7.0157348049334445,338.6663372480743,407.71661217696834,0.8306414973866139,1.1548012869505115
catfish_synth_10000g,1,synth,2099-01-01 00:59:16.520958,59.27534929549447,10.012727921536218,10.067444315754264,12.14877654479943,12.14877654479943,10000.0,99.3,0.0,403.5,999.0,11.31,8585.232594442708,8585.232594442708,8586.4033718389,1414.7674055572916,0.14147674055572915,0.15,0.9431782703715277,-7.0157348049334445,340.0130491535209,407.71661217696834,0.8339445560926498,1.1548012869505115
catfish_synth_10000g,1,synth,2099-01-01 00:59:28.536231,59.47560385392519,9.812473363105497,9.854730049011968,13.253210776145655,13.253210776145655,10000.0,99.4,9.7,404.0,1131.0,9.16,8585.232594442708,8585.232594442708,8585.232594442708,1414.7674055572916,0.14147674055572915,0.15,0.9431782703715277,-6.431090237855258,341.3614298469544,407.71661217696834,0.8372517078082347,1.1548012869505115
catfish_synth_10000g,1,synth,2099-01-01 00:59:40.551505,59.675858412355915,9.612218804674775,9.630142823793559,15.931362648481146,15.931362648481146,10000.0,99.6,9.1,405.0,1303.0,7.93,8583.82766156728,8583.82766156728,8584.530128004993,1416.1723384327197,0.14161723384327196,0.15,0.9441148922884798,-5.261801103703593,342.7131481163618,407.71661217696834,0.8405670455429176,1.1548012869505115
catfish_synth_10000g,1,synth,2099-01-01 00:59:52.566778,59.87611297078664,9.411964246244047,9.459702949027832,14.329326181036041,14.329326181036041,10000.0,99.7,8.4,403.75,975.0,11.71,8575.398064314704,8575.398064314704,8579.612862940992,1424.6019356852958,0.14246019356852957,0.15,0.9497346237901971,-5.261801103703593,344.0606944158019,407.71661217696834,0.843872150753728,1.1548012869505115
catfish_synth_10000g,1,synth,2099-01-01 01:00:04.582052,60.076367529217364,9.211709687813325,9.247748077734983,11.723994148128947,11.723994148128947,10000.0,99.9,6.3,404.25,1095.0,9.99,8575.398064314704,8575.398064314704,8575.398064314704,1424.6019356852958,0.14246019356852957,0.15,0.9497346237901971,-6.431090237855258,345.4099095032289,407.71661217696834,0.8471813489740875,1.1548012869505115
catfish_synth_10000g,1,synth,2099-01-01 01:00:16.597325,60.276622087648086,9.011455129382604,9.030368059901052,11.723994148128947,11.723994148128947,10000.0,100.0,4.6,405.0,1360.0,7.34,8575.398064314704,8575.398064314704,8575.398064314704,1424.6019356852958,0.14246019356852957,0.15,0.9497346237901971,-6.431090237855258,346.76162777263625,407.71661217696834,0.8504966867087703,1.1548012869505115
catfish_synth_10000g,1,synth,2099-01-01 01:00:28.612599,60.47687664607882,8.811200570951868,8.84686743108053,11.723994148128947,11.723994148128947,10000.0,100.1,3.1,404.25,1053.0,10.55,8575.398064314704,8575.398064314704,8575.398064314704,1424.6019356852958,0.14246019356852957,0.15,0.9497346237901971,-6.431090237855258,348.11084286006326,407.71661217696834,0.8538058849291298,1.1548012869505115
catfish_synth_10000g,1,synth,2099-01-01 01:00:40.627872,60.67713120450954,8.610946012521147,8.646612872649815,11.505534629841007,11.505534629841007,10000.0,100.3,2.8,404.25,1072.0,10.27,8573.993131439276,8573.993131439276,8574.695597876991,1426.006868560724,0.14260068685607238,0.15,0.9506712457071492,-6.431090237855258,349.4600579474902,407.71661217696834,0.857115083149489,1.1548012869505115
catfish_synth_10000g,1,synth,2099-01-01 01:00:52.643146,60.877385762940264,8.410691454090426,8.430346068158626,14.062320103128755,14.062320103128755,10000.0,100.4,2.4,405.0,1339.0,7.54,8573.993131439276,8573.993131439276,8573.993131439276,1426.006868560724,0.14260068685607238,0.15,0.9506712457071492,-5.261801103703593,350.8117762168976,407.71661217696834,0.860430420884172,1.1548012869505115
catfish_synth_10000g,1,synth,2099-01-01 01:01:04.658419,61.07764032137099,8.210436895659697,8.250958702965923,13.172299843437337,13.172299843437337,10000.0,100.0,2.4,404.0,959.0,11.93,8569.310021854513,8569.310021854513,8571.651576646895,1430.6899781454867,0.14306899781454868,0.15,0.9537933187636579,-5.261801103703593,352.1601569103311,407.71661217696834,0.8637375725997569,1.1548012869505115
catfish_synth_10000g,1,synth,2099-01-01 01:01:16.673693,61.277894879801714,8.010182337228976,8.040505184457361,10.777336235547498,10.777336235547498,10000.0,100.0,1.9,404.5,1117.0,9.68,8569.310021854513,8569.310021854513,8569.310021854513,1430.6899781454867,0.14306899781454868,0.15,0.9537933187636579,-6.431090237855258,353.51020639175164,407.71661217696834,0.8670488173248909,1.1548012869505115
catfish_synth_10000g,1,synth,2099-01-01 01:01:40.704240,61.678403996663164,7.609673220367526,7.649947187873706,14.818837323866768,14.818837323866768,10000.0,100.0,0.0,404.0,939.0,12.28,8569.310021854513,8569.310021854513,8569.310021854513,1430.6899781454867,0.14306899781454868,0.15,0.9537933187636579,-4.677156536625491,356.2069677786187,407.71661217696834,0.8736631207560609,1.1548012869505115
catfish_synth_10000g,1,synth,2099-01-01 01:01:52.719513,61.878658555093885,7.4094186619368045,7.430803870954403,13.016546297990665,13.016546297990665,10000.0,100.0,0.0,405.0,1254.0,8.22,8560.880424601935,8560.880424601935,8565.095223228225,1439.1195753980646,0.14391195753980646,0.15,0.9594130502653764,-4.677156536625491,357.5586860480261,407.71661217696834,0.8769784584907439,1.1548012869505115
catfish_synth_10000g,1,synth,2099-01-01 01:02:04.734787,62.07891311352461,7.209164103506083,7.225965226236848,9.393759286389322,9.393759286389322,10000.0,100.0,0.0,405.25,1230.0,8.49,8560.41211364346,8560.41211364346,8560.646269122699,1439.5878863565395,0.14395878863565395,0.15,0.9597252575710263,-6.431090237855258,358.91123871142696,407.71661217696834,0.8802958427302012,1.1548012869505115
catfish_synth_10000g,1,synth,2099-01-01 01:02:16.750060,62.27916767195534,7.008909545075348,7.043585659089331,9.175299768101098,9.175299768101098,10000.0,100.0,0.0,404.25,975.0,11.69,8559.00718076803,8559.00718076803,8559.709647205746,1440.9928192319694,0.14409928192319693,0.15,0.9606618794879795,-6.431090237855258,360.260453798854,407.71661217696834,0.8836050409505607,1.1548012869505115
catfish_synth_10000g,1,synth,2099-01-01 01:02:28.765334,62.479422230386064,6.808654986644626,6.821618444496189,7.542921700892285,7.542921700892285,10000.0,100.0,0.0,405.5,1371.0,7.21,8552.919138307838,8552.919138307838,8555.963159537934,1447.0808616921622,0.1447080861692162,0.15,0.9647205744614414,-7.0157348049334445,361.61384085624826,407.71661217696834,0.8869244716947925,1.1548012869505115
catfish_synth_10000g,1,synth,2099-01-01 01:02:40.780607,62.679676788816785,6.608400428213905,6.642457325906215,5.7673312828022025,6.642457325906215,10000.0,100.0,0.0,404.25,959.0,11.93,8550.577583515455,8550.577583515455,8551.748360911646,1449.4224164845455,0.14494224164845454,0.15,0.966281610989697,-8.769668506172607,362.9630559436752,407.71661217696834,0.8902336699151518,1.1548012869505115
catfish_synth_10000g,1,synth,2099-01-01 01:02:52.795881,62.87993134724751,6.408145869783176,6.425811756183928,5.553726420476095,6.425811756183928,10000.0,100.0,0.0,405.25,1227.0,8.49,8548.704339681548,8548.704339681548,8549.640961598501,1451.295660318452,0.1451295660318452,0.15,0.9675304402123014,-8.769668506172607,364.31560860707606,407.71661217696834,0.8935510541546092,1.1548012869505115
catfish_synth_10000g,1,synth,2099-01-01 01:03:04.811154,63.080185905678235,6.207891311352455,6.2215955382241175,5.286720342568668,6.2215955382241175,10000.0,100.0,0.0,405.5,1203.0,8.83,8546.362784889167,8546.362784889167,8547.533562285356,1453.6372151108335,0.14536372151108334,0.15,0.9690914767405556,-8.769668506172607,365.66899566447034,407.71661217696834,0.8968704848988411,1.1548012869505115
catfish_synth_10000g,1,synth,2099-01-01 01:03:28.841701,63.480695022539685,5.807382194491005,5.80578114328586,5.019714264661241,5.807382194491005,10000.0,100.0,0.0,406.5,1249.0,8.32,8544.021230096785,8544.021230096785,8545.192007492977,1455.978769903215,0.14559787699032148,0.15,0.9706525132688099,-8.769668506172607,368.38244493120663,407.71661217696834,0.9035257184255009,1.1548012869505115
catfish_synth_10000g,1,synth,2099-01-01 01:03:40.856975,63.680949580970406,5.607127636060284,5.619844170905167,3.33757597384386,5.619844170905167,10000.0,100.0,0.0,405.5,1013.0,11.03,8535.123321885732,8535.123321885732,8539.572275991259,1464.8766781142676,0.14648766781142677,0.15,0.9765844520761785,-10.523602207407166,369.7358319886009,407.71661217696834,0.9068451491697327,1.1548012869505115
catfish_synth_10000g,1,synth,2099-01-01 01:03:52.872248,63.88120413940113,5.406873077629562,5.392007555193918,3.1619140804849524,5.406873077629562,10000.0,100.0,0.0,407.5,1389.0,7.16,8535.123321885732,8535.123321885732,8535.123321885732,1464.8766781142676,0.14648766781142677,0.15,0.9765844520761785,-11.10824677448079,371.095894197943,407.71661217696834,0.9101809519521608,1.1548012869505115
catfish_synth_10000g,1,synth,2099-01-01 01:04:04.887522,64.08145869783186,5.206618519198827,5.211674206942482,3.1619140804849524,5.211674206942482,10000.0,100.0,0.0,406.0,967.0,11.95,8535.123321885732,8535.123321885732,8535.123321885732,1464.8766781142676,0.14648766781142677,0.15,0.9765844520761785,-11.10824677448079,372.4509500433242,407.71661217696834,0.9135044757059416,1.1548012869505115
catfish_synth_10000g,1,synth,2099-01-01 01:04:16.902795,64.28171325626258,5.0063639607681125,5.0018099234835915,3.33757597384386,5.0063639607681125,10000.0,100.0,0.0,406.75,1263.0,8.17,8535.123321885732,8535.123321885732,8535.123321885732,1464.8766781142676,0.14648766781142677,0.15,0.9765844520761785,-10.523602207407166,373.80850907068583,407.71661217696834,0.9168341389740461,1.1548012869505115
catfish_synth_10000g,1,synth,2099-01-01 01:04:28.918069,64.4819678146933,4.806109402337384,4.798483000235005,4.291169109227842,4.806109402337384,10000.0,100.0,0.0,407.0,1237.0,8.43,8535.123321885732,8535.123321885732,8535.123321885732,1464.8766781142676,0.14648766781142677,0.15,0.9765844520761785,-8.185023939094421,375.1669024920409,407.71661217696834,0.9201658487469249,1.1548012869505115
catfish_synth_10000g,1,synth,2099-01-01 01:04:40.933342,64.68222237312403,4.605854843906656,4.61004736545018,4.0050911686127915,4.61004736545018,10000.0,100.0,0.0,406.0,1043.0,10.62,8532.781767093351,8532.781767093351,8533.95254448954,1467.218232906649,0.1467218232906649,0.15,0.9781454886044327,-8.185023939094318,376.5219583374221,407.71661217696834,0.9234893725007058,1.1548012869505115
catfish_synth_10000g,1,synth,2099-01-01 01:04:52.948616,64.88247693155476,4.405600285475927,4.395642876493209,2.7145617920595555,4.405600285475927,10000.0,100.0,0.0,407.25,1399.0,7.1,8528.566968467061,8528.566968467061,8530.674367780206,1471.433031532939,0.14714330315329388,0.15,0.9809553543552926,-10.523602207407166,377.8811861527707,407.71661217696834,0.9268231287783593,1.1548012869505115
catfish_synth_10000g,1,synth,2099-01-01 01:05:04.963889,65.08273148998548,4.205345727045213,4.208921701302912,2.7145617920595555,4.208921701302912,10000.0,100.0,0.0,406.0,958.0,12.24,8528.566968467061,8528.566968467061,8528.566968467061,1471.433031532939,0.14714330315329388,0.15,0.9809553543552926,-10.523602207407166,379.23624199815197,407.71661217696834,0.9301466525321402,1.1548012869505115
catfish_synth_10000g,1,synth,2099-01-01 01:05:16.979163,65.2829860484162,4.005091168614484,3.9957484145072284,3.490150875505204,4.005091168614484,10000.0,100.0,0.0,407.25,1424.0,6.82,8528.566968467061,8528.566968467061,8528.566968467061,1471.433031532939,0.14714330315329388,0.15,0.9809553543552926,-8.185023939094318,380.59546981350053,407.71661217696834,0.9334804088097938,1.1548012869505115
catfish_synth_10000g,1,synth,2099-01-01 01:05:28.994436,65.48324060684693,3.804836610183756,3.8102655692539775,2.497292140430304,3.8102655692539775,10000.0,100.0,0.0,405.75,1075.0,10.27,8524.820480799252,8524.820480799252,8526.693724633156,1475.1795192007485,0.14751795192007486,0.15,0.9834530128004991,-9.938957640324272,381.9496912648883,407.71661217696834,0.9368018860588002,1.1548012869505115
catfish_synth_10000g,1,synth,2099-01-01 01:05:41.009710,65.68349516527765,3.6045820517530416,3.6076647881820794,2.4972921404302206,3.6076647881820794,10000.0,100.0,0.0,406.0,1134.0,9.54,8524.820480799252,8524.820480799252,8524.820480799252,1475.1795192007485,0.14751795192007486,0.15,0.9834530128004991,-9.938957640324604,383.3047471102696,407.71661217696834,0.9401254098125812,1.1548012869505115
catfish_synth_10000g,1,synth,2099-01-01 01:05:53.024983,65.88374972370838,3.404327493322313,3.3985461885027535,1.9580445713226595,3.404327493322313,10000.0,100.0,0.0,407.0,1407.0,6.96,8520.605682172963,8520.605682172963,8522.713081486108,1479.3943178270365,0.14793943178270366,0.15,0.9862628785513577,-10.523602207402437,384.66314053162466,407.71661217696834,0.9434571195854601,1.1548012869505115
catfish_synth_10000g,1,synth,2099-01-01 01:06:05.040257,66.0840042821391,3.2040729348915846,3.2108633175757424,1.913543558337174,3.2108633175757424,10000.0,100.0,0.0,405.5,941.0,12.24,8520.137371214487,8520.137371214487,8520.371526693725,1479.8626287855132,0.14798626287855132,0.15,0.9865750858570088,-10.523602207407166,386.01652758901895,407.71661217696834,0.9467765503296919,1.1548012869505115
catfish_synth_10000g,1,synth,2099-01-01 01:06:17.055530,66.28425884056982,3.0038183764608704,3.0027099563957598,1.913543558338034,3.0038183764608704,10000.0,100.0,0.0,406.5,1357.0,7.33,8520.137371214487,8520.137371214487,8520.137371214487,1479.8626287855132,0.14798626287855132,0.15,0.9865750858570088,-10.523602207402437,387.37325222238707,407.71661217696834,0.9501041670930217,1.1548012869505115
catfish_synth_10000g,1,synth,2099-01-01 01:06:29.070804,66.48451339900056,2.8035638180301277,2.8080056936330395,2.0261049441235337,2.8080056936330395,10000.0,100.0,0.0,405.75,1040.0,11.2,8520.137371214487,8520.137371214487,8520.137371214487,1479.8626287855132,0.14798626287855132,0.15,0.9865750858570088,-9.938957640320062,388.7274736737749,407.71661217696834,0.9534256443420284,1.1548012869505115
catfish_synth_10000g,1,synth,2099-01-01 01:06:41.086077,66.68476795743128,2.6033092595994134,2.6060220676569754,1.1125253246151199,2.6060220676569754,10000.0,100.0,0.0,406.0,1293.0,7.88,8511.70777396191,8511.70777396191,8515.922572588199,1488.2922260380892,0.14882922260380893,0.15,0.9921948173587263,-10.523602207402437,390.08252951915614,407.71661217696834,0.9567491680958092,1.1548012869505115
catfish_synth_10000g,1,synth,2099-01-01 01:06:53.101351,66.885022515862,2.403054701168685,2.4025620700286385,1.1125253246151199,2.403054701168685,10000.0,100.0,0.0,406.5,1234.0,8.61,8511.70777396191,8511.70777396191,8511.70777396191,1488.2922260380892,0.14882922260380893,0.15,0.9921948173587263,-10.523602207402437,391.4392541525243,407.71661217696834,0.9600767848591392,1.1548012869505115
catfish_synth_10000g,1,synth,2099-01-01 01:07:05.116624,67.08527707429273,2.2028001427379564,2.2097182520976952,1.1779679907694793,2.2097182520976952,10000.0,100.0,0.0,405.25,1049.0,10.57,8511.70777396191,8511.70777396191,8511.70777396191,1488.2922260380892,0.14882922260380893,0.15,0.9921948173587263,-9.938957640320062,392.79180681592516,407.71661217696834,0.9633941690985965,1.1548012869505115
catfish_synth_10000g,1,synth,2099-01-01 01:07:17.131898,67.28553163272345,2.002545584307242,2.002668742092261,1.1779679907694793,2.002668742092261,10000.0,100.0,0.0,406.5,1375.0,7.23,8511.70777396191,8511.70777396191,8511.70777396191,1488.2922260380892,0.14882922260380893,0.15,0.9921948173587263,-9.938957640320062,394.1485314492933,407.71661217696834,0.9667217858619264,1.1548012869505115
catfish_synth_10000g,1,synth,2099-01-01 01:07:29.147171,67.48578619115418,1.8022910258765137,1.8085914469005637,1.2515909901926405,1.8085914469005637,10000.0,100.0,0.0,405.25,1103.0,10.07,8511.70777396191,8511.70777396191,8511.70777396191,1488.2922260380892,0.14882922260380893,0.15,0.9921948173587263,-9.354313073241897,395.5010841126941,407.71661217696834,0.9700391701013837,1.1548012869505115
catfish_synth_10000g,1,synth,2099-01-01 01:07:41.162445,67.6860407495849,1.6020364674457852,1.6049958944176754,0.700890954508011,1.6049958944176754,10000.0,100.0,0.0,406.0,1282.0,8.2,8506.556353418671,8506.556353418671,8509.132063690291,1493.4436465813287,0.14934436465813286,0.15,0.9956290977208858,-9.354313073241897,396.8561399580754,407.71661217696834,0.9733626938551648,1.1548012869505115
catfish_synth_10000g,1,synth,2099-01-01 01:07:53.177718,67.88629530801562,1.401781909015071,1.4057302428843106,0.700890954508011,1.4057302428843106,10000.0,100.0,0.0,405.75,1199.0,8.8,8506.556353418671,8506.556353418671,8506.556353418671,1493.4436465813287,0.14934436465813286,0.15,0.9956290977208858,-9.354313073241897,398.2103614094632,407.71661217696834,0.9766841711041713,1.1548012869505115
catfish_synth_10000g,1,synth,2099-01-01 01:08:05.192992,68.08654986644635,1.2015273505843425,1.2037455549238774,0.5545510848851863,0.0,10000.0,100.0,0.0,406.25,1198.0,8.86,8504.214798626288,8504.214798626288,8505.38557602248,1495.785201373712,0.1495785201373712,0.15,0.9971901342491413,-7.60037937201161,399.5662516488379,407.71661217696834,0.9800097413627268,1.1548012869505115
catfish_synth_10000g,1,synth,2099-01-01 01:08:17.208265,68.28680442487708,1.001272792153614,1.0027506855737718,0.45772470498477624,0.0,10000.0,100.0,0.0,406.5,1205.0,8.67,8503.746487667813,8503.746487667813,8503.98064314705,1496.2535123321868,0.14962535123321868,0.15,0.9975023415547912,-8.185023939089776,400.92297628220604,407.71661217696834,0.9833373581260566,1.1548012869505115
catfish_synth_10000g,1,synth,2099-01-01 01:08:29.223539,68.4870589833078,0.8010182337228855,0.8012642466939424,0.5825587154348465,0.0,10000.0,100.0,0.0,407.0,1273.0,8.08,8503.746487667813,8503.746487667813,8503.746487667813,1496.2535123321868,0.14962535123321868,0.15,0.9975023415547912,-6.431090237859821,402.2813697035611,407.71661217696834,0.9866690678989354,1.1548012869505115
catfish_synth_10000g,1,synth,2099-01-01 01:08:41.238813,68.68731354173852,0.6007636752921712,0.6015021678248004,0.24030547011687417,0.0,10000.0,100.0,9.8,406.75,1163.0,9.76,8501.40493287543,8501.40493287543,8503.746487667813,1498.59506712457,0.149859506712457,0.15,0.9990633780830468,-5.846445670781655,403.6389287309227,407.71661217696834,0.9899987311670398,1.1548012869505115
catfish_synth_10000g,1,synth,2099-01-01 01:08:53.254086,68.88756810016925,0.40050911686144275,0.400509116861446,0.0,0.0,10000.0,100.0,9.2,407.25,1264.0,8.27,8500.0,8500.0,8503.746487667813,1500.0,0.15,0.15,1.0,-5.846445670781655,404.9981565462713,407.71661217696834,0.9933324874446933,1.1548012869505115
catfish_synth_10000g,1,synth,2099-01-01 01:09:05.269360,69.08782265859998,0.20025455843071427,0.20050057140176966,0.0,0.0,10000.0,100.0,8.5,407.0,1290.0,7.88,8500.0,8500.0,8502.575710271622,1500.0,0.15,0.15,1.0,-5.846445670781655,406.35654996762634,407.71661217696834,0.9966641972175722,1.1548012869505115
catfish_synth_10000g,1,synth,2099-01-01 01:09:17.284633,69.28807721703069,0.0,0.0,0.0,0.0,10000.0,100.0,7.9,407.5,1171.0,8.98,8500.0,8500.0,8501.40493287543,1500.0,0.15,0.15,1.0,-5.846445670781863,407.71661217696834,407.71661217696834,1.0,1.1548012869505115
