run_id,is_synthetic,remaining_min,start_weight_g,elapsed_smoking_min,oven_temp_c,oven_deg_h,dht11_temp_c,dht11_humidity_pct,mq6_adc,mq6_ratio,weight_corrected_g,weight_smooth_g,weight_loss_from_start_g,moisture_removed_frac,drying_rate_g_per_min
catfish_3342g,0,28.833333333333332,3342.3,0.0,28.25,0.0,30.1,53.0,687.0,18.22,3342.3,3336.9,0.0,0.0,0.0
catfish_3342g,0,28.75,3342.3,0.08333333333333333,28.25,0.03923611111111111,30.1,53.1,688.0,18.26,3340.9,3338.8,1.400000000000091,0.0004188732310086141,0.0
catfish_3342g,0,28.666666666666664,3342.3,0.16666666666666666,28.25,0.07847222222222222,30.2,53.1,687.0,18.13,3344.2,3339.8500000000004,-1.8999999999996362,-0.0005684708135115448,0.0
catfish_3342g,0,28.583333333333332,3342.3,0.25,28.0,0.11736111111111111,30.2,53.1,691.0,18.16,3332.9,3340.9,9.400000000000091,0.002812434551057682,0.0
catfish_3342g,0,28.5,3342.3,0.3333333333333333,28.75,0.15729166666666666,30.2,53.1,693.0,17.88,3329.5,3341.6000000000004,12.800000000000182,0.003829698112078563,12.599999999999454
catfish_3342g,0,28.416666666666664,3342.3,0.4166666666666667,28.25,0.19652777777777777,30.2,53.1,692.0,17.78,3332.9,3342.3,9.400000000000091,0.002812434551057682,12.599999999996724
catfish_3342g,0,28.333333333333332,3342.3,0.5,28.5,0.2361111111111111,30.2,53.1,719.0,17.27,3338.8,3343.25,3.5,0.0010471830775214673,11.999999999997272
catfish_3342g,0,28.25,3342.3,0.5833333333333334,28.75,0.2760416666666667,30.2,53.1,695.0,18.07,3392.6,3367.95,-50.29999999999973,-0.015049516799808432,12.599999999996724
catfish_3342g,0,28.166666666666664,3342.3,0.6666666666666666,28.25,0.31527777777777777,30.2,53.1,691.0,17.63,3392.6,3391.75,-50.29999999999973,-0.015049516799808432,12.599999999999454
catfish_3342g,0,28.083333333333332,3342.3,0.75,28.75,0.35520833333333335,30.3,53.1,693.0,17.97,3392.2,3392.0,-49.899999999999636,-0.014929838733805953,12.599999999996724
catfish_3342g,0,28.0,3342.3,0.8333333333333334,28.75,0.39513888888888893,30.3,53.1,699.0,17.91,3391.8,3392.0,-49.5,-0.014810160667803607,11.999999999997272
catfish_3342g,0,27.916666666666664,3342.3,0.9166666666666666,29.5,0.43611111111111117,30.3,53.1,699.0,17.78,3392.7,3392.0,-50.399999999999636,-0.015079436316309019,11.399999999997819
catfish_3342g,0,27.833333333333332,3342.3,1.0,31.25,0.47951388888888896,30.3,53.1,701.0,17.57,3391.7,3392.0,-49.399999999999636,-0.014780241151302885,9.900000000000547
catfish_3342g,0,27.75,3342.3,1.0833333333333333,34.75,0.5277777777777779,30.3,53.1,705.0,17.63,3392.5,3392.0,-50.19999999999982,-0.015019597283307847,8.400000000003276
catfish_3342g,0,27.666666666666664,3342.3,1.1666666666666667,38.75,0.5815972222222223,30.3,53.1,706.0,17.42,3392.3,3391.75,-50.0,-0.014959758250306675,8.400000000000546
catfish_3342g,0,27.583333333333332,3342.3,1.25,43.25,0.6416666666666667,30.4,53.1,705.0,17.57,3388.9,3391.55,-46.59999999999991,-0.013942494689285793,8.399999999997814
catfish_3342g,0,27.5,3342.3,1.3333333333333333,48.75,0.7093750000000001,30.4,53.2,707.0,17.48,3391.4,3390.8,-49.09999999999991,-0.014690482601801128,5.699999999998906
catfish_3342g,0,27.416666666666664,3342.3,1.4166666666666667,54.75,0.7854166666666668,30.4,53.2,718.0,17.78,3390.2,3389.7,-47.899999999999636,-0.014331448403793684,2.9999999999999987
catfish_3342g,0,27.333333333333332,3342.3,1.5,61.25,0.8704861111111112,30.4,53.2,709.0,17.1,3389.2,3389.05,-46.899999999999636,-0.014032253238787552,1.4999999999999993
catfish_3342g,0,27.25,3342.3,1.5833333333333333,69.0,0.9663194444444445,30.5,53.2,709.0,17.36,3387.5,3388.2,-45.19999999999982,-0.01352362145827718,0.0
catfish_3342g,0,27.166666666666664,3342.3,1.6666666666666667,77.0,1.073263888888889,30.5,53.2,709.0,17.48,3387.1,3387.3,-44.79999999999973,-0.013403943392274699,0.0
catfish_3342g,0,27.083333333333332,3342.3,1.75,85.25,1.1916666666666669,30.6,53.3,709.0,17.36,3384.7,3385.8999999999996,-42.399999999999636,-0.012685874996259951,0.0
catfish_3342g,0,27.0,3342.3,1.8333333333333333,94.5,1.322916666666667,30.7,53.3,708.0,17.57,3383.9,3384.3,-41.59999999999991,-0.012446518864255126,0.0
catfish_3342g,0,26.916666666666664,3342.3,1.9166666666666667,103.0,1.4659722222222225,30.7,53.3,710.0,17.51,3376.3,3381.95,-34.0,-0.01017263561020854,0.0
catfish_3342g,0,26.833333333333332,3342.3,2.0,112.25,1.6218750000000002,30.8,53.3,713.0,17.42,3380.0,3379.0,-37.69999999999982,-0.011279657720731178,0.0
catfish_3342g,0,26.75,3342.3,2.0833333333333335,121.75,1.7909722222222224,30.9,53.4,709.0,17.36,3378.0,3377.15,-35.69999999999982,-0.010681267390718912,-1.1999999999989097
catfish_3342g,0,26.666666666666664,3342.3,2.1666666666666665,130.5,1.9722222222222223,31.0,53.4,718.0,17.66,3374.6,3375.45,-32.29999999999973,-0.00966400382969803,-2.699999999998907
catfish_3342g,0,26.583333333333332,3342.3,2.25,140.25,2.167013888888889,31.0,53.2,714.0,17.1,3373.6,3374.1,-31.299999999999727,-0.009364808664691896,-5.399999999997818
catfish_3342g,0,26.5,3342.3,2.3333333333333335,149.75,2.375,31.1,53.2,715.0,16.54,3372.2,3372.8999999999996,-29.899999999999636,-0.008945935433683282,-8.399999999997824
catfish_3342g,0,26.416666666666664,3342.3,2.4166666666666665,158.5,2.595138888888889,31.3,53.3,720.0,17.1,3370.4,3371.3,-28.09999999999991,-0.008407384136672323,-9.600000000002192
catfish_3342g,0,26.333333333333332,3342.3,2.5,167.25,2.827430555555556,31.4,53.3,720.0,17.1,3365.8,3368.1000000000004,-23.5,-0.007031086377644137,-10.499999999999995
catfish_3342g,0,26.25,3342.3,2.5833333333333335,176.5,3.072569444444445,31.6,53.4,719.0,17.1,3364.3,3365.05,-22.0,-0.006582293630134937,-11.999999999999979
catfish_3342g,0,26.166666666666664,3342.3,2.6666666666666665,185.25,3.3298611111111116,31.7,53.5,720.0,17.1,3360.0,3362.15,-17.699999999999818,-0.005295754420608508,-13.800000000003795
catfish_3342g,0,26.083333333333332,3342.3,2.75,193.0,3.5979166666666673,31.9,53.5,730.0,16.76,3357.6,3358.8,-15.299999999999727,-0.00457768602459376,-15.300000000001065
catfish_3342g,0,26.0,3342.3,2.8333333333333335,201.75,3.8781250000000007,32.0,53.6,733.0,16.93,3356.1,3356.85,-13.799999999999727,-0.004128893277084561,-16.50000000000272
catfish_3342g,0,25.916666666666664,3342.3,2.9166666666666665,209.0,4.168402777777779,32.1,53.4,736.0,16.65,3351.9,3354.0,-9.599999999999909,-0.002872273584058854,-18.000000000000014
catfish_3342g,0,25.75,3342.3,3.0833333333333335,223.75,4.789930555555556,32.6,53.6,746.0,16.51,3344.2,3348.05,-1.8999999999996362,-0.0005684708135115448,-19.199999999993494
catfish_3342g,0,25.666666666666664,3342.3,3.1666666666666665,231.25,5.111111111111112,32.8,53.6,752.0,16.22,3341.4,3342.8,0.900000000000091,0.00026927564850554736,-19.799999999998434
catfish_3342g,0,25.583333333333332,3342.3,3.25,237.75,5.441319444444445,33.0,53.5,751.0,16.14,3338.9,3340.15,3.400000000000091,0.001017263561020881,-21.300000000001106
catfish_3342g,0,25.5,3342.3,3.3333333333333335,244.25,5.780555555555556,33.2,53.6,742.0,16.22,3335.7,3337.3,6.600000000000364,0.00197468808904059,-22.80000000000105
catfish_3342g,0,25.416666666666664,3342.3,3.4166666666666665,250.5,6.128472222222222,33.5,53.6,762.0,15.91,3330.2,3332.95,12.100000000000364,0.003620261496574324,-25.800000000003774
catfish_3342g,0,25.333333333333332,3342.3,3.5,257.0,6.485416666666667,33.8,53.7,767.0,15.24,3328.4,3329.3,13.900000000000091,0.004158812793585283,-30.000000000002675
catfish_3342g,0,25.25,3342.3,3.5833333333333335,263.0,6.850694444444445,34.0,53.5,767.0,16.22,3325.0,3326.7,17.300000000000182,0.005176076354606164,-31.50000000000267
catfish_3342g,0,25.166666666666664,3342.3,3.6666666666666665,268.5,7.223611111111111,34.3,53.6,770.0,15.58,3323.1,3324.05,19.200000000000273,0.005744547168117844,-31.79999999999839
catfish_3342g,0,25.0,3342.3,3.8333333333333335,280.25,8.002083333333333,34.8,53.8,784.0,15.41,3315.4,3319.25,26.90000000000009,0.008048349938665019,-31.79999999999839
catfish_3342g,0,24.916666666666664,3342.3,3.9166666666666665,290.75,8.405902777777778,35.1,53.7,784.0,15.26,3311.6,3313.5,30.700000000000273,0.00918529156568838,-32.99999999999994
catfish_3342g,0,24.833333333333332,3342.3,4.0,290.0,8.808680555555556,35.4,53.8,785.0,15.41,3309.2,3310.3999999999996,33.100000000000364,0.009903359961703127,-34.19999999999894
catfish_3342g,0,24.75,3342.3,4.083333333333333,288.75,9.209722222222222,35.8,53.9,793.0,15.14,3305.2,3307.2,37.100000000000364,0.01110014062172766,-34.50000000000012
catfish_3342g,0,24.666666666666664,3342.3,4.166666666666667,295.75,9.620486111111111,36.1,53.9,794.0,15.12,3303.4,3304.3,38.90000000000009,0.01163869191873862,-34.49999999999721
catfish_3342g,0,24.583333333333332,3342.3,4.25,306.0,10.045486111111112,36.4,54.0,790.0,15.0,3298.6,3301.0,43.70000000000027,0.013074828710768115,-34.7999999999983
catfish_3342g,0,24.5,3342.3,4.333333333333333,311.5,10.478125,36.7,54.1,818.0,15.1,3296.5,3297.55,45.80000000000018,0.013703138557280968,-35.25000000000003
catfish_3342g,0,24.416666666666664,3342.3,4.416666666666667,311.0,10.910069444444446,37.1,54.1,799.0,15.0,3291.9,3294.2,50.40000000000009,0.015079436316309154,-36.15000000000048
catfish_3342g,0,24.333333333333332,3342.3,4.5,310.5,11.341319444444446,37.5,54.2,806.0,14.86,3288.3,3290.1000000000004,54.0,0.016156538910331208,-36.90000000000321
catfish_3342g,0,24.25,3342.3,4.583333333333333,315.0,11.778819444444446,37.8,54.3,797.0,14.68,3283.7,3286.0,58.600000000000364,0.017532836669359533,-37.80000000000102
catfish_3342g,0,24.166666666666664,3342.3,4.666666666666667,324.0,12.228819444444445,38.2,54.3,811.0,14.7,3282.0,3282.85,60.30000000000018,0.018041468449869903,-37.50000000000256
catfish_3342g,0,24.083333333333332,3342.3,4.75,329.75,12.686805555555557,38.6,54.4,809.0,15.05,3278.1,3280.05,64.20000000000027,0.01920832959339385,-37.50000000000256
catfish_3342g,0,24.0,3342.3,4.833333333333333,332.5,13.148611111111112,39.0,54.4,799.0,15.17,3277.6,3277.85,64.70000000000027,0.01935792717589692,-37.50000000000256
catfish_3342g,0,23.916666666666664,3342.3,4.916666666666667,332.0,13.609722222222222,39.4,54.6,790.0,15.33,3274.6,3276.1,67.70000000000027,0.02025551267091532,-36.45000000000157
catfish_3342g,0,23.833333333333332,3342.3,5.0,329.25,14.067013888888889,39.8,54.7,795.0,15.03,3271.0,3272.8,71.30000000000018,0.021332615264937373,-37.50000000000256
catfish_3342g,0,23.75,3342.3,5.083333333333333,337.75,14.536111111111111,40.2,54.7,791.0,15.1,3269.5,3270.25,72.80000000000018,0.021781408012446574,-37.50000000000256
catfish_3342g,0,23.666666666666664,3342.3,5.166666666666667,343.0,15.012500000000001,40.6,54.8,784.0,15.36,3265.2,3267.35,77.10000000000036,0.023067947221973,-37.50000000000256
catfish_3342g,0,23.583333333333332,3342.3,5.25,339.5,15.48402777777778,41.0,54.8,784.0,14.98,3264.6,3264.8999999999996,77.70000000000027,0.023247464320976654,-36.00000000000257
catfish_3342g,0,23.5,3342.3,5.333333333333333,339.0,15.954861111111112,41.4,54.9,784.0,15.19,3260.9,3262.75,81.40000000000009,0.024354486431499293,-36.00000000000257
catfish_3342g,0,23.416666666666664,3342.3,5.416666666666667,343.5,16.431944444444447,41.9,55.1,791.0,15.24,3259.1,3260.0,83.20000000000027,0.024893037728510387,-36.00000000000257
catfish_3342g,0,23.333333333333332,3342.3,5.5,349.0,16.916666666666668,42.3,55.0,791.0,15.17,3257.3,3258.2,85.0,0.025431589025521346,-34.799999999998114
catfish_3342g,0,23.25,3342.3,5.583333333333333,352.5,17.40625,42.7,55.2,786.0,15.33,3253.8,3255.55,88.5,0.026478772103042815,-34.199999999996116
catfish_3342g,0,23.166666666666664,3342.3,5.666666666666667,351.5,17.894444444444446,43.0,55.1,784.0,15.38,3253.2,3253.5,89.10000000000036,0.026658289202046603,-34.199999999996116
catfish_3342g,0,23.083333333333332,3342.3,5.75,348.5,18.378472222222225,43.4,55.3,784.0,15.33,3249.0,3251.1,93.30000000000018,0.02791490889507231,-34.199999999996116
catfish_3342g,0,23.0,3342.3,5.833333333333333,350.0,18.864583333333336,43.8,55.4,796.0,15.14,3247.9,3248.45,94.40000000000009,0.028244023576579028,-34.199999999996116
catfish_3342g,0,22.916666666666664,3342.3,5.916666666666667,355.25,19.357986111111114,44.3,55.4,793.0,15.0,3244.7,3246.3,97.60000000000036,0.029201448104598737,-33.299999999998306
catfish_3342g,0,22.833333333333332,3342.3,6.0,359.5,19.85729166666667,44.7,55.6,786.0,15.41,3240.7,3242.8,101.60000000000036,0.03039822876462327,-33.299999999998306
catfish_3342g,0,22.75,3342.3,6.083333333333333,360.75,20.358333333333334,45.1,55.6,783.0,15.41,3240.9,3240.8,101.40000000000009,0.03033838973162196,-32.40000000000049
catfish_3342g,0,22.666666666666664,3342.3,6.166666666666667,358.0,20.855555555555558,45.4,55.7,784.0,15.41,3238.6,3239.6499999999996,103.70000000000027,0.031026538611136124,-31.799999999998477
catfish_3342g,0,22.583333333333332,3342.3,6.25,356.5,21.350694444444446,45.9,55.8,789.0,15.31,3235.8,3237.2,106.5,0.03186428507315322,-31.199999999999022
catfish_3342g,0,22.5,3342.3,6.333333333333333,359.25,21.84965277777778,46.3,55.9,785.0,15.26,3234.3,3235.05,108.0,0.032313077820662416,-30.000000000002835
catfish_3342g,0,22.416666666666664,3342.3,6.416666666666667,365.75,22.357638888888893,46.8,56.0,787.0,15.33,3231.8,3233.05,110.5,0.03306106573317775,-29.40000000000065
catfish_3342g,0,22.333333333333332,3342.3,6.5,366.0,22.865972222222226,47.2,56.0,774.0,16.06,3229.2,3230.5,113.10000000000036,0.03383897316219381,-29.40000000000065
catfish_3342g,0,22.25,3342.3,6.583333333333333,363.25,23.370486111111113,47.6,56.2,782.0,15.55,3225.6,3227.3999999999996,116.70000000000027,0.03491607575621586,-29.40000000000065
catfish_3342g,0,22.166666666666664,3342.3,6.666666666666667,364.0,23.87604166666667,48.0,56.1,759.0,15.29,3223.7,3224.6499999999996,118.60000000000036,0.03548454656972754,-29.40000000000065
catfish_3342g,0,22.083333333333332,3342.3,6.75,368.5,24.387847222222224,48.5,56.3,768.0,15.29,3223.1,3223.3999999999996,119.20000000000027,0.03566406366873119,-29.099999999999557
catfish_3342g,0,22.0,3342.3,6.833333333333333,370.75,24.90277777777778,48.9,56.5,783.0,15.43,3221.5,3222.3,120.80000000000018,0.03614277593274098,-29.099999999999557
catfish_3342g,0,21.916666666666664,3342.3,6.916666666666667,366.75,25.412152777777777,49.3,56.6,785.0,15.33,3218.8,3220.15,123.5,0.03695060287825749,-29.099999999999557
catfish_3342g,0,21.833333333333332,3342.3,7.0,368.25,25.92361111111111,49.8,56.7,794.0,15.17,3217.0,3217.9,125.30000000000018,0.03748915417526858,-27.900000000000645
catfish_3342g,0,21.75,3342.3,7.083333333333333,372.75,26.441319444444446,50.1,56.7,785.0,15.38,3215.0,3216.0,127.30000000000018,0.038087544505280846,-26.400000000000503
catfish_3342g,0,21.666666666666664,3342.3,7.166666666666667,371.0,26.956597222222225,50.6,56.8,783.0,15.41,3212.8,3213.9,129.5,0.03874577386829429,-25.799999999998317
catfish_3342g,0,21.583333333333332,3342.3,7.25,369.25,27.46944444444445,51.0,57.2,797.0,15.14,3211.4,3212.1000000000004,130.9000000000001,0.0391646470993029,-25.799999999995727
catfish_3342g,0,21.5,3342.3,7.333333333333333,374.75,27.98993055555556,51.6,57.3,791.0,15.17,3209.3,3210.3500000000004,133.0,0.039792956945815756,-25.79999999999559
catfish_3342g,0,21.416666666666664,3342.3,7.416666666666667,371.75,28.506250000000005,52.1,57.5,788.0,15.29,3208.0,3208.65,134.30000000000018,0.04018191066032378,-25.49999999999709
catfish_3342g,0,21.333333333333332,3342.3,7.5,370.75,29.02118055555556,52.4,57.8,800.0,14.86,3204.7,3206.35,137.60000000000036,0.041169254704844074,-25.79999999999559
catfish_3342g,0,21.25,3342.3,7.583333333333333,376.25,29.543750000000003,52.7,58.0,790.0,15.29,3204.3,3204.5,138.0,0.04128893277084642,-25.49999999999709
catfish_3342g,0,21.166666666666664,3342.3,7.666666666666667,371.25,30.059375000000003,53.1,58.2,797.0,15.24,3201.7,3203.0,140.60000000000036,0.042066840199862475,-25.49999999999709
catfish_3342g,0,21.083333333333332,3342.3,7.75,375.5,30.58090277777778,53.6,58.3,803.0,15.63,3200.3,3201.0,142.0,0.04248571343087095,-24.599999999999408
catfish_3342g,0,21.0,3342.3,7.833333333333333,374.0,31.100347222222226,54.0,58.5,795.0,15.07,3199.8,3200.05,142.5,0.04263531101337402,-24.000000000000085
catfish_3342g,0,20.916666666666664,3342.3,7.916666666666667,373.0,31.61840277777778,54.5,58.8,807.0,14.79,3198.0,3198.9,144.30000000000018,0.043173862310385114,-23.999999999999957
catfish_3342g,0,20.833333333333332,3342.3,8.0,377.75,32.143055555555556,55.0,58.9,802.0,15.63,3195.8,3196.9,146.5,0.043832091673398556,-23.999999999999957
catfish_3342g,0,20.75,3342.3,8.083333333333334,376.0,32.66527777777778,55.3,59.1,794.0,15.14,3193.7,3194.75,148.60000000000036,0.04446040151991155,-23.999999999999957
catfish_3342g,0,20.666666666666664,3342.3,8.166666666666666,373.5,33.18402777777778,55.7,59.3,814.0,14.79,3193.5,3193.6,148.80000000000018,0.04452024055291272,-23.999999999999957
catfish_3342g,0,20.583333333333332,3342.3,8.25,378.75,33.71006944444444,56.0,59.5,809.0,14.96,3191.8,3192.65,150.5,0.04502887233342309,-23.400000000000503
catfish_3342g,0,20.5,3342.3,8.333333333333334,375.0,34.23090277777778,56.6,59.6,805.0,14.96,3190.9,3191.3500000000004,151.4000000000001,0.04529814798192864,-22.500000000000078
catfish_3342g,0,20.416666666666664,3342.3,8.416666666666666,377.75,34.75555555555555,57.1,59.8,816.0,14.66,3189.4,3190.15,152.9000000000001,0.045746940729437836,-21.899999999997895
catfish_3342g,0,20.333333333333332,3342.3,8.5,380.5,35.28402777777777,57.3,60.0,813.0,15.14,3187.4,3188.5,154.9000000000001,0.0463453310594501,-21.29999999999844
catfish_3342g,0,20.25,3342.3,8.583333333333334,378.0,35.80902777777777,57.7,60.1,810.0,14.91,3187.6,3187.5,154.70000000000027,0.04628549202644893,-20.7000000000016
catfish_3342g,0,20.166666666666664,3342.3,8.666666666666666,378.0,36.33402777777777,58.1,60.3,827.0,14.44,3184.5,3185.95,157.80000000000018,0.04721299703796792,-20.10000000000204
catfish_3342g,0,20.083333333333332,3342.3,8.75,381.5,36.86388888888888,58.4,60.7,821.0,14.59,3182.8,3183.65,159.5,0.047721628818478294,-20.7000000000016
catfish_3342g,0,20.0,3342.3,8.833333333333334,377.75,37.388541666666654,58.9,60.9,816.0,14.66,3180.9,3181.95,161.4000000000001,0.04829009963198997,-20.7000000000016
catfish_3342g,0,19.916666666666664,3342.3,8.916666666666666,380.25,37.91666666666666,59.2,61.3,827.0,14.31,3181.1,3181.0,161.20000000000027,0.0482302605989888,-20.40000000000313
catfish_3342g,0,19.833333333333332,3342.3,9.0,382.0,38.447222222222216,59.6,61.5,819.0,14.61,3178.8,3179.8500000000004,163.5,0.048918409478502824,-20.10000000000204
catfish_3342g,0,19.75,3342.3,9.083333333333334,378.75,38.97326388888888,60.1,61.6,821.0,14.64,3177.7,3178.25,164.60000000000036,0.04924752416000968,-19.50000000000259
catfish_3342g,0,19.666666666666664,3342.3,9.166666666666666,381.0,39.50243055555555,60.3,62.0,839.0,14.03,3177.2,3177.45,165.10000000000036,0.04939712174251275,-18.900000000003338
catfish_3342g,0,19.583333333333332,3342.3,9.25,382.25,40.033333333333324,60.8,62.1,821.0,14.29,3175.5,3176.35,166.80000000000018,0.04990575352302312,-18.30000000000116
catfish_3342g,0,19.5,3342.3,9.333333333333334,379.75,40.56076388888888,61.0,62.4,831.0,14.33,3175.4,3175.45,166.9000000000001,0.049935673039523704,-16.799999999998242
catfish_3342g,0,19.416666666666664,3342.3,9.416666666666666,382.0,41.09131944444444,61.4,62.6,845.0,14.03,3174.2,3174.8,168.10000000000036,0.05029470723753115,-15.000000000000046
catfish_3342g,0,19.333333333333332,3342.3,9.5,382.25,41.62222222222221,61.8,62.7,826.0,14.39,3171.8,3173.0,170.5,0.05101277563354576,-15.000000000000046
catfish_3342g,0,19.25,3342.3,9.583333333333334,380.25,42.150347222222216,62.3,63.0,842.0,14.07,3170.2,3171.0,172.10000000000036,0.051491487897555685,-15.000000000000046
catfish_3342g,0,19.166666666666664,3342.3,9.666666666666666,382.75,42.68194444444444,62.7,63.2,845.0,14.26,3168.3,3169.25,174.0,0.05205995871106723,-15.000000000000046
catfish_3342g,0,19.083333333333332,3342.3,9.75,382.0,43.2125,63.1,63.2,831.0,14.33,3167.2,3167.75,175.10000000000036,0.05238907339257408,-15.000000000000046
catfish_3342g,0,19.0,3342.3,9.833333333333334,380.5,43.74097222222222,63.3,63.6,852.0,13.89,3165.5,3166.5,176.80000000000018,0.05289770517308445,-15.299999999998255
catfish_3342g,0,18.916666666666664,3342.3,9.916666666666666,383.75,44.27395833333333,63.7,63.7,855.0,13.78,3165.8,3165.65,176.5,0.05280794662358256,-15.299999999998255
catfish_3342g,0,18.833333333333332,3342.3,10.0,382.75,44.80555555555556,64.1,64.0,844.0,14.29,3163.3,3164.4,179.0,0.053555934536097895,-14.999999999999893
catfish_3342g,0,18.75,3342.3,10.083333333333334,381.5,45.33541666666667,64.5,64.1,865.0,13.64,3162.5,3162.9,179.80000000000018,0.05379529066810285,-14.999999999999893
catfish_3342g,0,18.666666666666664,3342.3,10.166666666666666,384.75,45.869791666666664,64.9,64.2,855.0,13.93,3162.2,3162.35,180.10000000000036,0.05388504921760475,-14.999999999999893
catfish_3342g,0,18.583333333333332,3342.3,10.25,381.5,46.399652777777774,65.4,64.5,879.0,13.74,3160.1,3161.1499999999996,182.20000000000027,0.054513359064117604,-14.999999999999893
catfish_3342g,0,18.5,3342.3,10.333333333333334,385.25,46.93472222222222,65.8,64.6,861.0,13.68,3158.7,3159.8,183.60000000000036,0.05493223229512622,-14.999999999999893
catfish_3342g,0,18.416666666666664,3342.3,10.416666666666666,383.5,47.46736111111111,66.1,64.8,864.0,13.66,3159.5,3159.1,182.80000000000018,0.054692876163121254,-14.999999999999893
catfish_3342g,0,18.333333333333332,3342.3,10.5,386.5,48.00416666666666,66.5,64.9,867.0,13.54,3156.2,3157.45,186.10000000000036,0.05568022020764155,-14.999999999999893
catfish_3342g,0,18.25,3342.3,10.583333333333334,383.5,48.53680555555555,66.8,65.0,869.0,13.56,3155.9,3156.05,186.4000000000001,0.05576997875714331,-15.599999999996616
catfish_3342g,0,18.166666666666664,3342.3,10.666666666666666,387.0,49.074305555555554,67.3,65.3,874.0,13.52,3154.4,3155.3,187.9000000000001,0.05621877150465251,-14.999999999999893
catfish_3342g,0,18.083333333333332,3342.3,10.75,384.5,49.608333333333334,67.7,65.3,873.0,13.5,3154.7,3154.55,187.60000000000036,0.05612901295515075,-14.700000000001532
catfish_3342g,0,18.0,3342.3,10.833333333333334,387.25,50.14618055555556,68.0,65.6,866.0,13.14,3153.1,3153.75,189.20000000000027,0.056607725219160535,-14.099999999999355
catfish_3342g,0,17.916666666666664,3342.3,10.916666666666666,386.0,50.68229166666667,68.4,65.7,858.0,13.68,3151.0,3152.05,191.30000000000018,0.05723603506567339,-14.700000000001532
catfish_3342g,0,17.833333333333332,3342.3,11.0,386.25,51.21875000000001,68.7,65.7,899.0,13.1,3150.9,3150.95,191.4000000000001,0.05726595458217398,-14.700000000001532
catfish_3342g,0,17.75,3342.3,11.083333333333334,386.5,51.75555555555556,69.1,65.8,850.0,13.93,3149.0,3149.95,193.30000000000018,0.05783442539568566,-13.80000000000372
catfish_3342g,0,17.666666666666664,3342.3,11.166666666666666,386.75,52.29270833333334,69.3,66.0,885.0,13.23,3148.4,3148.7,193.9000000000001,0.05801394249468931,-14.700000000001532
catfish_3342g,0,17.583333333333332,3342.3,11.25,387.25,52.83055555555556,69.7,66.1,842.0,13.89,3148.2,3148.3,194.10000000000036,0.05807378152769062,-14.700000000001532
catfish_3342g,0,17.5,3342.3,11.333333333333334,385.5,53.36597222222223,70.0,66.1,872.0,13.42,3146.4,3147.3,195.9000000000001,0.058612332824701574,-14.700000000001532
catfish_3342g,0,17.416666666666664,3342.3,11.416666666666666,388.25,53.90520833333334,70.3,66.4,875.0,13.39,3145.7,3146.05,196.60000000000036,0.05882176944020595,-14.999999999999893
catfish_3342g,0,17.333333333333332,3342.3,11.5,386.0,54.44131944444445,70.7,66.4,849.0,13.91,3144.4,3145.05,197.9000000000001,0.059210723154713846,-14.700000000001532
catfish_3342g,0,17.25,3342.3,11.583333333333334,387.5,54.979513888888896,71.0,66.7,893.0,13.08,3144.2,3144.3,198.10000000000036,0.059270562187715155,-13.80000000000372
catfish_3342g,0,17.166666666666664,3342.3,11.666666666666666,387.0,55.5170138888889,71.3,66.7,850.0,13.78,3142.7,3143.45,199.60000000000036,0.05971935493522435,-12.600000000002094
catfish_3342g,0,17.083333333333332,3342.3,11.75,386.75,56.054166666666674,71.6,66.8,894.0,13.12,3141.2,3142.0,201.10000000000036,0.060168147682733555,-12.600000000002094
catfish_3342g,0,17.0,3342.3,11.833333333333334,388.0,56.593055555555566,71.8,66.8,870.0,13.41,3141.3,3141.25,201.0,0.06013822816623283,-11.999999999999915
catfish_3342g,0,16.916666666666664,3342.3,11.916666666666666,386.0,57.12916666666668,72.1,67.0,880.0,13.31,3140.8,3141.0,201.5,0.060287825748735896,-11.999999999999915
catfish_3342g,0,16.833333333333332,3342.3,12.0,388.5,57.66875000000001,72.5,67.0,895.0,13.06,3139.9,3140.3500000000004,202.4000000000001,0.06055710139724144,-11.999999999999915
catfish_3342g,0,16.75,3342.3,12.083333333333334,386.5,58.20555555555556,72.8,67.0,870.0,13.46,3138.3,3139.1000000000004,204.0,0.06103581366125123,-11.999999999999915
catfish_3342g,0,16.666666666666664,3342.3,12.166666666666666,388.75,58.74548611111112,73.1,67.2,898.0,13.01,3136.4,3137.3500000000004,205.9000000000001,0.06160428447476291,-11.999999999999915
catfish_3342g,0,16.583333333333332,3342.3,12.25,387.25,59.283333333333346,73.4,67.3,890.0,13.06,3136.2,3136.3,206.10000000000036,0.06166412350776422,-11.999999999999915
catfish_3342g,0,16.5,3342.3,12.333333333333334,388.75,59.8232638888889,73.7,67.3,878.0,13.42,3134.3,3135.3,208.0,0.062232594321275765,-11.999999999999915
catfish_3342g,0,16.416666666666664,3342.3,12.416666666666666,389.25,60.3638888888889,74.0,67.3,913.0,12.68,3134.4,3134.3500000000004,207.9000000000001,0.062202674804775177,-11.999999999999915
catfish_3342g,0,16.333333333333332,3342.3,12.5,387.5,60.902083333333344,74.2,67.5,880.0,13.33,3133.7,3134.1000000000004,208.60000000000036,0.062412111420279553,-11.999999999999915
catfish_3342g,0,16.25,3342.3,12.583333333333334,390.0,61.44375000000001,74.5,67.5,880.0,13.31,3133.9,3133.8,208.4000000000001,0.062352272387278244,-11.699999999998948
catfish_3342g,0,16.166666666666664,3342.3,12.666666666666666,390.25,61.9857638888889,74.8,67.6,926.0,12.7,3130.3,3132.25,212.0,0.0634293749813003,-11.999999999999915
catfish_3342g,0,15.999999999999998,3342.3,12.833333333333334,390.25,63.069791666666674,75.5,67.7,877.0,13.39,3130.8,3130.55,211.5,0.06327977739879723,-11.999999999999915
catfish_3342g,0,15.916666666666666,3342.3,12.916666666666666,390.0,63.61145833333334,75.9,67.8,926.0,12.5,3127.7,3129.0,214.60000000000036,0.06420728241031635,-11.999999999999915
catfish_3342g,0,15.833333333333332,3342.3,13.0,389.5,64.15243055555555,76.1,67.9,879.0,13.33,3127.5,3127.6,214.80000000000018,0.06426712144331753,-11.999999999999915
catfish_3342g,0,15.749999999999998,3342.3,13.083333333333334,390.75,64.69513888888889,76.4,67.9,895.0,13.06,3126.6,3127.05,215.70000000000027,0.06453639709182307,-11.999999999999915
catfish_3342g,0,15.666666666666666,3342.3,13.166666666666666,390.0,65.23680555555556,76.7,68.0,944.0,12.36,3124.8,3126.25,217.5,0.06507494838883403,-11.699999999998948
catfish_3342g,0,15.583333333333332,3342.3,13.25,390.25,65.77881944444445,76.9,68.0,864.0,13.58,3125.9,3125.3500000000004,216.4000000000001,0.06474583370732731,-11.099999999996768
catfish_3342g,0,15.416666666666666,3342.3,13.416666666666666,390.0,66.86215277777778,77.3,68.1,878.0,13.29,3124.4,3124.6000000000004,217.9000000000001,0.06519462645483651,-11.099999999996768
catfish_3342g,0,15.333333333333332,3342.3,13.5,391.25,67.40555555555555,77.6,68.2,914.0,12.71,3122.4,3123.4,219.9000000000001,0.06579301678484878,-11.099999999996768
catfish_3342g,0,15.249999999999998,3342.3,13.583333333333334,389.5,67.94652777777777,77.9,68.2,901.0,12.99,3122.0,3122.2,220.30000000000018,0.06591269485085126,-11.099999999996768
catfish_3342g,0,15.166666666666666,3342.3,13.666666666666666,391.0,68.48958333333333,78.1,68.3,890.0,13.14,3121.2,3121.6,221.10000000000036,0.06615205098285622,-10.500000000000036
catfish_3342g,0,15.083333333333332,3342.3,13.75,390.25,69.03159722222222,78.4,68.3,925.0,12.47,3120.9,3121.05,221.4000000000001,0.06624180953235798,-10.500000000000036
catfish_3342g,0,14.999999999999998,3342.3,13.833333333333334,390.75,69.57430555555555,78.7,68.3,867.0,13.54,3119.5,3120.65,222.80000000000018,0.06666068276336659,-10.499999999997197
catfish_3342g,0,14.833333333333332,3342.3,14.0,390.25,70.65833333333333,79.2,68.5,880.0,13.33,3120.4,3119.95,221.9000000000001,0.06639140711486105,-9.900000000000578
catfish_3342g,0,14.749999999999998,3342.3,14.083333333333334,392.0,71.20277777777778,79.5,68.5,910.0,12.91,3117.4,3118.45,224.9000000000001,0.06728899260987944,-10.499999999997197
catfish_3342g,0,14.666666666666666,3342.3,14.166666666666666,391.25,71.74618055555555,79.9,68.5,919.0,12.54,3116.7,3117.05,225.60000000000036,0.06749842922538382,-11.099999999996768
catfish_3342g,0,14.583333333333332,3342.3,14.25,391.5,72.28993055555556,80.1,68.4,882.0,13.31,3116.5,3116.6,225.80000000000018,0.067558268258385,-11.099999999996768
catfish_3342g,0,14.499999999999998,3342.3,14.333333333333334,392.25,72.83472222222223,80.2,68.6,944.0,12.18,3115.0,3115.75,227.30000000000018,0.0680070610058942,-10.499999999997197
catfish_3342g,0,14.416666666666666,3342.3,14.416666666666666,392.5,73.37986111111111,80.4,68.6,866.0,13.68,3114.2,3114.6,228.10000000000036,0.06824641713789915,-10.499999999997197
catfish_3342g,0,14.333333333333332,3342.3,14.5,393.0,73.92569444444445,80.6,68.6,949.0,12.03,3112.9,3113.55,229.4000000000001,0.06863537085240705,-10.499999999997197
catfish_3342g,0,14.249999999999998,3342.3,14.583333333333334,392.5,74.47083333333333,80.9,68.6,870.0,13.78,3112.0,3112.45,230.30000000000018,0.06890464650091259,-10.499999999997197
catfish_3342g,0,14.166666666666666,3342.3,14.666666666666666,394.5,75.01875,81.0,68.7,948.0,12.55,3110.8,3111.4,231.5,0.0692636806989199,-10.499999999997197
catfish_3342g,0,14.083333333333332,3342.3,14.75,392.75,75.56423611111111,81.2,68.7,899.0,12.97,3110.6,3110.7,231.70000000000027,0.0693235197319212,-10.499999999997197
catfish_3342g,0,13.999999999999998,3342.3,14.833333333333334,394.75,76.1125,81.5,68.7,913.0,12.71,3109.9,3110.25,232.4000000000001,0.06953295634742544,-10.499999999997197
catfish_3342g,0,13.916666666666666,3342.3,14.916666666666666,393.25,76.65868055555555,81.8,68.7,893.0,13.04,3109.5,3109.7,232.80000000000018,0.06965263441342794,-10.199999999998836
catfish_3342g,0,13.833333333333332,3342.3,15.0,394.75,77.20694444444443,82.1,68.6,942.0,12.73,3108.9,3109.2,233.4000000000001,0.06983215151243158,-9.900000000000578
catfish_3342g,0,13.749999999999998,3342.3,15.083333333333334,393.5,77.75347222222221,82.2,68.8,883.0,13.27,3108.4,3108.65,233.9000000000001,0.06998174909493465,-9.000000000002768
catfish_3342g,0,13.666666666666666,3342.3,15.166666666666666,394.75,78.3017361111111,82.5,68.8,935.0,12.36,3107.0,3107.9,235.30000000000018,0.07040062232594327,-8.70000000000167
catfish_3342g,0,13.583333333333332,3342.3,15.25,393.75,78.8486111111111,82.7,68.7,853.0,13.84,3107.4,3107.2,234.9000000000001,0.07028094425994079,-8.70000000000167
catfish_3342g,0,13.499999999999998,3342.3,15.333333333333334,394.75,79.39687499999998,83.0,68.7,963.0,11.86,3105.8,3106.8,236.5,0.07075965652395057,-8.400000000003214
catfish_3342g,0,13.416666666666666,3342.3,15.416666666666666,394.25,79.94444444444443,83.0,68.8,868.0,13.33,3106.6,3106.2,235.70000000000027,0.07052030039194575,-7.800000000003841
catfish_3342g,0,13.333333333333332,3342.3,15.5,394.0,80.49166666666665,83.3,68.8,933.0,12.38,3105.6,3105.7,236.70000000000027,0.07081949555695188,-7.800000000003841
catfish_3342g,0,13.249999999999998,3342.3,15.583333333333334,395.0,81.04027777777776,83.6,68.7,912.0,12.73,3103.3,3104.55,239.0,0.0715076444364659,-7.800000000003841
catfish_3342g,0,13.166666666666666,3342.3,15.666666666666666,394.0,81.58749999999998,83.8,68.6,895.0,12.99,3103.5,3103.4,238.80000000000018,0.07144780540346474,-7.800000000003841
catfish_3342g,0,13.083333333333332,3342.3,15.75,395.0,82.13611111111109,84.0,68.6,945.0,12.06,3102.2,3103.2,240.10000000000036,0.07183675911797276,-7.800000000003841
catfish_3342g,0,12.999999999999998,3342.3,15.833333333333334,393.75,82.68298611111109,84.1,68.7,864.0,13.62,3103.1,3102.6499999999996,239.20000000000027,0.07156748346946722,-7.800000000003841
catfish_3342g,0,12.916666666666666,3342.3,15.916666666666666,395.0,83.2315972222222,84.6,68.7,981.0,11.34,3102.0,3102.1,240.30000000000018,0.07189659815097393,-7.800000000003841
catfish_3342g,0,12.833333333333332,3342.3,16.0,394.25,83.77916666666665,85.1,68.6,852.0,13.82,3100.8,3101.4,241.5,0.07225563234898123,-8.400000000000485
catfish_3342g,0,12.75,3342.3,16.083333333333332,394.5,84.32708333333332,85.5,68.6,959.0,11.91,3099.6,3100.2,242.70000000000027,0.07261466654698868,-8.400000000000485
catfish_3342g,0,12.666666666666664,3342.3,16.166666666666668,394.75,84.8753472222222,85.2,68.7,923.0,12.61,3099.3,3099.45,243.0,0.07270442509649043,-8.400000000000485
catfish_3342g,0,12.583333333333332,3342.3,16.25,394.0,85.42256944444442,85.3,68.7,884.0,12.91,3099.2,3099.25,243.10000000000036,0.07273434461299116,-8.400000000000485
catfish_3342g,0,12.5,3342.3,16.333333333333332,396.0,85.97256944444442,85.6,68.6,987.0,11.49,3097.8,3098.5,244.5,0.07315321784399964,-8.400000000000485
catfish_3342g,0,12.416666666666664,3342.3,16.416666666666668,395.0,86.52118055555553,85.8,68.6,863.0,13.89,3097.5,3097.65,244.80000000000018,0.07324297639350154,-8.400000000000485
catfish_3342g,0,12.25,3342.3,16.583333333333332,396.5,87.62256944444442,86.0,0.0,882.0,12.97,3093.8,3095.95,248.5,0.07434999850402417,-8.400000000000485
catfish_3342g,0,12.166666666666664,3342.3,16.666666666666668,396.5,88.17326388888887,86.3,0.0,976.0,11.67,3094.4,3094.1000000000004,247.9000000000001,0.07417048140502051,-8.400000000000485
catfish_3342g,0,12.083333333333332,3342.3,16.75,396.5,88.72395833333331,86.5,0.0,928.0,12.4,3092.6,3093.2,249.70000000000027,0.07470903270203161,-8.400000000000485
catfish_3342g,0,12.0,3342.3,16.833333333333332,395.75,89.2736111111111,86.7,0.0,942.0,12.19,3092.3,3092.45,250.0,0.07479879125153337,-8.400000000000485
catfish_3342g,0,11.916666666666664,3342.3,16.916666666666668,397.0,89.82499999999999,86.9,0.0,970.0,11.8,3090.5,3091.4,251.80000000000018,0.07533734254854446,-8.700000000001479
catfish_3342g,0,11.833333333333332,3342.3,17.0,396.0,90.37499999999999,87.1,0.0,940.0,12.26,3090.3,3090.4,252.0,0.07539718158154564,-8.999999999999936
catfish_3342g,0,11.75,3342.3,17.083333333333332,397.0,90.92638888888888,87.1,0.0,971.0,11.74,3090.0,3090.15,252.30000000000018,0.07548694013104754,-8.999999999999936
catfish_3342g,0,11.666666666666664,3342.3,17.166666666666668,396.25,91.47673611111111,87.3,0.0,947.0,12.09,3089.9,3089.95,252.4000000000001,0.07551685964754812,-8.999999999999936
catfish_3342g,0,11.583333333333332,3342.3,17.25,397.0,92.028125,87.5,0.0,918.0,12.5,3088.0,3089.05,254.30000000000018,0.0760853304610598,-8.999999999999936
catfish_3342g,0,11.5,3342.3,17.333333333333332,396.75,92.57916666666667,87.7,0.0,1019.0,11.01,3088.2,3088.1,254.10000000000036,0.07602549142805863,-9.000000000000128
catfish_3342g,0,11.416666666666664,3342.3,17.416666666666668,396.75,93.13020833333333,87.9,0.0,918.0,12.7,3087.6,3087.8,254.70000000000027,0.07620500852706227,-9.000000000000128
catfish_3342g,0,11.333333333333332,3342.3,17.5,396.75,93.68124999999999,88.0,0.0,1023.0,10.95,3086.7,3087.1499999999996,255.60000000000036,0.07647428417556783,-9.000000000000128
catfish_3342g,0,11.25,3342.3,17.583333333333332,396.75,94.23229166666665,88.1,0.0,909.0,12.73,3085.6,3086.1499999999996,256.7000000000003,0.07680339885707455,-9.599999999999373
catfish_3342g,0,11.166666666666664,3342.3,17.666666666666668,396.75,94.78333333333332,88.4,0.0,1023.0,10.79,3084.4,3085.2,257.9000000000001,0.07716243305508186,-9.599999999999373
catfish_3342g,0,11.083333333333332,3342.3,17.75,397.5,95.33541666666665,88.8,0.0,1003.0,11.32,3084.8,3084.8,257.5,0.07704275498907938,-9.000000000000128
catfish_3342g,0,11.0,3342.3,17.833333333333332,396.25,95.88576388888887,89.1,0.0,885.0,13.08,3084.8,3084.6000000000004,257.5,0.07704275498907938,-9.000000000000128
catfish_3342g,0,10.916666666666664,3342.3,17.916666666666668,397.5,96.4378472222222,89.5,0.0,1072.0,10.06,3082.5,3083.5,259.8000000000002,0.07773090386859353,-9.599999999999373
catfish_3342g,0,10.833333333333332,3342.3,18.0,397.0,96.9892361111111,89.1,0.0,926.0,12.5,3082.6,3082.55,259.7000000000003,0.07770098435209295,-10.200000000000202
catfish_3342g,0,10.75,3342.3,18.083333333333332,396.75,97.54027777777776,89.3,0.0,1034.0,10.73,3081.5,3082.0,260.8000000000002,0.07803009903359967,-10.200000000000202
catfish_3342g,0,10.666666666666664,3342.3,18.166666666666668,397.25,98.09201388888887,89.4,0.0,985.0,11.52,3080.3,3080.9,262.0,0.07838913323160697,-10.200000000000202
catfish_3342g,0,10.583333333333332,3342.3,18.25,396.25,98.6423611111111,89.6,10.0,962.0,11.85,3078.8,3079.95,263.5,0.07883792597911617,-10.499999999998785
catfish_3342g,0,10.5,3342.3,18.333333333333332,398.0,99.19513888888888,89.7,9.2,1058.0,10.43,3079.6,3079.3999999999996,262.7000000000003,0.07859856984711135,-10.499999999998785
catfish_3342g,0,10.416666666666664,3342.3,18.416666666666668,397.5,99.7472222222222,89.9,8.4,911.0,12.73,3079.2,3079.0,263.10000000000036,0.07871824791311383,-10.499999999998785
catfish_3342g,0,10.333333333333332,3342.3,18.5,398.75,100.30104166666665,90.1,8.0,1090.0,10.06,3077.9,3078.3500000000004,264.4000000000001,0.07910720162762172,-10.499999999998785
catfish_3342g,0,10.25,3342.3,18.583333333333332,399.0,100.85520833333331,90.1,8.3,1006.0,11.2,3077.4,3077.65,264.9000000000001,0.07925679921012478,-9.899999999997958
catfish_3342g,0,10.166666666666664,3342.3,18.666666666666668,398.25,101.4083333333333,90.3,8.1,928.0,12.4,3075.4,3076.4,266.9000000000001,0.07985518954013705,-9.899999999997958
catfish_3342g,0,10.0,3342.3,18.833333333333332,398.75,102.51597222222219,91.0,7.5,914.0,12.68,3073.3,3074.8500000000004,269.0,0.0804834993866499,-9.149999999999311
catfish_3342g,0,9.916666666666664,3342.3,18.916666666666668,399.0,103.07013888888885,91.3,7.2,1083.0,10.11,3074.3,3073.8,268.0,0.08018430422164377,-10.04999999999714
catfish_3342g,0,9.833333333333332,3342.3,19.0,399.0,103.62430555555551,91.0,7.2,971.0,11.77,3073.2,3073.25,269.10000000000036,0.08051341890315063,-8.850000000000943
catfish_3342g,0,9.75,3342.3,19.083333333333332,398.25,104.1774305555555,91.1,6.2,1066.0,10.41,3073.2,3073.2,269.10000000000036,0.08051341890315063,-8.100000000005027
catfish_3342g,0,9.666666666666664,3342.3,19.166666666666668,399.0,104.73159722222216,91.2,5.3,944.0,12.23,3072.4,3072.8,269.9000000000001,0.08075277503515546,-8.100000000005027
catfish_3342g,0,9.583333333333332,3342.3,19.25,399.25,105.28611111111105,91.4,4.7,1104.0,9.88,3071.1,3072.15,271.2000000000003,0.08114172874966348,-8.100000000005027
catfish_3342g,0,9.5,3342.3,19.333333333333332,398.5,105.83958333333328,91.5,4.5,905.0,13.02,3071.3,3071.6000000000004,271.0,0.08108188971666218,-7.800000000003931
catfish_3342g,0,9.416666666666664,3342.3,19.416666666666668,399.5,106.39444444444439,91.7,4.1,1131.0,9.55,3071.9,3071.2,270.4000000000001,0.08090237261765852,-7.799999999998474
catfish_3342g,0,9.333333333333332,3342.3,19.5,398.75,106.94826388888883,91.8,3.7,894.0,13.27,3070.4,3070.75,271.9000000000001,0.08135116536516772,-7.799999999998474
catfish_3342g,0,9.25,3342.3,19.583333333333332,399.75,107.50347222222217,91.9,2.9,1131.0,9.68,3070.2,3070.3,272.10000000000036,0.08141100439816903,-7.199999999999012
catfish_3342g,0,9.166666666666664,3342.3,19.666666666666668,398.5,108.0569444444444,92.0,2.3,904.0,12.91,3068.7,3069.45,273.60000000000036,0.08185979714567823,-7.199999999999012
catfish_3342g,0,9.083333333333332,3342.3,19.75,399.0,108.61111111111106,92.0,2.0,1113.0,9.85,3067.9,3068.3999999999996,274.4000000000001,0.08209915327768305,-7.199999999999012
catfish_3342g,0,9.0,3342.3,19.833333333333332,398.5,109.16458333333328,92.4,1.2,910.0,12.77,3068.1,3068.0,274.2000000000003,0.08203931424468189,-7.199999999999012
catfish_3342g,0,8.916666666666664,3342.3,19.916666666666668,399.0,109.71874999999994,92.7,0.4,1141.0,9.43,3066.4,3067.15,275.9000000000001,0.08254794602519226,-7.799999999998474
catfish_3342g,0,8.833333333333332,3342.3,20.0,398.5,110.27222222222217,92.9,0.0,902.0,12.99,3065.9,3066.15,276.4000000000001,0.08269754360769532,-7.799999999998474
catfish_3342g,0,8.75,3342.3,20.083333333333332,399.25,110.82673611111106,93.2,0.0,1127.0,9.65,3065.7,3065.8,276.60000000000036,0.08275738264069663,-7.199999999999012
catfish_3342g,0,8.666666666666664,3342.3,20.166666666666668,399.0,111.38090277777772,93.4,0.0,950.0,12.13,3065.0,3065.35,277.3000000000002,0.08296681925620086,-7.199999999999012
catfish_3342g,0,8.583333333333332,3342.3,20.25,399.5,111.93576388888883,93.0,0.0,1074.0,10.29,3064.0,3064.5,278.3000000000002,0.083266014421207,-7.199999999999012
catfish_3342g,0,8.5,3342.3,20.333333333333332,400.0,112.49131944444439,93.3,0.0,976.0,11.69,3063.7,3063.85,278.60000000000036,0.0833557729707089,-7.199999999999012
catfish_3342g,0,8.416666666666664,3342.3,20.416666666666668,400.0,113.04687499999994,93.5,0.0,1089.0,9.96,3063.1,3063.3999999999996,279.2000000000003,0.08353529006971255,-7.199999999999012
catfish_3342g,0,8.333333333333332,3342.3,20.5,399.75,113.60208333333328,93.8,0.0,931.0,12.4,3062.7,3062.8999999999996,279.60000000000036,0.08365496813571503,-7.199999999999012
catfish_3342g,0,8.25,3342.3,20.583333333333332,401.0,114.15902777777772,94.0,0.0,1146.0,9.42,3062.6,3062.6499999999996,279.7000000000003,0.08368488765221561,-6.5999999999995485
catfish_3342g,0,8.166666666666664,3342.3,20.666666666666668,400.0,114.71458333333328,94.2,0.0,883.0,13.23,3062.6,3062.6,279.7000000000003,0.08368488765221561,-6.299999999998453
catfish_3342g,0,8.083333333333332,3342.3,20.75,401.25,115.27187499999995,94.4,0.0,1162.0,9.21,3061.5,3062.05,280.8000000000002,0.08401400233372233,-6.299999999998453
catfish_3342g,0,8.0,3342.3,20.833333333333332,400.0,115.82743055555551,94.0,0.0,926.0,12.47,3061.4,3061.45,280.9000000000001,0.08404392185022293,-6.299999999998453
catfish_3342g,0,7.916666666666664,3342.3,20.916666666666668,401.0,116.38437499999995,94.3,0.0,1077.0,10.27,3060.5,3060.95,281.8000000000002,0.08431319749872847,-5.999999999999957
catfish_3342g,0,7.833333333333332,3342.3,21.0,400.0,116.9399305555555,94.5,0.0,1040.0,10.72,3060.1,3060.3,282.2000000000003,0.08443287556473095,-5.999999999999957
catfish_3342g,0,7.75,3342.3,21.083333333333332,400.75,117.49652777777773,94.7,0.0,1023.0,10.95,3059.4,3059.75,282.9000000000001,0.08464231218023519,-6.299999999998453
catfish_3342g,0,7.666666666666664,3342.3,21.166666666666668,399.75,118.05173611111107,94.9,0.0,1009.0,11.17,3058.9,3059.15,283.4000000000001,0.08479190976273826,-6.59999999999682
catfish_3342g,0,7.583333333333332,3342.3,21.25,401.0,118.60868055555551,95.1,0.0,1034.0,10.73,3058.4,3058.65,283.9000000000001,0.08494150734524132,-6.299999999998453
catfish_3342g,0,7.5,3342.3,21.333333333333332,400.5,119.16493055555551,95.3,0.0,1088.0,10.08,3057.5,3057.95,284.8000000000002,0.08521078299374688,-6.299999999998453
catfish_3342g,0,7.416666666666664,3342.3,21.416666666666668,400.0,119.72048611111107,95.0,0.0,964.0,11.82,3057.3,3057.4,285.0,0.08527062202674804,-6.59999999999668
catfish_3342g,0,7.333333333333332,3342.3,21.5,400.75,120.2770833333333,95.2,0.0,1117.0,9.55,3056.9,3057.1000000000004,285.4000000000001,0.08539030009275052,-6.59999999999668
catfish_3342g,0,7.25,3342.3,21.583333333333332,400.5,120.8333333333333,95.3,0.0,981.0,11.64,3055.9,3056.55,286.4000000000001,0.08568949525775665,-6.5999999999995485
catfish_3342g,0,7.166666666666664,3342.3,21.666666666666668,400.0,121.38888888888886,95.5,0.0,1059.0,10.55,3056.2,3056.05,286.10000000000036,0.0855997367082549,-6.59999999999668
catfish_3342g,0,7.083333333333332,3342.3,21.75,401.25,121.94618055555553,95.7,0.0,1073.0,10.29,3054.8,3055.3500000000004,287.5,0.08601860993926337,-6.59999999999668
catfish_3342g,0,7.0,3342.3,21.833333333333332,400.0,122.50173611111109,95.9,0.0,972.0,11.66,3054.6,3054.7,287.7000000000003,0.08607844897226469,-6.5999999999995485
catfish_3342g,0,6.916666666666664,3342.3,21.916666666666668,401.0,123.05868055555553,96.1,0.0,1200.0,8.35,3053.8,3054.45,288.5,0.08631780510426951,-6.59999999999668
catfish_3342g,0,6.833333333333332,3342.3,22.0,399.75,123.61388888888887,96.3,0.0,895.0,13.14,3053.2,3054.05,289.10000000000036,0.0864973222032733,-6.299999999998311
catfish_3342g,0,6.75,3342.3,22.083333333333332,400.5,124.17013888888887,96.5,0.0,1173.0,8.92,3054.3,3053.5,288.0,0.08616820752176645,-6.59999999999668
catfish_3342g,0,6.666666666666664,3342.3,22.166666666666668,399.75,124.72534722222221,96.1,0.0,954.0,12.08,3052.5,3053.0,289.8000000000002,0.08670675881877754,-6.59999999999668
catfish_3342g,0,6.583333333333332,3342.3,22.25,400.25,125.28124999999999,96.3,0.0,1138.0,9.47,3052.8,3052.7,289.5,0.08661700026927564,-6.299999999998311
catfish_3342g,0,6.5,3342.3,22.333333333333332,401.0,125.83819444444443,96.5,0.0,1055.0,10.58,3052.6,3052.55,289.7000000000003,0.08667683930227696,-6.000000000000085
catfish_3342g,0,6.416666666666664,3342.3,22.416666666666668,401.0,126.39513888888887,96.7,0.0,1008.0,11.17,3049.3,3050.9,293.0,0.08766418334679711,-6.299999999998311
catfish_3342g,0,6.333333333333332,3342.3,22.5,402.5,126.95416666666664,96.8,0.0,1191.0,8.96,3048.8,3049.05,293.5,0.08781378092930017,-6.59999999999668
catfish_3342g,0,6.25,3342.3,22.583333333333332,401.0,127.51111111111108,97.0,0.0,935.0,12.48,3048.4,3048.6000000000004,293.9000000000001,0.08793345899530265,-6.59999999999668
catfish_3342g,0,6.166666666666664,3342.3,22.666666666666668,402.75,128.07048611111108,97.2,0.0,1258.0,8.23,3047.5,3047.95,294.8000000000002,0.0882027346438082,-6.5999999999995485
catfish_3342g,0,6.083333333333332,3342.3,22.75,401.5,128.62812499999998,97.4,0.0,955.0,12.06,3046.5,3047.4,295.8000000000002,0.08850192980881434,-6.5999999999995485
catfish_3342g,0,6.0,3342.3,22.833333333333332,401.75,129.1861111111111,97.0,0.0,1104.0,9.87,3046.8,3047.1000000000004,295.5,0.08841217125931244,-6.59999999999668
catfish_3342g,0,5.916666666666664,3342.3,22.916666666666668,403.0,129.74583333333334,97.1,0.0,1194.0,8.93,3046.8,3046.8500000000004,295.5,0.08841217125931244,-6.59999999999668
catfish_3342g,0,5.833333333333332,3342.3,23.0,401.5,130.30347222222224,97.3,0.0,928.0,12.43,3047.3,3046.8,295.0,0.08826257367680938,-6.299999999998311
catfish_3342g,0,5.75,3342.3,23.083333333333332,403.0,130.86319444444447,97.5,0.0,1270.0,8.14,3046.9,3046.8,295.4000000000001,0.08838225174281186,-5.999999999999957
catfish_3342g,0,5.666666666666664,3342.3,23.166666666666668,401.75,131.4211805555556,97.7,0.0,950.0,12.08,3046.8,3046.65,295.5,0.08841217125931244,-5.9999999999998295
catfish_3342g,0,5.583333333333332,3342.3,23.25,402.25,131.97986111111115,97.8,0.0,1111.0,9.73,3045.3,3046.35,297.0,0.08886096400682164,-5.6999999999988615
catfish_3342g,0,5.5,3342.3,23.333333333333332,403.0,132.53958333333338,98.0,0.0,1254.0,8.26,3046.2,3045.75,296.10000000000036,0.08859168835831624,-5.6999999999988615
catfish_3342g,0,5.416666666666664,3342.3,23.416666666666668,401.75,133.0975694444445,98.2,0.0,951.0,11.95,3044.9,3045.1000000000004,297.4000000000001,0.08898064207282412,-5.6999999999988615
catfish_3342g,0,5.333333333333332,3342.3,23.5,402.0,133.65590277777784,98.3,0.0,1035.0,10.74,3043.8,3044.6000000000004,298.5,0.08930975675433085,-5.9999999999998295
catfish_3342g,0,5.25,3342.3,23.583333333333332,403.25,134.2159722222223,98.5,0.0,1299.0,7.88,3043.9,3044.2,298.4000000000001,0.08927983723783026,-5.6999999999988615
catfish_3342g,0,5.166666666666664,3342.3,23.666666666666668,402.25,134.77465277777785,98.0,0.0,1010.0,10.73,3044.3,3044.0,298.0,0.08916015917182778,-5.100000000002256
catfish_3342g,0,5.083333333333332,3342.3,23.75,401.75,135.33263888888897,98.3,0.0,978.0,11.63,3043.7,3043.8500000000004,298.60000000000036,0.08933967627083157,-4.80000000000116
catfish_3342g,0,5.0,3342.3,23.833333333333332,403.25,135.89270833333342,98.4,0.0,1263.0,8.17,3044.1,3043.75,298.2000000000003,0.08921999820482909,-4.199999999998968
catfish_3342g,0,4.833333333333332,3342.3,24.0,401.75,137.00868055555563,98.7,0.0,954.0,12.03,3043.4,3043.55,298.9000000000001,0.08942943482033333,-4.199999999998968
catfish_3342g,0,4.75,3342.3,24.083333333333332,401.75,137.56666666666675,98.9,0.0,994.0,11.32,3042.7,3043.05,299.60000000000036,0.0896388714358377,-4.200000000004425
catfish_3342g,0,4.666666666666664,3342.3,24.166666666666668,403.5,138.12708333333342,99.0,0.0,1265.0,8.14,3042.5,3042.6499999999996,299.8000000000002,0.08969871046883887,-4.200000000004323
catfish_3342g,0,4.583333333333332,3342.3,24.25,403.25,138.68715277777787,99.1,0.0,1247.0,8.34,3042.4,3042.55,299.9000000000001,0.08972862998533945,-3.600000000002234
catfish_3342g,0,4.5,3342.3,24.333333333333332,403.0,139.2468750000001,99.3,0.0,957.0,11.96,3042.6,3042.45,299.7000000000003,0.08966879095233829,-3.5999999999995054
catfish_3342g,0,4.416666666666664,3342.3,24.416666666666668,403.5,139.80729166666677,99.4,0.0,1061.0,10.35,3041.8,3042.1000000000004,300.5,0.08990814708434311,-3.8999999999977835
catfish_3342g,0,4.333333333333332,3342.3,24.5,404.75,140.36944444444455,99.0,0.0,1315.0,7.73,3041.8,3041.8,300.5,0.08990814708434311,-3.600000000002234
catfish_3342g,0,4.25,3342.3,24.583333333333332,404.75,140.93159722222234,99.1,0.0,1267.0,8.07,3040.7,3041.25,301.60000000000036,0.09023726176584997,-3.600000000002234
catfish_3342g,0,4.166666666666664,3342.3,24.666666666666668,403.5,141.492013888889,99.3,0.0,999.0,11.31,3040.2,3040.5,302.10000000000036,0.09038685934835304,-3.600000000002234
catfish_3342g,0,4.083333333333332,3342.3,24.75,404.0,142.0531250000001,99.4,9.7,1131.0,9.16,3040.3,3040.25,302.0,0.0903569398318523,-3.5999999999995054
catfish_3342g,0,4.0,3342.3,24.833333333333332,405.0,142.6156250000001,99.6,9.1,1303.0,7.93,3039.9,3040.05,302.4000000000001,0.0904766178978548,-3.29999999999841
catfish_3342g,0,3.9166666666666643,3342.3,24.916666666666668,403.75,143.176388888889,99.7,8.4,975.0,11.71,3038.1,3039.45,304.2000000000003,0.0910151691948659,-3.3000000000011385
catfish_3342g,0,3.833333333333332,3342.3,25.0,404.25,143.7378472222223,99.9,6.3,1095.0,9.99,3038.5,3038.75,303.8000000000002,0.0908954911288634,-3.600000000002234
catfish_3342g,0,3.75,3342.3,25.083333333333332,405.0,144.3003472222223,100.0,4.6,1360.0,7.34,3039.0,3038.5,303.3000000000002,0.09074589354636034,-3.600000000002234
catfish_3342g,0,3.6666666666666643,3342.3,25.166666666666668,404.25,144.86180555555563,100.1,3.1,1053.0,10.55,3038.5,3038.3,303.8000000000002,0.0908954911288634,-3.600000000002234
catfish_3342g,0,3.583333333333332,3342.3,25.25,404.25,145.42326388888895,100.3,2.8,1072.0,10.27,3037.8,3038.0,304.5,0.09110492774436764,-3.600000000002234
catfish_3342g,0,3.5,3342.3,25.333333333333332,405.0,145.98576388888895,100.4,2.4,1339.0,7.54,3037.9,3037.8500000000004,304.4000000000001,0.09107500822786706,-3.600000000002234
catfish_3342g,0,3.4166666666666643,3342.3,25.416666666666668,404.0,146.54687500000006,100.0,2.4,959.0,11.93,3036.8,3037.8,305.5,0.09140412290937378,-3.3000000000011385
catfish_3342g,0,3.333333333333332,3342.3,25.5,404.5,147.10868055555562,100.0,1.9,1117.0,9.68,3037.8,3037.3500000000004,304.5,0.09110492774436764,-3.3000000000011385
catfish_3342g,0,3.1666666666666643,3342.3,25.666666666666668,404.0,148.23090277777786,100.0,0.0,939.0,12.28,3036.9,3036.8500000000004,305.4000000000001,0.0913742033928732,-3.0000000000000426
catfish_3342g,0,3.083333333333332,3342.3,25.75,405.0,148.79340277777786,100.0,0.0,1254.0,8.22,3035.0,3035.9,307.3000000000002,0.09194267420638487,-3.0000000000000426
catfish_3342g,0,3.0,3342.3,25.833333333333332,405.25,149.35625000000007,100.0,0.0,1230.0,8.49,3034.9,3034.95,307.4000000000001,0.09197259372288547,-3.3000000000011385
catfish_3342g,0,2.9166666666666643,3342.3,25.916666666666668,404.25,149.9177083333334,100.0,0.0,975.0,11.69,3034.6,3034.75,307.7000000000003,0.09206235227238735,-3.3000000000011385
catfish_3342g,0,2.833333333333332,3342.3,26.0,405.5,150.48090277777783,100.0,0.0,1371.0,7.21,3033.3,3033.95,309.0,0.09245130598689524,-3.600000000002234
catfish_3342g,0,2.75,3342.3,26.083333333333332,404.25,151.04236111111115,100.0,0.0,959.0,11.93,3032.8,3033.05,309.5,0.09260090356939832,-3.8999999999977835
catfish_3342g,0,2.6666666666666643,3342.3,26.166666666666668,405.25,151.60520833333337,100.0,0.0,1227.0,8.49,3032.4,3032.6000000000004,309.9000000000001,0.0927205816354008,-3.8999999999977835
catfish_3342g,0,2.583333333333332,3342.3,26.25,405.5,152.1684027777778,100.0,0.0,1203.0,8.83,3031.9,3032.15,310.4000000000001,0.09287017921790386,-3.8999999999977835
catfish_3342g,0,2.4166666666666643,3342.3,26.416666666666668,406.5,153.29756944444446,100.0,0.0,1249.0,8.32,3031.4,3031.65,310.9000000000001,0.09301977680040693,-3.8999999999977835
catfish_3342g,0,2.333333333333332,3342.3,26.5,405.5,153.8607638888889,100.0,0.0,1013.0,11.03,3029.5,3030.8,312.8000000000002,0.09358824761391861,-4.799999999995498
catfish_3342g,0,2.25,3342.3,26.583333333333332,407.5,154.42673611111113,100.0,0.0,1389.0,7.16,3029.7,3030.05,312.60000000000036,0.09352840858091743,-5.399999999997778
catfish_3342g,0,2.1666666666666643,3342.3,26.666666666666668,406.0,154.99062500000002,100.0,0.0,967.0,11.95,3030.2,3029.8500000000004,312.10000000000036,0.09337881099841437,-5.399999999997778
catfish_3342g,0,2.083333333333332,3342.3,26.75,406.75,155.55555555555557,100.0,0.0,1263.0,8.17,3029.8,3029.75,312.5,0.09349848906441671,-4.4999999999999485
catfish_3342g,0,2.0,3342.3,26.833333333333332,407.0,156.12083333333334,100.0,0.0,1237.0,8.43,3029.9,3029.6,312.4000000000001,0.09346856954791613,-3.3000000000011385
catfish_3342g,0,1.9166666666666643,3342.3,26.916666666666668,406.0,156.68472222222223,100.0,0.0,1043.0,10.62,3029.0,3029.45,313.3000000000002,0.09373784519642167,-3.3000000000011385
catfish_3342g,0,1.8333333333333321,3342.3,27.0,407.25,157.25034722222225,100.0,0.0,1399.0,7.1,3028.1,3029.2,314.2000000000003,0.09400712084492722,-3.3000000000011385
catfish_3342g,0,1.75,3342.3,27.083333333333332,406.0,157.81423611111114,100.0,0.0,958.0,12.24,3028.2,3028.6,314.10000000000036,0.09397720132842663,-3.3000000000011385
catfish_3342g,0,1.6666666666666643,3342.3,27.166666666666668,407.25,158.37986111111115,100.0,0.0,1424.0,6.82,3029.4,3028.1499999999996,312.9000000000001,0.09361816713041919,-3.3000000000011385
catfish_3342g,0,1.5833333333333321,3342.3,27.25,405.75,158.94340277777783,100.0,0.0,1075.0,10.27,3027.3,3027.8,315.0,0.09424647697693204,-3.8999999999978723
catfish_3342g,0,1.5,3342.3,27.333333333333332,406.0,159.50729166666673,100.0,0.0,1134.0,9.54,3027.5,3027.4,314.8000000000002,0.09418663794393088,-4.4999999999973355
catfish_3342g,0,1.4166666666666643,3342.3,27.416666666666668,407.0,160.0725694444445,100.0,0.0,1407.0,6.96,3026.4,3027.0,315.9000000000001,0.0945157526254376,-4.800000000001058
catfish_3342g,0,1.3333333333333321,3342.3,27.5,405.5,160.63576388888893,100.0,0.0,941.0,12.24,3026.3,3026.55,316.0,0.09454567214193818,-5.099999999999412
catfish_3342g,0,1.25,3342.3,27.583333333333332,406.5,161.20034722222226,100.0,0.0,1357.0,7.33,3026.3,3026.3500000000004,316.0,0.09454567214193818,-5.099999999999412
catfish_3342g,0,1.1666666666666643,3342.3,27.666666666666668,405.75,161.76388888888894,100.0,0.0,1040.0,11.2,3026.7,3026.3,315.60000000000036,0.09442599407593584,-4.800000000001058
catfish_3342g,0,1.0833333333333321,3342.3,27.75,406.0,162.32777777777784,100.0,0.0,1293.0,7.88,3024.5,3026.1000000000004,317.8000000000002,0.09508422343894928,-4.800000000001058
catfish_3342g,0,1.0,3342.3,27.833333333333332,406.5,162.89236111111117,100.0,0.0,1234.0,8.61,3025.3,3025.65,317.0,0.09484486730694432,-4.800000000001058
catfish_3342g,0,0.9166666666666643,3342.3,27.916666666666668,405.25,163.4552083333334,100.0,0.0,1049.0,10.57,3025.9,3025.3500000000004,316.4000000000001,0.09466535020794066,-4.499999999997232
catfish_3342g,0,0.8333333333333321,3342.3,28.0,406.5,164.01979166666672,100.0,0.0,1375.0,7.23,3025.4,3025.3,316.9000000000001,0.09481494779044373,-4.499999999997232
catfish_3342g,0,0.75,3342.3,28.083333333333332,405.25,164.58263888888894,100.0,0.0,1103.0,10.07,3025.3,3024.9,317.0,0.09484486730694432,-4.499999999997232
catfish_3342g,0,0.6666666666666643,3342.3,28.166666666666668,406.0,165.14652777777783,100.0,0.0,1282.0,8.2,3023.4,3024.3,318.9000000000001,0.09541333812045599,-4.499999999997232
catfish_3342g,0,0.5833333333333321,3342.3,28.25,405.75,165.7100694444445,100.0,0.0,1199.0,8.8,3024.1,3023.75,318.2000000000003,0.09520390150495175,-4.499999999997232
catfish_3342g,0,0.5,3342.3,28.333333333333332,406.25,166.27430555555563,100.0,0.0,1198.0,8.86,3022.9,3023.75,319.4000000000001,0.09556293570295907,-3.8999999999950674
catfish_3342g,0,0.4166666666666643,3342.3,28.416666666666668,406.5,166.83888888888896,100.0,0.0,1205.0,8.67,3022.8,3023.3,319.5,0.09559285521945965,-4.499999999997232
catfish_3342g,0,0.33333333333333215,3342.3,28.5,407.0,167.40416666666673,100.0,0.0,1273.0,8.08,3023.2,3023.2,319.10000000000036,0.09547317715345731,-3.8999999999950674
catfish_3342g,0,0.25,3342.3,28.583333333333332,406.75,167.96909722222227,100.0,9.8,1163.0,9.76,3022.3,3023.05,320.0,0.09574245280196271,-3.299999999998333
catfish_3342g,0,0.1666666666666643,3342.3,28.666666666666668,407.25,168.53472222222229,100.0,9.2,1264.0,8.27,3021.7,3022.9,320.60000000000036,0.0959219699009665,-3.299999999998333
catfish_3342g,0,0.08333333333333215,3342.3,28.75,407.0,169.10000000000005,100.0,8.5,1290.0,7.88,3024.2,3022.8500000000004,318.10000000000036,0.09517398198845117,-3.299999999998333
catfish_3342g,0,0.0,3342.3,28.833333333333332,407.5,169.66597222222228,100.0,7.9,1171.0,8.98,3022.0,3022.8,320.3000000000002,0.09583221135146461,-3.299999999998333
catfish_synth_800g,1,9.186085835430022,800.0,0.0,28.25,0.0,30.1,53.0,687.0,18.22,800.0,797.9768966593817,0.0,0.0,0.0
catfish_synth_800g,1,9.159536454402767,800.0,0.026549381027254397,28.25,0.012500333566998945,30.1,53.1,688.0,18.26,799.4754917265063,796.4783015922573,0.5245082734936659,0.0006556353418670824,0.0
catfish_synth_800g,1,9.132987073375514,800.0,0.053098762054508794,28.25,0.02500066713399789,30.2,53.1,687.0,18.13,799.4754917265063,795.8413986887292,0.5245082734936659,0.0006556353418670824,0.0
catfish_synth_800g,1,9.106437692348258,800.0,0.0796481430817632,28.0,0.037390378280049937,30.2,53.1,691.0,18.16,796.4783015922573,795.2044957852013,3.521698407742747,0.004402123009678433,0.0
catfish_synth_800g,1,9.079888311321005,800.0,0.10619752410901759,28.75,0.05011195668894267,30.2,53.1,693.0,17.88,795.2044957852013,795.2044957852013,4.7955042147987115,0.005994380268498389,-23.989369201269376
catfish_synth_800g,1,9.05333893029375,800.0,0.132746905136272,28.25,0.06261229025594162,30.2,53.1,692.0,17.78,795.2044957852013,795.2044957852013,4.7955042147987115,0.005994380268498389,-23.989369201267234
catfish_synth_800g,1,9.026789549266496,800.0,0.1592962861635264,28.5,0.07522324624388745,30.2,53.1,719.0,17.27,795.2044957852013,795.2044957852013,4.7955042147987115,0.005994380268498389,-11.994684600633617
catfish_synth_800g,1,9.000240168239241,800.0,0.1858456671907808,28.75,0.0879448246527802,30.2,53.1,695.0,18.07,795.2044957852013,795.2044957852013,4.7955042147987115,0.005994380268498389,0.0
catfish_synth_800g,1,8.973690787211988,800.0,0.21239504821803518,28.25,0.10044515821977913,30.2,53.1,691.0,17.63,795.2044957852013,795.2044957852013,4.7955042147987115,0.005994380268498389,0.0
catfish_synth_800g,1,8.947141406184732,800.0,0.23894442924528958,28.75,0.11316673662867187,30.3,53.1,693.0,17.97,795.2044957852013,795.2044957852013,4.7955042147987115,0.005994380268498389,0.0
catfish_synth_800g,1,8.920592025157479,800.0,0.265493810272544,28.75,0.1258883150375646,30.3,53.1,699.0,17.91,795.2044957852013,795.2044957852013,4.7955042147987115,0.005994380268498389,0.0
catfish_synth_800g,1,8.894042644130224,800.0,0.2920431912997984,29.5,0.138941760709298,30.3,53.1,699.0,17.78,795.2044957852013,795.2044957852013,4.7955042147987115,0.005994380268498389,0.0
catfish_synth_800g,1,8.86749326310297,800.0,0.3185925723270528,31.25,0.15276956332765967,30.3,53.1,701.0,17.57,795.2044957852013,795.2044957852013,4.7955042147987115,0.005994380268498389,0.0
catfish_synth_800g,1,8.840943882075715,800.0,0.34514195335430714,34.75,0.16814607983927787,30.3,53.1,705.0,17.63,795.2044957852013,795.2044957852013,4.7955042147987115,0.005994380268498389,0.0
catfish_synth_800g,1,8.814394501048461,800.0,0.3716913343815616,38.75,0.18529255508604633,30.3,53.1,706.0,17.42,795.2044957852013,795.2044957852013,4.7955042147987115,0.005994380268498389,0.0
catfish_synth_800g,1,8.787845120021206,800.0,0.398240715408816,43.25,0.20443023390985887,30.4,53.1,705.0,17.57,795.2044957852013,795.2044957852013,4.7955042147987115,0.005994380268498389,0.0
catfish_synth_800g,1,8.761295738993953,800.0,0.42479009643607035,48.75,0.22600160599450309,30.4,53.2,707.0,17.48,795.2044957852013,795.2044957852013,4.7955042147987115,0.005994380268498389,0.0
catfish_synth_800g,1,8.734746357966698,800.0,0.4513394774633248,54.75,0.2502279161818727,30.4,53.2,718.0,17.78,795.2044957852013,795.2044957852013,4.7955042147987115,0.005994380268498389,0.0
catfish_synth_800g,1,8.708196976939444,800.0,0.47788885849057916,61.25,0.27733040931386155,30.4,53.2,709.0,17.1,795.2044957852013,795.2044957852013,4.7955042147987115,0.005994380268498389,0.0
catfish_synth_800g,1,8.681647595912189,800.0,0.5044382395178335,69.0,0.3078621974952041,30.5,53.2,709.0,17.36,795.2044957852013,795.2044957852013,4.7955042147987115,0.005994380268498389,0.0
catfish_synth_800g,1,8.655098214884934,800.0,0.530987620545088,77.0,0.3419339031468473,30.5,53.2,709.0,17.48,795.2044957852013,795.2044957852013,4.7955042147987115,0.005994380268498389,0.0
catfish_synth_800g,1,8.62854883385768,800.0,0.5575370015723424,85.25,0.3796561486897379,30.6,53.3,709.0,17.36,795.2044957852013,795.2044957852013,4.7955042147987115,0.005994380268498389,0.0
catfish_synth_800g,1,8.601999452830425,800.0,0.5840863825995968,94.5,0.4214714238076636,30.7,53.3,708.0,17.57,795.2044957852013,795.2044957852013,4.7955042147987115,0.005994380268498389,0.0
catfish_synth_800g,1,8.575450071803171,800.0,0.6106357636268512,103.0,0.46704786123778363,30.7,53.3,710.0,17.51,795.2044957852013,795.2044957852013,4.7955042147987115,0.005994380268498389,0.0
catfish_synth_800g,1,8.548900690775916,800.0,0.6371851446541056,112.25,0.5167173282429387,30.8,53.3,713.0,17.42,795.2044957852013,795.2044957852013,4.7955042147987115,0.005994380268498389,0.0
catfish_synth_800g,1,8.522351309748663,800.0,0.66373452568136,121.75,0.5705904472440757,30.9,53.4,709.0,17.36,795.2044957852013,795.2044957852013,4.7955042147987115,0.005994380268498389,0.0
catfish_synth_800g,1,8.495801928721407,800.0,0.6902839067086143,130.5,0.628335350978354,31.0,53.4,718.0,17.66,795.2044957852013,795.2044957852013,4.7955042147987115,0.005994380268498389,0.0
catfish_synth_800g,1,8.469252547694154,800.0,0.7168332877358687,140.25,0.6903945291295612,31.0,53.2,714.0,17.1,795.2044957852013,795.2044957852013,4.7955042147987115,0.005994380268498389,0.0
catfish_synth_800g,1,8.442703166666899,800.0,0.7433826687631232,149.75,0.7566573592767503,31.1,53.2,715.0,16.54,795.2044957852013,795.2044957852013,4.7955042147987115,0.005994380268498389,0.0
catfish_synth_800g,1,8.416153785639645,800.0,0.7699320497903775,158.5,0.8267919741570807,31.3,53.3,720.0,17.1,795.2044957852013,795.2044957852013,4.7955042147987115,0.005994380268498389,0.0
catfish_synth_800g,1,8.38960440461239,800.0,0.796481430817632,167.25,0.9007983737705524,31.4,53.3,720.0,17.1,795.2044957852013,795.2044957852013,4.7955042147987115,0.005994380268498389,0.0
catfish_synth_800g,1,8.363055023585137,800.0,0.8230308118448865,176.5,0.9788978029590591,31.6,53.4,719.0,17.1,795.2044957852013,795.2044957852013,4.7955042147987115,0.005994380268498389,0.0
catfish_synth_800g,1,8.336505642557881,800.0,0.8495801928721407,185.25,1.060869016880707,31.7,53.5,720.0,17.1,795.2044957852013,795.2044957852013,4.7955042147987115,0.005994380268498389,0.0
catfish_synth_800g,1,8.309956261530628,800.0,0.8761295738993952,193.0,1.1462695258517086,31.9,53.5,730.0,16.76,795.2044957852013,795.2044957852013,4.7955042147987115,0.005994380268498389,0.0
catfish_synth_800g,1,8.283406880503373,800.0,0.9026789549266496,201.75,1.2355418195558516,32.0,53.6,733.0,16.93,795.2044957852013,795.2044957852013,4.7955042147987115,0.005994380268498389,0.0
catfish_synth_800g,1,8.25685749947612,800.0,0.929228335953904,209.0,1.3280221634674545,32.1,53.4,736.0,16.65,795.2044957852013,795.2044957852013,4.7955042147987115,0.005994380268498389,0.0
catfish_synth_800g,1,8.203758737421609,800.0,0.9823270980084128,223.75,1.5260362969623935,32.6,53.6,746.0,16.51,795.2044957852013,795.2044957852013,4.7955042147987115,0.005994380268498389,0.0
catfish_synth_800g,1,8.177209356394355,800.0,1.008876479035667,231.25,1.6283620363382698,32.8,53.6,752.0,16.22,795.2044957852013,795.2044957852013,4.7955042147987115,0.005994380268498389,0.0
catfish_synth_800g,1,8.1506599753671,800.0,1.0354258600629216,237.75,1.7335639586587652,33.0,53.5,751.0,16.14,795.2044957852013,795.2044957852013,4.7955042147987115,0.005994380268498389,0.0
catfish_synth_800g,1,8.124110594339847,800.0,1.061975241090176,244.25,1.84164206392388,33.2,53.6,742.0,16.22,795.2044957852013,795.2044957852013,4.7955042147987115,0.005994380268498389,0.0
catfish_synth_800g,1,8.097561213312591,800.0,1.0885246221174303,250.5,1.952485729712667,33.5,53.6,762.0,15.91,795.2044957852013,795.2044957852013,4.7955042147987115,0.005994380268498389,0.0
catfish_synth_800g,1,8.071011832285338,800.0,1.1150740031446849,257.0,2.0662055784460733,33.8,53.7,767.0,15.24,794.7923821417421,794.9984389634717,5.2076178582578905,0.006509522322822363,0.0
catfish_synth_800g,1,8.044462451258083,800.0,1.1416233841719392,263.0,2.182580365282205,34.0,53.5,767.0,16.22,793.5185763346861,794.1554792382142,6.481423665313855,0.00810177958164232,0.0
catfish_synth_800g,1,8.01791307023083,800.0,1.1681727651991936,268.5,2.3013888453791687,34.3,53.6,770.0,15.58,792.8067436778019,793.1626600062441,7.193256322198067,0.008991570402747584,0.0
catfish_synth_800g,1,7.96481430817632,800.0,1.2212715272537025,280.25,2.5494043131421034,34.8,53.8,784.0,15.41,789.9219481735872,791.3643459256946,10.078051826412775,0.012597564783015968,0.0
catfish_synth_800g,1,7.938264927149065,800.0,1.2478209082809568,290.75,2.67805818870334,35.1,53.7,784.0,15.26,788.4982828598188,789.210115516703,11.5017171401812,0.014377146425226498,0.0
catfish_synth_800g,1,7.911715546121811,800.0,1.2743702893082112,290.0,2.8063801970017366,35.4,53.8,785.0,15.41,787.599125819544,788.0487043396814,12.400874180455958,0.015501092725569947,0.0
catfish_synth_800g,1,7.885166165094557,800.0,1.3009196703354655,288.75,2.934149093195398,35.8,53.9,793.0,15.14,786.1005307524194,786.8498282859817,13.899469247580555,0.017374336559475692,0.0
catfish_synth_800g,1,7.858616784067302,800.0,1.32746905136272,295.75,3.065015417175573,36.1,53.9,794.0,15.12,785.4261629722135,785.7633468623164,14.573837027786453,0.018217296284733068,0.0
catfish_synth_800g,1,7.832067403040048,800.0,1.3540184323899744,306.0,3.2004172604145706,36.4,54.0,790.0,15.0,783.6278488916639,784.5270059319387,16.372151108336084,0.020465188885420104,0.0
catfish_synth_800g,1,7.8055180220127935,800.0,1.3805678134172286,311.5,3.3382527969143996,36.7,54.1,818.0,15.1,782.8410864814236,783.2344676865438,17.158913518576355,0.021448641898220443,0.0
catfish_synth_800g,1,7.778968640985539,800.0,1.4071171944444834,311.0,3.4758670885723353,37.1,54.1,799.0,15.0,781.1177021542304,781.979394317827,18.882297845769585,0.023602872307211982,0.0
catfish_synth_800g,1,7.752419259958285,800.0,1.4336665754717375,310.5,3.613260135388377,37.5,54.2,806.0,14.86,779.7689665938183,780.4433343740243,20.231033406181723,0.025288791757727153,-3.880633253145516
catfish_synth_800g,1,7.7258698789310305,800.0,1.4602159564989918,315.0,3.7526443857814624,37.8,54.3,797.0,14.68,778.0455822666249,778.9072744302216,21.954417733375067,0.027443022166718834,-19.755951106924705
catfish_synth_800g,1,7.699320497903776,800.0,1.4867653375262464,324.0,3.896011043328636,38.2,54.3,811.0,14.7,777.408679363097,777.727130814861,22.591320636902992,0.02823915079612874,-32.80899023114502
catfish_synth_800g,1,7.672771116876522,800.0,1.5133147185535007,329.75,4.041922016557588,38.6,54.4,809.0,15.05,775.9475491726506,776.6781142678738,24.05245082734939,0.030065563534186737,-35.63126896070814
catfish_synth_800g,1,7.6462217358492675,800.0,1.539864099580755,332.5,4.189049836416956,39.0,54.4,799.0,15.17,775.7602247892601,775.8538869809554,24.239775210739936,0.03029971901342492,-35.63126896070814
catfish_synth_800g,1,7.619672354822013,800.0,1.5664134806080097,332.0,4.33595641143443,39.4,54.6,790.0,15.33,774.6362784889166,775.1982516390883,25.36372151108344,0.0317046518888543,-35.63126896070814
catfish_synth_800g,1,7.593122973794758,800.0,1.592962861635264,329.25,4.481646139821488,39.8,54.7,795.0,15.03,773.2875429285045,773.9619107087105,26.712457071495464,0.03339057133936933,-38.45354769026919
catfish_synth_800g,1,7.566573592767504,800.0,1.6195122426625184,337.75,4.631097030520742,40.2,54.7,791.0,15.1,772.7255697783328,773.0065563534187,27.274430221667217,0.03409303777708402,-38.45354769026919
catfish_synth_800g,1,7.540024211740249,800.0,1.646061623689773,343.0,4.7828709920598795,40.6,54.8,784.0,15.36,771.1145800811738,771.9200749297534,28.885419918826187,0.036106774898532736,-40.217471896243296
catfish_synth_800g,1,7.513474830712996,800.0,1.672611004717027,339.5,4.933096239705761,41.0,54.8,784.0,14.98,770.8897908211052,771.0021854511394,29.11020917889482,0.036387761473618524,-40.217471896243296
catfish_synth_800g,1,7.4869254496857405,800.0,1.6991603857442814,339.0,5.083100242509748,41.4,54.9,784.0,15.19,769.5035903840151,770.1966906025601,30.49640961598493,0.038120512019981165,-40.217471896243296
catfish_synth_800g,1,7.460376068658486,800.0,1.725709766771536,343.5,5.23509544889078,41.9,55.1,791.0,15.24,768.8292226038088,769.166406493912,31.17077739619117,0.03896347174523896,-40.217471896243296
catfish_synth_800g,1,7.433826687631232,800.0,1.7522591477987903,349.0,5.3895243485326425,42.3,55.0,791.0,15.17,768.1548548236029,768.4920387137058,31.845145176397068,0.03980643147049633,-40.217471896243296
catfish_synth_800g,1,7.407277306603977,800.0,1.7788085288260447,352.5,5.545501962067762,42.7,55.2,786.0,15.33,766.8435841398689,767.499219481736,33.15641586013112,0.041445519825163896,-40.217471896243296
catfish_synth_800g,1,7.380727925576723,800.0,1.8053579098532992,351.5,5.701037085919094,43.0,55.1,784.0,15.38,766.6187948798001,766.7311895098345,33.381205120199866,0.04172650640024983,-40.217471896243296
catfish_synth_800g,1,7.354178544549469,800.0,1.8319072908805536,348.5,5.855244740719064,43.4,55.3,784.0,15.33,765.0452700593194,765.8320324695597,34.954729940680636,0.04369341242585079,-40.217471896243296
catfish_synth_800g,1,7.327629163522214,800.0,1.858456671907808,350.0,6.010116130044715,43.8,55.4,796.0,15.14,764.6331564158601,764.8392132375898,35.36684358413993,0.04420855448017491,-40.217471896243296
catfish_synth_800g,1,7.30107978249496,800.0,1.8850060529350625,355.25,6.16731059021025,44.3,55.4,793.0,15.0,763.4342803621603,764.0337183890101,36.56571963783972,0.04570714954729965,-39.15911737265874
catfish_synth_800g,1,7.274530401467706,800.0,1.9115554339623166,359.5,6.326385631531882,44.7,55.6,786.0,15.41,761.9356852950358,762.6849828285981,38.064314704964204,0.04758039338120525,-39.15911737265874
catfish_synth_800g,1,7.247981020440451,800.0,1.938104814989571,360.75,6.486013784958249,45.1,55.6,783.0,15.41,761.9356852950358,761.9356852950358,38.064314704964204,0.04758039338120525,-38.10076284907204
catfish_synth_800g,1,7.221431639413197,800.0,1.9646541960168256,358.0,6.644425091754201,45.4,55.7,784.0,15.41,761.1489228847954,761.5423040899157,38.85107711520459,0.04856384639400574,-37.39519316667821
catfish_synth_800g,1,7.194882258385943,800.0,1.99120357704408,356.5,6.802172664024471,45.9,55.8,789.0,15.31,760.0999063378083,760.6244146113019,39.90009366219169,0.04987511707773962,-36.6896234842885
catfish_synth_800g,1,7.168332877358688,800.0,2.017752958071334,359.25,6.961137082925156,46.3,55.9,785.0,15.26,759.5379331876366,759.8189197627224,40.462066812363446,0.05057758351545431,-35.27848411951351
catfish_synth_800g,1,7.141783496331433,800.0,2.044302339098589,365.75,7.122977684770462,46.8,56.0,787.0,15.33,758.6013112706838,759.0696222291601,41.39868872931618,0.051748360911645225,-34.57291443712379
catfish_synth_800g,1,7.11523411530418,800.0,2.070851720125843,366.0,7.284928909036713,47.2,56.0,774.0,16.06,757.6272244770527,758.1142678738682,42.372775522947336,0.05296596940368417,-34.57291443712379
catfish_synth_800g,1,7.088684734276924,800.0,2.0974011011530975,363.25,7.445663286672549,47.6,56.2,782.0,15.55,756.2784889166406,756.9528566968467,43.72151108335936,0.0546518888541992,-34.57291443712379
catfish_synth_800g,1,7.062135353249671,800.0,2.123950482180352,364.0,7.606729531571226,48.0,56.1,759.0,15.29,755.5666562597563,755.9225725881985,44.433343740243686,0.05554167967530461,-34.57291443712379
catfish_synth_800g,1,7.035585972222416,800.0,2.150499863207606,368.5,7.769786980046947,48.5,56.3,768.0,15.29,755.3418669996877,755.4542616297219,44.65813300031232,0.055822666250390396,-34.22012959592665
catfish_synth_800g,1,7.009036591195162,800.0,2.1770492442348606,370.75,7.933840030311189,48.9,56.5,783.0,15.43,754.742428972838,755.0421479862628,45.257571027162044,0.05657196378395255,-34.22012959592665
catfish_synth_800g,1,6.982487210167907,800.0,2.2035986252621154,366.75,8.09612312184028,49.3,56.6,785.0,15.33,753.7308773025289,754.2366531376834,46.26912269747106,0.057836403371838825,-34.22012959592665
catfish_synth_800g,1,6.955937829140653,800.0,2.2301480062893697,368.25,8.259069947895053,49.8,56.7,794.0,15.17,753.0565095223228,753.3936934124258,46.94349047767719,0.05867936309709648,-32.808990231147234
catfish_synth_800g,1,6.929388448113398,800.0,2.256697387316624,372.75,8.424007977526873,50.1,56.7,785.0,15.38,752.3072119887605,752.6818607555417,47.692788011239486,0.059615985014049355,-31.045066025174968
catfish_synth_800g,1,6.902839067086144,800.0,2.2832467683438784,371.0,8.588171650212063,50.6,56.8,783.0,15.41,751.482984701842,751.8950983453012,48.51701529815796,0.060646269122697445,-30.339496342783242
catfish_synth_800g,1,6.87628968605889,800.0,2.3097961493711328,369.25,8.751560965950624,51.0,57.2,797.0,15.14,750.9584764283484,751.2207305650952,49.041523571651624,0.06130190446456453,-30.339496342776947
catfish_synth_800g,1,6.849740305031635,800.0,2.336345530398387,374.75,8.917383974950019,51.6,57.3,791.0,15.17,750.171714018108,750.5650952232281,49.82828598189201,0.06228535747736501,-30.33949634277669
catfish_synth_800g,1,6.823190924004381,800.0,2.3628949114256415,371.75,9.081879514898048,52.1,57.5,788.0,15.29,749.6846706212925,749.9281923197002,50.315329378707474,0.06289416172338434,-29.98671150158385
catfish_synth_800g,1,6.7966415429771265,800.0,2.389444292452896,370.75,9.245932565162292,52.4,57.8,800.0,14.86,748.4483296909148,749.0665001561036,51.55167030908524,0.06443958788635655,-30.33949634277669
catfish_synth_800g,1,6.770092161949872,800.0,2.41599367348015,376.25,9.412419308687365,52.7,58.0,790.0,15.29,748.2984701842024,748.3733999375586,51.701529815797585,0.06462691226974698,-29.98671150158385
catfish_synth_800g,1,6.743542780922617,800.0,2.442543054507405,371.25,9.576693603793501,53.1,58.2,797.0,15.24,747.3243833905713,747.8114267873868,52.675616609428744,0.06584452076178593,-29.98671150158385
catfish_synth_800g,1,6.7169933998953635,800.0,2.4690924355346593,375.5,9.742848480055736,53.6,58.3,803.0,15.63,746.7998751170778,747.0621292538245,53.20012488292218,0.06650015610365273,-28.92835697800168
catfish_synth_800g,1,6.690444018868108,800.0,2.4956418165619136,374.0,9.908339621792289,54.0,58.5,795.0,15.07,746.6125507336872,746.7062129253825,53.38744926631284,0.06673431158289106,-28.22278729560983
catfish_synth_800g,1,6.663894637840855,800.0,2.522191197589168,373.0,10.073388273845053,54.5,58.8,807.0,14.79,745.9381829534811,746.2753668435842,54.061817046518854,0.06757727130814857,-28.222787295609592
catfish_synth_800g,1,6.6373452568135995,800.0,2.5487405786164223,377.75,10.240538751895807,55.0,58.9,802.0,15.63,745.1139556665626,745.5260693100219,54.88604433343744,0.0686075554167968,-28.222787295609592
catfish_synth_800g,1,6.610795875786345,800.0,2.575289959643677,376.0,10.406914872999936,55.3,59.1,794.0,15.14,744.3271932563221,744.7205744614423,55.67280674367794,0.06959100842959742,-28.222787295609592
catfish_synth_800g,1,6.584246494759091,800.0,2.601839340670931,373.5,10.572184769894594,55.7,59.3,814.0,14.79,744.2522635029659,744.289728379644,55.74773649703411,0.06968467062129263,-28.222787295609592
catfish_synth_800g,1,6.557697113731837,800.0,2.6283887216981854,378.75,10.739777737629137,56.0,59.5,809.0,14.96,743.6153605994381,743.933812051202,56.38463940056192,0.0704807992507024,-27.517217613217742
catfish_synth_800g,1,6.531147732704582,800.0,2.65493810272544,375.0,10.905711369049477,56.6,59.6,805.0,14.96,743.278176709335,743.4467686543865,56.72182329066504,0.0709022791133313,-26.458863089631272
catfish_synth_800g,1,6.504598351677329,800.0,2.681487483752694,377.75,11.072861847100231,57.1,59.8,816.0,14.66,742.7162035591633,742.9971901342492,57.28379644083668,0.07160474555104585,-25.75329340724156
catfish_synth_800g,1,6.4780489706500735,800.0,2.708036864779949,380.5,11.241229171781404,57.3,60.0,813.0,15.14,741.966906025601,742.3415547923821,58.03309397439898,0.07254136746799872,-25.04772372485399
catfish_synth_800g,1,6.451499589622819,800.0,2.734586245807203,378.0,11.408490272253106,57.7,60.1,810.0,14.91,741.966906025601,741.966906025601,58.03309397439898,0.07254136746799872,-24.69493888366107
catfish_synth_800g,1,6.424950208595565,800.0,2.761135626834457,378.0,11.575751372724808,58.1,60.3,827.0,14.44,740.8804246019357,741.4236653137684,59.119575398064285,0.07389946924758035,-24.342154042464074
catfish_synth_800g,1,6.39840082756831,800.0,2.787685007861712,381.5,11.744561187089767,58.4,60.7,821.0,14.59,740.2435216984078,740.5619731501718,59.75647830159221,0.07469559787699026,-24.69493888366107
catfish_synth_800g,1,6.371851446541056,800.0,2.8142343888889667,377.75,11.91171166514052,58.9,60.9,816.0,14.66,739.5316890415236,739.8876053699657,60.46831095847642,0.07558538869809553,-25.04772372485378
catfish_synth_800g,1,6.345302065513802,800.0,2.8407837699162206,380.25,12.079968367400747,59.2,61.3,827.0,14.31,739.5316890415236,739.5316890415236,60.46831095847642,0.07558538869809553,-24.69493888366107
catfish_synth_800g,1,6.318752684486547,800.0,2.867333150943475,382.0,12.2489994266076,59.6,61.5,819.0,14.61,738.7449266312832,739.1383078364033,61.25507336871681,0.07656884171089601,-24.342154042464074
catfish_synth_800g,1,6.292203303459292,800.0,2.8938825319707298,378.75,12.416592394342144,60.1,61.6,821.0,14.64,738.3328129878239,738.5388698095535,61.6671870121761,0.07708398376522013,-23.283799518877387
catfish_synth_800g,1,6.265653922432039,800.0,2.9204319129979837,381.0,12.58518096386521,60.3,62.0,839.0,14.03,738.1454886044332,738.2391507961286,61.85451139556676,0.07731813924445845,-21.872660154097787
catfish_synth_800g,1,6.239104541404783,800.0,2.9469812940252385,382.25,12.754322645493009,60.8,62.1,821.0,14.29,737.5085857009053,737.8270371526693,62.491414299094686,0.07811426787386835,-20.81430563051144
catfish_synth_800g,1,6.21255516037753,800.0,2.973530675052493,379.75,12.922358102911339,61.0,62.4,831.0,14.33,737.4711208242272,737.4898532625663,62.52887917577277,0.07816109896971596,-19.403166265732043
catfish_synth_800g,1,6.186005779350275,800.0,3.000080056079747,382.0,13.091389162118194,61.4,62.6,845.0,14.03,737.0215423040898,737.2463315641585,62.97845769591015,0.07872307211988769,-17.639242059755595
catfish_synth_800g,1,6.159456398323021,800.0,3.0266294371070015,382.25,13.260530843745993,61.8,62.7,826.0,14.39,736.1223852638152,736.5719637839525,63.877614736184796,0.079847018420231,-17.639242059755595
catfish_synth_800g,1,6.132907017295766,800.0,3.0531788181342563,380.25,13.428787546006218,62.3,63.0,842.0,14.07,735.5229472369653,735.8226662503903,64.47705276303475,0.08059631595379343,-17.639242059755595
catfish_synth_800g,1,6.106357636268513,800.0,3.07972819916151,382.75,13.598150472475913,62.7,63.2,845.0,14.26,734.8111145800812,735.1670309085232,65.18888541991885,0.08148610677489856,-17.639242059755595
catfish_synth_800g,1,6.079808255241257,800.0,3.1062775801887645,382.0,13.767181531682766,63.1,63.2,831.0,14.33,734.3990009366217,734.6050577583514,65.60099906337825,0.08200124882922281,-17.639242059755595
catfish_synth_800g,1,6.053258874214003,800.0,3.1328269612160193,380.5,13.935548856363937,63.3,63.6,852.0,13.89,733.7620980330939,734.0805494848578,66.23790196690607,0.08279737745863258,-19.05038142453899
catfish_synth_800g,1,6.026709493186749,800.0,3.1593763422432732,383.75,14.10535427251742,63.7,63.7,855.0,13.78,733.7620980330939,733.7620980330939,66.23790196690607,0.08279737745863258,-19.05038142453899
catfish_synth_800g,1,6.000160112159494,800.0,3.185925723270528,382.75,14.274717198987114,64.1,64.0,844.0,14.29,732.9378707461755,733.3499843896348,67.06212925382454,0.08382766156728066,-17.639242059755595
catfish_synth_800g,1,5.97361073113224,800.0,3.2124751042977824,381.5,14.443527013352073,64.5,64.1,865.0,13.64,732.6381517327504,732.788011239463,67.36184826724957,0.08420231033406196,-17.639242059755595
catfish_synth_800g,1,5.947061350104986,800.0,3.2390244853250367,384.75,14.613774919189341,64.9,64.2,855.0,13.93,732.5257571027162,732.5819544177333,67.47424289728383,0.08434280362160479,-17.639242059755595
catfish_synth_800g,1,5.920511969077731,800.0,3.265573866352291,381.5,14.7825847335543,65.4,64.5,879.0,13.74,731.7389946924758,732.1323758975959,68.26100530752421,0.08532625663440527,-17.639242059757596
catfish_synth_800g,1,5.893962588050476,800.0,3.292123247379546,385.25,14.953053884233462,65.8,64.6,861.0,13.68,731.2144864189821,731.476740555729,68.78551358101788,0.08598189197627235,-18.344811742147293
catfish_synth_800g,1,5.8674132070232226,800.0,3.3186726284067998,383.5,15.122748677965998,66.1,64.8,864.0,13.66,731.2144864189821,731.2144864189821,68.78551358101788,0.08598189197627235,-18.344811742147293
catfish_synth_800g,1,5.840863825995968,800.0,3.345222009434054,386.5,15.293770940749894,66.5,64.9,867.0,13.54,730.2778645020293,730.7461754605057,69.72213549797073,0.08715266937246341,-17.286457218560756
catfish_synth_800g,1,5.814314444968714,800.0,3.371771390461309,383.5,15.463465734482428,66.8,65.0,869.0,13.56,730.165469871995,730.2216671870121,69.83453012800499,0.08729316266000624,-18.697596583340008
catfish_synth_800g,1,5.7877650639414595,800.0,3.398320771488563,387.0,15.63470924210822,67.3,65.3,874.0,13.52,729.6034967218234,729.8844832969091,70.39650327817662,0.08799562909772078,-17.286457218560756
catfish_synth_800g,1,5.761215682914205,800.0,3.4248701525158176,384.5,15.804846525524542,67.7,65.3,873.0,13.5,729.6034967218234,729.6034967218234,70.39650327817662,0.08799562909772078,-16.22810269497606
catfish_synth_800g,1,5.73466630188695,800.0,3.451419533543072,387.25,15.976200655571281,68.0,65.6,866.0,13.14,729.1164533250077,729.3599750234155,70.88354667499232,0.0886044333437404,-15.522533012584077
catfish_synth_800g,1,5.7081169208596965,800.0,3.4779689145703263,386.0,16.147001673513284,68.4,65.7,858.0,13.68,728.3296909147674,728.7230721198875,71.67030908523259,0.08958788635654073,-16.22810269497606
catfish_synth_800g,1,5.681567539832441,800.0,3.5045182955975807,386.25,16.317913313876232,68.7,65.7,899.0,13.1,728.2922260380893,728.3109584764284,71.70777396191068,0.08963471745238834,-16.22810269497606
catfish_synth_800g,1,5.655018158805187,800.0,3.5310676766248354,386.5,16.48893557666013,69.1,65.8,850.0,13.93,727.5803933812051,727.9363097096473,72.41960661879489,0.0905245082734936,-15.522533012584205
catfish_synth_800g,1,5.6284687777779325,800.0,3.5576170576520894,386.75,16.660068461864974,69.3,66.0,885.0,13.23,727.3556041211364,727.4679987511707,72.64439587886363,0.09080549484857954,-16.22810269497606
catfish_synth_800g,1,5.601919396750679,800.0,3.5841664386793437,387.25,16.831422591911714,69.7,66.1,842.0,13.89,727.2806743677801,727.3181392444583,72.71932563221992,0.0908991570402749,-16.228102694974048
catfish_synth_800g,1,5.575370015723424,800.0,3.6107158197065985,385.5,17.002002365011823,70.0,66.1,872.0,13.42,726.6063065875742,726.9434904776772,73.39369341242582,0.09174211676553228,-16.228102694974048
catfish_synth_800g,1,5.54882063469617,800.0,3.6372652007338524,388.25,17.173798984742348,70.3,66.4,875.0,13.39,726.3440524508272,726.4751795192008,73.65594754917277,0.09206993443646595,-17.286457218560756
catfish_synth_800g,1,5.522271253668915,800.0,3.663814581761107,386.0,17.344600002684352,70.7,66.4,849.0,13.91,725.8570090540118,726.1005307524194,74.14299094598823,0.09267873868248529,-16.228102694974048
catfish_synth_800g,1,5.495721872641661,800.0,3.6903639627883615,387.5,17.516064755152037,71.0,66.7,893.0,13.08,725.7820793006555,725.8195441773337,74.21792069934452,0.09277240087418065,-15.522533012582064
catfish_synth_800g,1,5.469172491614406,800.0,3.716913343815616,387.0,17.687308262777826,71.3,66.7,850.0,13.78,725.2201061504838,725.5010927255696,74.77989384951616,0.0934748673118952,-14.816963330196518
catfish_synth_800g,1,5.442623110587152,800.0,3.7434627248428702,386.75,17.85844114798267,71.6,66.8,894.0,13.12,724.6581330003121,724.939119575398,75.34186699968791,0.09417733374960989,-14.816963330196518
catfish_synth_800g,1,5.416073729559898,800.0,3.770012105870125,388.0,18.03012714529225,71.8,66.8,870.0,13.41,724.6581330003121,724.6581330003121,75.34186699968791,0.09417733374960989,-14.111393647806821
catfish_synth_800g,1,5.389524348532643,800.0,3.796561486897379,386.0,18.200928163234252,72.1,67.0,880.0,13.31,724.5082734935999,724.5832032469559,75.49172650640014,0.09436465813300017,-14.111393647806821
catfish_synth_800g,1,5.362974967505389,800.0,3.8231108679246333,388.5,18.372835405385725,72.5,67.0,895.0,13.06,724.1710896034967,724.3396815485482,75.82891039650326,0.09478613799562907,-14.111393647802538
catfish_synth_800g,1,5.336425586478134,800.0,3.849660248951888,386.5,18.543857668169622,72.8,67.0,870.0,13.46,723.5716515766469,723.8713705900718,76.4283484233531,0.09553543552919137,-14.111393647802538
catfish_synth_800g,1,5.30987620545088,800.0,3.876209629979142,388.75,18.71587553274204,73.1,67.2,898.0,13.01,722.8598189197627,723.2157352482047,77.14018108023731,0.09642522635029664,-14.111393647806821
catfish_synth_800g,1,5.283326824423625,800.0,3.9027590110063968,387.25,18.88722966278878,73.4,67.3,890.0,13.06,722.7848891664064,722.8223540430845,77.2151108335936,0.096518888541992,-14.111393647806821
catfish_synth_800g,1,5.256777443396372,800.0,3.929308392033651,388.75,19.0592475273612,73.7,67.3,878.0,13.42,722.0730565095223,722.4289728379644,77.9269434904777,0.09740867936309712,-14.111393647806821
catfish_synth_800g,1,5.230228062369116,800.0,3.9558577730609055,389.25,19.23148663677551,74.0,67.3,913.0,12.68,722.0730565095223,722.0730565095223,77.9269434904777,0.09740867936309712,-14.111393647806821
catfish_synth_800g,1,5.203678681341863,800.0,3.98240715408816,387.5,19.402951389243196,74.2,67.5,880.0,13.33,721.8482672494536,721.9606618794879,78.15173275054644,0.09768966593818305,-14.111393647802538
catfish_synth_800g,1,5.177129300314608,800.0,4.008956535115415,390.0,19.57552236592035,74.5,67.5,880.0,13.31,721.8482672494536,721.8482672494536,78.15173275054644,0.09768966593818305,-13.7586088066078
catfish_synth_800g,1,5.150579919287354,800.0,4.035505916142668,390.25,19.74820396501845,74.8,67.6,926.0,12.7,720.5744614423977,721.2113643459256,79.4255385576023,0.09928192319700287,-14.111393647802538
catfish_synth_800g,1,5.097481157232845,800.0,4.088604678197178,390.25,20.09356716321465,75.5,67.7,877.0,13.39,720.5744614423977,720.5744614423977,79.4255385576023,0.09928192319700287,-14.111393647802538
catfish_synth_800g,1,5.07093177620559,800.0,4.115154059224432,390.0,20.266138139891805,75.9,67.8,926.0,12.5,719.6003746487667,720.0874180455821,80.39962535123334,0.10049953168904167,-14.111393647806821
catfish_synth_800g,1,5.044382395178336,800.0,4.141703440251686,389.5,20.438487871727062,76.1,67.9,879.0,13.33,719.5254448954105,719.5629097720886,80.47455510458951,0.1005931938807369,-14.111393647806821
catfish_synth_800g,1,5.017833014151082,800.0,4.168252821278941,390.75,20.611390715667056,76.4,67.9,895.0,13.06,719.1882610053075,719.356852950359,80.81173899469252,0.10101467374336565,-14.111393647802538
catfish_synth_800g,1,4.991283633123827,800.0,4.194802202306195,390.0,20.78396169234421,76.7,68.0,944.0,12.36,718.5138932251016,718.8510771152046,81.48610677489842,0.10185763346862302,-14.111393647806821
catfish_synth_800g,1,4.964734252096573,800.0,4.221351583333449,390.25,20.95664329144231,76.9,68.0,864.0,13.58,718.5138932251016,718.5138932251016,81.48610677489842,0.10185763346862302,-13.7586088066078
catfish_synth_800g,1,4.911635490042064,800.0,4.274450345387958,390.0,21.30178524479662,77.3,68.1,878.0,13.29,718.364033718389,718.4389634717453,81.63596628161099,0.10204495785201374,-13.7586088066078
catfish_synth_800g,1,4.88508610901481,800.0,4.300999726415212,391.25,21.474909333578502,77.6,68.2,914.0,12.71,717.6147361848267,717.9893849516079,82.38526381517329,0.10298157976896662,-13.758608806612083
catfish_synth_800g,1,4.858536727987555,800.0,4.327549107442468,389.5,21.647259065413763,77.9,68.2,901.0,12.99,717.4648766781143,717.5398064314704,82.53512332188575,0.10316890415235719,-13.758608806612083
catfish_synth_800g,1,4.831987346960301,800.0,4.354098488469721,391.0,21.820272531774705,78.1,68.3,890.0,13.14,717.1651576646892,717.3150171714017,82.83484233531078,0.10354355291913847,-13.053039124218209
catfish_synth_800g,1,4.805437965933047,800.0,4.3806478694969755,390.25,21.992954130872803,78.4,68.3,925.0,12.47,717.052763034655,717.1089603496721,82.94723696534504,0.1036840462066813,-13.053039124218209
catfish_synth_800g,1,4.778888584905792,800.0,4.407197250524231,390.75,22.1658569748128,78.7,68.3,867.0,13.54,716.5282547611614,716.7905088979082,83.4717452388386,0.10433968154854824,-13.053039124218209
catfish_synth_800g,1,4.725789822851283,800.0,4.460296012578739,390.25,22.511220173009,79.2,68.5,880.0,13.33,716.5282547611614,716.5282547611614,83.4717452388386,0.10433968154854824,-12.347469441828398
catfish_synth_800g,1,4.699240441824029,800.0,4.486845393605994,392.0,22.68467612905373,79.5,68.5,910.0,12.91,715.741492350921,716.1348735560412,84.25850764907898,0.10532313456134873,-13.053039124218209
catfish_synth_800g,1,4.672691060796774,800.0,4.513394774633248,391.25,22.857800217835617,79.9,68.5,919.0,12.54,715.4792382141741,715.6103652825475,84.52076178582593,0.10565095223228241,-14.111393647802775
catfish_synth_800g,1,4.64614167976952,800.0,4.5399441556605025,391.5,23.031034929038455,80.1,68.4,882.0,13.31,715.404308460818,715.441773337496,84.59569153918198,0.10574461442397748,-14.111393647802775
catfish_synth_800g,1,4.6195922987422655,800.0,4.566493536687757,392.25,23.20460150750413,80.2,68.6,944.0,12.18,714.8423353106463,715.1233218857321,85.15766468935374,0.10644708086169218,-13.053039124218209
catfish_synth_800g,1,4.593042917715011,800.0,4.593042917715011,392.5,23.378278708390752,80.4,68.6,866.0,13.68,714.5426162972212,714.6924758039338,85.45738370277877,0.10682172962847346,-13.053039124218209
catfish_synth_800g,1,4.566493536687757,800.0,4.6195922987422655,393.0,23.552177154119267,80.6,68.6,949.0,12.03,714.0555729004059,714.2990945988136,85.94442709959412,0.10743053387449265,-13.053039124218209
catfish_synth_800g,1,4.5399441556605025,800.0,4.64614167976952,392.5,23.72585435500589,80.9,68.6,870.0,13.78,713.7183890103028,713.8869809553544,86.28161098969724,0.10785201373712155,-13.053039124218209
catfish_synth_800g,1,4.513394774633248,800.0,4.672691060796774,394.5,23.90041653526009,81.0,68.7,948.0,12.55,713.2688104901655,713.4935997502341,86.73118950983451,0.10841398688729313,-13.75860880661006
catfish_synth_800g,1,4.486845393605994,800.0,4.699240441824029,392.75,24.07420435856766,81.2,68.7,899.0,12.97,713.1938807368092,713.2313456134873,86.8061192631908,0.1085076490789885,-13.75860880661006
catfish_synth_800g,1,4.460296012578739,800.0,4.725789822851283,394.75,24.248877161242802,81.5,68.7,913.0,12.71,712.9316266000625,713.0627536684358,87.06837339993751,0.1088354667499219,-13.75860880661006
catfish_synth_800g,1,4.433746631551485,800.0,4.752339203878537,393.25,24.42288622939226,81.8,68.7,893.0,13.04,712.7817670933499,712.8566968467062,87.21823290665009,0.1090227911333126,-12.347469441828398
catfish_synth_800g,1,4.407197250524231,800.0,4.778888584905792,394.75,24.597559032067405,82.1,68.6,942.0,12.73,712.5569778332813,712.6693724633155,87.44302216671872,0.1093037777083984,-12.347469441826357
catfish_synth_800g,1,4.3806478694969755,800.0,4.805437965933047,393.5,24.771678722637816,82.2,68.8,883.0,13.27,712.3696534498907,712.463315641586,87.63034655010927,0.10953793318763658,-11.99468460062916
catfish_synth_800g,1,4.354098488469722,800.0,4.8319873469603,394.75,24.94635152531296,82.5,68.8,935.0,12.36,711.8451451763972,712.107399313144,88.15485482360282,0.11019356852950352,-11.99468460062916
catfish_synth_800g,1,4.327549107442468,800.0,4.858536727987555,393.75,25.120581838304318,82.7,68.7,853.0,13.84,711.8451451763972,711.8451451763972,88.15485482360282,0.11019356852950352,-11.99468460062916
catfish_synth_800g,1,4.300999726415212,800.0,4.88508610901481,394.75,25.29525464097946,83.0,68.7,963.0,11.86,711.3955666562598,711.6203559163284,88.6044333437402,0.11075554167967525,-10.936330077046735
catfish_synth_800g,1,4.274450345387959,800.0,4.911635490042063,394.25,25.469706198812712,83.0,68.8,868.0,13.33,711.3955666562598,711.3955666562598,88.6044333437402,0.11075554167967525,-9.87797555346451
catfish_synth_800g,1,4.247900964360704,800.0,4.938184871069319,394.0,25.644047134225016,83.3,68.8,933.0,12.38,711.3206369029035,711.3581017795816,88.67936309709648,0.11084920387137061,-9.87797555346451
catfish_synth_800g,1,4.221351583333449,800.0,4.964734252096573,395.0,25.818830559321107,83.6,68.7,912.0,12.73,710.458944739307,710.8897908211052,89.54105526069304,0.11192631907586631,-9.87797555346451
catfish_synth_800g,1,4.194802202306195,800.0,4.991283633123827,394.0,25.99317149473341,83.8,68.6,895.0,12.99,710.458944739307,710.458944739307,89.54105526069304,0.11192631907586631,-9.87797555346451
catfish_synth_800g,1,4.168252821278941,800.0,5.017833014151082,395.0,26.1679549198295,84.0,68.6,945.0,12.06,710.0468310958477,710.2528879175773,89.95316890415234,0.11244146113019042,-9.87797555346451
catfish_synth_800g,1,4.141703440251686,800.0,5.044382395178336,393.75,26.34218523282086,84.1,68.7,864.0,13.62,710.0468310958477,710.0468310958477,89.95316890415234,0.11244146113019042,-9.87797555346451
catfish_synth_800g,1,4.115154059224432,800.0,5.07093177620559,395.0,26.51696865791695,84.6,68.7,981.0,11.34,709.9719013424914,710.0093662191696,90.02809865750862,0.11253512332188578,-9.172405871074659
catfish_synth_800g,1,4.088604678197178,800.0,5.097481157232845,394.25,26.691420215750203,85.1,68.6,852.0,13.82,709.5223228223541,709.7471120824227,90.47767717764589,0.11309709647205736,-9.87797555346451
catfish_synth_800g,1,4.062055297169923,800.0,5.124030538260099,394.5,26.8659823960044,85.5,68.6,959.0,11.91,709.0727443022166,709.2975335622854,90.92725569778338,0.11365906962222923,-9.87797555346451
catfish_synth_800g,1,4.035505916142668,800.0,5.150579919287354,394.75,27.04065519867954,85.2,68.7,923.0,12.61,708.9603496721824,709.0165469871995,91.03965032781764,0.11379956290977206,-9.87797555346451
catfish_synth_800g,1,4.008956535115415,800.0,5.177129300314608,394.0,27.214996134091844,85.3,68.7,884.0,12.91,708.9228847955042,708.9416172338433,91.07711520449584,0.1138463940056198,-9.87797555346451
catfish_synth_800g,1,3.9824071540881603,800.0,5.203678681341862,396.0,27.390222048871724,85.6,68.6,987.0,11.49,708.3983765220107,708.6606306587574,91.60162347798928,0.1145020293474866,-9.87797555346451
catfish_synth_800g,1,3.955857773060905,800.0,5.230228062369117,395.0,27.565005473967815,85.8,68.6,863.0,13.89,708.2859818919762,708.3421792069935,91.71401810802377,0.1146425226350297,-9.87797555346451
catfish_synth_800g,1,3.902759011006397,800.0,5.283326824423625,396.5,27.915899793211363,86.0,0.0,882.0,12.97,706.8997814548861,707.5928816734312,93.10021854511388,0.11637527318139235,-9.87797555346451
catfish_synth_800g,1,3.876209629979142,800.0,5.30987620545088,396.5,28.091346952833135,86.3,0.0,976.0,11.67,706.8997814548861,706.8997814548861,93.10021854511388,0.11637527318139235,-9.87797555346451
catfish_synth_800g,1,3.8496602489518876,800.0,5.336425586478135,396.5,28.26679411245491,86.5,0.0,928.0,12.4,706.4502029347486,706.6749921948174,93.54979706525137,0.11693724633156422,-9.172405871074801
catfish_synth_800g,1,3.823110867924634,800.0,5.362974967505388,395.75,28.441909404813842,86.7,0.0,942.0,12.19,706.3378083047144,706.3940056197315,93.66219169528563,0.11707773961910703,-9.172405871074801
catfish_synth_800g,1,3.796561486897379,800.0,5.389524348532643,397.0,28.61757780927751,86.9,0.0,970.0,11.8,705.6634405245082,706.0006244146114,94.33655947549175,0.1179206993443647,-9.87797555346451
catfish_synth_800g,1,3.7700121058701246,800.0,5.416073729559898,396.0,28.79280372405739,87.1,0.0,940.0,12.26,705.5885107711522,705.6259756478303,94.41148922884781,0.11801436153605976,-10.230760394659189
catfish_synth_800g,1,3.743462724842871,800.0,5.442623110587151,397.0,28.968472128521057,87.1,0.0,971.0,11.74,705.4761161411177,705.532313456135,94.5238838588823,0.11815485482360287,-10.230760394659189
catfish_synth_800g,1,3.716913343815616,800.0,5.469172491614406,396.25,29.143808665721885,87.3,0.0,947.0,12.09,705.4386512644396,705.4573837027787,94.56134873556039,0.11820168591945049,-10.230760394659189
catfish_synth_800g,1,3.6903639627883615,800.0,5.495721872641661,397.0,29.319477070185552,87.5,0.0,918.0,12.5,704.7268186075554,705.0827349359975,95.2731813924446,0.11909147674055574,-10.230760394659189
catfish_synth_800g,1,3.663814581761108,800.0,5.522271253668914,396.75,29.495034852228272,87.7,0.0,1019.0,11.01,704.7268186075554,704.7268186075554,95.2731813924446,0.11909147674055574,-10.583545235854043
catfish_synth_800g,1,3.637265200733853,800.0,5.5488206346961695,396.75,29.67059263427099,87.9,0.0,918.0,12.7,704.5769591008429,704.6518888541991,95.42304089915706,0.11927880112394633,-10.583545235854043
catfish_synth_800g,1,3.6107158197065985,800.0,5.575370015723424,396.75,29.84615041631371,88.0,0.0,1023.0,10.95,704.2397752107399,704.4083671557914,95.76022478926006,0.11970028098657508,-10.583545235854043
catfish_synth_800g,1,3.584166438679344,800.0,5.601919396750678,396.75,30.021708198356425,88.1,0.0,909.0,12.73,703.8276615672806,704.0337183890103,96.17233843271936,0.1202154230408992,-10.583545235854398
catfish_synth_800g,1,3.557617057652089,800.0,5.628468777777933,396.75,30.197265980399145,88.4,0.0,1023.0,10.79,703.3780830471433,703.602872307212,96.62191695285674,0.12077739619107092,-10.583545235854398
catfish_synth_800g,1,3.5310676766248354,800.0,5.655018158805187,397.5,30.373155629704705,88.8,0.0,1003.0,11.32,703.3780830471433,703.3780830471433,96.62191695285674,0.12077739619107092,-10.583545235854043
catfish_synth_800g,1,3.504518295597581,800.0,5.681567539832441,396.25,30.548492166905532,89.1,0.0,885.0,13.08,703.3780830471433,703.3780830471433,96.62191695285674,0.12077739619107092,-10.583545235854043
catfish_synth_800g,1,3.477968914570326,800.0,5.7081169208596965,397.5,30.72438181621109,89.5,0.0,1072.0,10.06,702.6662503902592,703.0221667187012,97.33374960974083,0.12166718701217605,-10.583545235854398
catfish_synth_800g,1,3.4514195335430724,800.0,5.73466630188695,397.0,30.90005022067476,89.1,0.0,926.0,12.5,702.6662503902592,702.6662503902592,97.33374960974083,0.12166718701217605,-11.289114918243907
catfish_synth_800g,1,3.424870152515818,800.0,5.761215682914204,396.75,31.075608002717477,89.3,0.0,1034.0,10.73,702.291601623478,702.4789260068685,97.70839837652204,0.12213549797065255,-11.289114918243907
catfish_synth_800g,1,3.398320771488563,800.0,5.7877650639414595,397.25,31.251387029602093,89.4,0.0,985.0,11.52,701.8420231033407,702.0668123634093,98.1579768966593,0.12269747112082413,-11.289114918243907
catfish_synth_800g,1,3.3717713904613085,800.0,5.814314444968714,396.25,31.42672356680292,89.6,10.0,962.0,11.85,701.2800499531689,701.5610365282548,98.71995004683106,0.12339993755853883,-12.700254283022929
catfish_synth_800g,1,3.345222009434055,800.0,5.840863825995967,398.0,31.602834460950373,89.7,9.2,1058.0,10.43,701.2800499531689,701.2800499531689,98.71995004683106,0.12339993755853883,-12.700254283022929
catfish_synth_800g,1,3.3186726284067998,800.0,5.8674132070232226,397.5,31.778724110255933,89.9,8.4,911.0,12.73,701.2800499531689,701.2800499531689,98.71995004683106,0.12339993755853883,-12.700254283022929
catfish_synth_800g,1,3.2921232473795454,800.0,5.893962588050477,398.75,31.955166871666226,90.1,8.0,1090.0,10.06,700.9428660630659,701.1114580081174,99.05713393693406,0.12382141742116758,-11.994684600633596
catfish_synth_800g,1,3.265573866352292,800.0,5.92051196907773,399.0,32.13172025549746,90.1,8.3,1006.0,11.2,700.7555416796754,700.8492038713707,99.24445832032461,0.12405557290040577,-10.583545235854576
catfish_synth_800g,1,3.2390244853250367,800.0,5.947061350104986,398.25,32.30794177206586,90.3,8.1,928.0,12.4,700.0062441461131,700.3808929128943,99.99375585388691,0.12499219481735864,-10.583545235854576
catfish_synth_800g,1,3.185925723270528,800.0,6.000160112159494,398.75,32.66082729488645,91.0,7.5,914.0,12.68,699.2194817358727,699.612862940993,100.7805182641273,0.12597564783015913,-11.994684600633596
catfish_synth_800g,1,3.1593763422432737,800.0,6.026709493186749,399.0,32.83738067871769,91.3,7.2,1083.0,10.11,699.2194817358727,699.2194817358727,100.7805182641273,0.12597564783015913,-13.405823965413063
catfish_synth_800g,1,3.1328269612160193,800.0,6.053258874214003,399.0,33.01393406254893,91.0,7.2,971.0,11.77,699.1820168591945,699.2007492975335,100.8179831408055,0.12602247892600688,-11.994684600633596
catfish_synth_800g,1,3.106277580188765,800.0,6.079808255241257,398.25,33.19015557911733,91.1,6.2,1066.0,10.41,699.1820168591945,699.1820168591945,100.8179831408055,0.12602247892600688,-10.230760394657567
catfish_synth_800g,1,3.0797281991615097,800.0,6.106357636268513,399.0,33.36670896294857,91.2,5.3,944.0,12.23,698.8822978457696,699.032157352482,101.11770215423041,0.12639712769278802,-10.230760394657567
catfish_synth_800g,1,3.0531788181342563,800.0,6.132907017295766,399.25,33.54337296920076,91.4,4.7,1104.0,9.88,698.3952544489541,698.6387761473618,101.60474555104588,0.12700593193880735,-11.994684600633596
catfish_synth_800g,1,3.026629437107002,800.0,6.15945639832302,398.5,33.719705108190105,91.5,4.5,905.0,13.02,698.3952544489541,698.3952544489541,101.60474555104588,0.12700593193880735,-10.230760394657567
catfish_synth_800g,1,3.0000800560797467,800.0,6.186005779350276,399.5,33.89647973686324,91.7,4.1,1131.0,9.55,698.3952544489541,698.3952544489541,101.60474555104588,0.12700593193880735,-9.525190712265537
catfish_synth_800g,1,2.9735306750524932,800.0,6.212555160377529,398.75,34.072922498273535,91.8,3.7,894.0,13.27,698.1330003122073,698.2641273805807,101.86699968779271,0.1273337496097409,-9.525190712265537
catfish_synth_800g,1,2.946981294025239,800.0,6.239104541404783,399.75,34.24980774936762,91.9,2.9,1131.0,9.68,698.058070558851,698.0955354355292,101.941929441149,0.12742741180143624,-9.525190712265537
catfish_synth_800g,1,2.9204319129979837,800.0,6.265653922432039,398.5,34.42613988835697,92.0,2.3,904.0,12.91,697.4960974086792,697.7770839837651,102.50390259132075,0.12812987823915095,-9.525190712265537
catfish_synth_800g,1,2.8938825319707293,800.0,6.292203303459293,399.0,34.60269327218821,92.0,2.0,1113.0,9.85,697.1963783952544,697.3462379019668,102.80362160474556,0.12850452700593196,-9.525190712265537
catfish_synth_800g,1,2.867333150943476,800.0,6.3187526844865465,398.5,34.77902541117756,92.4,1.2,910.0,12.77,697.1963783952544,697.1963783952544,102.80362160474556,0.12850452700593196,-9.525190712265537
catfish_synth_800g,1,2.8407837699162206,800.0,6.345302065513802,399.0,34.9555787950088,92.7,0.4,1141.0,9.43,696.6344052450827,696.9153918201686,103.36559475491731,0.12920699344364664,-10.230760394657214
catfish_synth_800g,1,2.8142343888889663,800.0,6.371851446541056,398.5,35.13191093399815,92.9,0.0,902.0,12.99,696.4470808616923,696.5407430533875,103.55291913830774,0.1294411489228847,-10.230760394657214
catfish_synth_800g,1,2.787685007861713,800.0,6.3984008275683095,399.25,35.30857494025034,93.2,0.0,1127.0,9.65,696.3721511083359,696.409615985014,103.62784889166414,0.12953481111458018,-9.525190712265537
catfish_synth_800g,1,2.7611356268344576,800.0,6.424950208595565,399.0,35.48512832408158,93.4,0.0,950.0,12.13,696.1098969715891,696.2410240399624,103.89010302841086,0.12986262878551358,-9.525190712265537
catfish_synth_800g,1,2.734586245807203,800.0,6.451499589622819,399.5,35.66190295275471,93.0,0.0,1074.0,10.29,695.7352482048079,695.9225725881986,104.26475179519207,0.1303309397439901,-9.525190712265537
catfish_synth_800g,1,2.708036864779949,800.0,6.4780489706500735,400.0,35.83889882626974,93.3,0.0,976.0,11.69,695.6228535747736,695.6790508897907,104.37714642522644,0.13047143303153305,-9.172405871074801
catfish_synth_800g,1,2.6814874837526945,800.0,6.504598351677328,400.0,36.01589469978477,93.5,0.0,1089.0,9.96,695.3980643147049,695.5104589447392,104.60193568529508,0.13075241960661885,-7.761266506293133
catfish_synth_800g,1,2.65493810272544,800.0,6.531147732704582,399.75,36.19277995087886,93.8,0.0,931.0,12.4,695.2482048079924,695.3231345613486,104.75179519200765,0.13093974399000957,-8.114051347485953
catfish_synth_800g,1,2.628388721698186,800.0,6.5576971137318365,401.0,36.37021831407767,94.0,0.0,1146.0,9.42,695.2107399313144,695.2294723696534,104.78926006868562,0.13098657508585704,-8.114051347485953
catfish_synth_800g,1,2.6018393406709306,800.0,6.584246494759092,400.0,36.5472141875927,94.2,0.0,883.0,13.23,695.2107399313144,695.2107399313144,104.78926006868562,0.13098657508585704,-6.702911982708566
catfish_synth_800g,1,2.575289959643677,800.0,6.610795875786345,401.25,36.724763173212466,94.4,0.0,1162.0,9.21,694.7986262878551,695.0046831095847,105.20137371214491,0.13150171714018113,-6.702911982708566
catfish_synth_800g,1,2.548740578616423,800.0,6.6373452568135995,400.0,36.9017590467275,94.0,0.0,926.0,12.47,694.761161411177,694.779893849516,105.238838588823,0.13154854823602874,-6.702911982708566
catfish_synth_800g,1,2.5221911975891675,800.0,6.663894637840855,401.0,37.07919740992631,94.3,0.0,1077.0,10.27,694.423977521074,694.5925694661255,105.576022478926,0.13197002809865752,-6.702911982708448
catfish_synth_800g,1,2.495641816561914,800.0,6.690444018868108,400.0,37.25619328344134,94.5,0.0,1040.0,10.72,694.2741180143615,694.3490477677178,105.72588198563847,0.13215735248204807,-7.055696823901268
catfish_synth_800g,1,2.4690924355346597,800.0,6.716993399895363,400.75,37.43352102421921,94.7,0.0,1023.0,10.95,694.0118638776147,694.1429909459881,105.9881361223853,0.1324851701529816,-7.408481665098383
catfish_synth_800g,1,2.4425430545074045,800.0,6.743542780922618,399.75,37.610406275313295,94.9,0.0,1009.0,11.17,693.8245394942242,693.9182016859195,106.17546050577585,0.1327193256322198,-7.7612665062955095
catfish_synth_800g,1,2.41599367348015,800.0,6.770092161949872,401.0,37.78784463851211,95.1,0.0,1034.0,10.73,693.6372151108336,693.7308773025288,106.36278488916639,0.132953481111458,-7.408481665100524
catfish_synth_800g,1,2.3894442924528967,800.0,6.796641542977126,400.5,37.965061756869034,95.3,0.0,1088.0,10.08,693.3000312207305,693.468623165782,106.69996877926951,0.13337496097408688,-7.408481665100524
catfish_synth_800g,1,2.3628949114256415,800.0,6.823190924004381,400.0,38.142057630384066,95.0,0.0,964.0,11.82,693.2251014673744,693.2625663440524,106.77489853262557,0.13346862316578195,-7.761266506293108
catfish_synth_800g,1,2.336345530398387,800.0,6.849740305031635,400.75,38.319385371161935,95.2,0.0,1117.0,9.55,693.075241960662,693.1501717140181,106.92475803933803,0.13365594754917254,-7.761266506293108
catfish_synth_800g,1,2.3097961493711336,800.0,6.876289686058889,400.5,38.496602489518864,95.3,0.0,981.0,11.64,692.7005931938809,692.8879175772714,107.29940680611912,0.1341242585076489,-7.7612665062955095
catfish_synth_800g,1,2.2832467683438784,800.0,6.902839067086144,400.0,38.67359836303389,95.5,0.0,1059.0,10.55,692.7005931938809,692.7005931938809,107.29940680611912,0.1341242585076489,-7.761266506293108
catfish_synth_800g,1,2.256697387316624,800.0,6.929388448113398,401.25,38.851147348653654,95.7,0.0,1073.0,10.29,692.2884795504215,692.4945363721512,107.71152044957853,0.13463940056197315,-7.761266506293108
catfish_synth_800g,1,2.2301480062893697,800.0,6.955937829140653,400.0,39.02814322216869,95.9,0.0,972.0,11.66,692.2135497970652,692.2510146737434,107.78645020293482,0.13473306275366853,-7.761266506295379
catfish_synth_800g,1,2.2035986252621154,800.0,6.982487210167907,401.0,39.205581585367504,96.1,0.0,1200.0,8.35,691.9138307836404,692.0636902903527,108.08616921635962,0.13510771152044954,-7.761266506293108
catfish_synth_800g,1,2.177049244234861,800.0,7.009036591195161,399.75,39.38246683646159,96.3,0.0,895.0,13.14,691.6890415235715,691.8014361536059,108.31095847642848,0.1353886980955356,-7.761266506293108
catfish_synth_800g,1,2.1504998632076067,800.0,7.035585972222416,400.5,39.55968395481851,96.5,0.0,1173.0,8.92,691.6890415235715,691.6890415235715,108.31095847642848,0.1353886980955356,-7.761266506293108
catfish_synth_800g,1,2.1239504821803514,800.0,7.062135353249671,399.75,39.736569205912595,96.1,0.0,954.0,12.08,691.4267873868249,691.5579144551982,108.57321261317509,0.13571651576646887,-7.761266506293108
catfish_synth_800g,1,2.097401101153098,800.0,7.088684734276924,400.25,39.91367570184857,96.3,0.0,1138.0,9.47,691.4267873868249,691.4267873868249,108.57321261317509,0.13571651576646887,-7.408481665098254
catfish_synth_800g,1,2.0708517201258436,800.0,7.115234115304179,401.0,40.091114065047385,96.5,0.0,1055.0,10.58,691.4267873868249,691.4267873868249,108.57321261317509,0.13571651576646887,-7.055696823905669
catfish_synth_800g,1,2.0443023390985884,800.0,7.141783496331434,401.0,40.2685524282462,96.7,0.0,1008.0,11.17,690.2279113331252,690.8273493599751,109.77208866687477,0.13721511083359345,-7.408481665098254
catfish_synth_800g,1,2.017752958071335,800.0,7.168332877358687,402.5,40.4466545259707,96.8,0.0,1191.0,8.96,690.0405869497347,690.13424914143,109.95941305026531,0.13744926631283164,-7.761266506293108
catfish_synth_800g,1,1.9912035770440806,800.0,7.194882258385942,401.0,40.62409288916951,97.0,0.0,935.0,12.48,689.8907274430222,689.9656571963785,110.10927255697777,0.13763659069622222,-7.761266506293108
catfish_synth_800g,1,1.9646541960168253,800.0,7.221431639413197,402.75,40.802305609314956,97.2,0.0,1258.0,8.23,689.5535435529191,689.7221354979706,110.44645644708089,0.1380580705588511,-7.761266506295379
catfish_synth_800g,1,1.938104814989571,800.0,7.247981020440451,401.5,40.97996521735568,97.4,0.0,955.0,12.06,689.178894786138,689.3662191695286,110.82110521386198,0.1385263815173275,-7.761266506295379
catfish_synth_800g,1,1.9115554339623175,800.0,7.274530401467705,401.75,41.15773544781734,97.0,0.0,1104.0,9.87,689.178894786138,689.178894786138,110.82110521386198,0.1385263815173275,-7.761266506293108
catfish_synth_800g,1,1.8850060529350623,800.0,7.30107978249496,403.0,41.33605879038373,97.1,0.0,1194.0,8.93,689.178894786138,689.178894786138,110.82110521386198,0.1385263815173275,-7.761266506293108
catfish_synth_800g,1,1.858456671907808,800.0,7.327629163522214,401.5,41.513718398424444,97.3,0.0,928.0,12.43,689.178894786138,689.178894786138,110.82110521386198,0.1385263815173275,-7.408481665098254
catfish_synth_800g,1,1.8319072908805545,800.0,7.354178544549468,403.0,41.692041740990845,97.5,0.0,1270.0,8.14,689.178894786138,689.178894786138,110.82110521386198,0.1385263815173275,-7.055696823905669
catfish_synth_800g,1,1.8053579098532992,800.0,7.380727925576723,401.75,41.8698119714525,97.7,0.0,950.0,12.08,689.178894786138,689.178894786138,110.82110521386198,0.1385263815173275,-7.055696823903646
catfish_synth_800g,1,1.778808528826045,800.0,7.407277306603977,402.25,42.047803446756056,97.8,0.0,1111.0,9.73,688.7293162660006,688.9541055260693,111.27068373399936,0.1390883546674992,-7.055696823903646
catfish_synth_800g,1,1.7522591477987906,800.0,7.433826687631232,403.0,42.22612678932245,98.0,0.0,1254.0,8.26,688.7293162660006,688.7293162660006,111.27068373399936,0.1390883546674992,-7.055696823903646
catfish_synth_800g,1,1.7257097667715353,800.0,7.460376068658487,401.75,42.40389701978411,98.2,0.0,951.0,11.95,688.5794567592882,688.6543865126444,111.42054324071182,0.13927567905088978,-7.055696823901387
catfish_synth_800g,1,1.6991603857442819,800.0,7.4869254496857405,402.0,42.58177787266671,98.3,0.0,1035.0,10.74,688.167343115829,688.3733999375586,111.832656884171,0.13979082110521376,-7.055696823903646
catfish_synth_800g,1,1.6726110047170275,800.0,7.513474830712995,403.25,42.760211837654055,98.5,0.0,1299.0,7.88,688.167343115829,688.167343115829,111.832656884171,0.13979082110521376,-7.055696823903646
catfish_synth_800g,1,1.6460616236897723,800.0,7.54002421174025,402.25,42.938203312957604,98.0,0.0,1010.0,10.73,688.167343115829,688.167343115829,111.832656884171,0.13979082110521376,-7.055696823903646
catfish_synth_800g,1,1.6195122426625188,800.0,7.5665735927675035,401.75,43.115973543419265,98.3,0.0,978.0,11.63,688.1298782391507,688.1486106774898,111.87012176084932,0.13983765220106165,-6.70291198270665
catfish_synth_800g,1,1.5929628616352645,800.0,7.593122973794758,403.25,43.29440750840661,98.4,0.0,1263.0,8.17,688.1298782391507,688.1298782391507,111.87012176084932,0.13983765220106165,-5.644557459119907
catfish_synth_800g,1,1.5398640995807558,800.0,7.646221735849267,401.75,43.64994796932992,98.7,0.0,954.0,12.03,688.0174836091164,688.0736809241336,111.98251639088357,0.13997814548860446,-4.9389877767279735
catfish_synth_800g,1,1.5133147185535014,800.0,7.672771116876521,401.75,43.82771819979158,98.9,0.0,994.0,11.32,687.7552294723696,687.886356540743,112.24477052763041,0.140305963159538,-4.9389877767279735
catfish_synth_800g,1,1.4867653375262462,800.0,7.699320497903776,403.5,44.006262787199866,99.0,0.0,1265.0,8.14,687.6802997190134,687.7177645956915,112.31970028098658,0.14039962535123324,-5.644557459119801
catfish_synth_800g,1,1.4602159564989918,800.0,7.7258698789310305,403.25,44.18469675218721,99.1,0.0,1247.0,8.34,687.6428348423353,687.6615672806744,112.35716515766467,0.14044645644708084,-5.644557459119801
catfish_synth_800g,1,1.4336665754717384,800.0,7.752419259958284,403.0,44.36302009475361,99.3,0.0,957.0,11.96,687.6428348423353,687.6428348423353,112.35716515766467,0.14044645644708084,-4.586202935537246
catfish_synth_800g,1,1.4071171944444831,800.0,7.778968640985539,403.5,44.54156468216189,99.4,0.0,1061.0,10.35,687.4180455822667,687.5304402123011,112.5819544177333,0.14072744302216664,-5.291772617924792
catfish_synth_800g,1,1.3805678134172288,800.0,7.8055180220127935,404.75,44.72066238167491,99.0,0.0,1315.0,7.73,687.4180455822667,687.4180455822667,112.5819544177333,0.14072744302216664,-4.233418094340333
catfish_synth_800g,1,1.3540184323899753,800.0,7.832067403040047,404.75,44.899760081187935,99.1,0.0,1267.0,8.07,687.0059319388073,687.211988760537,112.9940680611927,0.14124258507649087,-4.233418094340333
catfish_synth_800g,1,1.32746905136272,800.0,7.858616784067302,403.5,45.078304668596225,99.3,0.0,999.0,11.31,686.8186075554167,686.9122697471121,113.18139244458325,0.14147674055572906,-4.233418094340333
catfish_synth_800g,1,1.3009196703354657,800.0,7.885166165094557,404.0,45.257070500846396,99.4,9.7,1131.0,9.16,686.8186075554167,686.8186075554167,113.18139244458325,0.14147674055572906,-3.8806332531454784
catfish_synth_800g,1,1.2743702893082114,800.0,7.911715546121811,405.0,45.436278822780366,99.6,9.1,1303.0,7.93,686.7062129253825,686.7624102403996,113.29378707461751,0.14161723384327188,-3.175063570757932
catfish_synth_800g,1,1.2478209082809562,800.0,7.938264927149066,403.75,45.6149340326096,99.7,8.4,975.0,11.71,686.0318451451764,686.3690290352795,113.96815485482364,0.14246019356852954,-3.175063570757932
catfish_synth_800g,1,1.2212715272537027,800.0,7.96481430817632,404.25,45.79381048728072,99.9,6.3,1095.0,9.99,686.0318451451764,686.0318451451764,113.96815485482364,0.14246019356852954,-3.8806332531454784
catfish_synth_800g,1,1.1947221462264483,800.0,7.991363689203574,405.0,45.973018809214686,100.0,4.6,1360.0,7.34,686.0318451451764,686.0318451451764,113.96815485482364,0.14246019356852954,-3.8806332531454784
catfish_synth_800g,1,1.168172765199193,800.0,8.01791307023083,404.25,46.15189526388581,100.1,3.1,1053.0,10.55,686.0318451451764,686.0318451451764,113.96815485482364,0.14246019356852954,-3.8806332531454784
catfish_synth_800g,1,1.1416233841719396,800.0,8.044462451258083,404.25,46.33077171855693,100.3,2.8,1072.0,10.27,685.9194505151422,685.9756478301592,114.08054948485778,0.14260068685607222,-3.8806332531454784
catfish_synth_800g,1,1.1150740031446862,800.0,8.071011832285336,405.0,46.5099800404909,100.4,2.4,1339.0,7.54,685.9194505151422,685.9194505151422,114.08054948485778,0.14260068685607222,-3.175063570757932
catfish_synth_800g,1,1.088524622117431,800.0,8.097561213312591,404.0,46.68874587274107,100.0,2.4,959.0,11.93,685.544801748361,685.7321261317516,114.45519825163899,0.14306899781454874,-3.175063570757932
catfish_synth_800g,1,1.0619752410901757,800.0,8.124110594339847,404.5,46.867732949833155,100.0,1.9,1117.0,9.68,685.544801748361,685.544801748361,114.45519825163899,0.14306899781454874,-3.8806332531454784
catfish_synth_800g,1,1.008876479035667,800.0,8.177209356394355,404.0,47.22526461433352,100.0,0.0,939.0,12.28,685.544801748361,685.544801748361,114.45519825163899,0.14306899781454874,-2.8222787295610186
catfish_synth_800g,1,0.9823270980084136,800.0,8.203758737421609,405.0,47.40447293626748,100.0,0.0,1254.0,8.22,684.8704339681549,685.2076178582579,115.12956603184512,0.1439119575398064,-2.8222787295610186
catfish_synth_800g,1,0.9557777169811583,800.0,8.230308118448864,405.25,47.58379188062239,100.0,0.0,1230.0,8.49,684.8329690914768,684.8517015298158,115.1670309085232,0.143958788635654,-3.8806332531454784
catfish_synth_800g,1,0.9292283359539031,800.0,8.25685749947612,404.25,47.76266833529352,100.0,0.0,975.0,11.69,684.7205744614424,684.7767717764596,115.27942553855758,0.14409928192319696,-3.8806332531454784
catfish_synth_800g,1,0.9026789549266496,800.0,8.283406880503373,405.5,47.94209790206938,100.0,0.0,1371.0,7.21,684.233531064627,684.4770527630346,115.76646893537304,0.1447080861692163,-4.233418094340333
catfish_synth_800g,1,0.8761295738993962,800.0,8.309956261530626,404.25,48.1209743567405,100.0,0.0,959.0,11.93,684.0462066812364,684.1398688729316,115.95379331876359,0.14494224164845448,-5.291772617927004
catfish_synth_800g,1,0.8495801928721409,800.0,8.336505642557881,405.25,48.30029330109541,100.0,0.0,1227.0,8.49,683.896347174524,683.9712769278801,116.10365282547605,0.14512956603184507,-5.291772617927004
catfish_synth_800g,1,0.8230308118448857,800.0,8.363055023585137,405.5,48.47972286787127,100.0,0.0,1203.0,8.83,683.7090227911333,683.8026849828286,116.2909772088667,0.14536372151108337,-5.291772617927004
catfish_synth_800g,1,0.769932049790377,800.0,8.416153785639645,406.5,48.83946698079056,100.0,0.0,1249.0,8.32,683.5216984077427,683.615360599438,116.47830159225725,0.14559787699032156,-5.291772617927004
catfish_synth_800g,1,0.7433826687631235,800.0,8.442703166666899,405.5,49.01889654756642,100.0,0.0,1013.0,11.03,682.8098657508586,683.1657820793007,117.19013424914135,0.1464876678114267,-6.3501271415114635
catfish_synth_800g,1,0.7168332877358701,800.0,8.469252547694152,407.5,49.199211093709856,100.0,0.0,1389.0,7.16,682.8098657508586,682.8098657508586,117.19013424914135,0.1464876678114267,-6.702911982706308
catfish_synth_800g,1,0.6902839067086148,800.0,8.495801928721407,406.0,49.37886190532762,100.0,0.0,967.0,11.95,682.8098657508586,682.8098657508586,117.19013424914135,0.1464876678114267,-6.702911982706308
catfish_synth_800g,1,0.6637345256813596,800.0,8.522351309748663,406.75,49.55884458420821,100.0,0.0,1263.0,8.17,682.8098657508586,682.8098657508586,117.19013424914135,0.1464876678114267,-6.3501271415114635
catfish_synth_800g,1,0.6371851446541061,800.0,8.548900690775916,407.0,49.73893788550975,100.0,0.0,1237.0,8.43,682.8098657508586,682.8098657508586,117.19013424914135,0.1464876678114267,-4.938987776732149
catfish_synth_800g,1,0.6106357636268509,800.0,8.575450071803171,406.0,49.918588697127504,100.0,0.0,1043.0,10.62,682.622541367468,682.7162035591633,117.37745863253201,0.14672182329066502,-4.938987776732149
catfish_synth_800g,1,0.5840863825995974,800.0,8.601999452830425,407.25,50.09879262085,100.0,0.0,1399.0,7.1,682.285357477365,682.4539494224165,117.71464252263502,0.14714330315329377,-6.3501271415114635
catfish_synth_800g,1,0.5575370015723422,800.0,8.62854883385768,406.0,50.27844343246775,100.0,0.0,958.0,12.24,682.285357477365,682.285357477365,117.71464252263502,0.14714330315329377,-6.3501271415114635
catfish_synth_800g,1,0.530987620545087,800.0,8.655098214884935,407.25,50.45864735619025,100.0,0.0,1424.0,6.82,682.285357477365,682.285357477365,117.71464252263502,0.14714330315329377,-4.938987776732149
catfish_synth_800g,1,0.5044382395178335,800.0,8.681647595912189,405.75,50.63818754538706,100.0,0.0,1075.0,10.27,681.9856384639401,682.1354979706525,118.01436153605994,0.1475179519200749,-5.997342300316809
catfish_synth_800g,1,0.47788885849058005,800.0,8.708196976939442,406.0,50.81783835700482,100.0,0.0,1134.0,9.54,681.9856384639401,681.9856384639401,118.01436153605994,0.1475179519200749,-5.997342300316809
catfish_synth_800g,1,0.4513394774633248,800.0,8.734746357966698,407.0,50.997931658306356,100.0,0.0,1407.0,6.96,681.6484545738371,681.8170465188886,118.35154542616294,0.1479394317827037,-6.3501271415114635
catfish_synth_800g,1,0.42479009643607135,800.0,8.761295738993951,405.5,51.177361225082215,100.0,0.0,941.0,12.24,681.610989697159,681.629722135498,118.38901030284103,0.1479862628785513,-6.3501271415114635
catfish_synth_800g,1,0.3982407154088161,800.0,8.787845120021206,406.5,51.357233281541866,100.0,0.0,1357.0,7.33,681.610989697159,681.610989697159,118.38901030284103,0.1479862628785513,-6.3501271415114635
catfish_synth_800g,1,0.3716913343815609,800.0,8.814394501048461,405.75,51.53677347073867,100.0,0.0,1040.0,11.2,681.610989697159,681.610989697159,118.38901030284103,0.1479862628785513,-5.997342300316809
catfish_synth_800g,1,0.3451419533543074,800.0,8.840943882075715,406.0,51.716424282356435,100.0,0.0,1293.0,7.88,680.9366219169528,681.2738058070559,119.06337808304716,0.14882922260380893,-6.3501271415114635
catfish_synth_800g,1,0.31859257232705396,800.0,8.867493263102968,406.5,51.89629633881608,100.0,0.0,1234.0,8.61,680.9366219169528,680.9366219169528,119.06337808304716,0.14882922260380893,-6.3501271415114635
catfish_synth_800g,1,0.2920431912997987,800.0,8.894042644130224,405.25,52.07561528317099,100.0,0.0,1049.0,10.57,680.9366219169528,680.9366219169528,119.06337808304716,0.14882922260380893,-5.997342300316809
catfish_synth_800g,1,0.2654938102725435,800.0,8.920592025157479,406.5,52.25548733963064,100.0,0.0,1375.0,7.23,680.9366219169528,680.9366219169528,119.06337808304716,0.14882922260380893,-5.997342300316809
catfish_synth_800g,1,0.23894442924529002,800.0,8.947141406184732,405.25,52.43480628398555,100.0,0.0,1103.0,10.07,680.9366219169528,680.9366219169528,119.06337808304716,0.14882922260380893,-5.644557459122154
catfish_synth_800g,1,0.2123950482180348,800.0,8.973690787211988,406.0,52.61445709560331,100.0,0.0,1282.0,8.2,680.5245082734937,680.7305650952233,119.47549172650633,0.14934436465813292,-5.644557459122154
catfish_synth_800g,1,0.18584566719078133,800.0,9.000240168239241,405.75,52.79399728480012,100.0,0.0,1199.0,8.8,680.5245082734937,680.5245082734937,119.47549172650633,0.14934436465813292,-5.644557459122154
catfish_synth_800g,1,0.1592962861635261,800.0,9.026789549266496,406.25,52.97375871883882,100.0,0.0,1198.0,8.86,680.3371838901031,680.4308460817983,119.66281610989688,0.1495785201373711,-4.586202935537495
catfish_synth_800g,1,0.13274690513627263,800.0,9.05333893029375,406.5,53.153630775298474,100.0,0.0,1205.0,8.67,680.299719013425,680.3184514517641,119.70028098657497,0.1496253512332187,-4.938987776730279
catfish_synth_800g,1,0.1061975241090174,800.0,9.079888311321005,407.0,53.333724076600014,100.0,0.0,1273.0,8.08,680.299719013425,680.299719013425,119.70028098657497,0.1496253512332187,-3.88063325314556
catfish_synth_800g,1,0.07964814308176393,800.0,9.106437692348258,406.75,53.513706755480605,100.0,9.8,1163.0,9.76,680.1123946300345,680.299719013425,119.88760536996551,0.1498595067124569,-3.5278484119527165
catfish_synth_800g,1,0.0530987620545087,800.0,9.132987073375514,407.25,53.6939106792031,100.0,9.2,1264.0,8.27,680.0,680.299719013425,120.0,0.15,-3.5278484119527165
catfish_synth_800g,1,0.026549381027255237,800.0,9.159536454402767,407.0,53.87400398050464,100.0,8.5,1290.0,7.88,680.0,680.2060568217298,120.0,0.15,-3.5278484119527165
catfish_synth_800g,1,0.0,800.0,9.186085835430022,407.5,54.054318526648075,100.0,7.9,1171.0,8.98,680.0,680.1123946300345,120.0,0.15,-3.5278484119527165
catfish_synth_6000g,1,46.0446853883831,6000.0,0.0,28.25,0.0,30.1,53.0,687.0,18.22,6000.0,5984.826724945364,0.0,0.0,0.0
catfish_synth_6000g,1,45.91160826298315,6000.0,0.13307712539995115,28.25,0.06265714654247699,30.1,53.1,688.0,18.26,5996.066187948798,5973.58726194193,3.9338120512020396,0.0006556353418670066,0.0
catfish_synth_6000g,1,45.7785311375832,6000.0,0.2661542507999023,28.25,0.12531429308495398,30.2,53.1,687.0,18.13,5996.066187948798,5968.81049016547,3.9338120512020396,0.0006556353418670066,0.0
catfish_synth_6000g,1,45.64545401218325,6000.0,0.3992313761998535,28.0,0.1874169516049312,30.2,53.1,691.0,18.16,5973.58726194193,5964.03371838901,26.412738058070317,0.0044021230096783865,0.0
catfish_synth_6000g,1,45.512376886783294,6000.0,0.5323085015998046,28.75,0.25118307419240776,30.2,53.1,693.0,17.88,5964.03371838901,5964.03371838901,35.966281610990336,0.005994380268498389,-35.89476224485506
catfish_synth_6000g,1,45.37929976138334,6000.0,0.6653856269997559,28.25,0.31384022073488477,30.2,53.1,692.0,17.78,5964.03371838901,5964.03371838901,35.966281610990336,0.005994380268498389,-35.89476224485505
catfish_synth_6000g,1,45.24622263598339,6000.0,0.798462752399707,28.5,0.3770518552998615,30.2,53.1,719.0,17.27,5964.03371838901,5964.03371838901,35.966281610990336,0.005994380268498389,-17.947381122427526
catfish_synth_6000g,1,45.11314551058344,6000.0,0.9315398777996582,28.75,0.4408179778873382,30.2,53.1,695.0,18.07,5964.03371838901,5964.03371838901,35.966281610990336,0.005994380268498389,0.0
catfish_synth_6000g,1,44.98006838518349,6000.0,1.0646170031996092,28.25,0.5034751244298151,30.2,53.1,691.0,17.63,5964.03371838901,5964.03371838901,35.966281610990336,0.005994380268498389,0.0
catfish_synth_6000g,1,44.84699125978354,6000.0,1.1976941285995606,28.75,0.5672412470172917,30.3,53.1,693.0,17.97,5964.03371838901,5964.03371838901,35.966281610990336,0.005994380268498389,0.0
catfish_synth_6000g,1,44.713914134383586,6000.0,1.3307712539995118,28.75,0.6310073696047684,30.3,53.1,699.0,17.91,5964.03371838901,5964.03371838901,35.966281610990336,0.005994380268498389,0.0
catfish_synth_6000g,1,44.580837008983636,6000.0,1.4638483793994628,29.5,0.6964369562597444,30.3,53.1,699.0,17.78,5964.03371838901,5964.03371838901,35.966281610990336,0.005994380268498389,0.0
catfish_synth_6000g,1,44.447759883583686,6000.0,1.596925504799414,31.25,0.7657479590722189,30.3,53.1,701.0,17.57,5964.03371838901,5964.03371838901,35.966281610990336,0.005994380268498389,0.0
catfish_synth_6000g,1,44.314682758183736,6000.0,1.730002630199365,34.75,0.8428217941996907,30.3,53.1,705.0,17.63,5964.03371838901,5964.03371838901,35.966281610990336,0.005994380268498389,0.0
catfish_synth_6000g,1,44.181605632783786,6000.0,1.8630797555993164,38.75,0.9287674376871591,30.3,53.1,706.0,17.42,5964.03371838901,5964.03371838901,35.966281610990336,0.005994380268498389,0.0
catfish_synth_6000g,1,44.048528507383836,6000.0,1.9961568809992674,43.25,1.0246938655796238,30.4,53.1,705.0,17.57,5964.03371838901,5964.03371838901,35.966281610990336,0.005994380268498389,0.0
catfish_synth_6000g,1,43.915451381983885,6000.0,2.1292340063992183,48.75,1.1328190299670842,30.4,53.2,707.0,17.48,5964.03371838901,5964.03371838901,35.966281610990336,0.005994380268498389,0.0
catfish_synth_6000g,1,43.78237425658393,6000.0,2.2623111317991698,54.75,1.2542519068945397,30.4,53.2,718.0,17.78,5964.03371838901,5964.03371838901,35.966281610990336,0.005994380268498389,0.0
catfish_synth_6000g,1,43.64929713118398,6000.0,2.395388257199121,61.25,1.3901014724069898,30.4,53.2,709.0,17.1,5964.03371838901,5964.03371838901,35.966281610990336,0.005994380268498389,0.0
catfish_synth_6000g,1,43.51622000578403,6000.0,2.528465382599072,69.0,1.5431401666169333,30.5,53.2,709.0,17.36,5964.03371838901,5964.03371838901,35.966281610990336,0.005994380268498389,0.0
catfish_synth_6000g,1,43.38314288038408,6000.0,2.6615425079990236,77.0,1.7139224775468709,30.5,53.2,709.0,17.48,5964.03371838901,5964.03371838901,35.966281610990336,0.005994380268498389,0.0
catfish_synth_6000g,1,43.25006575498413,6000.0,2.7946196333989746,85.25,1.9030028932193015,30.6,53.3,709.0,17.36,5964.03371838901,5964.03371838901,35.966281610990336,0.005994380268498389,0.0
catfish_synth_6000g,1,43.11698862958418,6000.0,2.9276967587989255,94.5,2.1125993657242246,30.7,53.3,708.0,17.57,5964.03371838901,5964.03371838901,35.966281610990336,0.005994380268498389,0.0
catfish_synth_6000g,1,42.98391150418422,6000.0,3.060773884198877,103.0,2.3410484309941406,30.7,53.3,710.0,17.51,5964.03371838901,5964.03371838901,35.966281610990336,0.005994380268498389,0.0
catfish_synth_6000g,1,42.85083437878427,6000.0,3.193851009598828,112.25,2.5900135530965493,30.8,53.3,713.0,17.42,5964.03371838901,5964.03371838901,35.966281610990336,0.005994380268498389,0.0
catfish_synth_6000g,1,42.71775725338432,6000.0,3.3269281349987794,121.75,2.8600492200539502,30.9,53.4,709.0,17.36,5964.03371838901,5964.03371838901,35.966281610990336,0.005994380268498389,0.0
catfish_synth_6000g,1,42.58468012798437,6000.0,3.46000526039873,130.5,3.1494919677988436,31.0,53.4,718.0,17.66,5964.03371838901,5964.03371838901,35.966281610990336,0.005994380268498389,0.0
catfish_synth_6000g,1,42.45160300258442,6000.0,3.5930823857986813,140.25,3.4605597484212294,31.0,53.2,714.0,17.1,5964.03371838901,5964.03371838901,35.966281610990336,0.005994380268498389,0.0
catfish_synth_6000g,1,42.31852587718447,6000.0,3.7261595111986328,149.75,3.7926980738986074,31.1,53.2,715.0,16.54,5964.03371838901,5964.03371838901,35.966281610990336,0.005994380268498389,0.0
catfish_synth_6000g,1,42.18544875178452,6000.0,3.8592366365985837,158.5,4.144243480163478,31.3,53.3,720.0,17.1,5964.03371838901,5964.03371838901,35.966281610990336,0.005994380268498389,0.0
catfish_synth_6000g,1,42.05237162638457,6000.0,3.9923137619985347,167.25,4.515195967215843,31.4,53.3,720.0,17.1,5964.03371838901,5964.03371838901,35.966281610990336,0.005994380268498389,0.0
catfish_synth_6000g,1,41.91929450098461,6000.0,4.125390887398487,176.5,4.9066645111007,31.6,53.4,719.0,17.1,5964.03371838901,5964.03371838901,35.966281610990336,0.005994380268498389,0.0
catfish_synth_6000g,1,41.78621737558466,6000.0,4.258468012798437,185.25,5.317540135773049,31.7,53.5,720.0,17.1,5964.03371838901,5964.03371838901,35.966281610990336,0.005994380268498389,0.0
catfish_synth_6000g,1,41.65314025018471,6000.0,4.3915451381983885,193.0,5.745604889142892,31.9,53.5,730.0,16.76,5964.03371838901,5964.03371838901,35.966281610990336,0.005994380268498389,0.0
catfish_synth_6000g,1,41.52006312478476,6000.0,4.5246222635983395,201.75,6.193076723300226,32.0,53.6,733.0,16.93,5964.03371838901,5964.03371838901,35.966281610990336,0.005994380268498389,0.0
catfish_synth_6000g,1,41.38698599938481,6000.0,4.6576993889982905,209.0,6.6566287101100565,32.1,53.4,736.0,16.65,5964.03371838901,5964.03371838901,35.966281610990336,0.005994380268498389,0.0
catfish_synth_6000g,1,41.120831748584905,6000.0,4.923853639798193,223.75,7.649162270384692,32.6,53.6,746.0,16.51,5964.03371838901,5964.03371838901,35.966281610990336,0.005994380268498389,0.0
catfish_synth_6000g,1,40.987754623184955,6000.0,5.056930765198144,231.25,8.162063691197003,32.8,53.6,752.0,16.22,5964.03371838901,5964.03371838901,35.966281610990336,0.005994380268498389,0.0
catfish_synth_6000g,1,40.854677497785005,6000.0,5.190007890598095,237.75,8.68938180059431,33.0,53.5,751.0,16.14,5964.03371838901,5964.03371838901,35.966281610990336,0.005994380268498389,0.0
catfish_synth_6000g,1,40.721600372385055,6000.0,5.323085015998047,244.25,9.23111659857661,33.2,53.6,742.0,16.22,5964.03371838901,5964.03371838901,35.966281610990336,0.005994380268498389,0.0
catfish_synth_6000g,1,40.588523246985105,6000.0,5.456162141397997,250.5,9.786713597121407,33.5,53.6,762.0,15.91,5964.03371838901,5964.03371838901,35.966281610990336,0.005994380268498389,0.0
catfish_synth_6000g,1,40.455446121585155,6000.0,5.589239266797949,257.0,10.356727284251198,33.8,53.7,767.0,15.24,5960.942866063066,5962.488292226038,39.057133936934406,0.006509522322822401,0.0
catfish_synth_6000g,1,40.322368996185205,6000.0,5.7223163921979,263.0,10.940048683920985,34.0,53.5,767.0,16.22,5951.3893225101465,5956.166094286606,48.610677489853515,0.008101779581642252,0.0
catfish_synth_6000g,1,40.18929187078525,6000.0,5.855393517597851,268.5,11.535568820085766,34.3,53.6,770.0,15.58,5946.0505775835145,5948.7199500468305,53.949422416485504,0.008991570402747584,0.0
catfish_synth_6000g,1,39.92313761998535,6000.0,6.121547768397754,280.25,12.778730966530308,34.8,53.8,784.0,15.41,5924.414611301904,5935.232594442709,75.58538869809581,0.012597564783015968,0.0
catfish_synth_6000g,1,39.7900604945854,6000.0,6.254624893797705,290.75,13.42360053669757,35.1,53.7,784.0,15.26,5913.737121448641,5919.075866375273,86.26287855135888,0.01437714642522648,0.0
catfish_synth_6000g,1,39.65698336918545,6000.0,6.387702019197656,290.0,14.066806642797335,35.4,53.8,785.0,15.41,5906.99344364658,5910.365282547611,93.00655635341991,0.015501092725569985,0.0
catfish_synth_6000g,1,39.5239062437855,6000.0,6.520779144597607,288.75,14.707240308784598,35.8,53.9,793.0,15.14,5895.753980643146,5901.373712144863,104.24601935685405,0.017374336559475675,0.0
catfish_synth_6000g,1,39.39082911838554,6000.0,6.653856269997559,295.75,15.36319963940186,36.1,53.9,794.0,15.12,5890.696222291601,5893.225101467373,109.30377770839914,0.01821729628473319,0.0
catfish_synth_6000g,1,39.25775199298559,6000.0,6.78693339539751,306.0,16.04189297894161,36.4,54.0,790.0,15.0,5877.20886668748,5883.952544489541,122.79113331252029,0.02046518888542005,0.0
catfish_synth_6000g,1,39.12467486758564,6000.0,6.92001052079746,311.5,16.732785054976357,36.7,54.1,818.0,15.1,5871.308148610677,5874.258507649078,128.69185138932335,0.021448641898220558,0.0
catfish_synth_6000g,1,38.99159774218569,6000.0,7.053087646197413,311.0,17.422568154966104,37.1,54.1,799.0,15.0,5858.3827661567275,5864.8454573837025,141.61723384327252,0.023602872307212086,0.0
catfish_synth_6000g,1,38.85852061678574,6000.0,7.186164771597363,310.5,18.111242278910854,37.5,54.2,806.0,14.86,5848.267249453637,5853.325007805182,151.7327505463627,0.025288791757727115,-5.8065056572547284
catfish_synth_6000g,1,38.72544349138579,6000.0,7.319241896997314,315.0,18.809897187260596,37.8,54.3,797.0,14.68,5835.341866999686,5841.804558226662,164.65813300031368,0.02744302216671895,-29.56039243693705
catfish_synth_6000g,1,38.59236636598584,6000.0,7.4523190223972655,324.0,19.52851366442033,38.2,54.3,811.0,14.7,5830.565095223228,5832.953481111457,169.43490477677187,0.028239150796128647,-49.09136601134236
catfish_synth_6000g,1,38.45928924058588,6000.0,7.5853961477972165,329.75,20.259883366097565,38.6,54.4,809.0,15.05,5819.606618794879,5825.085857009053,180.39338120512093,0.030065563534186823,-53.31427921661762
catfish_synth_6000g,1,38.32621211518593,6000.0,7.7184732731971675,332.5,20.997352436022293,39.0,54.4,799.0,15.17,5818.20168591945,5818.904152357165,181.79831408054997,0.030299719013424996,-53.31427921661762
catfish_synth_6000g,1,38.19313498978598,6000.0,7.851550398597119,332.0,21.73371252990202,39.4,54.6,790.0,15.33,5809.772088666874,5813.986887293162,190.22791133312603,0.03170465188885434,-53.31427921661762
catfish_synth_6000g,1,38.06005786438603,6000.0,7.984627523997069,329.25,22.463973255534253,39.8,54.7,795.0,15.03,5799.656571963784,5804.714330315329,200.3434280362162,0.03339057133936937,-57.53719242189467
catfish_synth_6000g,1,37.92698073898608,6000.0,8.117704649397021,337.75,23.213086573931477,40.2,54.7,791.0,15.1,5795.441773337496,5797.54917265064,204.55822666250424,0.03409303777708404,-57.53719242189467
catfish_synth_6000g,1,37.793903613586124,6000.0,8.250781774796973,343.0,23.9738441408012,40.6,54.8,784.0,15.36,5783.359350608804,5789.40056197315,216.64064939119635,0.03610677489853272,-60.17651317519365
catfish_synth_6000g,1,37.660826488186174,6000.0,8.383858900196923,339.5,24.72683887535592,41.0,54.8,784.0,14.98,5781.673431158289,5782.516390883546,218.32656884171138,0.036387761473618566,-60.17651317519365
catfish_synth_6000g,1,37.527749362786224,6000.0,8.516936025596873,339.0,25.478724633865646,41.4,54.9,784.0,15.19,5771.276927880112,5776.4751795192005,228.72307211988755,0.038120512019981255,-60.17651317519365
catfish_synth_6000g,1,37.394672237386274,6000.0,8.650013150996827,343.5,26.240591176780367,41.9,55.1,791.0,15.24,5766.219169528566,5768.748048704339,233.78083047143355,0.038963471745238926,-60.17651317519365
catfish_synth_6000g,1,37.261595111986324,6000.0,8.783090276396777,349.0,27.01465645619008,42.3,55.0,791.0,15.17,5761.161411177022,5763.690290352794,238.83858882297773,0.03980643147049629,-60.17651317519365
catfish_synth_6000g,1,37.128517986586374,6000.0,8.916167401796727,352.5,27.796484567914792,42.7,55.2,786.0,15.33,5751.326881049017,5756.24414611302,248.67311895098283,0.041445519825163805,-60.17651317519365
catfish_synth_6000g,1,36.995440861186424,6000.0,9.049244527196679,351.5,28.57609472754951,43.0,55.1,784.0,15.38,5749.6409615985,5750.483921323759,250.35903840149967,0.04172650640024995,-60.17651317519365
catfish_synth_6000g,1,36.862363735786474,6000.0,9.182321652596631,348.5,29.34905103091423,43.4,55.3,784.0,15.33,5737.839525444895,5743.740243521697,262.1604745551049,0.043693412425850814,-60.17651317519365
catfish_synth_6000g,1,36.729286610386524,6000.0,9.315398777996581,350.0,30.12533426241394,43.8,55.4,796.0,15.14,5734.74867311895,5736.294099281922,265.25132688104986,0.04420855448017498,-60.17651317519365
catfish_synth_6000g,1,36.59620948498657,6000.0,9.448475903396533,355.25,30.91326174238615,44.3,55.4,793.0,15.0,5725.757102716202,5730.252887917576,274.2428972837979,0.04570714954729965,-58.592920723213766
catfish_synth_6000g,1,36.463132359586616,6000.0,9.581553028796485,359.5,31.71061551874086,44.7,55.6,786.0,15.41,5714.517639712769,5720.137371214485,285.48236028723113,0.04758039338120519,-58.592920723213766
catfish_synth_6000g,1,36.330055234186666,6000.0,9.714630154196435,360.75,32.510741735208065,45.1,55.6,783.0,15.41,5714.517639712769,5714.517639712769,285.48236028723113,0.04758039338120519,-57.009328271234445
catfish_synth_6000g,1,36.196978108786716,6000.0,9.847707279596387,358.0,33.30476858342777,45.4,55.7,784.0,15.41,5708.616921635966,5711.567280674368,291.3830783640342,0.0485638463940057,-55.953599969912126
catfish_synth_6000g,1,36.063900983386766,6000.0,9.980784404996337,356.5,34.095468503512485,45.9,55.8,789.0,15.31,5700.749297533563,5704.683109584765,299.25070246643736,0.04987511707773956,-54.89787166859209
catfish_synth_6000g,1,35.93082385798681,6000.0,10.113861530396289,359.25,34.892267791844695,46.3,55.9,785.0,15.26,5696.534498907275,5698.641898220419,303.4655010927254,0.05057758351545423,-52.786415065959574
catfish_synth_6000g,1,35.79774673258686,6000.0,10.24693865579624,365.75,35.7034837687619,46.8,56.0,787.0,15.33,5689.5098345301285,5693.022166718702,310.4901654698715,0.05174836091164525,-51.730686764640254
catfish_synth_6000g,1,35.66466960718691,6000.0,10.38001578119619,366.0,36.5152542337016,47.2,56.0,774.0,16.06,5682.2041835778955,5685.857009054012,317.7958164221045,0.05296596940368409,-51.730686764640254
catfish_synth_6000g,1,35.53159248178696,6000.0,10.51309290659614,363.25,37.3209253303938,47.6,56.2,782.0,15.55,5672.088666874804,5677.14642522635,327.9113331251956,0.05465188885419927,-51.730686764640254
catfish_synth_6000g,1,35.39851535638701,6000.0,10.646170031996094,364.0,38.128259891153505,48.0,56.1,759.0,15.29,5666.749921948172,5669.419294411488,333.2500780518276,0.0555416796753046,-51.730686764640254
catfish_synth_6000g,1,35.26543823098706,6000.0,10.779247157396044,368.5,38.945575236318206,48.5,56.3,768.0,15.29,5665.064002497658,5665.906962222915,334.9359975023417,0.055822666250390285,-51.20282261398349
catfish_synth_6000g,1,35.13236110558711,6000.0,10.912324282795995,370.75,39.7678809736854,48.9,56.5,783.0,15.43,5660.568217296284,5662.816109896971,339.4317827037157,0.05657196378395262,-51.20282261398349
catfish_synth_6000g,1,34.99928398018716,6000.0,11.045401408195946,366.75,40.5813149026926,49.3,56.6,785.0,15.33,5652.981579768967,5656.774898532625,347.0184202310329,0.05783640337183882,-51.20282261398349
catfish_synth_6000g,1,34.8662068547872,6000.0,11.178478533595898,368.25,41.3980757598348,49.8,56.7,794.0,15.17,5647.923821417421,5650.452700593194,352.0761785825789,0.05867936309709648,-49.09136601134382
catfish_synth_6000g,1,34.73312972938725,6000.0,11.311555658995848,372.75,42.224817401382,50.1,56.7,785.0,15.38,5642.304089915703,5645.113955666562,357.6959100842969,0.05961598501404948,-46.45204525804125
catfish_synth_6000g,1,34.6000526039873,6000.0,11.4446327843958,371.0,43.0476776267717,50.6,56.8,783.0,15.41,5636.122385263815,5639.213237589759,363.877614736185,0.0606462691226975,-45.396316956725
catfish_synth_6000g,1,34.46697547858735,6000.0,11.577709909795752,369.25,43.8666564360039,51.0,57.2,797.0,15.14,5632.188573212613,5634.155479238214,367.81142678738706,0.06130190446456451,-45.396316956725
catfish_synth_6000g,1,34.3338983531874,6000.0,11.710787035195702,374.75,44.697833981731094,51.6,57.3,791.0,15.17,5626.28785513581,5629.238214174211,373.7121448641901,0.06228535747736502,-45.396316956725
catfish_synth_6000g,1,34.20082122778744,6000.0,11.843864160595654,371.75,45.522357671188296,52.1,57.5,788.0,15.29,5622.635029659694,5624.461442397752,377.3649703403062,0.06289416172338436,-44.86845280606517
catfish_synth_6000g,1,34.06774410238749,6000.0,11.976941285995604,370.75,46.34466340855549,52.4,57.8,800.0,14.86,5613.362472681861,5617.998751170777,386.6375273181393,0.06443958788635655,-45.396316956725
catfish_synth_6000g,1,33.93466697698754,6000.0,12.110018411395556,376.25,47.17916788241769,52.7,58.0,790.0,15.29,5612.238526381518,5612.80049953169,387.76147361848234,0.06462691226974705,-44.86845280606517
catfish_synth_6000g,1,33.80158985158759,6000.0,12.243095536795508,371.25,48.00258259582988,53.1,58.2,797.0,15.24,5604.932875429285,5608.585700905402,395.06712457071535,0.06584452076178589,-44.86845280606517
catfish_synth_6000g,1,33.66851272618764,6000.0,12.376172662195458,375.5,48.83542360562457,53.6,58.3,803.0,15.63,5600.9990633780835,5602.965969403684,399.0009366219165,0.06650015610365274,-43.284860354089375
catfish_synth_6000g,1,33.53543560078769,6000.0,12.50924978759541,374.0,49.664937687284265,54.0,58.5,795.0,15.07,5599.594130502654,5600.2965969403685,400.40586949734643,0.06673431158289107,-42.229132052769714
catfish_synth_6000g,1,33.40235847538774,6000.0,12.642326912995362,373.0,50.49223381685396,54.5,58.8,807.0,14.79,5594.5363721511085,5597.0652513268815,405.4636278488915,0.06757727130814858,-42.22913205276288
catfish_synth_6000g,1,33.26928134998779,6000.0,12.775404038395312,377.75,51.330065218851146,55.0,58.9,802.0,15.63,5588.354667499219,5591.4455198251635,411.64533250078057,0.06860755541679676,-42.22913205276288
catfish_synth_6000g,1,33.136204224587836,6000.0,12.908481163795264,376.0,52.16401520469085,55.3,59.1,794.0,15.14,5582.4539494224155,5585.404308460817,417.54605057758454,0.06959100842959742,-42.229132052769714
catfish_synth_6000g,1,33.003127099187886,6000.0,13.041558289195214,373.5,52.99242031030554,55.7,59.3,814.0,14.79,5581.891976272244,5582.1729628473295,418.1080237277556,0.0696846706212926,-42.229132052769714
catfish_synth_6000g,1,32.870049973787935,6000.0,13.174635414595166,378.75,53.832469664392725,56.0,59.5,809.0,14.96,5577.115204495785,5579.503590384014,422.8847955042147,0.07048079925070246,-41.17340375145004
catfish_synth_6000g,1,32.736972848387985,6000.0,13.307712539995117,375.0,54.66420169814243,56.6,59.6,805.0,14.96,5574.586325320012,5575.850764907898,425.4136746799877,0.07090227911333129,-39.58981129946712
catfish_synth_6000g,1,32.603895722988035,6000.0,13.440789665395066,377.75,55.50203310013961,57.1,59.8,816.0,14.66,5570.371526693724,5572.478926006868,429.62847330627574,0.07160474555104596,-38.534082998143774
catfish_synth_6000g,1,32.47081859758808,6000.0,13.57386679079502,380.5,56.3459638703843,57.3,60.0,813.0,15.14,5564.751795192007,5567.561660942865,435.2482048079928,0.0725413674679988,-37.47835469683119
catfish_synth_6000g,1,32.33774147218813,6000.0,13.706943916194971,378.0,57.18434976040399,57.7,60.1,810.0,14.91,5564.751795192007,5564.751795192007,435.2482048079928,0.0725413674679988,-36.950490546174535
catfish_synth_6000g,1,32.20466434678818,6000.0,13.84002104159492,378.0,58.022735650423684,58.1,60.3,827.0,14.44,5556.603184514518,5560.677489853262,443.39681548548197,0.07389946924758033,-36.42262639551103
catfish_synth_6000g,1,32.07158722138823,6000.0,13.973098166994872,381.5,58.868884372758366,58.4,60.7,821.0,14.59,5551.826412738058,5554.214798626288,448.173587261942,0.07469559787699033,-36.950490546174535
catfish_synth_6000g,1,31.938510095988278,6000.0,14.106175292394825,377.75,59.70671577475556,58.9,60.9,816.0,14.66,5546.487667811427,5549.157040274742,453.51233218857305,0.07558538869809552,-37.47835469683119
catfish_synth_6000g,1,31.805432970588328,6000.0,14.239252417794773,380.25,60.55009205697775,59.2,61.3,827.0,14.31,5546.487667811427,5546.487667811427,453.51233218857305,0.07558538869809552,-36.950490546174535
catfish_synth_6000g,1,31.672355845188378,6000.0,14.372329543194725,382.0,61.397349755357446,59.6,61.5,819.0,14.61,5540.586949734624,5543.537308773026,459.4130502653761,0.07656884171089602,-36.42262639551103
catfish_synth_6000g,1,31.539278719788424,6000.0,14.505406668594677,378.75,62.23739910944463,60.1,61.6,821.0,14.64,5537.496097408679,5539.041523571652,462.5039025913211,0.07708398376522019,-34.83903394353179
catfish_synth_6000g,1,31.406201594388474,6000.0,14.638483793994627,381.0,63.082438855734324,60.3,62.0,839.0,14.03,5536.09116453325,5536.793630970964,463.90883546675013,0.07731813924445835,-32.727577340895884
catfish_synth_6000g,1,31.27312446898852,6000.0,14.77156091939458,382.25,63.93025104213651,60.8,62.1,821.0,14.29,5531.31439275679,5533.70277864502,468.68560724321014,0.07811426787386835,-31.143984888916798
catfish_synth_6000g,1,31.14004734358857,6000.0,14.904638044794531,379.75,64.7725183483137,61.0,62.4,831.0,14.33,5531.033406181705,5531.173899469248,468.9665938182952,0.07816109896971588,-29.03252828627747
catfish_synth_6000g,1,31.00697021818862,6000.0,15.037715170194481,382.0,65.61977604669339,61.4,62.6,845.0,14.03,5527.661567280674,5529.347486731189,472.3384327193262,0.0787230721198877,-26.39320753297824
catfish_synth_6000g,1,30.87389309278867,6000.0,15.170792295594433,382.25,66.46758823309558,61.8,62.7,826.0,14.39,5520.917889478614,5524.289728379644,479.0821105213863,0.07984701842023105,-26.39320753297824
catfish_synth_6000g,1,30.740815967388716,6000.0,15.303869420994385,380.25,67.31096451531778,62.3,63.0,842.0,14.07,5516.42210427724,5518.669996877927,483.57789572276033,0.0805963159537934,-26.39320753297824
catfish_synth_6000g,1,30.607738841988766,6000.0,15.436946546394335,382.75,68.15988567776496,62.7,63.2,845.0,14.26,5511.083359350609,5513.752731813924,488.9166406493914,0.08148610677489856,-26.39320753297824
catfish_synth_6000g,1,30.474661716588813,6000.0,15.570023671794287,382.0,69.00714337614465,63.1,63.2,831.0,14.33,5507.992507024664,5509.537933187636,492.0074929753364,0.08200124882922273,-26.39320753297824
catfish_synth_6000g,1,30.341584591188862,6000.0,15.703100797194239,380.5,69.85107414638935,63.3,63.6,852.0,13.89,5503.2157352482045,5505.604121136434,496.7842647517955,0.08279737745863258,-28.504664135617226
catfish_synth_6000g,1,30.208507465788912,6000.0,15.836177922594187,383.75,70.70221326092654,63.7,63.7,855.0,13.78,5503.2157352482045,5503.2157352482045,496.7842647517955,0.08279737745863258,-28.504664135617226
catfish_synth_6000g,1,30.075430340388962,6000.0,15.969255047994139,382.75,71.55113442337372,64.1,64.0,844.0,14.29,5497.034030596316,5500.12488292226,502.96596940368363,0.08382766156728061,-26.39320753297824
catfish_synth_6000g,1,29.94235321498901,6000.0,16.102332173394093,381.5,72.39728314570841,64.5,64.1,865.0,13.64,5494.786137995628,5495.910084295972,505.21386200437155,0.08420231033406192,-26.39320753297824
catfish_synth_6000g,1,29.80927608958906,6000.0,16.235409298794043,384.75,73.2506402123356,64.9,64.2,855.0,13.93,5493.9431782703705,5494.3646581329995,506.0568217296295,0.08434280362160491,-26.39320753297824
catfish_synth_6000g,1,29.67619896418911,6000.0,16.368486424193993,381.5,74.09678893467029,65.4,64.5,879.0,13.74,5488.042460193568,5490.992819231969,511.95753980643167,0.08532625663440528,-26.39320753297824
catfish_synth_6000g,1,29.543121838789155,6000.0,16.501563549593946,385.25,74.95125497734247,65.8,64.6,861.0,13.68,5484.108648142365,5486.075554167966,515.8913518576346,0.08598189197627244,-27.448935834297906
catfish_synth_6000g,1,29.41004471338921,6000.0,16.634640674993893,383.5,75.80183960385716,66.1,64.8,864.0,13.66,5484.108648142365,5484.108648142365,515.8913518576346,0.08598189197627244,-27.448935834297735
catfish_synth_6000g,1,29.276967587989255,6000.0,16.767717800393847,386.5,76.65907808664184,66.5,64.9,867.0,13.54,5477.083983765219,5480.596315953792,522.9160162347807,0.08715266937246345,-25.865343382318066
catfish_synth_6000g,1,29.1438904625893,6000.0,16.9007949257938,383.5,77.50966271315654,66.8,65.0,869.0,13.56,5476.241024039963,5476.662503902591,523.7589759600369,0.08729316266000614,-27.976799984953608
catfish_synth_6000g,1,29.010813337189354,6000.0,17.033872051193747,387.0,78.36801017198623,67.3,65.3,874.0,13.52,5472.026225413675,5474.133624726819,527.9737745863249,0.08799562909772082,-25.865343382318066
catfish_synth_6000g,1,28.8777362117894,6000.0,17.1669491765937,384.5,79.22081275059091,67.7,65.3,873.0,13.5,5472.026225413675,5472.026225413675,527.9737745863249,0.08799562909772082,-24.281750930338745
catfish_synth_6000g,1,28.744659086389447,6000.0,17.300026301993654,387.25,80.07971469744311,68.0,65.6,866.0,13.14,5468.373399937558,5470.199812675617,531.6266000624419,0.08860443334374031,-23.226022629018914
catfish_synth_6000g,1,28.6115819609895,6000.0,17.4331034273936,386.0,80.93584420418279,68.4,65.7,858.0,13.68,5462.472681860755,5465.423040899157,537.5273181392449,0.08958788635654082,-24.281750930338745
catfish_synth_6000g,1,28.478504835589547,6000.0,17.566180552793554,386.25,81.79252819894498,68.7,65.7,899.0,13.1,5462.19169528567,5462.332188573213,537.80830471433,0.08963471745238834,-24.281750930338745
catfish_synth_6000g,1,28.345427710189597,6000.0,17.699257678193504,386.5,82.64976668172966,69.1,65.8,850.0,13.93,5456.852950359038,5459.522322822354,543.147049640962,0.09052450827349366,-23.226022629018914
catfish_synth_6000g,1,28.212350584789647,6000.0,17.832334803593454,386.75,83.50755965253684,69.3,66.0,885.0,13.23,5455.167030908523,5456.00999063378,544.832969091477,0.0908054948485795,-24.281750930338745
catfish_synth_6000g,1,28.079273459389693,6000.0,17.965411928993408,387.25,84.36646159938904,69.7,66.1,842.0,13.89,5454.605057758351,5454.886044333437,545.394942241649,0.09089915704027483,-24.281750930338745
catfish_synth_6000g,1,27.946196333989743,6000.0,18.098489054393358,385.5,85.22148213008373,70.0,66.1,872.0,13.42,5449.547299406806,5452.076178582578,550.4527005931941,0.09174211676553234,-24.281750930338745
catfish_synth_6000g,1,27.813119208589793,6000.0,18.231566179793308,388.25,86.0826020290259,70.3,66.4,875.0,13.39,5447.580393381204,5448.563846394005,552.419606618796,0.09206993443646601,-25.865343382318066
catfish_synth_6000g,1,27.68004208318984,6000.0,18.364643305193262,386.0,86.9387315357656,70.7,66.4,849.0,13.91,5443.927567905089,5445.753980643147,556.0724320949112,0.09267873868248519,-24.281750930338745
catfish_synth_6000g,1,27.54696495778989,6000.0,18.497720430593212,387.5,87.79818797064027,71.0,66.7,893.0,13.08,5443.365594754917,5443.646581330003,556.6344052450831,0.09277240087418052,-23.226022629018757
catfish_synth_6000g,1,27.41388783238994,6000.0,18.630797555993162,387.0,88.65653542946997,71.3,66.7,850.0,13.78,5439.150796128629,5441.258195441773,560.8492038713712,0.0934748673118952,-22.170294327702656
catfish_synth_6000g,1,27.280810706989985,6000.0,18.763874681393116,386.75,89.51432840027715,71.6,66.8,894.0,13.12,5434.935997502341,5437.043396815485,565.0640024976592,0.09417733374960986,-22.170294327702656
catfish_synth_6000g,1,27.147733581590035,6000.0,18.896951806793066,388.0,90.37489381119684,71.8,66.8,870.0,13.41,5434.935997502341,5434.935997502341,565.0640024976592,0.09417733374960986,-21.114566026386704
catfish_synth_6000g,1,27.014656456190085,6000.0,19.030028932193016,386.0,91.23102331793652,72.1,67.0,880.0,13.31,5433.812051201999,5434.37402435217,566.1879487980013,0.09436465813300023,-21.114566026386704
catfish_synth_6000g,1,26.88157933079013,6000.0,19.16310605759297,388.5,92.09269770490121,72.5,67.0,895.0,13.06,5431.283172026226,5432.547611614113,568.7168279737743,0.09478613799562906,-21.114566026383006
catfish_synth_6000g,1,26.74850220539018,6000.0,19.29618318299292,386.5,92.94993618768589,72.8,67.0,870.0,13.46,5426.787386824853,5429.03527942554,573.2126131751475,0.09553543552919125,-21.114566026383006
catfish_synth_6000g,1,26.61542507999023,6000.0,19.42926030839287,388.75,93.81216506267307,73.1,67.2,898.0,13.01,5421.448641898221,5424.118014361537,578.5513581017794,0.09642522635029657,-21.114566026386704
catfish_synth_6000g,1,26.48234795459028,6000.0,19.56233743379282,387.25,94.67106700952526,73.4,67.3,890.0,13.06,5420.886668748049,5421.167655323135,579.1133312519514,0.0965188885419919,-21.114566026386704
catfish_synth_6000g,1,26.349270829190328,6000.0,19.695414559192773,388.75,95.53329588451246,73.7,67.3,878.0,13.42,5415.5479238214175,5418.217296284733,584.4520761785825,0.09740867936309708,-21.114566026386704
catfish_synth_6000g,1,26.216193703790378,6000.0,19.828491684592723,389.25,96.39663373554461,74.0,67.3,913.0,12.68,5415.5479238214175,5415.5479238214175,584.4520761785825,0.09740867936309708,-21.114566026386704
catfish_synth_6000g,1,26.083116578390428,6000.0,19.961568809992674,387.5,97.2560901704193,74.2,67.5,880.0,13.33,5413.862004370902,5414.7049640961595,586.1379956290984,0.09768966593818307,-21.114566026383006
catfish_synth_6000g,1,25.950039452990474,6000.0,20.094645935392627,390.0,98.12109148551897,74.5,67.5,880.0,13.31,5413.862004370902,5413.862004370902,586.1379956290984,0.09768966593818307,-20.58670187571975
catfish_synth_6000g,1,25.816962327590524,6000.0,20.227723060792577,390.25,98.98664728864117,74.8,67.6,926.0,12.7,5404.308460817983,5409.0852325944425,595.6915391820166,0.09928192319700277,-21.114566026383006
catfish_synth_6000g,1,25.55080807679062,6000.0,20.49387731159248,390.25,100.71775889488552,75.5,67.7,877.0,13.39,5404.308460817983,5404.308460817983,595.6915391820166,0.09928192319700277,-21.114566026383006
catfish_synth_6000g,1,25.41773095139067,6000.0,20.62695443699243,390.0,101.5827602099852,75.9,67.8,926.0,12.5,5397.002809865749,5400.655635341866,602.9971901342506,0.10049953168904176,-21.114566026386704
catfish_synth_6000g,1,25.28465382599072,6000.0,20.76003156239238,389.5,102.44665254903987,76.1,67.9,879.0,13.33,5396.440836715579,5396.721823290664,603.5591632844207,0.10059319388073679,-21.114566026386704
catfish_synth_6000g,1,25.151576700590766,6000.0,20.893108687792335,390.75,103.31331732820706,76.4,67.9,895.0,13.06,5393.911957539805,5395.176397127692,606.0880424601946,0.10101467374336577,-21.114566026383006
catfish_synth_6000g,1,25.01849957519082,6000.0,21.02618581319228,390.0,104.17831864330675,76.7,68.0,944.0,12.36,5388.854199188261,5391.383078364033,611.1458008117388,0.10185763346862313,-21.114566026383006
catfish_synth_6000g,1,24.885422449790866,6000.0,21.159262938592235,390.25,105.04387444642893,76.9,68.0,864.0,13.58,5388.854199188261,5388.854199188261,611.1458008117388,0.10185763346862313,-20.58670187571975
catfish_synth_6000g,1,24.619268198990966,6000.0,21.425417189392135,390.0,106.7738770766283,77.3,68.1,878.0,13.29,5387.730252887917,5388.292226038089,612.2697471120828,0.1020449578520138,-20.58670187571975
catfish_synth_6000g,1,24.486191073591012,6000.0,21.55849431479209,391.25,107.64165083184047,77.6,68.2,914.0,12.71,5382.1105213862,5384.920387137059,617.8894786137998,0.10298157976896664,-20.58670187571975
catfish_synth_6000g,1,24.35311394819106,6000.0,21.691571440192043,389.5,108.50554317089515,77.9,68.2,901.0,12.99,5380.986575085857,5381.548548236029,619.0134249141429,0.10316890415235715,-20.58670187571975
catfish_synth_6000g,1,24.220036822791112,6000.0,21.82464856559199,391.0,109.37276243808483,78.1,68.3,890.0,13.14,5378.738682485169,5379.862628785513,621.2613175148308,0.10354355291913847,-19.5309735744001
catfish_synth_6000g,1,24.08695969739116,6000.0,21.957725690991943,390.25,110.23831824120701,78.4,68.3,925.0,12.47,5377.895722759912,5378.31720262254,622.1042772400879,0.10368404620668131,-19.5309735744001
catfish_synth_6000g,1,23.95388257199121,6000.0,22.090802816391893,390.75,111.10498302037419,78.7,68.3,867.0,13.54,5373.961910708711,5375.928816734311,626.038089291289,0.10433968154854817,-19.5309735744001
catfish_synth_6000g,1,23.687728321191305,6000.0,22.356957067191797,390.25,112.83609462661856,79.2,68.5,880.0,13.33,5373.961910708711,5373.961910708711,626.038089291289,0.10433968154854817,-18.475245273082013
catfish_synth_6000g,1,23.554651195791354,6000.0,22.490034192591747,392.0,113.70553184589825,79.5,68.5,910.0,12.91,5368.061192631908,5371.01155167031,631.9388073680921,0.10532313456134867,-19.5309735744001
catfish_synth_6000g,1,23.421574070391404,6000.0,22.623111317991697,391.25,114.57330560111042,79.9,68.5,919.0,12.54,5366.094286606306,5367.077739619107,633.905713393694,0.10565095223228232,-21.11456602637987
catfish_synth_6000g,1,23.28849694499145,6000.0,22.75618844339165,391.5,115.4416338443451,80.1,68.4,882.0,13.31,5365.532313456135,5365.813300031221,634.467686543865,0.1057446144239775,-21.11456602637987
catfish_synth_6000g,1,23.1554198195915,6000.0,22.8892655687916,392.25,116.3116255516473,80.2,68.6,944.0,12.18,5361.317514829847,5363.424914142991,638.6824851701531,0.10644708086169218,-19.5309735744001
catfish_synth_6000g,1,23.02234269419155,6000.0,23.02234269419155,392.5,117.18217174697197,80.4,68.6,866.0,13.68,5359.069622229159,5360.193568529503,640.930377770841,0.1068217296284735,-19.5309735744001
catfish_synth_6000g,1,22.889265568791597,6000.0,23.155419819591504,393.0,118.05382691834166,80.6,68.6,949.0,12.03,5355.416796753044,5357.243209491102,644.5832032469561,0.1074305338744927,-19.5309735744001
catfish_synth_6000g,1,22.756188443391647,6000.0,23.288496944991454,392.5,118.92437311366632,80.9,68.6,870.0,13.78,5352.887917577271,5354.152357165158,647.1120824227291,0.10785201373712153,-19.5309735744001
catfish_synth_6000g,1,22.623111317991697,6000.0,23.421574070391404,394.5,119.799355213171,81.0,68.7,948.0,12.55,5349.516078676242,5351.201998126757,650.4839213237583,0.10841398688729305,-20.586701875719484
catfish_synth_6000g,1,22.490034192591747,6000.0,23.554651195791354,392.75,120.67045589651819,81.2,68.7,899.0,12.97,5348.954105526069,5349.235092101155,651.0458944739312,0.10850764907898854,-20.586701875719484
catfish_synth_6000g,1,22.356957067191793,6000.0,23.687728321191308,394.75,121.54599248404536,81.5,68.7,913.0,12.71,5346.987199500469,5347.970652513269,653.0128004995313,0.10883546674992188,-20.586701875719484
catfish_synth_6000g,1,22.223879941791843,6000.0,23.820805446591258,393.25,122.41820214343754,81.8,68.7,893.0,13.04,5345.863253200125,5346.425226350297,654.1367467998753,0.10902279113331255,-18.475245273083843
catfish_synth_6000g,1,22.090802816391893,6000.0,23.95388257199121,394.75,123.2937387309647,82.1,68.6,942.0,12.73,5344.17733374961,5345.020293474867,655.8226662503903,0.10930377770839839,-18.475245273083843
catfish_synth_6000g,1,21.95772569099194,6000.0,24.086959697391162,393.5,124.16650287837939,82.2,68.8,883.0,13.27,5342.772400874181,5343.474867311896,657.2275991258193,0.10953793318763655,-17.947381122424257
catfish_synth_6000g,1,21.82464856559199,6000.0,24.220036822791112,394.75,125.04203946590657,82.5,68.8,935.0,12.36,5338.838588822979,5340.80549484858,661.1614111770214,0.11019356852950356,-17.947381122424257
catfish_synth_6000g,1,21.69157144019204,6000.0,24.353113948191062,393.75,125.91535810134374,82.7,68.7,853.0,13.84,5338.838588822979,5338.838588822979,661.1614111770214,0.11019356852950356,-17.947381122424257
catfish_synth_6000g,1,21.558494314792085,6000.0,24.486191073591016,394.75,126.7908946888709,83.0,68.7,963.0,11.86,5335.466749921949,5337.152669372464,664.5332500780514,0.11075554167967523,-16.36378867044816
catfish_synth_6000g,1,21.425417189392135,6000.0,24.619268198990966,394.25,127.6653223003531,83.0,68.8,868.0,13.33,5335.466749921949,5335.466749921949,664.5332500780514,0.11075554167967523,-14.78019621847206
catfish_synth_6000g,1,21.292340063992185,6000.0,24.752345324390916,394.0,128.53919542381277,83.3,68.8,933.0,12.38,5334.904776771776,5335.185763346863,665.0952232282243,0.11084920387137072,-14.78019621847206
catfish_synth_6000g,1,21.15926293859223,6000.0,24.88542244979087,395.0,129.41528649936245,83.6,68.7,912.0,12.73,5328.442085544802,5331.673431158289,671.5579144551984,0.1119263190758664,-14.78019621847206
catfish_synth_6000g,1,21.02618581319228,6000.0,25.01849957519082,394.0,130.28915962282213,83.8,68.6,895.0,12.99,5328.442085544802,5328.442085544802,671.5579144551984,0.1119263190758664,-14.78019621847206
catfish_synth_6000g,1,20.89310868779233,6000.0,25.15157670059077,395.0,131.1652506983718,84.0,68.6,945.0,12.06,5325.3512332188575,5326.8966593818295,674.6487667811425,0.11244146113019042,-14.78019621847206
catfish_synth_6000g,1,20.760031562392378,6000.0,25.284653825990723,393.75,132.038569333809,84.1,68.7,864.0,13.62,5325.3512332188575,5325.3512332188575,674.6487667811425,0.11244146113019042,-14.78019621847206
catfish_synth_6000g,1,20.62695443699243,6000.0,25.41773095139067,395.0,132.91466040935867,84.6,68.7,981.0,11.34,5324.7892600686855,5325.0702466437715,675.2107399313145,0.11253512332188575,-13.724467917148967
catfish_synth_6000g,1,20.493877311592477,6000.0,25.550808076790624,394.25,133.78908802084086,85.1,68.6,852.0,13.82,5321.417421167656,5323.1033406181705,678.5825788323436,0.11309709647205728,-14.780196218468447
catfish_synth_6000g,1,20.360800186192527,6000.0,25.683885202190574,394.5,134.66407012034554,85.5,68.6,959.0,11.91,5318.0455822666245,5319.73150171714,681.9544177333755,0.11365906962222926,-14.780196218468447
catfish_synth_6000g,1,20.227723060792574,6000.0,25.816962327590527,394.75,135.5396067078727,85.2,68.7,923.0,12.61,5317.202622541368,5317.624102403996,682.7973774586317,0.11379956290977195,-14.780196218468447
catfish_synth_6000g,1,20.094645935392624,6000.0,25.950039452990477,394.0,136.41347983133238,85.3,68.7,884.0,12.91,5316.921635966281,5317.062129253825,683.0783640337186,0.11384639400561976,-14.780196218468447
catfish_synth_6000g,1,19.961568809992674,6000.0,26.083116578390428,396.0,137.29178885897204,85.6,68.6,987.0,11.49,5312.98782391508,5314.95472994068,687.0121760849197,0.11450202934748661,-14.780196218468447
catfish_synth_6000g,1,19.82849168459272,6000.0,26.21619370379038,395.0,138.16787993452172,85.8,68.6,863.0,13.89,5312.144864189821,5312.566344052451,687.8551358101786,0.11464252263502976,-14.780196218468447
catfish_synth_6000g,1,19.56233743379282,6000.0,26.48234795459028,396.5,139.92671594189108,86.0,0.0,882.0,12.97,5301.748360911645,5306.946612550733,698.2516390883548,0.11637527318139246,-14.780196218468447
catfish_synth_6000g,1,19.429260308392866,6000.0,26.615425079990235,396.5,140.80613394557577,86.3,0.0,976.0,11.67,5301.748360911645,5301.748360911645,698.2516390883548,0.11637527318139246,-14.780196218468447
catfish_synth_6000g,1,19.296183182992916,6000.0,26.748502205390185,396.5,141.68555194926046,86.5,0.0,928.0,12.4,5298.376522010614,5300.06244146113,701.6234779893857,0.11693724633156428,-13.724467917148768
catfish_synth_6000g,1,19.16310605759297,6000.0,26.88157933079013,395.75,142.56330648887763,86.7,0.0,942.0,12.19,5297.533562285357,5297.955042147985,702.4664377146428,0.11707773961910713,-13.724467917148768
catfish_synth_6000g,1,19.030028932193012,6000.0,27.01465645619009,397.0,143.44383346860732,86.9,0.0,970.0,11.8,5292.475803933812,5295.004683109584,707.5241960661879,0.11792069934436465,-14.780196218468447
catfish_synth_6000g,1,18.896951806793062,6000.0,27.14773358159004,396.0,144.32214249624698,87.1,0.0,940.0,12.26,5291.913830783641,5292.194817358726,708.0861692163589,0.11801436153605982,-15.30806036912827
catfish_synth_6000g,1,18.763874681393116,6000.0,27.280810706989985,397.0,145.20266947597668,87.1,0.0,971.0,11.74,5291.070871058383,5291.492350921012,708.9291289416169,0.11815485482360281,-15.30806036912827
catfish_synth_6000g,1,18.63079755599316,6000.0,27.413887832389943,396.25,146.08153299163885,87.3,0.0,947.0,12.09,5290.789884483297,5290.93037777084,709.2101155167029,0.11820168591945049,-15.30806036912827
catfish_synth_6000g,1,18.49772043059321,6000.0,27.546964957789893,397.0,146.96205997136855,87.5,0.0,918.0,12.5,5285.451139556665,5288.120512019981,714.5488604433349,0.11909147674055581,-15.30806036912827
catfish_synth_6000g,1,18.364643305193262,6000.0,27.68004208318984,396.75,147.84203246307572,87.7,0.0,1019.0,11.01,5285.451139556665,5285.451139556665,714.5488604433349,0.11909147674055581,-15.835924519791526
catfish_synth_6000g,1,18.231566179793305,6000.0,27.813119208589796,396.75,148.72200495478288,87.9,0.0,918.0,12.7,5284.327193256322,5284.889166406494,715.6728067436779,0.11927880112394633,-15.835924519791526
catfish_synth_6000g,1,18.098489054393358,6000.0,27.946196333989743,396.75,149.60197744649005,88.0,0.0,1023.0,10.95,5281.798314080549,5283.062753668435,718.2016859194509,0.11970028098657516,-15.835924519791526
catfish_synth_6000g,1,17.965411928993408,6000.0,28.079273459389693,396.75,150.48194993819723,88.1,0.0,909.0,12.73,5278.707461754605,5280.252887917577,721.292538245395,0.12021542304089917,-15.835924519795366
catfish_synth_6000g,1,17.83233480359345,6000.0,28.21235058478965,396.75,151.3619224299044,88.4,0.0,1023.0,10.79,5275.335622853575,5277.02154230409,724.6643771464251,0.12077739619107085,-15.835924519795366
catfish_synth_6000g,1,17.699257678193504,6000.0,28.345427710189597,397.5,152.24355838567908,88.8,0.0,1003.0,11.32,5275.335622853575,5275.335622853575,724.6643771464251,0.12077739619107085,-15.835924519791526
catfish_synth_6000g,1,17.566180552793554,6000.0,28.478504835589547,396.25,153.12242190134126,89.1,0.0,885.0,13.08,5275.335622853575,5275.335622853575,724.6643771464251,0.12077739619107085,-15.835924519791526
catfish_synth_6000g,1,17.4331034273936,6000.0,28.6115819609895,397.5,154.00405785711592,89.5,0.0,1072.0,10.06,5269.996877926944,5272.666250390259,730.0031220730561,0.12166718701217602,-15.835924519795366
catfish_synth_6000g,1,17.30002630199365,6000.0,28.74465908638945,397.0,154.88458483684562,89.1,0.0,926.0,12.5,5269.996877926944,5269.996877926944,730.0031220730561,0.12166718701217602,-16.891652821107968
catfish_synth_6000g,1,17.1669491765937,6000.0,28.8777362117894,396.75,155.76455732855277,89.3,0.0,1034.0,10.73,5267.187012176085,5268.591945051514,732.8129878239151,0.12213549797065253,-16.891652821107968
catfish_synth_6000g,1,17.033872051193747,6000.0,29.010813337189354,397.25,156.64563879630495,89.4,0.0,985.0,11.52,5263.815173275055,5265.50109272557,736.1848267249452,0.1226974711208242,-16.891652821107968
catfish_synth_6000g,1,16.900794925793797,6000.0,29.143890462589304,396.25,157.52450231196715,89.6,10.0,962.0,11.85,5259.600374648767,5261.707773961911,740.3996253512332,0.12339993755853887,-19.003109423740277
catfish_synth_6000g,1,16.767717800393847,6000.0,29.276967587989255,398.0,158.40724724378683,89.7,9.2,1058.0,10.43,5259.600374648767,5259.600374648767,740.3996253512332,0.12339993755853887,-19.003109423740277
catfish_synth_6000g,1,16.634640674993893,6000.0,29.41004471338921,397.5,159.2888831995615,89.9,8.4,911.0,12.73,5259.600374648767,5259.600374648767,740.3996253512332,0.12339993755853887,-19.003109423740277
catfish_synth_6000g,1,16.501563549593943,6000.0,29.54312183878916,398.75,160.17329159544866,90.1,8.0,1090.0,10.06,5257.071495472995,5258.335935060881,742.9285045270053,0.12382141742116755,-17.947381122427885
catfish_synth_6000g,1,16.368486424193993,6000.0,29.67619896418911,399.0,161.05825447935834,90.1,8.3,1006.0,11.2,5255.666562597565,5256.36902903528,744.3334374024353,0.12405557290040588,-15.835924519791948
catfish_synth_6000g,1,16.23540929879404,6000.0,29.809276089589062,398.25,161.9415538992005,90.3,8.1,928.0,12.4,5250.046831095848,5252.856696846706,749.9531689041523,0.12499219481735872,-15.835924519791948
catfish_synth_6000g,1,15.969255047994139,6000.0,30.075430340388962,398.75,163.71037069097486,91.0,7.5,914.0,12.68,5244.1461130190455,5247.096472057447,755.8538869809545,0.12597564783015908,-17.947381122427885
catfish_synth_6000g,1,15.836177922594185,6000.0,30.208507465788916,399.0,164.5953335748845,91.3,7.2,1083.0,10.11,5244.1461130190455,5244.1461130190455,755.8538869809545,0.12597564783015908,-20.05883772506334
catfish_synth_6000g,1,15.703100797194235,6000.0,30.341584591188866,399.0,165.48029645879416,91.0,7.2,971.0,11.77,5243.865126443959,5244.0056197315025,756.1348735560414,0.1260224789260069,-17.947381122424257
catfish_synth_6000g,1,15.570023671794285,6000.0,30.474661716588816,398.25,166.36359587863635,91.1,6.2,1066.0,10.41,5243.865126443959,5243.865126443959,756.1348735560414,0.1260224789260069,-15.308060369128484
catfish_synth_6000g,1,15.436946546394331,6000.0,30.60773884198877,399.0,167.248558762546,91.2,5.3,944.0,12.23,5241.617233843272,5242.741180143616,758.3827661567284,0.12639712769278807,-15.308060369128484
catfish_synth_6000g,1,15.303869420994381,6000.0,30.74081596738872,399.25,168.1340761344782,91.4,4.7,1104.0,9.88,5237.964408367156,5239.790821105214,762.0355916328444,0.1270059319388074,-17.947381122424257
catfish_synth_6000g,1,15.170792295594431,6000.0,30.87389309278867,398.5,169.01793004234287,91.5,4.5,905.0,13.02,5237.964408367156,5237.964408367156,762.0355916328444,0.1270059319388074,-15.308060369128484
catfish_synth_6000g,1,15.037715170194478,6000.0,31.006970218188624,399.5,169.90400190229752,91.7,4.1,1131.0,9.55,5237.964408367156,5237.964408367156,762.0355916328444,0.1270059319388074,-14.252332067812405
catfish_synth_6000g,1,14.904638044794527,6000.0,31.140047343588574,398.75,170.78841029818471,91.8,3.7,894.0,13.27,5235.9975023415545,5236.980955354355,764.0024976584455,0.12733374960974092,-14.252332067812405
catfish_synth_6000g,1,14.771560919394581,6000.0,31.27312446898852,399.75,171.67503664616189,91.9,2.9,1131.0,9.68,5235.435529191383,5235.716515766469,764.5644708086174,0.12742741180143624,-14.252332067808805
catfish_synth_6000g,1,14.638483793994624,6000.0,31.406201594388477,398.5,172.55889055402656,92.0,2.3,904.0,12.91,5231.2207305650945,5233.3281298782385,768.7792694349055,0.12812987823915092,-14.252332067808805
catfish_synth_6000g,1,14.505406668594674,6000.0,31.539278719788427,399.0,173.44385343793624,92.0,2.0,1113.0,9.85,5228.972837964408,5230.0967842647515,771.0271620355916,0.12850452700593193,-14.252332067808805
catfish_synth_6000g,1,14.372329543194727,6000.0,31.672355845188374,398.5,174.32770734580092,92.4,1.2,910.0,12.77,5228.972837964408,5228.972837964408,771.0271620355916,0.12850452700593193,-14.252332067808805
catfish_synth_6000g,1,14.23925241779477,6000.0,31.80543297058833,399.0,175.2126702297106,92.7,0.4,1141.0,9.43,5224.75803933812,5226.865438651264,775.2419606618796,0.1292069934436466,-15.30806036912806
catfish_synth_6000g,1,14.106175292394823,6000.0,31.938510095988278,398.5,176.09652413757527,92.9,0.0,902.0,12.99,5223.353106462691,5224.055572900406,776.6468935373086,0.12944114892288477,-15.30806036912806
catfish_synth_6000g,1,13.973098166994873,6000.0,32.07158722138823,399.25,176.98204150950744,93.2,0.0,1127.0,9.65,5222.7911333125185,5223.072119887605,777.2088666874815,0.12953481111458026,-14.252332067808805
catfish_synth_6000g,1,13.840021041594916,6000.0,32.204664346788185,399.0,177.86700439341712,93.4,0.0,950.0,12.13,5220.824227286918,5221.807680299718,779.1757727130816,0.1298626287855136,-14.252332067808805
catfish_synth_6000g,1,13.706943916194966,6000.0,32.337741472188135,399.5,178.75307625337177,93.0,0.0,1074.0,10.29,5218.01436153606,5219.419294411489,781.9856384639397,0.13033093974398996,-14.252332067808805
catfish_synth_6000g,1,13.573866790795016,6000.0,32.470818597588085,400.0,179.64025708937146,93.3,0.0,976.0,11.69,5217.171401810801,5217.59288167343,782.8285981891986,0.1304714330315331,-13.724467917152385
catfish_synth_6000g,1,13.440789665395066,6000.0,32.603895722988035,400.0,180.52743792537115,93.5,0.0,1089.0,9.96,5215.485482360286,5216.328442085543,784.5145176397136,0.13075241960661893,-11.613011314513031
catfish_synth_6000g,1,13.307712539995116,6000.0,32.736972848387985,399.75,181.41406427334832,93.8,0.0,931.0,12.4,5214.361536059943,5214.923509210115,785.6384639400567,0.13093974399000946,-12.140875465166033
catfish_synth_6000g,1,13.174635414595166,6000.0,32.870049973787935,401.0,182.30346306143798,94.0,0.0,1146.0,9.42,5214.080549484858,5214.2210427724,785.9194505151418,0.13098657508585695,-12.140875465166033
catfish_synth_6000g,1,13.041558289195208,6000.0,33.00312709918789,400.0,183.19064389743767,94.2,0.0,883.0,13.23,5214.080549484858,5214.080549484858,785.9194505151418,0.13098657508585695,-10.029418862530097
catfish_synth_6000g,1,12.908481163795258,6000.0,33.13620422458784,401.25,184.08059717354985,94.4,0.0,1162.0,9.21,5210.989697158913,5212.535123321886,789.0103028410867,0.13150171714018113,-10.029418862530097
catfish_synth_6000g,1,12.775404038395315,6000.0,33.269281349987786,400.0,184.9677780095495,94.0,0.0,926.0,12.47,5210.708710583828,5210.84920387137,789.2912894161718,0.13154854823602863,-10.029418862530097
catfish_synth_6000g,1,12.642326912995358,6000.0,33.40235847538774,401.0,185.8571767976392,94.3,0.0,1077.0,10.27,5208.179831408055,5209.444270995942,791.8201685919448,0.13197002809865746,-10.029418862529816
catfish_synth_6000g,1,12.509249787595408,6000.0,33.53543560078769,400.0,186.74435763363886,94.5,0.0,1040.0,10.72,5207.055885107711,5207.617858257883,792.9441148922888,0.13215735248204813,-10.557283013182818
catfish_synth_6000g,1,12.376172662195458,6000.0,33.66851272618764,400.75,187.63320193370603,94.7,0.0,1023.0,10.95,5205.088979082111,5206.072432094911,794.9110209178889,0.13248517015298147,-11.085147163846358
catfish_synth_6000g,1,12.2430955367955,6000.0,33.8015898515876,399.75,188.51982828168323,94.9,0.0,1009.0,11.17,5203.684046206681,5204.386512644396,796.3159537933188,0.1327193256322198,-11.613011314509613
catfish_synth_6000g,1,12.11001841139555,6000.0,33.93466697698755,401.0,189.4092270697729,95.1,0.0,1034.0,10.73,5202.279113331252,5202.981579768966,797.7208866687479,0.13295348111145797,-11.085147163853192
catfish_synth_6000g,1,11.976941285995608,6000.0,34.06774410238749,400.5,190.2975168818176,95.3,0.0,1088.0,10.08,5199.750234155479,5201.014673743366,800.2497658445209,0.13337496097408683,-11.085147163853192
catfish_synth_6000g,1,11.84386416059565,6000.0,34.20082122778745,400.0,191.18469771781724,95.0,0.0,964.0,11.82,5199.188261005308,5199.469247580393,800.811738994692,0.13346862316578198,-11.613011314509613
catfish_synth_6000g,1,11.7107870351957,6000.0,34.3338983531874,400.75,192.0735420178844,95.2,0.0,1117.0,9.55,5198.064314704965,5198.626287855137,801.935685295035,0.1336559475491725,-11.613011314509613
catfish_synth_6000g,1,11.57770990979575,6000.0,34.46697547858735,400.5,192.96183182992908,95.3,0.0,981.0,11.64,5195.254448954106,5196.659381829535,804.745551045894,0.134124258507649,-11.61301131451272
catfish_synth_6000g,1,11.444632784395793,6000.0,34.60005260398731,400.0,193.84901266592877,95.5,0.0,1059.0,10.55,5195.254448954106,5195.254448954106,804.745551045894,0.134124258507649,-11.613011314509613
catfish_synth_6000g,1,11.31155565899585,6000.0,34.73312972938725,401.25,194.73896594204095,95.7,0.0,1073.0,10.29,5192.163596628161,5193.709022791134,807.836403371839,0.13463940056197315,-11.613011314509613
catfish_synth_6000g,1,11.1784785335959,6000.0,34.8662068547872,400.0,195.6261467780406,95.9,0.0,972.0,11.66,5191.601623477989,5191.882610053075,808.398376522011,0.1347330627536685,-11.613011314509922
catfish_synth_6000g,1,11.045401408195943,6000.0,34.99928398018716,401.0,196.51554556613027,96.1,0.0,1200.0,8.35,5189.353730877303,5190.477677177646,810.646269122697,0.1351077115204495,-11.613011314509613
catfish_synth_6000g,1,10.912324282795993,6000.0,35.13236110558711,399.75,197.40217191410747,96.3,0.0,895.0,13.14,5187.667811426787,5188.510771152045,812.332188573213,0.1353886980955355,-11.613011314509613
catfish_synth_6000g,1,10.779247157396043,6000.0,35.26543823098706,400.5,198.29046172615216,96.5,0.0,1173.0,8.92,5187.667811426787,5187.667811426787,812.332188573213,0.1353886980955355,-11.613011314509613
catfish_synth_6000g,1,10.646170031996093,6000.0,35.39851535638701,399.75,199.17708807412933,96.1,0.0,954.0,12.08,5185.700905401186,5186.684358413986,814.299094598814,0.135716515766469,-11.613011314509613
catfish_synth_6000g,1,10.513092906596142,6000.0,35.53159248178696,400.25,200.0648233981515,96.3,0.0,1138.0,9.47,5185.700905401186,5185.700905401186,814.299094598814,0.135716515766469,-11.085147163853192
catfish_synth_6000g,1,10.380015781196192,6000.0,35.66466960718691,401.0,200.95422218624117,96.5,0.0,1055.0,10.58,5185.700905401186,5185.700905401186,814.299094598814,0.135716515766469,-10.557283013193071
catfish_synth_6000g,1,10.246938655796235,6000.0,35.797746732586866,401.0,201.84362097433083,96.7,0.0,1008.0,11.17,5176.70933499844,5181.205120199813,823.2906650015602,0.13721511083359336,-11.085147163853192
catfish_synth_6000g,1,10.113861530396285,6000.0,35.930823857986816,402.5,202.7363466905555,96.8,0.0,1191.0,8.96,5175.304402123011,5176.006868560726,824.6955978769893,0.13744926631283155,-11.613011314509613
catfish_synth_6000g,1,9.980784404996335,6000.0,36.063900983386766,401.0,203.62574547864517,97.0,0.0,935.0,12.48,5174.180455822667,5174.742428972839,825.8195441773332,0.1376365906962222,-11.613011314509613
catfish_synth_6000g,1,9.847707279596385,6000.0,36.196978108786716,402.75,204.51902568289233,97.2,0.0,1258.0,8.23,5171.651576646894,5172.91601623478,828.3484233531062,0.13805807055885103,-11.613011314509922
catfish_synth_6000g,1,9.714630154196435,6000.0,36.330055234186666,401.5,205.40953344702703,97.4,0.0,955.0,12.06,5168.841710896035,5170.246643771465,831.1582891039652,0.13852638151732755,-11.613011314513031
catfish_synth_6000g,1,9.581553028796485,6000.0,36.463132359586616,401.75,206.3005956991842,97.0,0.0,1104.0,9.87,5168.841710896035,5168.841710896035,831.1582891039652,0.13852638151732755,-11.613011314509922
catfish_synth_6000g,1,9.448475903396528,6000.0,36.596209484986574,403.0,207.19443039145392,97.1,0.0,1194.0,8.93,5168.841710896035,5168.841710896035,831.1582891039652,0.13852638151732755,-11.613011314509922
catfish_synth_6000g,1,9.315398777996577,6000.0,36.729286610386524,401.5,208.08493815558862,97.3,0.0,928.0,12.43,5168.841710896035,5168.841710896035,831.1582891039652,0.13852638151732755,-11.085147163853192
catfish_synth_6000g,1,9.182321652596627,6000.0,36.862363735786474,403.0,208.9787728478583,97.5,0.0,1270.0,8.14,5168.841710896035,5168.841710896035,831.1582891039652,0.13852638151732755,-10.55728301319677
catfish_synth_6000g,1,9.049244527196677,6000.0,36.995440861186424,401.75,209.86983510001548,97.7,0.0,950.0,12.08,5168.841710896035,5168.841710896035,831.1582891039652,0.13852638151732755,-10.557283013193071
catfish_synth_6000g,1,8.916167401796727,6000.0,37.128517986586374,402.25,210.76200632821767,97.8,0.0,1111.0,9.73,5165.469871995006,5167.155791445521,834.5301280049944,0.13908835466749905,-10.557283013193071
catfish_synth_6000g,1,8.783090276396777,6000.0,37.261595111986324,403.0,211.65584102048734,98.0,0.0,1254.0,8.26,5165.469871995006,5165.469871995006,834.5301280049944,0.13908835466749905,-10.557283013193071
catfish_synth_6000g,1,8.65001315099682,6000.0,37.39467223738628,401.75,212.54690327264453,98.2,0.0,951.0,11.95,5164.345925694662,5164.907898844834,835.6540743053383,0.13927567905088972,-10.557283013189371
catfish_synth_6000g,1,8.51693602559687,6000.0,37.52774936278623,402.0,213.43852001282423,98.3,0.0,1035.0,10.74,5161.255073368718,5162.80049953169,838.7449266312824,0.13979082110521374,-10.557283013193071
catfish_synth_6000g,1,8.383858900196927,6000.0,37.660826488186174,403.25,214.3329091931164,98.5,0.0,1299.0,7.88,5161.255073368718,5161.255073368718,838.7449266312824,0.13979082110521374,-10.557283013193071
catfish_synth_6000g,1,8.25078177479697,6000.0,37.79390361358613,402.25,215.22508042131858,98.0,0.0,1010.0,10.73,5161.255073368718,5161.255073368718,838.7449266312824,0.13979082110521374,-10.557283013193071
catfish_synth_6000g,1,8.11770464939702,6000.0,37.92698073898608,401.75,216.11614267347576,98.3,0.0,978.0,11.63,5160.974086793631,5161.114580081174,839.0259132063693,0.13983765220106156,-10.029418862533232
catfish_synth_6000g,1,7.984627523997069,6000.0,38.06005786438603,403.25,217.01053185376793,98.4,0.0,1263.0,8.17,5160.974086793631,5160.974086793631,839.0259132063693,0.13983765220106156,-8.445826410557416
catfish_synth_6000g,1,7.718473273197162,6000.0,38.32621211518594,401.75,218.79265635808227,98.7,0.0,954.0,12.03,5160.131127068374,5160.552606931002,839.8688729316264,0.1399781454886044,-7.390098109234321
catfish_synth_6000g,1,7.585396147797219,6000.0,38.45928924058588,401.75,219.68371861023945,98.9,0.0,994.0,11.32,5158.164221042772,5159.147674055573,841.8357789572283,0.14030596315953806,-7.390098109234321
catfish_synth_6000g,1,7.452319022397262,6000.0,38.59236636598584,403.5,220.57866227855413,99.0,0.0,1265.0,8.14,5157.602247892601,5157.883234467687,842.3977521073994,0.14039962535123324,-8.445826410553746
catfish_synth_6000g,1,7.319241896997312,6000.0,38.72544349138579,403.25,221.4730514588463,99.1,0.0,1247.0,8.34,5157.321261317515,5157.461754605058,842.6787386824853,0.1404464564470809,-8.445826410550328
catfish_synth_6000g,1,7.186164771597362,6000.0,38.85852061678574,403.0,222.366886151116,99.3,0.0,957.0,11.96,5157.321261317515,5157.321261317515,842.6787386824853,0.1404464564470809,-6.862233958574117
catfish_synth_6000g,1,7.053087646197405,6000.0,38.9915977421857,403.5,223.2618298194307,99.4,0.0,1061.0,10.35,5155.635341867,5156.478301592257,844.3646581330004,0.14072744302216672,-7.917962259893738
catfish_synth_6000g,1,6.920010520797462,6000.0,39.12467486758564,404.75,224.15954592785786,99.0,0.0,1315.0,7.73,5155.635341867,5155.635341867,844.3646581330004,0.14072744302216672,-6.334369807914644
catfish_synth_6000g,1,6.7869333953975115,6000.0,39.25775199298559,404.75,225.05726203628504,99.1,0.0,1267.0,8.07,5152.544489541055,5154.089915704028,847.4555104589454,0.1412425850764909,-6.334369807914644
catfish_synth_6000g,1,6.653856269997554,6000.0,39.39082911838555,403.5,225.95220570459972,99.3,0.0,999.0,11.31,5151.139556665626,5151.84202310334,848.8604433343744,0.14147674055572906,-6.334369807914644
catfish_synth_6000g,1,6.520779144597604,6000.0,39.5239062437855,404.0,226.84825834895938,99.4,9.7,1131.0,9.16,5151.139556665626,5151.139556665626,848.8604433343744,0.14147674055572906,-5.806505657251558
catfish_synth_6000g,1,6.387702019197654,6000.0,39.65698336918545,405.0,227.74652894540904,99.6,9.1,1303.0,7.93,5150.2965969403685,5150.7180768029975,849.7034030596315,0.1416172338432719,-4.750777355935016
catfish_synth_6000g,1,6.254624893797704,6000.0,39.7900604945854,403.75,228.6420271017462,99.7,8.4,975.0,11.71,5145.238838588823,5147.767717764596,854.7611614111775,0.14246019356852957,-4.750777355935016
catfish_synth_6000g,1,6.121547768397754,6000.0,39.92313761998535,404.25,229.53863423412835,99.9,6.3,1095.0,9.99,5145.238838588823,5145.238838588823,854.7611614111775,0.14246019356852957,-5.806505657251558
catfish_synth_6000g,1,5.988470642997804,6000.0,40.0562147453853,405.0,230.43690483057802,100.0,4.6,1360.0,7.34,5145.238838588823,5145.238838588823,854.7611614111775,0.14246019356852957,-5.806505657251558
catfish_synth_6000g,1,5.855393517597847,6000.0,40.189291870785254,404.25,231.3335119629602,100.1,3.1,1053.0,10.55,5145.238838588823,5145.238838588823,854.7611614111775,0.14246019356852957,-5.806505657251558
catfish_synth_6000g,1,5.722316392197897,6000.0,40.322368996185205,404.25,232.23011909534233,100.3,2.8,1072.0,10.27,5144.395878863566,5144.8173587261945,855.6041211364336,0.14260068685607227,-5.806505657251558
catfish_synth_6000g,1,5.5892392667979465,6000.0,40.455446121585155,405.0,233.128389691792,100.4,2.4,1339.0,7.54,5144.395878863566,5144.395878863566,855.6041211364336,0.14260068685607227,-4.750777355935016
catfish_synth_6000g,1,5.456162141397996,6000.0,40.588523246985105,404.0,234.02444233615165,100.0,2.4,959.0,11.93,5141.586013112707,5142.990945988136,858.4139868872926,0.14306899781454877,-4.750777355935016
catfish_synth_6000g,1,5.323085015998046,6000.0,40.721600372385055,404.5,234.92160395655634,100.0,1.9,1117.0,9.68,5141.586013112707,5141.586013112707,858.4139868872926,0.14306899781454877,-5.806505657251558
catfish_synth_6000g,1,5.056930765198139,6000.0,40.98775462318496,404.0,236.7137092452757,100.0,0.0,939.0,12.28,5141.586013112707,5141.586013112707,858.4139868872926,0.14306899781454877,-4.22291320527529
catfish_synth_6000g,1,4.923853639798189,6000.0,41.12083174858491,405.0,237.61197984172537,100.0,0.0,1254.0,8.22,5136.528254761161,5139.057133936934,863.4717452388386,0.14391195753980643,-4.22291320527529
catfish_synth_6000g,1,4.790776514398239,6000.0,41.25390887398486,405.25,238.51080492619752,100.0,0.0,1230.0,8.49,5136.247268186075,5136.387761473618,863.7527318139246,0.1439587886356541,-5.806505657251558
catfish_synth_6000g,1,4.657699388998289,6000.0,41.38698599938481,404.25,239.4074120585797,100.0,0.0,975.0,11.69,5135.404308460818,5135.825788323447,864.5956915391816,0.14409928192319693,-5.806505657251558
catfish_synth_6000g,1,4.524622263598339,6000.0,41.52006312478476,405.5,240.30679163107433,100.0,0.0,1371.0,7.21,5131.751482984702,5133.57789572276,868.2485170152977,0.1447080861692163,-6.334369807914644
catfish_synth_6000g,1,4.3915451381983885,6000.0,41.65314025018471,404.25,241.20339876345648,100.0,0.0,959.0,11.93,5130.346550109273,5131.049016546987,869.6534498907267,0.14494224164845446,-7.917962259893738
catfish_synth_6000g,1,4.258468012798431,6000.0,41.78621737558467,405.25,242.10222384792866,100.0,0.0,1227.0,8.49,5129.222603808929,5129.784576959101,870.7773961910707,0.14512956603184513,-7.917962259893738
catfish_synth_6000g,1,4.125390887398481,6000.0,41.91929450098462,405.5,243.0016034204233,100.0,0.0,1203.0,8.83,5127.8176709335,5128.520137371215,872.1823290664997,0.1453637215110833,-7.917962259893738
catfish_synth_6000g,1,3.859236636598581,6000.0,42.18544875178452,406.5,244.80479846959264,100.0,0.0,1249.0,8.32,5126.41273805807,5127.115204495785,873.5872619419297,0.14559787699032162,-7.917962259893738
catfish_synth_6000g,1,3.726159511198631,6000.0,42.31852587718447,405.5,245.70417804208728,100.0,0.0,1013.0,11.03,5121.073993131439,5123.743365594755,878.9260068685608,0.1464876678114268,-9.501554711870005
catfish_synth_6000g,1,3.593082385798681,6000.0,42.45160300258442,407.5,246.60799351876196,100.0,0.0,1389.0,7.16,5121.073993131439,5121.073993131439,878.9260068685608,0.1464876678114268,-10.029418862530097
catfish_synth_6000g,1,3.4600052603987237,6000.0,42.58468012798438,406.0,247.50848206730166,100.0,0.0,967.0,11.95,5121.073993131439,5121.073993131439,878.9260068685608,0.1464876678114268,-10.029418862530097
catfish_synth_6000g,1,3.3269281349987807,6000.0,42.71775725338432,406.75,248.41063407990882,100.0,0.0,1263.0,8.17,5121.073993131439,5121.073993131439,878.9260068685608,0.1464876678114268,-9.501554711870005
catfish_synth_6000g,1,3.1938510095988306,6000.0,42.85083437878427,407.0,249.31334058053847,100.0,0.0,1237.0,8.43,5121.073993131439,5121.073993131439,878.9260068685608,0.1464876678114268,-7.390098109234068
catfish_synth_6000g,1,3.0607738841988734,6000.0,42.98391150418423,406.0,250.21382912907814,100.0,0.0,1043.0,10.62,5119.66906025601,5120.371526693725,880.3309397439898,0.14672182329066497,-7.390098109234068
catfish_synth_6000g,1,2.9276967587989233,6000.0,43.11698862958418,407.25,251.11709011773033,100.0,0.0,1399.0,7.1,5117.140181080237,5118.404620668123,882.8598189197628,0.1471433031532938,-9.501554711870005
catfish_synth_6000g,1,2.7946196333989732,6000.0,43.25006575498413,406.0,252.01757866627,100.0,0.0,958.0,12.24,5117.140181080237,5117.140181080237,882.8598189197628,0.1471433031532938,-9.501554711870005
catfish_synth_6000g,1,2.661542507999016,6000.0,43.383142880384085,407.25,252.9208396549222,100.0,0.0,1424.0,6.82,5117.140181080237,5117.140181080237,882.8598189197628,0.1471433031532938,-7.390098109234068
catfish_synth_6000g,1,2.528465382599073,6000.0,43.51622000578403,405.75,253.8207737154394,100.0,0.0,1075.0,10.27,5114.892288479551,5116.016234779894,885.1077115204489,0.14751795192007483,-8.973690561210391
catfish_synth_6000g,1,2.395388257199123,6000.0,43.64929713118398,406.0,254.72126226397907,100.0,0.0,1134.0,9.54,5114.892288479551,5114.892288479551,885.1077115204489,0.14751795192007483,-8.973690561210391
catfish_synth_6000g,1,2.2623111317991658,6000.0,43.782374256583935,407.0,255.62396876460872,100.0,0.0,1407.0,6.96,5112.363409303778,5113.627848891665,887.6365906962219,0.14793943178270366,-9.501554711869751
catfish_synth_6000g,1,2.1292340063992157,6000.0,43.915451381983885,405.5,256.52334833710336,100.0,0.0,941.0,12.24,5112.082422728692,5112.222916016235,887.9175772713079,0.14798626287855132,-9.501554711870005
catfish_synth_6000g,1,1.9961568809992656,6000.0,44.048528507383836,406.5,257.42494586168806,100.0,0.0,1357.0,7.33,5112.082422728692,5112.082422728692,887.9175772713079,0.14798626287855132,-9.501554711869751
catfish_synth_6000g,1,1.8630797555993155,6000.0,44.181605632783786,405.75,258.32487992220524,100.0,0.0,1040.0,11.2,5112.082422728692,5112.082422728692,887.9175772713079,0.14798626287855132,-8.973690561210391
catfish_synth_6000g,1,1.7300026301993654,6000.0,44.314682758183736,406.0,259.2253684707449,100.0,0.0,1293.0,7.88,5107.024664377146,5109.553543552919,892.9753356228539,0.14882922260380899,-9.501554711869751
catfish_synth_6000g,1,1.5969255047994153,6000.0,44.447759883583686,406.5,260.12696599532956,100.0,0.0,1234.0,8.61,5107.024664377146,5107.024664377146,892.9753356228539,0.14882922260380899,-9.501554711869751
catfish_synth_6000g,1,1.463848379399458,6000.0,44.58083700898364,405.25,261.02579107980176,100.0,0.0,1049.0,10.57,5107.024664377146,5107.024664377146,892.9753356228539,0.14882922260380899,-8.973690561210391
catfish_synth_6000g,1,1.330771253999508,6000.0,44.71391413438359,406.5,261.9273886043864,100.0,0.0,1375.0,7.23,5107.024664377146,5107.024664377146,892.9753356228539,0.14882922260380899,-8.973690561210391
catfish_synth_6000g,1,1.197694128599558,6000.0,44.84699125978354,405.25,262.82621368885856,100.0,0.0,1103.0,10.07,5107.024664377146,5107.024664377146,892.9753356228539,0.14882922260380899,-8.445826410550808
catfish_synth_6000g,1,1.0646170031996078,6000.0,44.98006838518349,406.0,263.72670223739823,100.0,0.0,1282.0,8.2,5103.933812051202,5105.479238214174,896.066187948798,0.149344364658133,-8.445826410550808
catfish_synth_6000g,1,0.9315398777996577,6000.0,45.11314551058344,405.75,264.62663629791547,100.0,0.0,1199.0,8.8,5103.933812051202,5103.933812051202,896.066187948798,0.149344364658133,-8.445826410550808
catfish_synth_6000g,1,0.7984627523997077,6000.0,45.24622263598339,406.25,265.5276793344776,100.0,0.0,1198.0,8.86,5102.528879175773,5103.231345613487,897.471120824227,0.14957852013737116,-6.862233958574484
catfish_synth_6000g,1,0.6653856269997505,6000.0,45.37929976138335,406.5,266.42927685906227,100.0,0.0,1205.0,8.67,5102.247892600688,5102.388385888231,897.7521073993121,0.14962535123321868,-7.390098109227319
catfish_synth_6000g,1,0.5323085015998004,6000.0,45.5123768867833,407.0,267.33198335969195,100.0,0.0,1273.0,8.08,5102.247892600688,5102.247892600688,897.7521073993121,0.14962535123321868,-5.80650565725122
catfish_synth_6000g,1,0.3992313761998503,6000.0,45.64545401218325,406.75,268.2341353722991,100.0,9.8,1163.0,9.76,5100.842959725258,5102.247892600688,899.157040274742,0.149859506712457,-5.278641506594827
catfish_synth_6000g,1,0.2661542507999002,6000.0,45.7785311375832,407.25,269.1373963609513,100.0,9.2,1264.0,8.27,5100.0,5102.247892600688,900.0,0.15,-5.278641506594827
catfish_synth_6000g,1,0.1330771253999501,6000.0,45.91160826298315,407.0,270.0401028615809,100.0,8.5,1290.0,7.88,5100.0,5101.545426162973,900.0,0.15,-5.278641506598385
catfish_synth_6000g,1,0.0,6000.0,46.0446853883831,407.5,270.9439183382556,100.0,7.9,1171.0,8.98,5100.0,5100.842959725258,900.0,0.15,-5.278641506598385
catfish_synth_10000g,1,69.28807721703069,10000.0,0.0,28.25,0.0,30.1,53.0,687.0,18.22,10000.0,9974.711208242272,0.0,0.0,0.0
catfish_synth_10000g,1,69.08782265859996,10000.0,0.20025455843072454,28.25,0.0942865212611328,30.1,53.1,688.0,18.26,9993.443646581329,9955.978769903215,6.556353418671279,0.0006556353418671278,0.0
catfish_synth_10000g,1,68.88756810016925,10000.0,0.4005091168614491,28.25,0.1885730425222656,30.2,53.1,687.0,18.13,9993.443646581329,9948.017483609116,6.556353418671279,0.0006556353418671278,0.0
catfish_synth_10000g,1,68.68731354173852,10000.0,0.6007636752921737,28.0,0.282025169789937,30.2,53.1,691.0,18.16,9955.978769903215,9940.056197315016,44.021230096785075,0.004402123009678507,0.0
catfish_synth_10000g,1,68.48705898330779,10000.0,0.8010182337228982,28.75,0.37798047903799253,30.2,53.1,693.0,17.88,9940.056197315016,9940.056197315016,59.94380268498389,0.005994380268498389,-39.75583056129787
catfish_synth_10000g,1,68.28680442487706,10000.0,1.0012727921536229,28.25,0.47226700029912533,30.2,53.1,692.0,17.78,9940.056197315016,9940.056197315016,59.94380268498389,0.005994380268498389,-39.75583056129786
catfish_synth_10000g,1,68.08654986644635,10000.0,1.2015273505843473,28.5,0.5673879155537195,30.2,53.1,719.0,17.27,9940.056197315016,9940.056197315016,59.94380268498389,0.005994380268498389,-19.87791528064893
catfish_synth_10000g,1,67.88629530801562,10000.0,1.401781909015072,28.75,0.663343224801775,30.2,53.1,695.0,18.07,9940.056197315016,9940.056197315016,59.94380268498389,0.005994380268498389,0.0
catfish_synth_10000g,1,67.68604074958489,10000.0,1.6020364674457963,28.25,0.7576297460629078,30.2,53.1,691.0,17.63,9940.056197315016,9940.056197315016,59.94380268498389,0.005994380268498389,0.0
catfish_synth_10000g,1,67.48578619115416,10000.0,1.802291025876521,28.75,0.8535850553109634,30.3,53.1,693.0,17.97,9940.056197315016,9940.056197315016,59.94380268498389,0.005994380268498389,0.0
catfish_synth_10000g,1,67.28553163272345,10000.0,2.0025455843072457,28.75,0.9495403645590189,30.3,53.1,699.0,17.91,9940.056197315016,9940.056197315016,59.94380268498389,0.005994380268498389,0.0
catfish_synth_10000g,1,67.08527707429272,10000.0,2.20280014273797,29.5,1.0479988557874584,30.3,53.1,699.0,17.78,9940.056197315016,9940.056197315016,59.94380268498389,0.005994380268498389,0.0
catfish_synth_10000g,1,66.88502251586199,10000.0,2.4030547011686947,31.25,1.1522981049701275,30.3,53.1,701.0,17.57,9940.056197315016,9940.056197315016,59.94380268498389,0.005994380268498389,0.0
catfish_synth_10000g,1,66.68476795743128,10000.0,2.603309259599419,34.75,1.2682788700612555,30.3,53.1,705.0,17.63,9940.056197315016,9940.056197315016,59.94380268498389,0.005994380268498389,0.0
catfish_synth_10000g,1,66.48451339900055,10000.0,2.803563818030144,38.75,1.3976099390477652,30.3,53.1,706.0,17.42,9940.056197315016,9940.056197315016,59.94380268498389,0.005994380268498389,0.0
catfish_synth_10000g,1,66.28425884056982,10000.0,3.0038183764608686,43.25,1.541960099916579,30.4,53.1,705.0,17.57,9940.056197315016,9940.056197315016,59.94380268498389,0.005994380268498389,0.0
catfish_synth_10000g,1,66.08400428213909,10000.0,3.2040729348915926,48.75,1.7046669286415428,30.4,53.2,707.0,17.48,9940.056197315016,9940.056197315016,59.94380268498389,0.005994380268498389,0.0
catfish_synth_10000g,1,65.88374972370838,10000.0,3.4043274933223175,54.75,1.887399213209579,30.4,53.2,718.0,17.78,9940.056197315016,9940.056197315016,59.94380268498389,0.005994380268498389,0.0
catfish_synth_10000g,1,65.68349516527765,10000.0,3.604582051753042,61.25,2.09182574160761,30.4,53.2,709.0,17.1,9940.056197315016,9940.056197315016,59.94380268498389,0.005994380268498389,0.0
catfish_synth_10000g,1,65.48324060684692,10000.0,3.8048366101837665,69.0,2.322118483802943,30.5,53.2,709.0,17.36,9940.056197315016,9940.056197315016,59.94380268498389,0.005994380268498389,0.0
catfish_synth_10000g,1,65.2829860484162,10000.0,4.005091168614491,77.0,2.5791118337890397,30.5,53.2,709.0,17.48,9940.056197315016,9940.056197315016,59.94380268498389,0.005994380268498389,0.0
catfish_synth_10000g,1,65.08273148998548,10000.0,4.2053457270452155,85.25,2.8636401855593614,30.6,53.3,709.0,17.36,9940.056197315016,9940.056197315016,59.94380268498389,0.005994380268498389,0.0
catfish_synth_10000g,1,64.88247693155475,10000.0,4.40560028547594,94.5,3.1790411150877524,30.7,53.3,708.0,17.57,9940.056197315016,9940.056197315016,59.94380268498389,0.005994380268498389,0.0
catfish_synth_10000g,1,64.68222237312402,10000.0,4.605854843906665,103.0,3.5228114403938298,30.7,53.3,710.0,17.51,9940.056197315016,9940.056197315016,59.94380268498389,0.005994380268498389,0.0
catfish_synth_10000g,1,64.4819678146933,10000.0,4.806109402337389,112.25,3.8974543434579765,30.8,53.3,713.0,17.42,9940.056197315016,9940.056197315016,59.94380268498389,0.005994380268498389,0.0
catfish_synth_10000g,1,64.28171325626258,10000.0,5.006363960768114,121.75,4.303804218273655,30.9,53.4,709.0,17.36,9940.056197315016,9940.056197315016,59.94380268498389,0.005994380268498389,0.0
catfish_synth_10000g,1,64.08145869783185,10000.0,5.206618519198838,130.5,4.739357882860481,31.0,53.4,718.0,17.66,9940.056197315016,9940.056197315016,59.94380268498389,0.005994380268498389,0.0
catfish_synth_10000g,1,63.88120413940113,10000.0,5.406873077629563,140.25,5.2074529131922995,31.0,53.2,714.0,17.1,9940.056197315016,9940.056197315016,59.94380268498389,0.005994380268498389,0.0
catfish_synth_10000g,1,63.6809495809704,10000.0,5.607127636060288,149.75,5.707254915275649,31.1,53.2,715.0,16.54,9940.056197315016,9940.056197315016,59.94380268498389,0.005994380268498389,0.0
catfish_synth_10000g,1,63.48069502253968,10000.0,5.807382194491012,158.5,6.236260707130147,31.3,53.3,720.0,17.1,9940.056197315016,9940.056197315016,59.94380268498389,0.005994380268498389,0.0
catfish_synth_10000g,1,63.28044046410895,10000.0,6.007636752921737,167.25,6.794470288755792,31.4,53.3,720.0,17.1,9940.056197315016,9940.056197315016,59.94380268498389,0.005994380268498389,0.0
catfish_synth_10000g,1,63.08018590567823,10000.0,6.207891311352461,176.5,7.383552448139507,31.6,53.4,719.0,17.1,9940.056197315016,9940.056197315016,59.94380268498389,0.005994380268498389,0.0
catfish_synth_10000g,1,62.879931347247506,10000.0,6.408145869783185,185.25,8.001838397294367,31.7,53.5,720.0,17.1,9940.056197315016,9940.056197315016,59.94380268498389,0.005994380268498389,0.0
catfish_synth_10000g,1,62.67967678881678,10000.0,6.60840042821391,193.0,8.645990560246533,31.9,53.5,730.0,16.76,9940.056197315016,9940.056197315016,59.94380268498389,0.005994380268498389,0.0
catfish_synth_10000g,1,62.47942223038606,10000.0,6.808654986644635,201.75,9.319346512969844,32.0,53.6,733.0,16.93,9940.056197315016,9940.056197315016,59.94380268498389,0.005994380268498389,0.0
catfish_synth_10000g,1,62.27916767195533,10000.0,7.008909545075359,209.0,10.016899891503535,32.1,53.4,736.0,16.65,9940.056197315016,9940.056197315016,59.94380268498389,0.005994380268498389,0.0
catfish_synth_10000g,1,61.87865855509388,10000.0,7.409418661936809,223.75,11.510465139799356,32.6,53.6,746.0,16.51,9940.056197315016,9940.056197315016,59.94380268498389,0.005994380268498389,0.0
catfish_synth_10000g,1,61.67840399666316,10000.0,7.609673220367533,231.25,12.282279583751105,32.8,53.6,752.0,16.22,9940.056197315016,9940.056197315016,59.94380268498389,0.005994380268498389,0.0
catfish_synth_10000g,1,61.478149438232435,10000.0,7.809927778798258,237.75,13.07578827153285,33.0,53.5,751.0,16.14,9940.056197315016,9940.056197315016,59.94380268498389,0.005994380268498389,0.0
catfish_synth_10000g,1,61.27789487980171,10000.0,8.010182337228983,244.25,13.890991203144592,33.2,53.6,742.0,16.22,9940.056197315016,9940.056197315016,59.94380268498389,0.005994380268498389,0.0
catfish_synth_10000g,1,61.077640321370986,10000.0,8.210436895659706,250.5,14.727053984592867,33.5,53.6,762.0,15.91,9940.056197315016,9940.056197315016,59.94380268498389,0.005994380268498389,0.0
catfish_synth_10000g,1,60.87738576294026,10000.0,8.410691454090431,257.0,15.584811009871137,33.8,53.7,767.0,15.24,9934.904776771777,9937.480487043396,65.0952232282234,0.00650952232282234,0.0
catfish_synth_10000g,1,60.677131204509536,10000.0,8.610946012521156,263.0,16.46259349099248,34.0,53.5,767.0,16.22,9918.982204183578,9926.943490477677,81.01779581642222,0.008101779581642222,0.0
catfish_synth_10000g,1,60.47687664607881,10000.0,8.81120057095188,268.5,17.358732639969972,34.3,53.6,770.0,15.58,9910.084295972525,9914.533250078051,89.91570402747493,0.008991570402747492,0.0
catfish_synth_10000g,1,60.07636752921736,10000.0,9.21170968781333,280.25,19.22944397331032,34.8,53.8,784.0,15.41,9874.02435216984,9892.054324071181,125.9756478301606,0.01259756478301606,0.0
catfish_synth_10000g,1,59.876112970786636,10000.0,9.411964246244054,290.75,20.199844187705875,35.1,53.7,784.0,15.26,9856.228535747736,9865.126443958787,143.7714642522642,0.014377146425226419,0.0
catfish_synth_10000g,1,59.67585841235591,10000.0,9.612218804674779,290.0,21.167741220121044,35.4,53.8,785.0,15.41,9844.9890727443,9850.608804246018,155.01092725570015,0.015501092725570015,0.0
catfish_synth_10000g,1,59.475603853925186,10000.0,9.812473363105502,288.75,22.131466282568905,35.8,53.9,793.0,15.14,9826.256634405243,9835.622853574772,173.74336559475705,0.017374336559475706,0.0
catfish_synth_10000g,1,59.275349295494465,10000.0,10.012727921536229,295.75,23.118554376833686,36.1,53.9,794.0,15.12,9817.827037152669,9822.041835778957,182.1729628473313,0.01821729628473313,0.0
catfish_synth_10000g,1,59.075094737063736,10000.0,10.212982479966952,306.0,24.139852624830382,36.4,54.0,790.0,15.0,9795.3481111458,9806.587574149235,204.65188885419957,0.02046518888541996,0.0
catfish_synth_10000g,1,58.874840178633015,10000.0,10.413237038397677,311.5,25.179507540683225,36.7,54.1,818.0,15.1,9785.513581017794,9790.430846081797,214.48641898220558,0.021448641898220558,0.0
catfish_synth_10000g,1,58.674585620202286,10000.0,10.613491596828402,311.0,26.21749366854915,37.1,54.1,799.0,15.0,9763.97127692788,9774.742428972837,236.02872307212056,0.023602872307212055,0.0
catfish_synth_10000g,1,58.474331061771565,10000.0,10.813746155259127,310.5,27.25381100842815,37.5,54.2,806.0,14.86,9747.11208242273,9755.541679675305,252.88791757727085,0.025288791757727084,-6.431090237855393
catfish_synth_10000g,1,58.27407650334084,10000.0,11.01400071368985,315.0,28.305147440189454,37.8,54.3,797.0,14.68,9725.56977833281,9736.34093037777,274.43022166718947,0.02744302216671895,-32.74009575635968
catfish_synth_10000g,1,58.073821944910115,10000.0,11.214255272120576,324.0,29.386522055715368,38.2,54.3,811.0,14.7,9717.608492038713,9721.58913518576,282.39150796128706,0.028239150796128706,-54.371944738245375
catfish_synth_10000g,1,57.873567386479394,10000.0,11.4145098305513,329.75,30.487087733090892,38.6,54.4,809.0,15.05,9699.344364658133,9708.476428348422,300.6556353418673,0.03006556353418673,-59.049101274870786
catfish_synth_10000g,1,57.673312828048665,10000.0,11.614764388982024,332.5,31.59683174439449,39.0,54.4,799.0,15.17,9697.00280986575,9698.173587261941,302.99719013425056,0.030299719013425055,-59.049101274870786
catfish_synth_10000g,1,57.47305826961794,10000.0,11.81501894741275,332.0,32.70490696771116,39.4,54.6,790.0,15.33,9682.953481111457,9689.978145488603,317.0465188885428,0.031704651888854275,-59.049101274870786
catfish_synth_10000g,1,57.272803711187215,10000.0,12.015273505843474,329.25,33.80380385709976,39.8,54.7,795.0,15.03,9666.094286606305,9674.523883858881,333.9057133936949,0.03339057133936949,-63.726257811489674
catfish_synth_10000g,1,57.072549152756494,10000.0,12.215528064274197,337.75,34.931070142266044,40.2,54.7,791.0,15.1,9659.069622229159,9662.581954417732,340.930377770841,0.0340930377770841,-63.726257811489674
catfish_synth_10000g,1,56.872294594325766,10000.0,12.415782622704922,343.0,36.075858701295026,40.6,54.8,784.0,15.36,9638.932251014672,9649.000936621916,361.06774898532785,0.036106774898532784,-66.64948064687572
catfish_synth_10000g,1,56.672040035895044,10000.0,12.616037181135647,339.5,37.20896574441554,41.0,54.8,784.0,14.98,9636.122385263814,9637.527318139244,363.87761473618593,0.03638776147361859,-66.64948064687572
catfish_synth_10000g,1,56.47178547746432,10000.0,12.81629173956637,339.0,38.34040399954914,41.4,54.9,784.0,15.19,9618.794879800187,9627.458632532002,381.2051201998129,0.03812051201998129,-66.64948064687572
catfish_synth_10000g,1,56.271530919033594,10000.0,13.016546297997097,343.5,39.486861346565036,41.9,55.1,791.0,15.24,9610.365282547611,9614.580081173899,389.63471745238894,0.03896347174523889,-66.64948064687572
catfish_synth_10000g,1,56.071276360602866,10000.0,13.21680085642782,349.0,40.65167536143708,42.3,55.0,791.0,15.17,9601.935685295037,9606.150483921323,398.0643147049632,0.03980643147049632,-66.64948064687572
catfish_synth_10000g,1,55.871021802172145,10000.0,13.417055414858545,352.5,41.828170892217585,42.7,55.2,786.0,15.33,9585.544801748361,9593.740243521699,414.45519825163865,0.04144551982516387,-66.64948064687572
catfish_synth_10000g,1,55.67076724374142,10000.0,13.61730997328927,351.5,43.00132884702425,43.0,55.1,784.0,15.38,9582.734935997501,9584.139868872931,417.26506400249855,0.04172650640024986,-66.64948064687572
catfish_synth_10000g,1,55.470512685310695,10000.0,13.817564531719995,348.5,44.164474073909375,43.4,55.3,784.0,15.33,9563.065875741491,9572.900405869495,436.93412425850875,0.043693412425850876,-66.64948064687572
catfish_synth_10000g,1,55.27025812687997,10000.0,14.017819090150718,350.0,45.33262566475527,43.8,55.4,796.0,15.14,9557.914455198252,9560.490165469871,442.08554480174826,0.04420855448017483,-66.64948064687572
catfish_synth_10000g,1,55.070003568449245,10000.0,14.218073648581445,355.25,46.51829952946385,44.3,55.4,793.0,15.0,9542.928504527004,9550.421479862627,457.0714954729956,0.04570714954729956,-64.89554694564575
catfish_synth_10000g,1,54.86974901001852,10000.0,14.418328207012168,359.5,47.71815809206127,44.7,55.6,786.0,15.41,9524.196066187948,9533.562285357475,475.8039338120525,0.047580393381205247,-64.89554694564575
catfish_synth_10000g,1,54.669494451587795,10000.0,14.618582765442891,360.75,48.922188624626,45.1,55.6,783.0,15.41,9524.196066187948,9524.196066187948,475.8039338120525,0.047580393381205247,-63.14161324441119
catfish_synth_10000g,1,54.469239893157074,10000.0,14.818837323873618,358.0,50.11704082326266,45.4,55.7,784.0,15.41,9514.361536059943,9519.278801123946,485.6384639400567,0.04856384639400567,-61.97232411025058
catfish_synth_10000g,1,54.26898533472635,10000.0,15.019091882304341,356.5,51.30688665793855,45.9,55.8,789.0,15.31,9501.248829222604,9507.805182641274,498.7511707773956,0.04987511707773956,-60.80303497609877
catfish_synth_10000g,1,54.068730776295624,10000.0,15.219346440735066,359.25,52.50591082654252,46.3,55.9,785.0,15.26,9494.224164845456,9497.736497034031,505.77583515454353,0.050577583515454355,-58.46445670779086
catfish_synth_10000g,1,53.868476217864895,10000.0,15.419600999165791,365.75,53.72662923897648,46.8,56.0,787.0,15.33,9482.516390883548,9488.370277864502,517.4836091164525,0.05174836091164525,-57.295167573634245
catfish_synth_10000g,1,53.668221659434174,10000.0,15.619855557596516,366.0,54.9481820454039,47.2,56.0,774.0,16.06,9470.340305963158,9476.428348423353,529.6596940368418,0.05296596940368418,-57.295167573634245
catfish_synth_10000g,1,53.46796710100345,10000.0,15.820110116027239,363.25,56.16055651790324,47.6,56.2,782.0,15.55,9453.481111458008,9461.910708710584,546.518888541992,0.05465188885419921,-57.295167573634245
catfish_synth_10000g,1,53.267712542572724,10000.0,16.020364674457966,364.0,57.37543417238297,48.0,56.1,759.0,15.29,9444.583203246955,9449.032157352482,555.4167967530448,0.055541679675304476,-57.295167573634245
catfish_synth_10000g,1,53.067457984141996,10000.0,16.22061923288869,368.5,58.605330918745,48.5,56.3,768.0,15.29,9441.773337496097,9443.178270371525,558.2266625039028,0.055822666250390285,-56.71052300656035
catfish_synth_10000g,1,52.86720342571128,10000.0,16.420873791319412,370.75,59.84273721104818,48.9,56.5,783.0,15.43,9434.280362160474,9438.026849828286,565.7196378395256,0.05657196378395256,-56.71052300656035
catfish_synth_10000g,1,52.66694886728055,10000.0,16.62112834975014,366.75,61.06679319945599,49.3,56.6,785.0,15.33,9421.635966281612,9427.958164221043,578.3640337183879,0.05783640337183879,-56.71052300656035
catfish_synth_10000g,1,52.466694308849824,10000.0,16.821382908180862,368.25,62.29585555182456,49.8,56.7,794.0,15.17,9413.206369029034,9417.421167655324,586.7936309709658,0.05867936309709657,-54.37194473824812
catfish_synth_10000g,1,52.2664397504191,10000.0,17.021637466611587,372.75,63.53993699607544,50.1,56.7,785.0,15.38,9403.840149859507,9408.523259444271,596.1598501404933,0.05961598501404933,-51.44872190285702
catfish_synth_10000g,1,52.06618519198838,10000.0,17.22189202504231,371.0,64.77817768237207,50.6,56.8,783.0,15.41,9393.537308773026,9398.688729316265,606.4626912269741,0.06064626912269741,-50.27943276870042
catfish_synth_10000g,1,51.86593063355765,10000.0,17.422146583473037,369.25,66.0105776107145,51.0,57.2,797.0,15.14,9386.980955354355,9390.25913206369,613.0190446456454,0.061301904464564544,-50.2794327686961
catfish_synth_10000g,1,51.665676075126925,10000.0,17.62240114190376,374.75,67.26133420691306,51.6,57.3,791.0,15.17,9377.14642522635,9382.063690290353,622.8535747736496,0.06228535747736496,-50.27943276869543
catfish_synth_10000g,1,51.4654215166962,10000.0,17.822655700334487,371.75,68.5020780751901,52.1,57.5,788.0,15.29,9371.058382766156,9374.102403996254,628.9416172338442,0.06289416172338443,-49.6947882016218
catfish_synth_10000g,1,51.26516695826548,10000.0,18.02291025876521,370.75,69.73948436749329,52.4,57.8,800.0,14.86,9355.604121136434,9363.331251951295,644.3958788635664,0.06443958788635663,-50.27943276869543
catfish_synth_10000g,1,51.06491239983475,10000.0,18.223164817195933,376.25,70.99524732765262,52.7,58.0,790.0,15.29,9353.730877302529,9354.667499219482,646.2691226974712,0.06462691226974712,-49.6947882016218
catfish_synth_10000g,1,50.864657841404025,10000.0,18.42341937562666,371.25,72.23432240794273,53.1,58.2,797.0,15.24,9341.554792382141,9347.642834842336,658.4452076178586,0.06584452076178586,-49.6947882016218
catfish_synth_10000g,1,50.66440328297331,10000.0,18.623673934057383,375.5,73.48758218612167,53.6,58.3,803.0,15.63,9334.998438963472,9338.276615672807,665.0015610365281,0.06650015610365281,-47.940854500392675
catfish_synth_10000g,1,50.46414872454258,10000.0,18.823928492488108,374.0,74.73583560033985,54.0,58.5,795.0,15.07,9332.65688417109,9333.82766156728,667.3431158289095,0.06673431158289095,-46.77156536623632
catfish_synth_10000g,1,50.263894166111854,10000.0,19.024183050918833,373.0,75.98075143858419,54.5,58.8,807.0,14.79,9324.227286918514,9328.442085544802,675.7727130814856,0.06757727130814856,-46.77156536623157
catfish_synth_10000g,1,50.06363960768113,10000.0,19.224437609349557,377.75,77.2415207627043,55.0,58.9,802.0,15.63,9313.924445832032,9319.075866375273,686.0755541679682,0.06860755541679682,-46.77156536623157
catfish_synth_10000g,1,49.86338504925041,10000.0,19.424692167780282,376.0,78.49644932887017,55.3,59.1,794.0,15.14,9304.089915704026,9309.007180768029,695.9100842959742,0.06959100842959742,-46.771565366235905
catfish_synth_10000g,1,49.66313049081968,10000.0,19.624946726211004,373.5,79.74303395510142,55.7,59.3,814.0,14.79,9303.153293787074,9303.62160474555,696.8467062129257,0.06968467062129258,-46.771565366235905
catfish_synth_10000g,1,49.462875932388954,10000.0,19.825201284641732,378.75,81.00714085519537,56.0,59.5,809.0,14.96,9295.192007492977,9299.172650640026,704.8079925070233,0.07048079925070233,-45.602276232079554
catfish_synth_10000g,1,49.26262137395823,10000.0,20.025455843072457,375.0,82.2587318453874,56.6,59.6,805.0,14.96,9290.977208866687,9293.084608179832,709.0227911333131,0.07090227911333132,-43.84834253084087
catfish_synth_10000g,1,49.06236681552751,10000.0,20.22571040150318,377.75,83.5195011695075,57.1,59.8,816.0,14.66,9283.95254448954,9287.464876678114,716.0474555104593,0.07160474555104593,-42.67905339668452
catfish_synth_10000g,1,48.86211225709678,10000.0,20.425964959933903,380.5,84.78944882755567,57.3,60.0,813.0,15.14,9274.586325320011,9279.269434904776,725.4136746799886,0.07254136746799886,-41.50976426253233
catfish_synth_10000g,1,48.661857698666054,10000.0,20.626219518364632,378.0,86.05105254566924,57.7,60.1,810.0,14.91,9274.586325320011,9274.586325320011,725.4136746799886,0.07254136746799886,-40.92511969544961
catfish_synth_10000g,1,48.46160314023534,10000.0,20.826474076795353,378.0,87.3126562637828,58.1,60.3,827.0,14.44,9261.005307524196,9267.795816422104,738.9946924758042,0.07389946924758042,-40.34047512837142
catfish_synth_10000g,1,48.26134858180461,10000.0,21.02672863522608,381.5,88.58594149780481,58.4,60.7,821.0,14.59,9253.044021230096,9257.024664377146,746.9559787699036,0.07469559787699036,-40.92511969544961
catfish_synth_10000g,1,48.06109402337388,10000.0,21.226983193656803,377.75,89.84671082192492,58.9,60.9,816.0,14.66,9244.146113019046,9248.59506712457,755.8538869809545,0.07558538869809545,-41.50976426253233
catfish_synth_10000g,1,47.86083946494317,10000.0,21.427237752087525,380.25,91.11582408597964,59.2,61.3,827.0,14.31,9244.146113019046,9244.146113019046,755.8538869809545,0.07558538869809545,-40.92511969544961
catfish_synth_10000g,1,47.66058490651244,10000.0,21.627492310518253,382.0,92.3907781079886,59.6,61.5,819.0,14.61,9234.311582891041,9239.228847955044,765.6884171089587,0.07656884171089587,-40.34047512837142
catfish_synth_10000g,1,47.46033034808171,10000.0,21.827746868948978,378.75,93.65488500808253,60.1,61.6,821.0,14.64,9229.160162347798,9231.73587261942,770.8398376522018,0.07708398376522019,-38.58654142714599
catfish_synth_10000g,1,47.26007578965099,10000.0,22.0280014273797,381.0,94.92650145411764,60.3,62.0,839.0,14.03,9226.818607555417,9227.989384951608,773.1813924445833,0.07731813924445832,-36.247963158832974
catfish_synth_10000g,1,47.05982123122027,10000.0,22.228255985810424,382.25,96.20228987012004,60.8,62.1,821.0,14.29,9218.857321261317,9222.837964408367,781.1426787386827,0.07811426787386827,-34.4940294575942
catfish_synth_10000g,1,46.85956667278954,10000.0,22.428510544241153,379.75,97.46973434618783,61.0,62.4,831.0,14.33,9218.38901030284,9218.623165782079,781.6109896971593,0.07816109896971593,-32.15545118928635
catfish_synth_10000g,1,46.65931211435881,10000.0,22.628765102671874,382.0,98.74468836819679,61.4,62.6,845.0,14.03,9212.769278801123,9215.579144551983,787.2307211988773,0.07872307211988773,-29.232228353899963
catfish_synth_10000g,1,46.45905755592809,10000.0,22.8290196611026,382.25,100.02047678419919,61.8,62.7,826.0,14.39,9201.52981579769,9207.149547299407,798.4701842023096,0.07984701842023097,-29.232228353899963
catfish_synth_10000g,1,46.25880299749737,10000.0,23.029274219533324,380.25,101.28959004825391,62.3,63.0,842.0,14.07,9194.036840462066,9197.783328129877,805.9631595379342,0.08059631595379342,-29.232228353899963
catfish_synth_10000g,1,46.05854843906664,10000.0,23.22952877796405,382.75,102.56704725224324,62.7,63.2,845.0,14.26,9185.138932251015,9189.587886356541,814.8610677489851,0.08148610677489851,-29.232228353899963
catfish_synth_10000g,1,45.85829388063591,10000.0,23.429783336394774,382.0,103.8420012742522,63.1,63.2,831.0,14.33,9179.987511707772,9182.563221979393,820.0124882922282,0.08200124882922283,-29.232228353899963
catfish_synth_10000g,1,45.65803932220519,10000.0,23.6300378948255,380.5,105.11194893230038,63.3,63.6,852.0,13.89,9172.026225413674,9176.006868560722,827.9737745863258,0.08279737745863258,-31.570806622212416
catfish_synth_10000g,1,45.45778476377447,10000.0,23.83029245325622,383.75,106.39274371226355,63.7,63.7,855.0,13.78,9172.026225413674,9172.026225413674,827.9737745863258,0.08279737745863258,-31.570806622212416
catfish_synth_10000g,1,45.25753020534374,10000.0,24.03054701168695,382.75,107.6702009162529,64.1,64.0,844.0,14.29,9161.723384327193,9166.874804870433,838.2766156728067,0.08382766156728066,-29.232228353899963
catfish_synth_10000g,1,45.05727564691301,10000.0,24.230801570117674,381.5,108.94348615027491,64.5,64.1,865.0,13.64,9157.976896659382,9159.850140493287,842.023103340618,0.08420231033406181,-29.232228353899963
catfish_synth_10000g,1,44.8570210884823,10000.0,24.431056128548395,384.75,110.22761850621193,64.9,64.2,855.0,13.93,9156.571963783952,9157.274430221667,843.428036216048,0.0843428036216048,-29.232228353899963
catfish_synth_10000g,1,44.65676653005157,10000.0,24.63131068697912,381.5,111.50090374023395,65.4,64.5,879.0,13.74,9146.737433655948,9151.65469871995,853.2625663440522,0.08532625663440521,-29.232228353899963
catfish_synth_10000g,1,44.45651197162084,10000.0,24.831565245409845,385.25,112.7867048841579,65.8,64.6,861.0,13.68,9140.181080237277,9143.459256946611,859.8189197627235,0.08598189197627235,-30.401517488056314
catfish_synth_10000g,1,44.25625741319012,10000.0,25.03181980384057,383.5,114.06666527012761,66.1,64.8,864.0,13.66,9140.181080237277,9140.181080237277,859.8189197627235,0.08598189197627235,-30.40151748805152
catfish_synth_10000g,1,44.0560028547594,10000.0,25.232074362271295,386.5,115.35663838401885,66.5,64.9,867.0,13.54,9128.473306275366,9134.327193256322,871.5266937246342,0.08715266937246342,-28.647583786812454
catfish_synth_10000g,1,43.85574829632867,10000.0,25.43232892070202,383.5,116.63659876998858,66.8,65.0,869.0,13.56,9127.068373399938,9127.770839837653,872.9316266000624,0.08729316266000624,-30.986162055125156
catfish_synth_10000g,1,43.65549373789795,10000.0,25.63258347913274,387.0,117.92824067186675,67.3,65.3,874.0,13.52,9120.043709022792,9123.556041211365,879.9562909772085,0.08799562909772085,-28.647583786812454
catfish_synth_10000g,1,43.45523917946722,10000.0,25.83283803756347,384.5,119.21153863381032,67.7,65.3,873.0,13.5,9120.043709022792,9120.043709022792,879.9562909772085,0.08799562909772085,-26.893650085582465
catfish_synth_10000g,1,43.2549846210365,10000.0,26.033092595994194,387.25,120.50401492968196,68.0,65.6,866.0,13.14,9113.955666562597,9116.999687792693,886.0443334374031,0.08860443334374031,-25.724360951430427
catfish_synth_10000g,1,43.05473006260577,10000.0,26.233347154424916,386.0,121.79231925558629,68.4,65.7,858.0,13.68,9104.121136434593,9109.038401498594,895.8788635654073,0.08958788635654073,-26.893650085582465
catfish_synth_10000g,1,42.85447550417505,10000.0,26.43360171285564,386.25,123.08145797548408,68.7,65.7,899.0,13.1,9103.652825476116,9103.886980955354,896.347174523884,0.0896347174523884,-26.893650085582465
catfish_synth_10000g,1,42.65422094574432,10000.0,26.63385627128637,386.5,124.37143108937533,69.1,65.8,850.0,13.93,9094.754917265063,9099.20387137059,905.2450827349367,0.09052450827349366,-25.724360951430427
catfish_synth_10000g,1,42.4539663873136,10000.0,26.83411082971709,386.75,125.66223859726004,69.3,66.0,885.0,13.23,9091.945051514205,9093.349984389635,908.0549484857947,0.09080549484857947,-26.893650085582465
catfish_synth_10000g,1,42.25371182888287,10000.0,27.034365388147815,387.25,126.95471489313168,69.7,66.1,842.0,13.89,9091.008429597252,9091.476740555729,908.991570402748,0.0908991570402748,-26.893650085582237
catfish_synth_10000g,1,42.05345727045215,10000.0,27.23461994657854,385.5,128.24135043104909,70.0,66.1,872.0,13.42,9082.578832344676,9086.793630970964,917.4211676553241,0.09174211676553241,-26.893650085582237
catfish_synth_10000g,1,41.85320271202143,10000.0,27.43487450500926,388.25,129.53716430289455,70.3,66.4,875.0,13.39,9079.300655635341,9080.93974399001,920.6993443646588,0.09206993443646588,-28.647583786812454
catfish_synth_10000g,1,41.6529481535907,10000.0,27.63512906343999,386.0,130.8254686287989,70.7,66.4,849.0,13.91,9073.212613175148,9076.256634405245,926.7873868248516,0.09267873868248516,-26.893650085582237
catfish_synth_10000g,1,41.45269359515997,10000.0,27.835383621870715,387.5,132.11877931866397,71.0,66.7,893.0,13.08,9072.275991258193,9072.74430221667,927.7240087418068,0.09277240087418068,-25.724360951425886
catfish_synth_10000g,1,41.25243903672926,10000.0,28.035638180301437,387.0,133.41042122054216,71.3,66.7,850.0,13.78,9065.251326881047,9068.76365906962,934.7486731189529,0.09347486731189529,-24.555071817269763
catfish_synth_10000g,1,41.05218447829853,10000.0,28.23589273873216,386.75,134.70122872842686,71.6,66.8,894.0,13.12,9058.226662503901,9061.738994692474,941.773337496099,0.0941773337496099,-24.555071817269763
catfish_synth_10000g,1,40.8519299198678,10000.0,28.43614729716289,388.0,135.99620820627888,71.8,66.8,870.0,13.41,9058.226662503901,9058.226662503901,941.773337496099,0.0941773337496099,-23.385782683117746
catfish_synth_10000g,1,40.65167536143708,10000.0,28.63640185559361,386.0,137.28451253218321,72.1,67.0,880.0,13.31,9056.353418669998,9057.29004058695,943.6465813300019,0.0943646581330002,-23.385782683117746
catfish_synth_10000g,1,40.45142080300636,10000.0,28.836656414024336,388.5,138.58116079802215,72.5,67.0,895.0,13.06,9052.13862004371,9054.246019356855,947.86137995629,0.094786137995629,-23.385782683117537
catfish_synth_10000g,1,40.25116624457563,10000.0,29.03691097245506,386.5,139.8711339119134,72.8,67.0,870.0,13.46,9044.645644708087,9048.392132375899,955.3543552919127,0.09553543552919128,-23.385782683117537
catfish_synth_10000g,1,40.05091168614491,10000.0,29.237165530885783,388.75,141.16861657174582,73.1,67.2,898.0,13.01,9035.747736497035,9040.196690602561,964.2522635029654,0.09642522635029654,-23.385782683117746
catfish_synth_10000g,1,39.85065712771418,10000.0,29.43742008931651,387.25,142.46109286761745,73.4,67.3,890.0,13.06,9034.81111458008,9035.279425538556,965.1888854199206,0.09651888854199206,-23.385782683117746
catfish_synth_10000g,1,39.65040256928346,10000.0,29.637674647747236,388.75,143.75857552744986,73.7,67.3,878.0,13.42,9025.91320636903,9030.362160474555,974.0867936309696,0.09740867936309697,-23.385782683117746
catfish_synth_10000g,1,39.45014801085273,10000.0,29.837929206177957,389.25,145.0577269752692,74.0,67.3,913.0,12.68,9025.91320636903,9025.91320636903,974.0867936309696,0.09740867936309697,-23.385782683117746
catfish_synth_10000g,1,39.24989345242201,10000.0,30.038183764608682,387.5,146.35103766513427,74.2,67.5,880.0,13.33,9023.103340618169,9024.5082734936,976.8966593818313,0.09768966593818314,-23.385782683117537
catfish_synth_10000g,1,39.04963889399128,10000.0,30.23843832303941,390.0,147.65269229493398,74.5,67.5,880.0,13.31,9023.103340618169,9023.103340618169,976.8966593818313,0.09768966593818314,-22.801138116035226
catfish_synth_10000g,1,38.84938433556056,10000.0,30.438692881470132,390.25,148.95518131872714,74.8,67.6,926.0,12.7,9007.180768029972,9015.142054324071,992.8192319700283,0.09928192319700284,-23.385782683117537
catfish_synth_10000g,1,38.44887521869911,10000.0,30.839201998331582,390.25,151.56015936631348,75.5,67.7,877.0,13.39,9007.180768029972,9007.180768029972,992.8192319700283,0.09928192319700284,-23.385782683117537
catfish_synth_10000g,1,38.24862066026839,10000.0,31.039456556762303,390.0,152.8618139961132,75.9,67.8,926.0,12.5,8995.004683109582,9001.092725569777,1004.9953168904176,0.10049953168904176,-23.385782683117746
catfish_synth_10000g,1,38.04836610183766,10000.0,31.239711115193032,389.5,154.16179983792597,76.1,67.9,879.0,13.33,8994.068061192631,8994.536372151106,1005.9319388073691,0.10059319388073691,-23.385782683117746
catfish_synth_10000g,1,37.84811154340693,10000.0,31.439965673623757,390.75,155.46595764970607,76.4,67.9,895.0,13.06,8989.853262566343,8991.960661879486,1010.1467374336571,0.10101467374336572,-23.385782683117537
catfish_synth_10000g,1,37.647856984976215,10000.0,31.640220232054478,390.0,156.76761227950578,76.7,68.0,944.0,12.36,8981.423665313769,8985.638463940057,1018.5763346862313,0.10185763346862313,-23.385782683117746
catfish_synth_10000g,1,37.44760242654549,10000.0,31.840474790485203,390.25,158.07010130329897,76.9,68.0,864.0,13.58,8981.423665313769,8981.423665313769,1018.5763346862313,0.10185763346862313,-22.801138116035226
catfish_synth_10000g,1,37.04709330968404,10000.0,32.24098390734665,390.0,160.67341056289837,77.3,68.1,878.0,13.29,8979.550421479862,8980.487043396815,1020.449578520138,0.1020449578520138,-22.801138116035226
catfish_synth_10000g,1,36.84683875125331,10000.0,32.44123846577738,391.25,161.97923716266536,77.6,68.2,914.0,12.71,8970.184202310335,8974.867311895097,1029.8157976896655,0.10298157976896655,-22.801138116035226
catfish_synth_10000g,1,36.64658419282259,10000.0,32.6414930242081,389.5,163.27922300447815,77.9,68.2,901.0,12.99,8968.310958476428,8969.247580393381,1031.689041523572,0.1031689041523572,-22.801138116035226
catfish_synth_10000g,1,36.446329634391866,10000.0,32.841747582638824,391.0,164.5842152102517,78.1,68.3,890.0,13.14,8964.564470808617,8966.437714642521,1035.4355291913835,0.10354355291913835,-21.63184898187908
catfish_synth_10000g,1,36.24607507596114,10000.0,33.04200214106955,390.25,165.88670423404488,78.4,68.3,925.0,12.47,8963.159537933187,8963.862004370902,1036.8404620668134,0.10368404620668134,-21.63184898187908
catfish_synth_10000g,1,36.04582051753041,10000.0,33.24225669950028,390.75,167.19086204582499,78.7,68.3,867.0,13.54,8956.603184514517,8959.881361223852,1043.3968154854829,0.1043396815485483,-21.63184898187908
catfish_synth_10000g,1,35.645311400668966,10000.0,33.642765816361724,390.25,169.79584009341133,79.2,68.5,880.0,13.33,8956.603184514517,8956.603184514517,1043.3968154854829,0.1043396815485483,-20.46255984772707
catfish_synth_10000g,1,35.44505684223824,10000.0,33.84302037479245,392.0,171.10416987515873,79.5,68.5,910.0,12.91,8946.768654386513,8951.685919450516,1053.231345613487,0.1053231345613487,-21.63184898187908
catfish_synth_10000g,1,35.244802283807516,10000.0,34.043274933223174,391.25,172.40999647492575,79.9,68.5,919.0,12.54,8943.490477677176,8945.129566031845,1056.5095223228236,0.10565095223228237,-23.38578268310885
catfish_synth_10000g,1,35.04454772537679,10000.0,34.2435294916539,391.5,173.7166574686862,80.1,68.4,882.0,13.31,8942.553855760225,8943.0221667187,1057.446144239775,0.1057446144239775,-23.38578268310885
catfish_synth_10000g,1,34.844293166946066,10000.0,34.44378405008462,392.25,175.02582164442708,80.2,68.6,944.0,12.18,8935.529191383079,8939.041523571652,1064.4708086169212,0.10644708086169212,-21.63184898187908
catfish_synth_10000g,1,34.644038608515345,10000.0,34.644038608515345,392.5,176.3358202141614,80.4,68.6,866.0,13.68,8931.782703715266,8933.655947549172,1068.2172962847344,0.10682172962847344,-21.63184898187908
catfish_synth_10000g,1,34.443784050084616,10000.0,34.84429316694607,393.0,177.64748757188266,80.6,68.6,949.0,12.03,8925.694661255073,8928.73868248517,1074.3053387449272,0.10743053387449272,-21.63184898187908
catfish_synth_10000g,1,34.24352949165389,10000.0,35.0445477253768,392.5,178.95748614161695,80.9,68.6,870.0,13.78,8921.479862628785,8923.587261941928,1078.5201373712152,0.10785201373712153,-21.63184898187908
catfish_synth_10000g,1,34.04327493322317,10000.0,35.24480228380752,394.5,180.274159863299,81.0,68.7,948.0,12.55,8915.860131127069,8918.669996877927,1084.1398688729314,0.10841398688729315,-22.80113811603502
catfish_synth_10000g,1,33.843020374792445,10000.0,35.445056842238245,392.75,181.58499282702678,81.2,68.7,899.0,12.97,8914.923509210115,8915.391820168592,1085.0764907898847,0.10850764907898847,-22.80113811603502
catfish_synth_10000g,1,33.64276581636172,10000.0,35.64531140066897,394.75,182.90250094270223,81.5,68.7,913.0,12.71,8911.64533250078,8913.284420855449,1088.3546674992194,0.10883546674992195,-22.80113811603502
catfish_synth_10000g,1,33.442511257930995,10000.0,35.845565959099694,393.25,184.21500269441694,81.8,68.7,893.0,13.04,8909.772088666874,8910.708710583827,1090.227911333126,0.1090227911333126,-20.46255984772707
catfish_synth_10000g,1,33.24225669950027,10000.0,36.04582051753042,394.75,185.5325108100924,82.1,68.6,942.0,12.73,8906.962222916016,8908.367155791446,1093.037777083984,0.10930377770839841,-20.462559847726897
catfish_synth_10000g,1,33.042002141069545,10000.0,36.246075075961144,393.5,186.84584695580057,82.2,68.8,883.0,13.27,8904.620668123634,8905.791445519826,1095.3793318763655,0.10953793318763655,-19.877915280644356
catfish_synth_10000g,1,32.841747582638824,10000.0,36.446329634391866,394.75,188.16335507147605,82.5,68.8,935.0,12.36,8898.064314704965,8901.3424914143,1101.935685295035,0.1101935685295035,-19.877915280644356
catfish_synth_10000g,1,32.641493024208096,10000.0,36.646584192822594,393.75,189.47752561117767,82.7,68.7,853.0,13.84,8898.064314704965,8898.064314704965,1101.935685295035,0.1101935685295035,-19.877915280644356
catfish_synth_10000g,1,32.44123846577737,10000.0,36.84683875125332,394.75,190.79503372685312,83.0,68.7,963.0,11.86,8892.444583203247,8895.254448954107,1107.555416796753,0.1107555416796753,-18.12398157941015
catfish_synth_10000g,1,32.240983907346646,10000.0,37.047093309684044,394.25,192.11087305454168,83.0,68.8,868.0,13.33,8892.444583203247,8892.444583203247,1107.555416796753,0.1107555416796753,-16.37004787817984
catfish_synth_10000g,1,32.040729348915924,10000.0,37.247347868114765,394.0,193.42587798823678,83.3,68.8,933.0,12.38,8891.507961286294,8891.97627224477,1108.4920387137063,0.11084920387137062,-16.37004787817984
catfish_synth_10000g,1,31.840474790485196,10000.0,37.447602426545494,395.0,194.74422049790573,83.6,68.7,912.0,12.73,8880.736809241336,8886.122385263814,1119.2631907586638,0.11192631907586638,-16.37004787817984
catfish_synth_10000g,1,31.640220232054475,10000.0,37.647856984976215,394.0,196.0592254316008,83.8,68.6,895.0,12.99,8880.736809241336,8880.736809241336,1119.2631907586638,0.11192631907586638,-16.37004787817984
catfish_synth_10000g,1,31.439965673623746,10000.0,37.848111543406944,395.0,197.37756794126975,84.0,68.6,945.0,12.06,8875.585388698095,8878.161098969715,1124.414611301905,0.1124414611301905,-16.37004787817984
catfish_synth_10000g,1,31.239711115193025,10000.0,38.048366101837665,393.75,198.69173848097137,84.1,68.7,864.0,13.62,8875.585388698095,8875.585388698095,1124.414611301905,0.1124414611301905,-16.37004787817984
catfish_synth_10000g,1,31.039456556762303,10000.0,38.24862066026839,395.0,200.01008099064032,84.6,68.7,981.0,11.34,8874.648766781142,8875.117077739618,1125.3512332188584,0.11253512332188584,-15.200758744028011
catfish_synth_10000g,1,30.839201998331575,10000.0,38.448875218699115,394.25,201.32592031832888,85.1,68.6,852.0,13.82,8869.029035279427,8871.838901030285,1130.9709647205727,0.11309709647205728,-16.370047878175008
catfish_synth_10000g,1,30.638947439900853,10000.0,38.649129777129836,394.5,202.6425940400109,85.5,68.6,959.0,11.91,8863.409303777707,8866.219169528567,1136.5906962222925,0.11365906962222926,-16.370047878175008
catfish_synth_10000g,1,30.438692881470125,10000.0,38.849384335560565,394.75,203.96010215568634,85.2,68.7,923.0,12.61,8862.00437090228,8862.706837339992,1137.9956290977207,0.11379956290977207,-16.370047878175008
catfish_synth_10000g,1,30.238438323039404,10000.0,39.049638893991286,394.0,205.27510708938144,85.3,68.7,884.0,12.91,8861.536059943803,8861.770215423041,1138.4639400561973,0.11384639400561973,-16.370047878175008
catfish_synth_10000g,1,30.038183764608682,10000.0,39.24989345242201,396.0,206.5967871750242,85.6,68.6,987.0,11.49,8854.979706525133,8858.257883234468,1145.0202934748668,0.11450202934748668,-16.370047878175008
catfish_synth_10000g,1,29.837929206177947,10000.0,39.45014801085274,395.0,207.91512968469314,85.8,68.6,863.0,13.89,8853.574773649703,8854.277240087418,1146.4252263502967,0.11464252263502968,-16.370047878175008
catfish_synth_10000g,1,29.437420089316504,10000.0,39.850657127714186,396.5,210.56182743195257,86.0,0.0,882.0,12.97,8836.247268186076,8844.91102091789,1163.7527318139237,0.11637527318139236,-16.370047878175008
catfish_synth_10000g,1,29.237165530885775,10000.0,40.050911686144914,396.5,211.88517630558226,86.3,0.0,976.0,11.67,8836.247268186076,8836.247268186076,1163.7527318139237,0.11637527318139236,-16.370047878175008
catfish_synth_10000g,1,29.036910972455054,10000.0,40.251166244575636,396.5,213.208525179212,86.5,0.0,928.0,12.4,8830.627536684358,8833.437402435218,1169.3724633156417,0.11693724633156416,-15.200758744023469
catfish_synth_10000g,1,28.836656414024333,10000.0,40.45142080300636,395.75,214.5293708708613,86.7,0.0,942.0,12.19,8829.22260380893,8829.925070246645,1170.7773961910698,0.11707773961910697,-15.200758744023469
catfish_synth_10000g,1,28.636401855593604,10000.0,40.651675361437086,397.0,215.85438853247794,86.9,0.0,970.0,11.8,8820.793006556354,8825.007805182642,1179.2069934436458,0.11792069934436458,-16.370047878175008
catfish_synth_10000g,1,28.436147297162883,10000.0,40.85192991986781,396.0,217.17606861812072,87.1,0.0,940.0,12.26,8819.856384639403,8820.32469559788,1180.1436153605973,0.11801436153605974,-16.95469244525803
catfish_synth_10000g,1,28.23589273873216,10000.0,41.05218447829853,397.0,218.50108627973736,87.1,0.0,971.0,11.74,8818.45145176397,8819.153918201686,1181.548548236029,0.11815485482360291,-16.95469244525803
catfish_synth_10000g,1,28.035638180301426,10000.0,41.252439036729264,396.25,219.82360075937362,87.3,0.0,947.0,12.09,8817.983140805496,8818.217296284733,1182.016859194504,0.11820168591945039,-16.95469244525803
catfish_synth_10000g,1,27.835383621870704,10000.0,41.452693595159985,397.0,221.14861842099026,87.5,0.0,918.0,12.5,8809.085232594442,8813.53418669997,1190.9147674055585,0.11909147674055584,-16.95469244525803
catfish_synth_10000g,1,27.635129063439983,10000.0,41.65294815359071,396.75,222.47280168861343,87.7,0.0,1019.0,11.01,8809.085232594442,8809.085232594442,1190.9147674055585,0.11909147674055584,-17.539337012336507
catfish_synth_10000g,1,27.434874505009255,10000.0,41.853202712021435,396.75,223.79698495623657,87.9,0.0,918.0,12.7,8807.211988760537,8808.14861067749,1192.7880112394632,0.11927880112394633,-17.539337012336507
catfish_synth_10000g,1,27.234619946578533,10000.0,42.05345727045216,396.75,225.12116822385974,88.0,0.0,1023.0,10.95,8802.997190134249,8805.104589447394,1197.0028098657513,0.11970028098657512,-17.539337012336507
catfish_synth_10000g,1,27.034365388147812,10000.0,42.25371182888288,396.75,226.44535149148288,88.1,0.0,909.0,12.73,8797.84576959101,8800.421479862629,1202.1542304089908,0.12021542304089908,-17.539337012340738
catfish_synth_10000g,1,26.834110829717083,10000.0,42.453966387313606,396.75,227.76953475910605,88.4,0.0,1023.0,10.79,8792.226038089291,8795.035903840151,1207.7739619107087,0.12077739619107088,-17.539337012340738
catfish_synth_10000g,1,26.633856271286362,10000.0,42.65422094574433,397.5,229.09622120870958,88.8,0.0,1003.0,11.32,8792.226038089291,8792.226038089291,1207.7739619107087,0.12077739619107088,-17.539337012336507
catfish_synth_10000g,1,26.43360171285564,10000.0,42.85447550417505,396.25,230.41873568834583,89.1,0.0,885.0,13.08,8792.226038089291,8792.226038089291,1207.7739619107087,0.12077739619107088,-17.539337012336507
catfish_synth_10000g,1,26.233347154424905,10000.0,43.054730062605785,397.5,231.7454221379494,89.5,0.0,1072.0,10.06,8783.32812987824,8787.777083983765,1216.6718701217596,0.12166718701217596,-17.539337012340738
catfish_synth_10000g,1,26.033092595994184,10000.0,43.254984621036506,397.0,233.07043979956603,89.1,0.0,926.0,12.5,8783.32812987824,8783.32812987824,1216.6718701217596,0.12166718701217596,-18.708626146496403
catfish_synth_10000g,1,25.832838037563462,10000.0,43.45523917946723,396.75,234.39462306718917,89.3,0.0,1034.0,10.73,8778.645020293476,8780.986575085859,1221.3549797065243,0.12213549797065243,-18.708626146496403
catfish_synth_10000g,1,25.632583479132734,10000.0,43.655493737897956,397.25,235.72047512279926,89.4,0.0,985.0,11.52,8773.025288791758,8775.835154542616,1226.9747112082423,0.12269747112082423,-18.708626146496403
catfish_synth_10000g,1,25.432328920702012,10000.0,43.85574829632868,396.25,237.04298960243554,89.6,10.0,962.0,11.85,8766.000624414612,8769.512956603185,1233.9993755853884,0.12339993755853884,-21.047204414800376
catfish_synth_10000g,1,25.23207436227129,10000.0,44.0560028547594,398.0,238.37134484002598,89.7,9.2,1058.0,10.43,8766.000624414612,8766.000624414612,1233.9993755853884,0.12339993755853884,-21.047204414800376
catfish_synth_10000g,1,25.031819803840563,10000.0,44.25625741319013,397.5,239.69803128962954,89.9,8.4,911.0,12.73,8766.000624414612,8766.000624414612,1233.9993755853884,0.12339993755853884,-21.047204414800376
catfish_synth_10000g,1,24.83156524540984,10000.0,44.45651197162085,398.75,241.0288897092004,90.1,8.0,1090.0,10.06,8761.785825788324,8763.893225101467,1238.2141742116764,0.12382141742116765,-19.877915280644707
catfish_synth_10000g,1,24.63131068697912,10000.0,44.65676653005157,399.0,242.3605825227647,90.1,8.3,1006.0,11.2,8759.444270995942,8760.615048392134,1240.5557290040579,0.12405557290040578,-17.539337012336507
catfish_synth_10000g,1,24.431056128548384,10000.0,44.857021088482306,398.25,243.68977215434862,90.3,8.1,928.0,12.4,8750.078051826413,8754.761161411177,1249.9219481735872,0.12499219481735872,-17.539337012336507
catfish_synth_10000g,1,24.03054701168694,10000.0,45.25753020534375,398.75,246.3514889934903,91.0,7.5,914.0,12.68,8740.243521698409,8745.160786762412,1259.7564783015914,0.12597564783015913,-19.877915280644707
catfish_synth_10000g,1,23.830292453256213,10000.0,45.45778476377448,399.0,247.6831818070546,91.3,7.2,1083.0,10.11,8740.243521698409,8740.243521698409,1259.7564783015914,0.12597564783015913,-22.216493548956663
catfish_synth_10000g,1,23.63003789482549,10000.0,45.6580393222052,399.0,249.0148746206189,91.0,7.2,971.0,11.77,8739.77521073993,8740.009366219168,1260.2247892600699,0.126022478926007,-19.877915280644707
catfish_synth_10000g,1,23.42978333639477,10000.0,45.85829388063592,398.25,250.34406425220286,91.1,6.2,1066.0,10.41,8739.77521073993,8739.77521073993,1260.2247892600699,0.126022478926007,-16.954692445253777
catfish_synth_10000g,1,23.229528777964042,10000.0,46.05854843906665,399.0,251.67575706576716,91.2,5.3,944.0,12.23,8736.02872307212,8737.901966906025,1263.9712769278794,0.12639712769278794,-16.954692445253777
catfish_synth_10000g,1,23.02927421953332,10000.0,46.25880299749737,399.25,253.00828427332493,91.4,4.7,1104.0,9.88,8729.940680611926,8732.984701842022,1270.059319388074,0.1270059319388074,-19.877915280644707
catfish_synth_10000g,1,22.829019661102592,10000.0,46.4590575559281,398.5,254.33830829890235,91.5,4.5,905.0,13.02,8729.940680611926,8729.940680611926,1270.059319388074,0.1270059319388074,-16.954692445253777
catfish_synth_10000g,1,22.628765102671863,10000.0,46.659312114358826,399.5,255.67166990045357,91.7,4.1,1131.0,9.55,8729.940680611926,8729.940680611926,1270.059319388074,0.1270059319388074,-15.785403311097404
catfish_synth_10000g,1,22.428510544241142,10000.0,46.85956667278955,398.75,257.0025283200244,91.8,3.7,894.0,13.27,8726.662503902591,8728.30159225726,1273.3374960974088,0.1273337496097409,-15.785403311097404
catfish_synth_10000g,1,22.22825598581042,10000.0,47.05982123122027,399.75,258.3367243155691,91.9,2.9,1131.0,9.68,8725.725881985638,8726.194192944115,1274.274118014362,0.1274274118014362,-15.785403311097134
catfish_synth_10000g,1,22.028001427379692,10000.0,47.260075789651,398.5,259.6667483411465,92.0,2.3,904.0,12.91,8718.701217608492,8722.213549797065,1281.2987823915082,0.1281298782391508,-15.785403311097134
catfish_synth_10000g,1,21.82774686894897,10000.0,47.46033034808172,399.0,260.9984411547108,92.0,2.0,1113.0,9.85,8714.95472994068,8716.827973774587,1285.0452700593196,0.12850452700593196,-15.785403311097134
catfish_synth_10000g,1,21.62749231051825,10000.0,47.66058490651244,398.5,262.3284651802882,92.4,1.2,910.0,12.77,8714.95472994068,8714.95472994068,1285.0452700593196,0.12850452700593196,-15.785403311097134
catfish_synth_10000g,1,21.42723775208752,10000.0,47.86083946494317,399.0,263.6601579938525,92.7,0.4,1141.0,9.43,8707.930065563534,8711.442397752107,1292.0699344364657,0.12920699344364658,-16.954692445253464
catfish_synth_10000g,1,21.226983193656793,10000.0,48.0610940233739,398.5,264.99018201942994,92.9,0.0,902.0,12.99,8705.588510771153,8706.759288167344,1294.4114892288471,0.12944114892288472,-16.954692445253464
catfish_synth_10000g,1,21.02672863522607,10000.0,48.26134858180462,399.25,266.32270922698774,93.2,0.0,1127.0,9.65,8704.651888854198,8705.120199812674,1295.3481111458022,0.12953481111458023,-15.785403311097134
catfish_synth_10000g,1,20.826474076795343,10000.0,48.46160314023535,399.0,267.65440204055204,93.4,0.0,950.0,12.13,8701.373712144865,8703.012800499531,1298.6262878551352,0.12986262878551352,-15.785403311097134
catfish_synth_10000g,1,20.62621951836462,10000.0,48.66185769866607,399.5,268.98776364210323,93.0,0.0,1074.0,10.29,8696.6906025601,8699.032157352482,1303.3093974398998,0.13033093974399,-15.785403311097134
catfish_synth_10000g,1,20.4259649599339,10000.0,48.86211225709679,400.0,270.3227940316414,93.3,0.0,976.0,11.69,8695.285669684668,8695.988136122385,1304.7143303153316,0.13047143303153316,-15.20075874402349
catfish_synth_10000g,1,20.22571040150317,10000.0,49.06236681552752,400.0,271.6578244211796,93.5,0.0,1089.0,9.96,8692.475803933812,8693.88073680924,1307.5241960661879,0.1307524196066188,-12.862180475715288
catfish_synth_10000g,1,20.02545584307245,10000.0,49.26262137395824,399.75,272.9920204167243,93.8,0.0,931.0,12.4,8690.602560099906,8691.539182016859,1309.3974399000945,0.13093974399000946,-13.44682504278893
catfish_synth_10000g,1,19.82520128464173,10000.0,49.46287593238896,401.0,274.3303883822363,94.0,0.0,1146.0,9.42,8690.13424914143,8690.368404620669,1309.8657508585693,0.13098657508585693,-13.44682504278893
catfish_synth_10000g,1,19.624946726211,10000.0,49.66313049081969,400.0,275.66541877177445,94.2,0.0,883.0,13.23,8690.13424914143,8690.13424914143,1309.8657508585693,0.13098657508585693,-11.108246774480998
catfish_synth_10000g,1,19.42469216778027,10000.0,49.86338504925042,401.25,277.00462113128,94.4,0.0,1162.0,9.21,8684.98282859819,8687.55853886981,1315.0171714018106,0.13150171714018105,-11.108246774480998
catfish_synth_10000g,1,19.22443760934955,10000.0,50.06363960768114,400.0,278.3396515208181,94.0,0.0,926.0,12.47,8684.514517639713,8684.748673118951,1315.4854823602873,0.13154854823602874,-11.108246774480998
catfish_synth_10000g,1,19.024183050918822,10000.0,50.26389416611187,401.0,279.67801948633013,94.3,0.0,1077.0,10.27,8680.299719013425,8682.40711832657,1319.7002809865753,0.13197002809865754,-11.10824677448079
catfish_synth_10000g,1,18.8239284924881,10000.0,50.46414872454259,400.0,281.01304987586826,94.5,0.0,1040.0,10.72,8678.42647517952,8679.363097096473,1321.57352482048,0.13215735248204802,-11.692891341554436
catfish_synth_10000g,1,18.62367393405738,10000.0,50.66440328297331,400.75,282.35058344738684,94.7,0.0,1023.0,10.95,8675.148298470185,8676.787386824853,1324.8517015298148,0.13248517015298147,-12.277535908632828
catfish_synth_10000g,1,18.42341937562665,10000.0,50.86465784140404,399.75,283.68477944293153,94.9,0.0,1009.0,11.17,8672.806743677802,8673.977521073994,1327.193256322198,0.1327193256322198,-12.862180475715327
catfish_synth_10000g,1,18.22316481719593,10000.0,51.06491239983476,401.0,285.02314740844355,95.1,0.0,1034.0,10.73,8670.46518888542,8671.63596628161,1329.5348111145795,0.13295348111145794,-12.27753590863737
catfish_synth_10000g,1,18.022910258765208,10000.0,51.26516695826548,400.5,286.3598465859687,95.3,0.0,1088.0,10.08,8666.25039025913,8668.357789572276,1333.7496097408693,0.13337496097408694,-12.27753590863737
catfish_synth_10000g,1,17.822655700334472,10000.0,51.46542151669622,400.0,287.6948769755068,95.0,0.0,964.0,11.82,8665.31376834218,8665.782079300654,1334.6862316578208,0.1334686231657821,-12.8621804757151
catfish_synth_10000g,1,17.62240114190375,10000.0,51.66567607512694,400.75,289.0324105470254,95.2,0.0,1117.0,9.55,8663.440524508274,8664.377146425228,1336.5594754917256,0.13365594754917257,-12.8621804757151
catfish_synth_10000g,1,17.42214658347303,10000.0,51.86593063355766,400.5,290.36910972455047,95.3,0.0,981.0,11.64,8658.75741492351,8661.098969715891,1341.2425850764903,0.13412425850764903,-12.862180475719413
catfish_synth_10000g,1,17.2218920250423,10000.0,52.06618519198839,400.0,291.70414011408866,95.5,0.0,1059.0,10.55,8658.75741492351,8658.75741492351,1341.2425850764903,0.13412425850764903,-12.8621804757151
catfish_synth_10000g,1,17.02163746661158,10000.0,52.26643975041911,401.25,293.0433424735941,95.7,0.0,1073.0,10.29,8653.605994380268,8656.181704651888,1346.3940056197316,0.13463940056197315,-12.8621804757151
catfish_synth_10000g,1,16.82138290818086,10000.0,52.46669430884983,400.0,294.3783728631323,95.9,0.0,972.0,11.66,8652.669372463315,8653.137683421792,1347.330627536685,0.1347330627536685,-12.862180475719413
catfish_synth_10000g,1,16.62112834975013,10000.0,52.66694886728056,401.0,295.7167408286443,96.1,0.0,1200.0,8.35,8648.922884795506,8650.79612862941,1351.0771152044945,0.13510771152044945,-12.8621804757151
catfish_synth_10000g,1,16.42087379131941,10000.0,52.86720342571128,399.75,297.050936824189,96.3,0.0,895.0,13.14,8646.113019044644,8647.517951920076,1353.8869809553562,0.1353886980955356,-12.8621804757151
catfish_synth_10000g,1,16.220619232888687,10000.0,53.067457984142,400.5,298.3876360017141,96.5,0.0,1173.0,8.92,8646.113019044644,8646.113019044644,1353.8869809553562,0.1353886980955356,-12.8621804757151
catfish_synth_10000g,1,16.02036467445795,10000.0,53.26771254257274,399.75,299.72183199725885,96.1,0.0,954.0,12.08,8642.83484233531,8644.473930689977,1357.165157664689,0.1357165157664689,-12.8621804757151
catfish_synth_10000g,1,15.82011011602723,10000.0,53.46796710100346,400.25,301.0576967807904,96.3,0.0,1138.0,9.47,8642.83484233531,8642.83484233531,1357.165157664689,0.1357165157664689,-12.27753590863737
catfish_synth_10000g,1,15.619855557596509,10000.0,53.66822165943418,401.0,302.39606474630244,96.5,0.0,1055.0,10.58,8642.83484233531,8642.83484233531,1357.165157664689,0.1357165157664689,-11.692891341559184
catfish_synth_10000g,1,15.41960099916578,10000.0,53.86847621786491,401.0,303.73443271181446,96.7,0.0,1008.0,11.17,8627.848891664065,8635.341866999688,1372.1511083359346,0.13721511083359347,-12.27753590863737
catfish_synth_10000g,1,15.219346440735059,10000.0,54.06873077629563,402.5,305.0778070412872,96.8,0.0,1191.0,8.96,8625.507336871684,8626.678114267874,1374.492663128316,0.1374492663128316,-12.8621804757151
catfish_synth_10000g,1,15.019091882304338,10000.0,54.26898533472635,401.0,306.4161750067992,97.0,0.0,935.0,12.48,8623.634093037777,8624.57071495473,1376.3659069622227,0.13763659069622228,-12.8621804757151
catfish_synth_10000g,1,14.818837323873609,10000.0,54.46923989315708,402.75,307.76038373026546,97.2,0.0,1258.0,8.23,8619.41929441149,8621.526693724634,1380.5807055885107,0.13805807055885108,-12.862180475719413
catfish_synth_10000g,1,14.618582765442888,10000.0,54.6694944515878,401.5,309.1004204837644,97.4,0.0,955.0,12.06,8614.736184826725,8617.077739619108,1385.2638151732754,0.13852638151732755,-12.862180475719642
catfish_synth_10000g,1,14.418328207012166,10000.0,54.86974901001852,401.75,310.44129163125683,97.0,0.0,1104.0,9.87,8614.736184826725,8614.736184826725,1385.2638151732754,0.13852638151732755,-12.8621804757151
catfish_synth_10000g,1,14.21807364858143,10000.0,55.07000356844926,403.0,311.78633474871657,97.1,0.0,1194.0,8.93,8614.736184826725,8614.736184826725,1385.2638151732754,0.13852638151732755,-12.8621804757151
catfish_synth_10000g,1,14.01781909015071,10000.0,55.27025812687998,401.5,313.12637150221553,97.3,0.0,928.0,12.43,8614.736184826725,8614.736184826725,1385.2638151732754,0.13852638151732755,-12.27753590863737
catfish_synth_10000g,1,13.817564531719988,10000.0,55.4705126853107,403.0,314.4714146196753,97.5,0.0,1270.0,8.14,8614.736184826725,8614.736184826725,1385.2638151732754,0.13852638151732755,-11.692891341563726
catfish_synth_10000g,1,13.61730997328926,10000.0,55.67076724374143,401.75,315.8122857671677,97.7,0.0,950.0,12.08,8614.736184826725,8614.736184826725,1385.2638151732754,0.13852638151732755,-11.692891341558976
catfish_synth_10000g,1,13.417055414858538,10000.0,55.87102180217215,402.25,317.154825702647,97.8,0.0,1111.0,9.73,8609.116453325008,8611.926319075867,1390.8835466749915,0.13908835466749916,-11.692891341558976
catfish_synth_10000g,1,13.216800856427817,10000.0,56.07127636060287,403.0,318.4998688201067,98.0,0.0,1254.0,8.26,8609.116453325008,8609.116453325008,1390.8835466749915,0.13908835466749916,-11.692891341558976
catfish_synth_10000g,1,13.016546297997088,10000.0,56.2715309190336,401.75,319.8407399675991,98.2,0.0,951.0,11.95,8607.243209491102,8608.179831408055,1392.7567905088981,0.1392756790508898,-11.692891341554228
catfish_synth_10000g,1,12.816291739566367,10000.0,56.47178547746432,402.0,321.18244550908497,98.3,0.0,1035.0,10.74,8602.091788947862,8604.667499219482,1397.9082110521376,0.13979082110521376,-11.692891341558976
catfish_synth_10000g,1,12.616037181135646,10000.0,56.672040035895044,403.25,322.52832302053815,98.5,0.0,1299.0,7.88,8602.091788947862,8602.091788947862,1397.9082110521376,0.13979082110521376,-11.692891341558976
catfish_synth_10000g,1,12.41578262270491,10000.0,56.87229459432578,402.25,323.87086295601745,98.0,0.0,1010.0,10.73,8602.091788947862,8602.091788947862,1397.9082110521376,0.13979082110521376,-11.692891341558976
catfish_synth_10000g,1,12.215528064274189,10000.0,57.0725491527565,401.75,325.2117341035099,98.3,0.0,978.0,11.63,8601.623477989384,8601.857633468622,1398.376522010616,0.13983765220106162,-11.10824677447625
catfish_synth_10000g,1,12.015273505843467,10000.0,57.27280371118722,403.25,326.55761161496304,98.4,0.0,1263.0,8.17,8601.623477989384,8601.623477989384,1398.376522010616,0.13983765220106162,-9.354313073241897
catfish_synth_10000g,1,11.614764388982017,10000.0,57.67331282804867,401.75,329.23935390994785,98.7,0.0,954.0,12.03,8600.218545113956,8600.921011551669,1399.7814548860442,0.13997814548860443,-8.185023939085234
catfish_synth_10000g,1,11.414509830551296,10000.0,57.873567386479394,401.75,330.58022505744026,98.9,0.0,994.0,11.32,8596.94036840462,8598.579456759287,1403.0596315953808,0.14030596315953808,-8.185023939085234
catfish_synth_10000g,1,11.214255272120567,10000.0,58.07382194491012,403.5,331.9269369628869,99.0,0.0,1265.0,8.14,8596.003746487668,8596.472057446143,1403.9962535123323,0.14039962535123324,-9.354313073241897
catfish_synth_10000g,1,11.014000713689846,10000.0,58.274076503340844,403.25,333.27281447434007,99.1,0.0,1247.0,8.34,8595.535435529191,8595.76959100843,1404.464564470809,0.1404464564470809,-9.354313073241897
catfish_synth_10000g,1,10.813746155259125,10000.0,58.474331061771565,403.0,334.61785759179975,99.3,0.0,957.0,11.96,8595.535435529191,8595.535435529191,1404.464564470809,0.1404464564470809,-7.600379372011798
catfish_synth_10000g,1,10.61349159682839,10000.0,58.6745856202023,403.5,335.9645694972464,99.4,0.0,1061.0,10.35,8592.725569778333,8594.130502653763,1407.274430221667,0.1407274430221667,-8.769668506163462
catfish_synth_10000g,1,10.413237038397668,10000.0,58.87484017863302,404.75,337.31545337266033,99.0,0.0,1315.0,7.73,8592.725569778333,8592.725569778333,1407.274430221667,0.1407274430221667,-7.0157348049334445
catfish_synth_10000g,1,10.212982479966946,10000.0,59.07509473706374,404.75,338.6663372480743,99.1,0.0,1267.0,8.07,8587.574149235092,8590.149859506713,1412.4258507649083,0.14124258507649085,-7.0157348049334445
catfish_synth_10000g,1,10.012727921536218,10000.0,59.27534929549447,403.5,340.0130491535209,99.3,0.0,999.0,11.31,8585.232594442708,8586.4033718389,1414.7674055572916,0.14147674055572915,-7.0157348049334445
catfish_synth_10000g,1,9.812473363105497,10000.0,59.47560385392519,404.0,341.3614298469544,99.4,9.7,1131.0,9.16,8585.232594442708,8585.232594442708,1414.7674055572916,0.14147674055572915,-6.431090237855258
catfish_synth_10000g,1,9.612218804674775,10000.0,59.675858412355915,405.0,342.7131481163618,99.6,9.1,1303.0,7.93,8583.82766156728,8584.530128004993,1416.1723384327197,0.14161723384327196,-5.261801103703593
catfish_synth_10000g,1,9.411964246244047,10000.0,59.87611297078664,403.75,344.0606944158019,99.7,8.4,975.0,11.71,8575.398064314704,8579.612862940992,1424.6019356852958,0.14246019356852957,-5.261801103703593
catfish_synth_10000g,1,9.211709687813325,10000.0,60.076367529217364,404.25,345.4099095032289,99.9,6.3,1095.0,9.99,8575.398064314704,8575.398064314704,1424.6019356852958,0.14246019356852957,-6.431090237855258
catfish_synth_10000g,1,9.011455129382604,10000.0,60.276622087648086,405.0,346.76162777263625,100.0,4.6,1360.0,7.34,8575.398064314704,8575.398064314704,1424.6019356852958,0.14246019356852957,-6.431090237855258
catfish_synth_10000g,1,8.811200570951868,10000.0,60.47687664607882,404.25,348.11084286006326,100.1,3.1,1053.0,10.55,8575.398064314704,8575.398064314704,1424.6019356852958,0.14246019356852957,-6.431090237855258
catfish_synth_10000g,1,8.610946012521147,10000.0,60.67713120450954,404.25,349.4600579474902,100.3,2.8,1072.0,10.27,8573.993131439276,8574.695597876991,1426.006868560724,0.14260068685607238,-6.431090237855258
catfish_synth_10000g,1,8.410691454090426,10000.0,60.877385762940264,405.0,350.8117762168976,100.4,2.4,1339.0,7.54,8573.993131439276,8573.993131439276,1426.006868560724,0.14260068685607238,-5.261801103703593
catfish_synth_10000g,1,8.210436895659697,10000.0,61.07764032137099,404.0,352.1601569103311,100.0,2.4,959.0,11.93,8569.310021854513,8571.651576646895,1430.6899781454867,0.14306899781454868,-5.261801103703593
catfish_synth_10000g,1,8.010182337228976,10000.0,61.277894879801714,404.5,353.51020639175164,100.0,1.9,1117.0,9.68,8569.310021854513,8569.310021854513,1430.6899781454867,0.14306899781454868,-6.431090237855258
catfish_synth_10000g,1,7.609673220367526,10000.0,61.678403996663164,404.0,356.2069677786187,100.0,0.0,939.0,12.28,8569.310021854513,8569.310021854513,1430.6899781454867,0.14306899781454868,-4.677156536625491
catfish_synth_10000g,1,7.4094186619368045,10000.0,61.878658555093885,405.0,357.5586860480261,100.0,0.0,1254.0,8.22,8560.880424601935,8565.095223228225,1439.1195753980646,0.14391195753980646,-4.677156536625491
catfish_synth_10000g,1,7.209164103506083,10000.0,62.07891311352461,405.25,358.91123871142696,100.0,0.0,1230.0,8.49,8560.41211364346,8560.646269122699,1439.5878863565395,0.14395878863565395,-6.431090237855258
catfish_synth_10000g,1,7.008909545075348,10000.0,62.27916767195534,404.25,360.260453798854,100.0,0.0,975.0,11.69,8559.00718076803,8559.709647205746,1440.9928192319694,0.14409928192319693,-6.431090237855258
catfish_synth_10000g,1,6.808654986644626,10000.0,62.479422230386064,405.5,361.61384085624826,100.0,0.0,1371.0,7.21,8552.919138307838,8555.963159537934,1447.0808616921622,0.1447080861692162,-7.0157348049334445
catfish_synth_10000g,1,6.608400428213905,10000.0,62.679676788816785,404.25,362.9630559436752,100.0,0.0,959.0,11.93,8550.577583515455,8551.748360911646,1449.4224164845455,0.14494224164845454,-8.769668506172607
catfish_synth_10000g,1,6.408145869783176,10000.0,62.87993134724751,405.25,364.31560860707606,100.0,0.0,1227.0,8.49,8548.704339681548,8549.640961598501,1451.295660318452,0.1451295660318452,-8.769668506172607
catfish_synth_10000g,1,6.207891311352455,10000.0,63.080185905678235,405.5,365.66899566447034,100.0,0.0,1203.0,8.83,8546.362784889167,8547.533562285356,1453.6372151108335,0.14536372151108334,-8.769668506172607
catfish_synth_10000g,1,5.807382194491005,10000.0,63.480695022539685,406.5,368.38244493120663,100.0,0.0,1249.0,8.32,8544.021230096785,8545.192007492977,1455.978769903215,0.14559787699032148,-8.769668506172607
catfish_synth_10000g,1,5.607127636060284,10000.0,63.680949580970406,405.5,369.7358319886009,100.0,0.0,1013.0,11.03,8535.123321885732,8539.572275991259,1464.8766781142676,0.14648766781142677,-10.523602207407166
catfish_synth_10000g,1,5.406873077629562,10000.0,63.88120413940113,407.5,371.095894197943,100.0,0.0,1389.0,7.16,8535.123321885732,8535.123321885732,1464.8766781142676,0.14648766781142677,-11.10824677448079
catfish_synth_10000g,1,5.206618519198827,10000.0,64.08145869783186,406.0,372.4509500433242,100.0,0.0,967.0,11.95,8535.123321885732,8535.123321885732,1464.8766781142676,0.14648766781142677,-11.10824677448079
catfish_synth_10000g,1,5.0063639607681125,10000.0,64.28171325626258,406.75,373.80850907068583,100.0,0.0,1263.0,8.17,8535.123321885732,8535.123321885732,1464.8766781142676,0.14648766781142677,-10.523602207407166
catfish_synth_10000g,1,4.806109402337384,10000.0,64.4819678146933,407.0,375.1669024920409,100.0,0.0,1237.0,8.43,8535.123321885732,8535.123321885732,1464.8766781142676,0.14648766781142677,-8.185023939094421
catfish_synth_10000g,1,4.605854843906656,10000.0,64.68222237312403,406.0,376.5219583374221,100.0,0.0,1043.0,10.62,8532.781767093351,8533.95254448954,1467.218232906649,0.1467218232906649,-8.185023939094318
catfish_synth_10000g,1,4.405600285475927,10000.0,64.88247693155476,407.25,377.8811861527707,100.0,0.0,1399.0,7.1,8528.566968467061,8530.674367780206,1471.433031532939,0.14714330315329388,-10.523602207407166
catfish_synth_10000g,1,4.205345727045213,10000.0,65.08273148998548,406.0,379.23624199815197,100.0,0.0,958.0,12.24,8528.566968467061,8528.566968467061,1471.433031532939,0.14714330315329388,-10.523602207407166
catfish_synth_10000g,1,4.005091168614484,10000.0,65.2829860484162,407.25,380.59546981350053,100.0,0.0,1424.0,6.82,8528.566968467061,8528.566968467061,1471.433031532939,0.14714330315329388,-8.185023939094318
catfish_synth_10000g,1,3.804836610183756,10000.0,65.48324060684693,405.75,381.9496912648883,100.0,0.0,1075.0,10.27,8524.820480799252,8526.693724633156,1475.1795192007485,0.14751795192007486,-9.938957640324272
catfish_synth_10000g,1,3.6045820517530416,10000.0,65.68349516527765,406.0,383.3047471102696,100.0,0.0,1134.0,9.54,8524.820480799252,8524.820480799252,1475.1795192007485,0.14751795192007486,-9.938957640324604
catfish_synth_10000g,1,3.404327493322313,10000.0,65.88374972370838,407.0,384.66314053162466,100.0,0.0,1407.0,6.96,8520.605682172963,8522.713081486108,1479.3943178270365,0.14793943178270366,-10.523602207402437
catfish_synth_10000g,1,3.2040729348915846,10000.0,66.0840042821391,405.5,386.01652758901895,100.0,0.0,941.0,12.24,8520.137371214487,8520.371526693725,1479.8626287855132,0.14798626287855132,-10.523602207407166
catfish_synth_10000g,1,3.0038183764608704,10000.0,66.28425884056982,406.5,387.37325222238707,100.0,0.0,1357.0,7.33,8520.137371214487,8520.137371214487,1479.8626287855132,0.14798626287855132,-10.523602207402437
catfish_synth_10000g,1,2.8035638180301277,10000.0,66.48451339900056,405.75,388.7274736737749,100.0,0.0,1040.0,11.2,8520.137371214487,8520.137371214487,1479.8626287855132,0.14798626287855132,-9.938957640320062
catfish_synth_10000g,1,2.6033092595994134,10000.0,66.68476795743128,406.0,390.08252951915614,100.0,0.0,1293.0,7.88,8511.70777396191,8515.922572588199,1488.2922260380892,0.14882922260380893,-10.523602207402437
catfish_synth_10000g,1,2.403054701168685,10000.0,66.885022515862,406.5,391.4392541525243,100.0,0.0,1234.0,8.61,8511.70777396191,8511.70777396191,1488.2922260380892,0.14882922260380893,-10.523602207402437
catfish_synth_10000g,1,2.2028001427379564,10000.0,67.08527707429273,405.25,392.79180681592516,100.0,0.0,1049.0,10.57,8511.70777396191,8511.70777396191,1488.2922260380892,0.14882922260380893,-9.938957640320062
catfish_synth_10000g,1,2.002545584307242,10000.0,67.28553163272345,406.5,394.1485314492933,100.0,0.0,1375.0,7.23,8511.70777396191,8511.70777396191,1488.2922260380892,0.14882922260380893,-9.938957640320062
catfish_synth_10000g,1,1.8022910258765137,10000.0,67.48578619115418,405.25,395.5010841126941,100.0,0.0,1103.0,10.07,8511.70777396191,8511.70777396191,1488.2922260380892,0.14882922260380893,-9.354313073241897
catfish_synth_10000g,1,1.6020364674457852,10000.0,67.6860407495849,406.0,396.8561399580754,100.0,0.0,1282.0,8.2,8506.556353418671,8509.132063690291,1493.4436465813287,0.14934436465813286,-9.354313073241897
catfish_synth_10000g,1,1.401781909015071,10000.0,67.88629530801562,405.75,398.2103614094632,100.0,0.0,1199.0,8.8,8506.556353418671,8506.556353418671,1493.4436465813287,0.14934436465813286,-9.354313073241897
catfish_synth_10000g,1,1.2015273505843425,10000.0,68.08654986644635,406.25,399.5662516488379,100.0,0.0,1198.0,8.86,8504.214798626288,8505.38557602248,1495.785201373712,0.1495785201373712,-7.60037937201161
catfish_synth_10000g,1,1.001272792153614,10000.0,68.28680442487708,406.5,400.92297628220604,100.0,0.0,1205.0,8.67,8503.746487667813,8503.98064314705,1496.2535123321868,0.14962535123321868,-8.185023939089776
catfish_synth_10000g,1,0.8010182337228855,10000.0,68.4870589833078,407.0,402.2813697035611,100.0,0.0,1273.0,8.08,8503.746487667813,8503.746487667813,1496.2535123321868,0.14962535123321868,-6.431090237859821
catfish_synth_10000g,1,0.6007636752921712,10000.0,68.68731354173852,406.75,403.6389287309227,100.0,9.8,1163.0,9.76,8501.40493287543,8503.746487667813,1498.59506712457,0.149859506712457,-5.846445670781655
catfish_synth_10000g,1,0.40050911686144275,10000.0,68.88756810016925,407.25,404.9981565462713,100.0,9.2,1264.0,8.27,8500.0,8503.746487667813,1500.0,0.15,-5.846445670781655
catfish_synth_10000g,1,0.20025455843071427,10000.0,69.08782265859998,407.0,406.35654996762634,100.0,8.5,1290.0,7.88,8500.0,8502.575710271622,1500.0,0.15,-5.846445670781655
catfish_synth_10000g,1,0.0,10000.0,69.28807721703069,407.5,407.71661217696834,100.0,7.9,1171.0,8.98,8500.0,8501.40493287543,1500.0,0.15,-5.846445670781863
