Timestamp,DHT11_Temp_C,DHT11_Humidity_pct,MAX6675_OvenTemp_C,MQ6_ADC,MQ6_Ratio,Weight_g
# Send 't' anytime to re-tare the load cell (tray must be empty). This also saves the new zero point for future boots.
2026-08-25 09:22:19,39.00,59.50,39.00,749,10.05,2.0
2026-08-25 09:22:24,39.00,59.30,39.00,752,10.08,2.1
2026-08-25 09:22:29,39.00,59.30,39.75,739,10.07,2.4
2026-08-25 09:22:34,39.00,59.30,39.00,739,10.08,2.3
2026-08-25 09:22:39,39.00,59.30,39.50,738,10.12,2.4
2026-08-25 09:22:44,39.10,59.20,39.25,735,10.10,2.5
2026-08-25 09:22:49,39.10,59.10,39.25,736,10.08,2.6
2026-08-25 09:22:54,39.10,59.10,39.25,735,10.15,3.0
2026-08-25 09:22:59,39.10,59.10,39.25,734,10.17,3.1
2026-08-25 09:23:04,39.20,59.10,39.50,733,10.12,2.8
2026-08-25 09:23:09,39.20,59.00,39.00,725,10.39,3.2
2026-08-25 09:23:14,39.20,59.00,39.00,731,10.25,3.2
2026-08-25 09:23:19,39.20,58.90,39.00,729,10.22,3.9
2026-08-25 09:23:24,39.20,58.90,38.75,729,10.25,3.8
2026-08-25 09:23:29,39.30,58.80,39.00,725,10.22,10.7
2026-08-25 09:23:34,39.30,58.80,39.00,725,10.30,20.5
2026-08-25 09:23:39,39.30,58.70,39.25,727,10.29,23.4
2026-08-25 09:23:44,39.30,58.70,39.00,725,10.37,8.8
2026-08-25 09:23:49,39.40,58.70,38.75,723,10.41,13.0
2026-08-25 09:23:54,39.40,58.60,39.00,721,10.37,5.6
2026-08-25 09:23:59,39.40,58.60,38.50,720,10.39,5.8
2026-08-25 09:24:04,39.40,58.50,39.00,720,10.37,6.4
2026-08-25 09:24:09,39.40,58.50,38.75,720,10.37,7.1
2026-08-25 09:24:14,39.50,58.50,38.50,720,10.37,6.8
2026-08-25 09:24:19,39.50,58.40,38.00,719,10.37,6.5
2026-08-25 09:24:24,39.50,58.40,38.00,719,10.37,6.6
2026-08-25 09:24:29,39.50,58.30,38.50,720,10.37,6.8
2026-08-25 09:24:34,39.50,58.30,38.25,720,10.43,6.6
2026-08-25 09:24:39,39.60,58.30,37.25,719,10.39,7.1
2026-08-25 09:24:44,39.60,58.20,37.75,720,10.46,7.0
2026-08-25 09:24:49,39.60,58.20,38.50,717,10.44,6.7
2026-08-25 09:24:54,39.60,58.20,39.00,716,10.43,7.3
2026-08-25 09:24:59,39.60,58.10,37.25,715,10.50,7.3
2026-08-25 09:25:04,39.60,58.00,38.75,715,10.50,7.5
2026-08-25 09:25:09,39.70,58.00,38.50,710,10.62,7.8
2026-08-25 09:25:14,39.70,57.90,38.25,709,10.37,7.6
2026-08-25 09:25:19,39.70,57.90,38.25,710,10.79,7.5
2026-08-25 09:25:24,39.70,57.80,38.00,688,10.70,7.9
2026-08-25 09:25:29,39.70,57.80,38.50,686,10.64,7.9
2026-08-25 09:25:34,39.70,57.70,38.25,706,10.60,7.7
2026-08-25 09:25:39,39.80,57.70,38.50,695,10.66,8.4
2026-08-25 09:25:44,39.80,57.60,38.00,706,10.62,7.2
2026-08-25 09:25:49,39.80,57.60,38.25,702,10.70,7.6
2026-08-25 09:25:54,39.80,57.50,38.00,706,10.70,523.3
2026-08-25 09:25:59,39.80,57.50,38.50,701,10.68,506.4
2026-08-25 09:26:04,39.80,57.40,38.25,704,10.66,492.2
2026-08-25 09:26:09,39.80,57.40,38.75,699,9.56,480.8
2026-08-25 09:26:14,39.90,57.30,38.25,701,10.77,491.6
2026-08-25 09:26:19,39.90,57.30,37.75,700,10.70,488.9
2026-08-25 09:26:24,39.90,57.30,38.00,697,10.86,493.3
2026-08-25 09:26:29,39.90,57.30,37.50,699,10.83,491.6
2026-08-25 09:26:34,39.90,57.20,37.75,698,10.75,489.0
2026-08-25 09:26:39,39.90,57.20,37.50,702,10.71,484.7
2026-08-25 09:26:44,39.90,57.20,38.25,698,10.75,483.8
2026-08-25 09:26:49,39.90,57.20,37.50,694,10.68,483.7
2026-08-25 09:26:54,40.00,57.00,37.75,695,10.75,478.8
2026-08-25 09:26:59,40.00,57.00,38.00,694,10.70,473.1
2026-08-25 09:27:04,40.00,57.00,37.50,697,10.71,481.3
2026-08-25 09:27:09,40.00,57.00,37.75,699,10.70,479.9
2026-08-25 09:27:14,40.00,56.90,38.00,699,10.71,483.6
2026-08-25 09:27:19,40.00,56.90,38.00,703,10.71,482.3
2026-08-25 09:27:24,40.00,56.90,38.00,701,10.75,481.7
2026-08-25 09:27:29,40.00,56.90,38.00,699,10.77,480.7
2026-08-25 09:27:34,40.10,56.90,37.25,700,10.71,482.0
2026-08-25 09:27:39,40.10,56.80,37.75,699,10.70,479.4
2026-08-25 09:27:44,40.10,56.80,37.75,698,10.71,479.5
2026-08-25 09:27:49,40.10,56.80,37.50,701,10.71,480.9
2026-08-25 09:27:54,40.10,56.80,38.00,703,10.68,478.7
2026-08-25 09:27:59,40.10,56.80,37.75,703,10.68,132.2
2026-08-25 09:28:04,40.10,56.80,37.75,703,10.60,158.1
2026-08-25 09:28:09,40.10,56.80,38.25,704,10.48,0.0
2026-08-25 09:28:14,40.10,56.70,37.75,695,10.88,0.0
2026-08-25 09:28:19,40.10,56.30,37.25,650,11.60,0.0
2026-08-25 09:28:24,40.10,55.60,37.25,639,11.90,0.0
2026-08-25 09:28:29,40.00,54.80,38.25,618,12.26,0.0
2026-08-25 09:28:34,39.90,54.30,37.50,622,12.33,0.0
2026-08-25 09:28:39,39.80,53.60,37.25,617,12.50,0.0
2026-08-25 09:28:44,39.60,52.90,37.50,606,12.69,0.0
2026-08-25 09:28:49,39.50,52.50,37.25,599,12.91,0.0
2026-08-25 09:28:54,39.40,51.90,37.00,596,12.99,0.0
2026-08-25 09:28:59,39.20,51.50,36.50,597,12.94,0.0
2026-08-25 09:29:04,39.10,51.30,37.00,597,13.02,0.0
2026-08-25 09:29:09,39.00,51.20,37.25,601,12.67,0.0
2026-08-25 09:29:14,39.00,51.30,36.50,593,13.49,0.0
2026-08-25 09:29:19,38.90,51.20,36.75,591,13.15,0.0
2026-08-25 09:29:24,38.80,51.00,37.00,589,13.91,0.0
2026-08-25 09:29:29,38.60,51.00,37.25,587,13.17,0.0
2026-08-25 09:29:34,38.60,50.80,36.50,586,13.28,0.0
2026-08-25 09:29:39,38.40,50.80,37.00,582,13.41,0.0
2026-08-25 09:29:44,38.30,50.70,36.50,582,13.44,0.0
2026-08-25 09:29:49,38.20,50.80,35.75,580,13.46,0.0
2026-08-25 09:29:54,38.10,50.80,36.75,583,13.36,0.0
Re-taring... keep tray EMPTY.
Tare complete and saved (offset=24993).
2026-08-25 09:29:59,38.00,50.80,36.25,581,13.33,0.3
2026-08-25 09:30:04,37.90,51.10,36.25,582,13.36,1.0
2026-08-25 09:30:09,37.80,51.20,35.75,587,13.15,1.4
2026-08-25 09:30:14,37.70,51.40,36.75,591,13.12,1.4
2026-08-25 09:30:19,37.70,51.60,36.25,596,13.02,51.4
2026-08-25 09:30:24,37.60,51.90,36.25,599,13.09,3.3
2026-08-25 09:30:29,37.60,52.00,36.25,592,13.12,909.5
2026-08-25 09:30:34,37.50,52.10,35.75,590,13.15,1211.2
2026-08-25 09:30:39,37.40,52.20,36.25,585,13.12,1268.8
2026-08-25 09:30:44,37.30,52.40,36.00,583,13.22,1285.0
2026-08-25 09:30:49,37.30,52.60,36.50,589,13.22,1222.6
2026-08-25 09:30:54,37.20,52.80,36.00,581,13.33,1394.2
2026-08-25 09:30:59,37.20,52.90,36.00,585,14.03,1583.0
2026-08-25 09:31:04,37.20,53.10,35.50,640,13.38,1576.0
2026-08-25 09:31:09,37.10,53.30,36.00,585,13.36,1573.3
2026-08-25 09:31:14,37.10,53.50,37.25,582,13.33,1570.4
2026-08-25 09:31:19,37.20,53.70,38.00,588,13.15,1568.7
2026-08-25 09:31:24,37.20,53.90,39.75,594,13.02,1567.1
2026-08-25 09:31:29,37.20,54.30,43.50,594,13.07,1565.9
2026-08-25 09:31:34,37.30,54.60,48.00,599,12.99,1565.4
2026-08-25 09:31:39,37.30,54.80,54.00,593,13.15,1563.3
2026-08-25 09:31:44,37.40,55.00,61.75,601,12.86,1562.3
2026-08-25 09:31:49,37.40,55.30,67.75,602,12.76,1561.9
2026-08-25 09:31:54,37.50,55.40,76.50,601,12.74,1561.0
2026-08-25 09:31:59,37.50,55.60,85.25,610,12.69,1560.4
2026-08-25 09:32:04,37.60,55.70,93.25,611,12.59,1560.6
2026-08-25 09:32:09,37.70,55.80,102.25,617,12.64,1560.3
2026-08-25 09:32:14,37.80,56.00,112.25,621,12.43,0.0
2026-08-25 09:32:19,37.80,56.10,121.75,624,12.31,1559.7
2026-08-25 09:32:24,37.90,56.30,129.75,628,12.24,1559.3
2026-08-25 09:32:29,38.00,56.30,138.50,631,12.17,1559.4
2026-08-25 09:32:34,38.10,56.40,148.25,624,12.31,1559.2
2026-08-25 09:32:39,38.30,56.60,156.50,629,12.17,1558.4
2026-08-25 09:32:44,38.40,56.70,165.00,656,11.92,1558.5
2026-08-25 09:32:49,38.50,56.80,173.75,639,11.90,1558.1
2026-08-25 09:32:54,38.60,57.00,182.50,645,11.81,1557.8
2026-08-25 09:32:59,38.80,57.10,189.50,651,11.75,1557.7
2026-08-25 09:33:04,39.00,57.10,198.25,650,11.13,1557.2
2026-08-25 09:33:09,39.10,57.10,206.00,655,11.62,1556.8
2026-08-25 09:33:14,39.30,57.20,213.75,657,11.60,1556.8
2026-08-25 09:33:19,39.40,57.30,221.50,658,11.58,1556.6
2026-08-25 09:33:24,39.60,57.40,228.50,659,11.50,1555.8
2026-08-25 09:33:29,39.80,57.50,235.50,653,11.58,1555.5
2026-08-25 09:33:34,39.90,57.60,242.00,665,11.58,1555.4
2026-08-25 09:33:39,40.10,57.40,248.50,663,11.50,1554.8
2026-08-25 09:33:44,40.40,57.40,254.25,670,12.31,1553.8
2026-08-25 09:33:49,40.60,57.40,261.25,671,11.29,1552.9
2026-08-25 09:33:54,40.80,57.40,267.00,672,11.69,1552.5
2026-08-25 09:33:59,41.00,57.30,272.25,670,11.27,1552.1
2026-08-25 09:34:04,41.30,57.20,277.75,678,11.09,1550.7
2026-08-25 09:34:09,41.50,57.20,283.00,676,11.05,1549.4
2026-08-25 09:34:14,41.80,57.10,288.75,678,11.09,1548.7
2026-08-25 09:34:19,42.00,57.00,293.25,680,11.13,1548.0
2026-08-25 09:34:24,42.20,56.70,298.00,682,11.05,1547.2
2026-08-25 09:34:29,42.50,56.50,302.75,679,11.15,1546.4
2026-08-25 09:34:34,42.80,56.30,306.25,678,11.15,1545.7
2026-08-25 09:34:39,43.00,55.90,310.75,677,11.09,1544.8
2026-08-25 09:34:44,43.30,55.60,315.00,679,11.09,1544.1
2026-08-25 09:34:49,43.50,55.30,318.00,682,11.09,1543.0
2026-08-25 09:34:54,43.80,55.00,321.50,681,10.88,1541.1
2026-08-25 09:34:59,44.20,54.50,324.25,688,10.96,1540.6
2026-08-25 09:35:04,44.50,54.00,327.75,685,10.98,1540.9
2026-08-25 09:35:09,44.90,53.60,331.25,686,10.98,1538.3
2026-08-25 09:35:14,45.10,53.00,333.00,688,10.96,1537.4
2026-08-25 09:35:19,45.40,52.50,336.00,688,10.94,1536.2
2026-08-25 09:35:24,45.70,52.00,339.50,665,10.96,1534.9
2026-08-25 09:35:29,46.00,51.20,341.25,688,10.96,1533.9
2026-08-25 09:35:34,46.40,50.50,343.50,689,10.96,1533.0
2026-08-25 09:35:39,46.80,49.90,346.00,693,10.84,1532.8
2026-08-25 09:35:44,47.00,49.30,348.50,689,10.90,1531.0
2026-08-25 09:35:49,47.40,48.80,350.50,695,10.83,1530.0
2026-08-25 09:35:54,47.80,48.30,352.50,705,11.09,1528.7
2026-08-25 09:35:59,48.10,47.50,354.00,650,10.75,1527.5
2026-08-25 09:36:04,48.50,47.00,356.25,703,10.70,1526.4
2026-08-25 09:36:09,48.90,46.30,358.50,703,10.66,1526.0
2026-08-25 09:36:14,49.10,45.70,360.00,705,10.64,1525.4
2026-08-25 09:36:19,49.50,45.10,361.50,709,10.64,1524.0
2026-08-25 09:36:24,49.90,44.40,363.75,706,10.48,1522.2
2026-08-25 09:36:29,50.30,43.60,365.25,711,10.53,1521.4
2026-08-25 09:36:34,50.70,42.90,367.00,713,10.55,1519.8
2026-08-25 09:36:39,51.10,42.40,368.25,715,10.53,1518.8
2026-08-25 09:36:44,51.40,41.90,369.75,717,10.43,1517.6
2026-08-25 09:36:49,51.90,41.20,371.25,755,11.92,1517.2
2026-08-25 09:36:54,52.20,40.70,372.25,721,10.37,1516.4
2026-08-25 09:36:59,52.60,40.00,373.75,723,10.36,1517.1
2026-08-25 09:37:04,52.90,39.00,375.50,724,10.29,1515.5
2026-08-25 09:37:09,53.20,38.50,376.00,727,10.22,1514.8
2026-08-25 09:37:14,53.60,37.60,377.00,727,10.25,1513.1
2026-08-25 09:37:19,54.00,36.90,378.00,731,10.18,1512.2
2026-08-25 09:37:24,54.50,36.00,379.25,733,10.10,1511.5
2026-08-25 09:37:29,55.00,35.20,380.00,735,10.08,1510.7
2026-08-25 09:37:34,55.30,34.60,381.00,741,9.98,1510.1
2026-08-25 09:37:39,55.60,34.00,381.25,745,9.95,1509.1
2026-08-25 09:37:44,56.10,33.40,382.00,752,9.81,1507.6
2026-08-25 09:37:49,56.50,33.10,383.75,751,9.81,1506.5
2026-08-25 09:37:54,57.00,32.70,384.50,765,9.84,1505.9
2026-08-25 09:37:59,57.30,32.50,385.00,755,9.85,1504.9
2026-08-25 09:38:04,57.70,32.20,385.25,756,9.76,1504.9
2026-08-25 09:38:09,58.00,31.90,385.50,765,9.66,1504.4
2026-08-25 09:38:14,58.40,31.70,386.50,765,9.66,1503.4
2026-08-25 09:38:19,58.90,31.30,386.75,767,10.02,1502.4
2026-08-25 09:38:24,59.20,31.00,386.75,770,9.60,1501.9
2026-08-25 09:38:29,59.70,30.60,387.75,768,9.60,1500.6
2026-08-25 09:38:34,60.10,30.30,388.00,774,9.51,1499.6
2026-08-25 09:38:39,60.30,30.00,387.75,774,9.63,1498.2
2026-08-25 09:38:44,60.80,29.10,389.25,775,9.52,1497.5
2026-08-25 09:38:49,61.00,28.30,389.25,781,9.43,1497.0
2026-08-25 09:38:54,61.50,27.20,390.00,778,9.45,1495.8
2026-08-25 09:38:59,61.90,26.10,390.50,778,9.45,1495.1
2026-08-25 09:39:04,62.30,25.60,389.50,783,9.35,1494.7
2026-08-25 09:39:09,62.70,24.60,390.75,778,9.35,1493.5
2026-08-25 09:39:14,63.10,23.80,391.25,803,9.33,1492.5
2026-08-25 09:39:19,63.30,23.20,391.50,791,9.26,1491.7
2026-08-25 09:39:24,63.70,22.50,391.00,794,9.27,1491.1
2026-08-25 09:39:29,64.10,22.10,391.25,789,9.14,1490.0
2026-08-25 09:39:34,64.40,21.60,392.00,803,9.29,1489.1
2026-08-25 09:39:39,64.80,20.80,392.00,813,8.89,1488.7
2026-08-25 09:39:44,65.30,20.30,392.75,816,8.91,1487.7
2026-08-25 09:39:49,65.60,19.60,392.50,813,8.97,1488.1
2026-08-25 09:39:54,66.00,18.90,393.00,820,8.81,1487.7
2026-08-25 09:39:59,66.40,17.80,392.75,829,8.74,1487.4
2026-08-25 09:40:04,66.60,16.90,394.50,826,9.43,1486.7
2026-08-25 09:40:09,67.00,16.10,393.25,831,8.73,1486.0
2026-08-25 09:40:14,67.50,15.30,393.75,835,8.67,1484.9
2026-08-25 09:40:19,67.90,14.50,395.00,838,8.61,1484.1
2026-08-25 09:40:24,68.20,14.20,394.50,838,8.64,1483.4
2026-08-25 09:40:29,68.50,13.80,394.75,834,8.67,1482.8
2026-08-25 09:40:34,68.80,13.00,394.75,841,8.52,1481.9
2026-08-25 09:40:39,69.10,12.50,395.50,844,8.54,1481.2
2026-08-25 09:40:44,69.30,12.40,395.25,842,8.55,1480.4
2026-08-25 09:40:49,69.70,11.90,394.75,842,8.51,1480.0
2026-08-25 09:40:54,70.10,11.90,395.50,844,8.89,1479.3
2026-08-25 09:40:59,70.40,11.60,396.25,842,8.56,1478.0
2026-08-25 09:41:04,70.80,11.20,396.00,816,8.47,1476.9
2026-08-25 09:41:09,71.00,10.80,396.00,846,8.49,1476.0
2026-08-25 09:41:14,71.30,10.50,396.50,845,8.47,1475.3
2026-08-25 09:41:19,71.60,10.20,397.50,849,8.51,1474.1
2026-08-25 09:41:24,71.90,9.90,396.75,850,8.47,1473.7
2026-08-25 09:41:29,72.10,10.00,396.75,847,8.47,1474.3
2026-08-25 09:41:34,72.50,9.70,397.50,846,8.46,1474.5
2026-08-25 09:41:39,72.80,9.50,397.25,852,8.45,1473.8
2026-08-25 09:41:44,73.10,9.70,397.00,849,8.44,1472.7
2026-08-25 09:41:49,73.40,9.50,397.75,848,8.46,1471.0
2026-08-25 09:41:54,73.70,9.30,397.50,850,8.40,1470.7
2026-08-25 09:41:59,73.90,9.20,397.50,854,8.11,1469.7
2026-08-25 09:42:04,74.20,9.40,397.75,853,8.39,1469.1
2026-08-25 09:42:09,74.50,9.30,398.00,852,8.41,1469.2
2026-08-25 09:42:14,74.80,9.10,398.00,852,8.30,1468.9
2026-08-25 09:42:19,75.00,9.30,398.75,851,8.44,1467.8
2026-08-25 09:42:24,75.40,9.20,398.75,854,8.10,1465.9
2026-08-25 09:42:29,75.80,9.10,399.00,859,8.34,1464.9
2026-08-25 09:42:34,76.00,9.30,399.25,853,8.39,1465.1
2026-08-25 09:42:39,76.30,9.20,399.25,853,8.41,1465.8
2026-08-25 09:42:44,76.60,9.10,400.00,866,8.41,1466.5
2026-08-25 09:42:49,76.80,9.00,399.75,848,8.37,1466.3
2026-08-25 09:42:54,77.00,9.20,400.00,848,8.50,1466.2
2026-08-25 09:42:59,77.20,9.10,400.25,848,8.47,1465.4
2026-08-25 09:43:04,77.40,9.10,400.25,848,8.45,1465.0
2026-08-25 09:43:09,77.70,9.00,399.25,851,8.41,1463.9
2026-08-25 09:43:14,77.90,8.90,399.75,853,8.42,1463.7
2026-08-25 09:43:19,78.20,9.40,400.25,850,8.40,1462.9
2026-08-25 09:43:24,78.40,9.30,400.75,862,8.44,1462.9
2026-08-25 09:43:29,78.80,9.30,400.00,854,8.39,1462.0
2026-08-25 09:43:34,79.10,9.20,399.75,858,8.39,1461.3
2026-08-25 09:43:39,79.20,9.40,400.25,854,8.37,1461.6
2026-08-25 09:43:44,79.60,9.40,401.50,855,8.34,1462.1
2026-08-25 09:43:49,79.90,9.40,401.25,855,8.31,1461.1
2026-08-25 09:43:54,80.10,9.30,401.00,858,8.30,1460.4
2026-08-25 09:43:59,80.10,9.70,401.25,854,8.34,1459.7
2026-08-25 09:44:04,80.30,9.70,401.50,862,8.24,1459.4
2026-08-25 09:44:09,80.50,9.60,401.00,859,8.34,1459.5
2026-08-25 09:44:14,80.80,9.60,401.25,859,8.39,1460.1
2026-08-25 09:44:19,81.00,9.60,401.75,858,8.29,1458.7
2026-08-25 09:44:24,81.10,9.80,401.75,854,8.28,1458.3
2026-08-25 09:44:29,81.40,9.80,402.00,858,8.59,1459.2
2026-08-25 09:44:34,81.70,9.80,402.00,857,8.32,1459.7
2026-08-25 09:44:39,81.90,9.70,402.00,857,8.35,1459.4
2026-08-25 09:44:44,82.00,10.00,402.75,857,8.35,1459.0
2026-08-25 09:44:49,82.30,10.00,402.50,859,8.31,1459.0
2026-08-25 09:44:54,82.50,9.90,403.50,855,8.34,1458.0
2026-08-25 09:44:59,82.70,9.90,402.50,857,8.40,1457.3
2026-08-25 09:45:04,83.00,9.90,404.00,858,8.61,1455.9
2026-08-25 09:45:09,83.00,10.10,403.00,860,8.36,1454.4
2026-08-25 09:45:14,83.30,10.10,403.00,854,7.90,1455.1
2026-08-25 09:45:19,83.50,10.00,403.25,854,8.39,1454.5
2026-08-25 09:45:24,83.70,10.00,403.00,857,8.41,1454.2
2026-08-25 09:45:29,83.90,10.00,403.00,854,8.67,1454.1
2026-08-25 09:45:34,84.00,10.30,403.25,865,8.34,1453.9
2026-08-25 09:45:39,84.40,10.20,403.00,855,8.31,1454.0
2026-08-25 09:45:44,84.90,10.20,402.75,855,8.39,1452.3
2026-08-25 09:45:49,85.30,10.20,403.00,854,8.40,1452.2
2026-08-25 09:45:54,85.00,10.60,404.00,853,8.36,1453.2
2026-08-25 09:45:59,85.20,10.60,403.50,854,8.41,1452.8
2026-08-25 09:46:04,85.40,10.60,403.75,830,8.39,1452.1
2026-08-25 09:46:09,85.60,10.60,403.00,855,8.41,1452.0
2026-08-25 09:46:14,85.80,10.60,403.25,855,8.89,1453.2
2026-08-25 09:46:19,86.00,10.50,403.75,854,8.35,1452.7
2026-08-25 09:46:24,86.00,0.00,402.75,854,8.50,1451.7
2026-08-25 09:46:29,86.30,0.00,403.00,859,8.34,1452.1
2026-08-25 09:46:34,86.40,0.00,404.50,848,8.49,1451.3
2026-08-25 09:46:39,86.60,0.00,403.00,851,8.44,1450.2
2026-08-25 09:46:44,86.80,0.00,404.00,855,8.41,1449.9
2026-08-25 09:46:49,87.00,0.00,403.25,855,8.41,1450.0
2026-08-25 09:46:54,87.10,0.00,404.00,858,8.35,1449.2
2026-08-25 09:46:59,87.10,0.00,403.50,850,8.25,1448.2
2026-08-25 09:47:04,87.30,0.00,404.00,854,8.40,1448.5
2026-08-25 09:47:09,87.50,0.00,403.25,855,8.35,1448.3
2026-08-25 09:47:14,87.60,0.00,404.25,853,8.42,1448.1
2026-08-25 09:47:19,87.80,0.00,404.25,851,8.44,1448.3
2026-08-25 09:47:24,87.90,0.00,404.50,849,8.45,1446.4
2026-08-25 09:47:29,88.10,0.00,405.00,848,8.42,1444.8
2026-08-25 09:47:34,88.20,0.00,405.50,848,8.49,1443.8
2026-08-25 09:47:39,88.50,0.00,405.50,849,8.47,1444.3
2026-08-25 09:47:44,88.80,0.00,403.00,851,8.45,1444.5
2026-08-25 09:47:49,89.10,0.00,404.00,854,8.36,1444.2
2026-08-25 09:47:54,89.40,0.00,405.00,854,8.40,1445.0
2026-08-25 09:47:59,89.00,0.00,404.75,838,8.46,1445.7
2026-08-25 09:48:04,89.20,0.00,405.50,851,8.40,1444.8
2026-08-25 09:48:09,89.30,0.00,403.50,857,8.35,1444.1
2026-08-25 09:48:14,89.40,0.00,405.00,855,8.31,1442.6
2026-08-25 09:48:19,89.60,0.00,405.00,817,8.41,1442.7
2026-08-25 09:48:24,89.70,0.00,404.50,853,8.39,1442.5
2026-08-25 09:48:29,89.80,0.00,405.00,854,8.39,1442.6
2026-08-25 09:48:34,90.00,0.00,405.25,851,8.36,1441.9
2026-08-25 09:48:39,90.10,0.00,404.75,858,8.39,1441.0
2026-08-25 09:48:44,90.10,0.00,405.00,854,8.41,1440.8
2026-08-25 09:48:49,90.40,0.00,405.50,848,8.47,1441.1
2026-08-25 09:48:54,90.70,0.00,405.75,848,8.44,1442.0
2026-08-25 09:48:59,90.90,0.00,406.00,849,8.45,1442.0
2026-08-25 09:49:04,91.10,0.00,405.50,851,8.44,1441.5
2026-08-25 09:49:09,91.40,0.00,406.00,855,8.76,1440.8
2026-08-25 09:49:14,91.00,0.00,405.75,851,8.40,1440.8
2026-08-25 09:49:19,91.10,0.00,406.00,855,8.47,1441.6
2026-08-25 09:49:24,91.20,0.00,405.25,851,8.41,1440.5
2026-08-25 09:49:29,91.30,0.00,405.50,861,8.44,1438.7
2026-08-25 09:49:34,91.40,0.00,406.00,848,8.47,1438.8
2026-08-25 09:49:39,91.60,0.00,406.00,853,8.39,1437.2
2026-08-25 09:49:44,91.70,0.00,406.25,853,8.42,1437.2
2026-08-25 09:49:49,91.80,0.00,406.25,855,8.39,1437.5
2026-08-25 09:49:54,91.90,0.00,406.50,853,8.41,1437.9
2026-08-25 09:49:59,92.00,0.00,407.25,854,8.44,1438.0
2026-08-25 09:50:04,92.10,0.00,407.00,847,8.34,1438.2
2026-08-25 09:50:09,92.10,0.00,407.00,859,8.34,1437.7
2026-08-25 09:50:14,92.50,0.00,406.25,863,8.31,1437.4
2026-08-25 09:50:19,92.70,0.00,407.25,854,8.04,1438.0
2026-08-25 09:50:24,92.90,0.00,407.25,856,8.34,1437.7
2026-08-25 09:50:29,93.10,0.00,407.50,857,8.35,1437.9
2026-08-25 09:50:34,93.30,0.00,407.75,855,8.41,1436.9
2026-08-25 09:50:39,93.50,0.00,407.50,854,8.39,1436.8
2026-08-25 09:50:44,93.10,0.00,408.00,848,8.47,1436.5
2026-08-25 09:50:49,93.30,0.00,407.75,864,8.28,1437.3
2026-08-25 09:50:54,93.50,0.00,407.75,870,8.24,1435.5
2026-08-25 09:50:59,93.70,0.00,408.25,863,8.30,1434.1
2026-08-25 09:51:04,93.90,0.00,408.00,858,8.65,1433.8
2026-08-25 09:51:09,94.10,0.00,408.00,857,8.39,1434.0
2026-08-25 09:51:14,94.30,0.00,408.25,854,8.45,1433.2
2026-08-25 09:51:19,94.50,0.00,408.50,850,8.44,1432.3
2026-08-25 09:51:24,94.10,0.00,408.25,851,8.42,1433.4
2026-08-25 09:51:29,94.30,0.00,408.50,831,8.35,1433.2
2026-08-25 09:51:34,94.40,0.00,408.50,850,8.44,1433.1
2026-08-25 09:51:39,94.70,0.00,408.50,858,8.42,1431.7
2026-08-25 09:51:44,94.80,0.00,408.75,851,8.45,1431.4
2026-08-25 09:51:49,95.00,0.00,408.00,860,8.39,1431.9
2026-08-25 09:51:54,95.20,0.00,408.75,851,8.55,1433.6
2026-08-25 09:51:59,95.30,0.00,408.25,877,8.39,1433.0
2026-08-25 09:52:04,95.50,0.00,409.00,853,8.40,1432.4
2026-08-25 09:52:09,95.10,0.00,409.00,854,8.40,1431.9
2026-08-25 09:52:14,95.30,0.00,408.75,846,8.41,1432.2
2026-08-25 09:52:19,95.40,0.00,408.75,855,8.34,1433.6
2026-08-25 09:52:24,95.60,0.00,409.50,857,8.39,1433.5
2026-08-25 09:52:29,95.80,0.00,409.25,855,8.30,1433.9
2026-08-25 09:52:34,95.90,0.00,409.00,858,8.34,1434.3
2026-08-25 09:52:39,96.10,0.00,409.00,857,8.32,1433.3
2026-08-25 09:52:44,96.30,0.00,409.00,858,8.36,1431.4
2026-08-25 09:52:49,96.40,0.00,409.00,857,8.54,1432.4
2026-08-25 09:52:54,96.00,0.00,409.25,858,8.47,1434.4
2026-08-25 09:52:59,96.10,0.00,409.25,851,8.37,1434.7
2026-08-25 09:53:04,96.30,0.00,409.00,855,8.39,1432.2
2026-08-25 09:53:09,96.40,0.00,409.25,855,8.35,1432.2
2026-08-25 09:53:14,96.60,0.00,410.00,851,8.41,1431.3
2026-08-25 09:53:19,96.70,0.00,410.25,859,8.35,1431.7
2026-08-25 09:53:24,96.80,0.00,409.75,873,8.35,1430.8
2026-08-25 09:53:29,97.00,0.00,409.75,854,8.40,1430.6
2026-08-25 09:53:34,97.20,0.00,410.25,858,8.31,1431.8
2026-08-25 09:53:39,97.30,0.00,409.75,859,8.69,1431.3
2026-08-25 09:53:44,97.50,0.00,410.00,862,8.32,1431.8
2026-08-25 09:53:49,97.00,0.00,410.00,862,8.29,1431.7
2026-08-25 09:53:54,97.20,0.00,409.75,848,8.24,1431.9
2026-08-25 09:53:59,97.30,0.00,409.75,864,8.28,1430.1
2026-08-25 09:54:04,97.50,0.00,409.75,866,8.26,1428.7
2026-08-25 09:54:09,97.70,0.00,410.50,862,8.26,1425.7
2026-08-25 09:54:14,97.80,0.00,410.50,864,8.25,1423.9
2026-08-25 09:54:19,97.80,0.00,410.75,867,8.31,1423.6
2026-08-25 09:54:24,98.10,0.00,410.75,863,8.28,1423.9
2026-08-25 09:54:29,98.20,0.00,410.50,862,8.25,1422.7
2026-08-25 09:54:34,98.30,0.00,410.75,865,8.45,1420.8
2026-08-25 09:54:39,98.50,0.00,410.00,862,8.28,1421.3
2026-08-25 09:54:44,98.50,0.00,410.50,866,8.26,1421.2
2026-08-25 09:54:49,98.00,0.00,410.75,864,8.30,1422.4
2026-08-25 09:54:54,98.20,0.00,411.25,862,8.28,1424.4
2026-08-25 09:54:59,98.30,0.00,410.00,850,8.26,1423.7
2026-08-25 09:55:04,98.50,0.00,411.25,880,8.26,1423.1
2026-08-25 09:55:09,98.60,0.00,410.75,865,8.24,1422.9
2026-08-25 09:55:14,98.70,0.00,410.25,866,8.19,1424.2
2026-08-25 09:55:19,98.90,0.00,410.75,863,8.19,1423.9
2026-08-25 09:55:24,99.00,0.00,410.75,880,8.23,1423.5
2026-08-25 09:55:29,99.10,0.00,411.50,866,8.23,1423.2
2026-08-25 09:55:34,99.20,0.00,410.50,869,8.21,1424.1
2026-08-25 09:55:39,99.40,0.00,410.75,868,8.25,1424.2
2026-08-25 09:55:44,99.50,0.00,411.25,869,8.08,1423.8
2026-08-25 09:55:49,99.00,0.00,412.00,864,8.25,1423.9
2026-08-25 09:55:54,99.10,0.00,412.00,867,8.29,1425.2
2026-08-25 09:55:59,99.30,0.00,411.75,869,8.21,1424.8
2026-08-25 09:56:04,99.40,0.00,411.75,871,8.19,1422.7
2026-08-25 09:56:09,99.50,0.00,412.00,870,8.23,1421.0
2026-08-25 09:56:14,99.60,0.00,412.00,867,8.24,1422.1
2026-08-25 09:56:19,99.70,0.00,411.25,874,8.18,1423.5
2026-08-25 09:56:24,99.90,0.00,412.00,867,8.21,1425.4
2026-08-25 09:56:29,100.00,0.00,411.75,869,8.20,1425.1
2026-08-25 09:56:34,100.10,0.00,412.00,871,8.14,1423.8
2026-08-25 09:56:39,100.20,0.00,411.75,873,8.70,1424.7
2026-08-25 09:56:44,100.30,0.00,412.50,903,8.59,1424.8
2026-08-25 09:56:49,100.40,0.00,412.50,873,8.24,1423.3
2026-08-25 09:56:54,100.50,0.00,412.25,874,8.16,1422.8
2026-08-25 09:56:59,100.00,0.00,412.75,870,8.21,1423.1
2026-08-25 09:57:04,100.00,0.00,413.00,873,8.20,1423.2
2026-08-25 09:57:09,100.00,0.00,412.50,879,8.12,1423.0
2026-08-25 09:57:14,100.00,0.00,412.75,874,8.34,1422.3
2026-08-25 09:57:19,100.00,0.00,412.00,874,8.14,1421.3
2026-08-25 09:57:24,100.00,0.00,413.00,875,8.11,1420.2
2026-08-25 09:57:29,100.00,0.00,412.25,870,8.12,1421.4
2026-08-25 09:57:34,100.00,0.00,413.00,868,8.19,1423.5
2026-08-25 09:57:39,100.00,0.00,413.00,874,8.19,1423.3
2026-08-25 09:57:44,100.00,0.00,412.75,873,8.13,1422.3
2026-08-25 09:57:49,100.00,0.00,413.75,873,8.13,1421.7
2026-08-25 09:57:54,100.00,0.00,413.00,875,8.12,1422.1
2026-08-25 09:57:59,100.00,0.00,413.00,874,8.47,1421.9
2026-08-25 09:58:04,100.00,0.00,413.00,870,8.05,1421.1
2026-08-25 09:58:09,100.00,0.00,412.75,877,8.11,1420.4
2026-08-25 09:58:14,100.00,0.00,413.75,871,8.12,1420.0
2026-08-25 09:58:19,100.00,0.00,413.25,877,8.10,1422.2
2026-08-25 09:58:24,100.00,0.00,413.50,875,8.16,1422.8
2026-08-25 09:58:29,100.00,0.00,414.00,877,8.11,1422.7
2026-08-25 09:58:34,100.00,0.00,413.75,875,8.11,1425.6
2026-08-25 09:58:39,100.00,0.00,413.75,875,8.14,1424.6
2026-08-25 09:58:44,100.00,0.00,413.25,879,8.08,1422.7
2026-08-25 09:58:49,100.00,0.00,413.50,875,8.11,1422.7
2026-08-25 09:58:54,100.00,0.00,414.25,877,8.08,1423.1
2026-08-25 09:58:59,100.00,0.00,414.25,877,8.13,1422.8
2026-08-25 09:59:04,100.00,0.00,414.00,877,8.14,1422.5
2026-08-25 09:59:09,100.00,0.00,414.00,880,8.07,1423.1
2026-08-25 09:59:14,100.00,0.00,414.25,877,8.11,1423.5
2026-08-25 09:59:19,100.00,0.00,414.75,880,8.08,1424.5
2026-08-25 09:59:24,100.00,0.00,414.00,880,8.08,1423.9
2026-08-25 09:59:29,100.00,0.00,414.50,879,8.10,1423.7
2026-08-25 09:59:34,100.00,0.00,414.25,879,8.08,1422.3
2026-08-25 09:59:39,100.00,0.00,415.00,882,7.90,1420.7
2026-08-25 09:59:44,100.00,0.00,414.75,891,8.08,1420.0
2026-08-25 09:59:49,100.00,0.00,414.75,883,8.07,1419.5
2026-08-25 09:59:54,100.00,0.00,415.50,880,8.08,1418.5
2026-08-25 09:59:59,100.00,0.00,414.25,890,8.01,1418.1
2026-08-25 10:00:04,100.00,0.00,415.50,883,8.06,1418.5
2026-08-25 10:00:09,100.00,0.00,414.75,881,8.01,1417.1
2026-08-25 10:00:14,100.00,0.00,415.00,886,8.03,1415.4
2026-08-25 10:00:19,100.00,0.00,415.00,885,8.01,1413.5
2026-08-25 10:00:24,100.00,0.00,414.75,888,8.00,1414.3
2026-08-25 10:00:29,100.00,0.00,415.75,887,8.00,1414.1
2026-08-25 10:00:34,100.00,0.00,415.50,872,8.01,1415.8
2026-08-25 10:00:39,100.00,0.00,414.75,885,8.04,1415.0
2026-08-25 10:00:44,100.00,0.00,415.75,885,8.00,1416.1
2026-08-25 10:00:49,100.00,0.00,415.50,889,8.01,1416.8
2026-08-25 10:00:54,100.00,0.00,416.00,893,7.96,1417.9
2026-08-25 10:00:59,100.00,0.00,415.75,886,7.96,1417.8
2026-08-25 10:01:04,100.00,0.00,416.25,896,8.04,1417.4
2026-08-25 10:01:09,100.00,0.00,416.00,895,7.93,1418.0
2026-08-25 10:01:14,100.00,0.00,416.25,893,7.93,1417.9
2026-08-25 10:01:19,100.00,0.00,416.25,890,7.91,1417.1
2026-08-25 10:01:24,100.00,0.00,416.00,894,7.92,1416.7
2026-08-25 10:01:29,100.00,0.00,416.25,897,7.91,1415.8
2026-08-25 10:01:34,100.00,0.00,416.25,896,7.89,1416.9
2026-08-25 10:01:39,100.00,0.00,416.00,896,7.91,1417.4
2026-08-25 10:01:44,100.00,0.00,416.50,894,7.90,1418.3
2026-08-25 10:01:49,100.00,0.00,416.25,853,7.91,1419.1
2026-08-25 10:01:54,100.00,0.00,416.75,899,7.90,1419.8
2026-08-25 10:01:59,100.00,0.00,417.00,896,7.88,1416.6
2026-08-25 10:02:04,100.00,0.00,416.75,899,7.88,1415.5
2026-08-25 10:02:09,100.00,0.00,416.75,895,7.89,1415.6
2026-08-25 10:02:14,100.00,0.00,416.50,899,7.89,1417.3
2026-08-25 10:02:19,100.00,0.00,416.75,896,7.91,1416.9
2026-08-25 10:02:24,100.00,0.00,416.50,897,7.91,1416.3
2026-08-25 10:02:29,100.00,0.00,416.50,896,7.90,1415.6
2026-08-25 10:02:34,100.00,0.00,416.50,899,7.87,1415.1
2026-08-25 10:02:39,100.00,0.00,416.75,897,7.90,1416.5
2026-08-25 10:02:44,100.00,0.00,416.00,897,7.83,1418.3
2026-08-25 10:02:49,100.00,0.00,416.25,897,7.89,1418.8
2026-08-25 10:02:54,100.00,0.00,416.50,898,7.82,1420.1
2026-08-25 10:02:59,100.00,0.00,416.75,900,8.03,1420.0
2026-08-25 10:03:04,100.00,0.00,416.75,897,7.83,1421.1
2026-08-25 10:03:09,100.00,0.00,416.75,899,7.88,1421.2
2026-08-25 10:03:14,100.00,0.00,416.50,903,8.20,1420.0
2026-08-25 10:03:19,100.00,0.00,417.00,899,7.84,1419.6
2026-08-25 10:03:24,100.00,0.00,416.50,899,7.82,1420.7
2026-08-25 10:03:29,100.00,0.00,416.75,898,7.87,1422.5
2026-08-25 10:03:34,100.00,0.00,416.25,899,7.79,1421.9
2026-08-25 10:03:39,100.00,0.00,417.00,900,7.86,1421.8
2026-08-25 10:03:44,100.00,0.00,417.00,907,7.79,1422.3
2026-08-25 10:03:49,100.00,0.00,417.00,875,7.73,1421.9
2026-08-25 10:03:54,100.00,0.00,417.25,902,7.84,1420.3
2026-08-25 10:03:59,100.00,0.00,417.50,901,7.82,1420.4
2026-08-25 10:04:04,100.00,0.00,416.75,907,7.72,1420.6
2026-08-25 10:04:09,100.00,0.00,416.75,905,7.83,1421.3
2026-08-25 10:04:14,100.00,0.00,417.50,906,7.79,1420.4
2026-08-25 10:04:19,100.00,0.00,416.50,905,7.77,1418.7
2026-08-25 10:04:24,100.00,0.00,417.00,910,7.78,1418.5
2026-08-25 10:04:29,100.00,0.00,417.50,907,7.74,1419.3
2026-08-25 10:04:34,100.00,0.00,416.75,912,7.83,1421.4
2026-08-25 10:04:39,100.00,0.00,417.00,911,7.73,1420.5
2026-08-25 10:04:44,100.00,0.00,417.00,917,7.70,1420.7
2026-08-25 10:04:49,100.00,0.00,417.50,913,7.72,1420.2
2026-08-25 10:04:54,100.00,0.00,417.75,912,7.72,1418.3
2026-08-25 10:04:59,100.00,0.00,417.50,912,7.70,1415.7
2026-08-25 10:05:04,100.00,0.00,417.25,912,7.73,1415.1
2026-08-25 10:05:09,100.00,0.00,417.50,912,7.72,1414.7
2026-08-25 10:05:14,100.00,0.00,417.00,912,7.72,1413.4
2026-08-25 10:05:19,100.00,0.00,418.00,912,7.72,1412.1
2026-08-25 10:05:24,100.00,0.00,417.50,909,7.72,1412.2
2026-08-25 10:05:29,100.00,0.00,417.75,905,7.80,1411.8
2026-08-25 10:05:34,100.00,0.00,417.25,910,7.72,1411.4
2026-08-25 10:05:39,100.00,0.00,417.75,910,7.87,1410.3
2026-08-25 10:05:44,100.00,0.00,417.50,910,7.72,1407.9
2026-08-25 10:05:49,100.00,0.00,417.50,912,7.72,1406.9
2026-08-25 10:05:54,100.00,0.00,418.00,910,7.73,1405.1
2026-08-25 10:05:59,100.00,0.00,418.00,910,7.73,1403.5
2026-08-25 10:06:04,100.00,0.00,417.25,905,7.74,1404.1
2026-08-25 10:06:09,100.00,0.00,418.25,909,7.76,1404.5
2026-08-25 10:06:14,100.00,0.00,418.00,907,7.78,1404.3
2026-08-25 10:06:19,100.00,0.00,418.25,909,7.76,1405.8
2026-08-25 10:06:24,100.00,0.00,418.50,929,7.74,1406.7
2026-08-25 10:06:29,100.00,0.00,418.75,911,7.73,1406.9
2026-08-25 10:06:34,100.00,0.00,418.00,913,7.72,1407.4
2026-08-25 10:06:39,100.00,0.00,419.00,911,7.72,1407.7
2026-08-25 10:06:44,100.00,0.00,418.75,913,7.70,1408.4
2026-08-25 10:06:49,100.00,0.00,419.75,912,7.73,1407.3
2026-08-25 10:06:54,100.00,0.00,419.25,912,7.67,1407.1
2026-08-25 10:06:59,100.00,0.00,419.25,914,7.69,1408.7
2026-08-25 10:07:04,100.00,0.00,419.50,915,7.69,1408.1
2026-08-25 10:07:09,100.00,0.00,419.50,918,7.65,1409.7
2026-08-25 10:07:14,100.00,0.00,419.75,912,7.71,1410.1
2026-08-25 10:07:19,100.00,0.00,419.75,919,7.66,1410.2
2026-08-25 10:07:24,100.00,0.00,420.00,913,7.71,1411.3
2026-08-25 10:07:29,100.00,0.00,419.50,918,7.71,1412.2
2026-08-25 10:07:34,100.00,0.00,419.50,937,7.66,1413.3
2026-08-25 10:07:39,100.00,0.00,420.25,915,7.65,1413.1
2026-08-25 10:07:44,100.00,0.00,420.00,918,7.62,1412.8
2026-08-25 10:07:49,100.00,0.00,420.25,905,7.69,1412.5
2026-08-25 10:07:54,100.00,0.00,420.00,906,7.65,1413.1
2026-08-25 10:07:59,100.00,0.00,419.75,918,7.66,1413.7
2026-08-25 10:08:04,100.00,0.00,420.00,923,7.60,1412.7
2026-08-25 10:08:09,100.00,0.00,420.25,923,7.65,1411.6
2026-08-25 10:08:14,100.00,0.00,420.25,919,7.60,1410.6
2026-08-25 10:08:19,100.00,0.00,420.75,919,7.63,1409.0
2026-08-25 10:08:24,100.00,0.00,420.00,922,7.63,1409.3
2026-08-25 10:08:29,100.00,0.00,420.00,907,7.58,1407.8
2026-08-25 10:08:34,100.00,0.00,420.50,923,7.58,1406.2
2026-08-25 10:08:39,100.00,0.00,420.00,925,7.60,1408.5
2026-08-25 10:08:44,100.00,0.00,420.50,928,7.53,1408.8
2026-08-25 10:08:49,100.00,0.00,420.25,931,7.65,1409.2
2026-08-25 10:08:54,100.00,0.00,420.75,935,7.53,1408.7
2026-08-25 10:08:59,100.00,0.00,420.50,932,7.54,1409.1
2026-08-25 10:09:04,100.00,0.00,420.50,933,7.53,1410.6
2026-08-25 10:09:09,100.00,0.00,420.00,933,7.49,1409.4
2026-08-25 10:09:14,100.00,0.00,420.25,935,7.48,1407.7
2026-08-25 10:09:19,100.00,0.00,421.00,934,7.51,1406.2
2026-08-25 10:09:24,100.00,0.00,420.50,928,7.49,1405.7
2026-08-25 10:09:29,100.00,0.00,420.25,931,7.52,1407.3
2026-08-25 10:09:34,100.00,0.00,420.00,929,7.49,1407.9
2026-08-25 10:09:39,100.00,0.00,420.00,932,7.50,1406.3
2026-08-25 10:09:44,100.00,0.00,420.25,929,7.49,1407.0
2026-08-25 10:09:49,100.00,0.00,420.75,933,7.52,1407.6
2026-08-25 10:09:54,100.00,0.00,420.75,925,7.54,1408.0
2026-08-25 10:09:59,100.00,0.00,420.25,930,7.50,1406.6
2026-08-25 10:10:04,100.00,0.00,420.25,930,7.48,1406.8
2026-08-25 10:10:09,100.00,0.00,420.50,930,7.52,1407.7
2026-08-25 10:10:14,100.00,0.00,420.75,931,7.34,1408.4
2026-08-25 10:10:19,100.00,0.00,421.25,928,7.54,1409.1
2026-08-25 10:10:24,100.00,0.00,421.00,931,7.51,1410.5
2026-08-25 10:10:29,100.00,0.00,420.25,931,7.48,1411.6
2026-08-25 10:10:34,100.00,0.00,421.00,934,7.49,1411.4
2026-08-25 10:10:39,100.00,0.00,421.25,939,7.55,1410.2
2026-08-25 10:10:44,100.00,0.00,420.75,933,7.44,1409.0
2026-08-25 10:10:49,100.00,0.00,420.75,936,7.44,1408.2
2026-08-25 10:10:54,100.00,0.00,421.00,947,7.46,1407.7
2026-08-25 10:10:59,100.00,0.00,421.25,939,7.48,1408.3
2026-08-25 10:11:04,100.00,0.00,421.25,938,7.45,1408.7
2026-08-25 10:11:09,100.00,0.00,420.75,939,7.46,1409.5
2026-08-25 10:11:14,100.00,0.00,421.50,935,7.50,1408.2
2026-08-25 10:11:19,100.00,0.00,421.25,943,7.42,1406.9
2026-08-25 10:11:24,100.00,0.00,421.75,939,7.41,1407.2
2026-08-25 10:11:29,100.00,0.00,422.00,938,7.43,1405.1
2026-08-25 10:11:34,100.00,0.00,421.75,935,7.41,1405.7
2026-08-25 10:11:39,100.00,0.00,421.75,939,7.45,1407.0
2026-08-25 10:11:44,100.00,0.00,421.75,941,7.44,1408.7
2026-08-25 10:11:49,100.00,0.00,421.50,951,7.44,1408.2
2026-08-25 10:11:54,100.00,0.00,421.50,938,7.41,1407.3
2026-08-25 10:11:59,100.00,0.00,422.00,939,7.42,1407.4
2026-08-25 10:12:04,100.00,0.00,422.00,939,7.43,1408.2
2026-08-25 10:12:09,100.00,0.00,422.00,945,7.42,1407.0
2026-08-25 10:12:14,100.00,0.00,422.50,939,7.46,1405.2
2026-08-25 10:12:19,100.00,0.00,422.50,935,7.45,1405.1
2026-08-25 10:12:24,100.00,0.00,422.25,938,7.41,1403.6
2026-08-25 10:12:29,100.00,0.00,422.00,942,7.38,1403.2
2026-08-25 10:12:34,100.00,0.00,422.00,941,7.40,1403.4
2026-08-25 10:12:39,100.00,0.00,422.25,914,7.39,1403.0
2026-08-25 10:12:44,100.00,0.00,422.25,942,7.40,1404.0
2026-08-25 10:12:49,100.00,0.00,422.50,901,7.76,1405.3
2026-08-25 10:12:54,100.00,0.00,421.75,944,7.39,1406.4
2026-08-25 10:12:59,100.00,0.00,422.25,947,7.37,1406.8
2026-08-25 10:13:04,100.00,0.00,422.25,946,7.38,1408.2
2026-08-25 10:13:09,100.00,0.00,422.25,943,7.37,1407.1
2026-08-25 10:13:14,100.00,0.00,422.50,947,7.23,1406.6
2026-08-25 10:13:19,100.00,0.00,422.25,953,7.34,1404.5
2026-08-25 10:13:24,100.00,0.00,422.00,958,7.25,1403.5
2026-08-25 10:13:29,100.00,0.00,422.50,936,7.26,1404.8
2026-08-25 10:13:34,100.00,0.00,422.25,958,7.25,1405.5
2026-08-25 10:13:39,100.00,0.00,422.50,958,7.20,1402.9
2026-08-25 10:13:44,100.00,0.00,422.50,957,7.24,1401.7
2026-08-25 10:13:49,100.00,0.00,422.50,960,7.25,1401.5
2026-08-25 10:13:54,100.00,0.00,422.75,959,7.25,1403.0
2026-08-25 10:13:59,100.00,0.00,422.75,958,7.26,1403.9
2026-08-25 10:14:04,100.00,0.00,422.75,959,7.26,1403.6
2026-08-25 10:14:09,100.00,0.00,423.00,960,7.25,1403.5
2026-08-25 10:14:14,100.00,0.00,422.25,957,7.24,1404.2
2026-08-25 10:14:19,100.00,0.00,422.25,955,7.26,1404.7
2026-08-25 10:14:24,100.00,0.00,422.00,955,7.29,1407.4
2026-08-25 10:14:29,100.00,0.00,422.75,953,7.26,1407.1
2026-08-25 10:14:34,100.00,0.00,423.00,951,7.33,1409.3
2026-08-25 10:14:39,100.00,0.00,422.50,953,7.33,1410.3
2026-08-25 10:14:44,100.00,0.00,422.75,956,7.29,1409.7
2026-08-25 10:14:49,100.00,0.00,422.75,953,7.29,1410.6
2026-08-25 10:14:54,100.00,0.00,422.75,947,7.36,1410.8
2026-08-25 10:14:59,100.00,0.00,422.50,950,7.29,1410.2
2026-08-25 10:15:04,100.00,0.00,422.75,948,7.36,1410.9
2026-08-25 10:15:09,100.00,0.00,422.75,946,7.39,1411.1
2026-08-25 10:15:14,100.00,0.00,423.50,945,7.37,1412.3
2026-08-25 10:15:19,100.00,0.00,422.75,947,7.38,1415.1
2026-08-25 10:15:24,100.00,0.00,423.00,944,7.41,1414.0
2026-08-25 10:15:29,100.00,0.00,423.00,946,7.36,1411.3
2026-08-25 10:15:34,100.00,0.00,422.75,949,7.36,1409.4
2026-08-25 10:15:39,100.00,0.00,422.75,944,7.33,1404.4
2026-08-25 10:15:44,100.00,0.00,423.25,957,7.37,1401.2
2026-08-25 10:15:49,100.00,0.00,423.00,946,7.35,1398.1
2026-08-25 10:15:54,100.00,0.00,423.00,945,7.38,1400.4
2026-08-25 10:15:59,100.00,0.00,423.25,944,7.38,1402.8
2026-08-25 10:16:04,100.00,0.00,423.50,945,7.25,1405.5
2026-08-25 10:16:09,100.00,0.00,423.75,952,7.34,1405.6
2026-08-25 10:16:14,100.00,0.00,423.00,945,7.33,1406.8
2026-08-25 10:16:19,100.00,0.00,423.50,948,7.34,1409.2
2026-08-25 10:16:24,100.00,0.00,423.75,944,7.35,1409.8
2026-08-25 10:16:29,100.00,0.00,423.00,957,7.28,1410.9
2026-08-25 10:16:34,100.00,0.00,422.75,951,7.27,1411.6
2026-08-25 10:16:39,100.00,0.00,423.50,954,7.30,1411.1
2026-08-25 10:16:44,100.00,0.00,423.25,945,7.30,1412.9
2026-08-25 10:16:49,100.00,0.00,423.75,949,7.38,1412.8
2026-08-25 10:16:54,100.00,0.00,423.00,956,7.24,1411.9
2026-08-25 10:16:59,100.00,0.00,424.25,964,7.28,1412.4
2026-08-25 10:17:04,100.00,0.00,423.50,957,7.23,1413.0
2026-08-25 10:17:09,100.00,0.00,425.00,961,7.24,1413.7
2026-08-25 10:17:14,100.00,0.00,424.50,960,7.32,1414.8
2026-08-25 10:17:19,100.00,0.00,423.75,959,7.20,1414.6
2026-08-25 10:17:24,100.00,0.00,423.75,962,7.20,1414.6
2026-08-25 10:17:29,100.00,0.00,424.50,959,7.21,1415.9
2026-08-25 10:17:34,100.00,0.00,424.00,965,7.18,1416.5
2026-08-25 10:17:39,100.00,0.00,424.25,960,7.21,1417.8
2026-08-25 10:17:44,100.00,0.00,424.25,962,7.24,1414.9
2026-08-25 10:17:49,100.00,0.00,423.75,963,7.18,1413.7
2026-08-25 10:17:54,100.00,0.00,424.00,966,7.19,1416.0
2026-08-25 10:17:59,100.00,0.00,424.25,960,7.21,1413.3
2026-08-25 10:18:04,100.00,0.00,423.50,965,7.16,1410.8
2026-08-25 10:18:09,100.00,0.00,424.75,963,7.17,1411.0
2026-08-25 10:18:14,100.00,0.00,424.00,973,7.12,1412.3
2026-08-25 10:18:19,100.00,0.00,424.00,971,7.16,1412.3
2026-08-25 10:18:24,100.00,0.00,424.25,970,7.13,1410.7
2026-08-25 10:18:29,100.00,0.00,424.25,965,7.07,1411.4
2026-08-25 10:18:34,100.00,0.00,424.25,969,7.12,1413.5
2026-08-25 10:18:39,100.00,0.00,424.00,1050,7.08,1414.7
2026-08-25 10:18:44,100.00,0.00,424.75,976,7.07,1416.3
2026-08-25 10:18:49,100.00,0.00,423.75,978,7.04,1416.2
2026-08-25 10:18:54,100.00,0.00,424.00,979,7.04,1416.9
2026-08-25 10:18:59,100.00,0.00,424.00,977,7.05,1415.9
2026-08-25 10:19:04,100.00,0.00,424.50,978,7.06,1414.2
2026-08-25 10:19:09,100.00,0.00,423.75,979,7.03,1416.4
2026-08-25 10:19:14,100.00,0.00,424.50,978,7.06,1419.7
2026-08-25 10:19:19,100.00,0.00,424.50,989,6.96,1420.4
2026-08-25 10:19:24,100.00,0.00,424.75,984,7.02,1416.4
2026-08-25 10:19:29,100.00,0.00,424.25,982,6.98,1415.3
2026-08-25 10:19:34,100.00,0.00,424.25,986,6.99,1416.5
2026-08-25 10:19:39,100.00,0.00,424.50,989,6.97,1417.0
2026-08-25 10:19:44,100.00,0.00,424.75,988,6.98,1417.8
2026-08-25 10:19:49,100.00,0.00,424.00,998,6.93,1416.0
2026-08-25 10:19:54,100.00,0.00,424.50,983,6.95,1414.7
2026-08-25 10:19:59,100.00,0.00,424.25,991,6.97,1415.8
2026-08-25 10:20:04,100.00,0.00,425.00,990,6.98,1415.5
2026-08-25 10:20:09,100.00,0.00,424.75,995,6.92,1415.3
2026-08-25 10:20:14,100.00,0.00,424.75,999,6.87,1414.0
2026-08-25 10:20:19,100.00,0.00,425.25,995,6.86,1412.9
2026-08-25 10:20:24,100.00,0.00,424.75,999,6.92,1411.5
2026-08-25 10:20:29,100.00,0.00,425.00,999,6.87,1409.8
2026-08-25 10:20:34,100.00,0.00,425.25,1005,6.81,1407.6
2026-08-25 10:20:39,100.00,0.00,425.00,999,7.50,1406.1
2026-08-25 10:20:44,100.00,0.00,424.75,1003,6.84,1405.3
2026-08-25 10:20:49,100.00,0.00,425.00,998,6.86,1406.8
2026-08-25 10:20:54,100.00,0.00,425.75,1003,6.80,1409.3
2026-08-25 10:20:59,100.00,0.00,425.25,999,6.87,1411.9
2026-08-25 10:21:04,100.00,0.00,425.25,1002,6.84,1413.7
2026-08-25 10:21:09,100.00,0.00,425.25,976,6.79,1414.7
2026-08-25 10:21:14,100.00,0.00,425.50,995,6.79,1413.5
2026-08-25 10:21:19,100.00,0.00,426.25,1008,6.80,1413.7
2026-08-25 10:21:24,100.00,0.00,425.50,1008,6.79,1418.1
2026-08-25 10:21:29,100.00,0.00,425.00,1010,6.78,1416.9
2026-08-25 10:21:34,100.00,0.00,425.25,1008,6.76,1414.8
2026-08-25 10:21:39,100.00,0.00,425.00,1011,6.75,1410.1
2026-08-25 10:21:44,100.00,0.00,425.75,1002,6.84,1408.4
2026-08-25 10:21:49,100.00,0.00,425.00,1008,6.78,1406.1
2026-08-25 10:21:54,100.00,0.00,426.00,1008,6.78,1405.4
2026-08-25 10:21:59,100.00,0.00,426.25,1011,6.76,1407.7
2026-08-25 10:22:04,100.00,0.00,425.50,1008,6.79,1407.0
2026-08-25 10:22:09,100.00,0.00,425.50,1008,6.78,1408.4
2026-08-25 10:22:14,100.00,0.00,425.25,1008,6.78,1410.1
2026-08-25 10:22:19,100.00,0.00,425.75,1008,6.77,1408.9
2026-08-25 10:22:24,100.00,0.00,425.50,1013,6.73,1406.7
2026-08-25 10:22:29,100.00,0.00,426.00,1013,6.78,1406.2
2026-08-25 10:22:34,100.00,0.00,425.50,1014,6.70,1405.1
2026-08-25 10:22:39,100.00,0.00,425.50,1019,6.74,1402.9
2026-08-25 10:22:44,100.00,0.00,426.00,1011,6.76,1398.8
2026-08-25 10:22:49,100.00,0.00,425.00,1015,6.70,1399.6
2026-08-25 10:22:54,100.00,0.00,425.25,1015,6.71,1400.6
2026-08-25 10:22:59,100.00,0.00,425.50,1019,6.72,1401.9
2026-08-25 10:23:04,100.00,0.00,425.75,1010,6.74,1401.5
2026-08-25 10:23:09,100.00,0.00,425.00,1012,6.76,1401.1
2026-08-25 10:23:14,100.00,0.00,425.25,1008,6.77,1406.7
2026-08-25 10:23:19,100.00,0.00,425.25,1009,6.53,1411.8
2026-08-25 10:23:24,100.00,0.00,425.75,1014,6.72,0.0
2026-08-25 10:23:29,100.00,0.00,425.25,1023,6.69,1408.7
2026-08-25 10:23:34,100.00,0.00,425.25,1017,6.70,1407.7
2026-08-25 10:23:39,100.00,0.00,425.50,1015,6.73,1408.2
2026-08-25 10:23:44,100.00,0.00,424.75,1019,6.64,1407.8
2026-08-25 10:23:49,100.00,0.00,425.25,1022,6.69,1403.4
2026-08-25 10:23:54,100.00,0.00,425.25,1015,6.71,1407.2
2026-08-25 10:23:59,100.00,0.00,425.00,1020,6.69,1412.9
2026-08-25 10:24:04,100.00,0.00,425.25,1023,6.64,1415.4
2026-08-25 10:24:09,100.00,0.00,425.00,1022,6.66,1413.9
2026-08-25 10:24:14,100.00,0.00,424.75,1023,6.64,1408.2
2026-08-25 10:24:19,100.00,0.00,425.25,1035,6.56,1402.3
2026-08-25 10:24:24,100.00,0.00,425.50,1004,6.71,1398.6
2026-08-25 10:24:29,100.00,0.00,424.50,1010,6.77,1396.9
2026-08-25 10:24:34,100.00,0.00,425.25,1019,6.68,1395.0
2026-08-25 10:24:39,100.00,0.00,424.50,1010,6.72,1395.5
2026-08-25 10:24:44,100.00,0.00,424.75,1012,6.74,1395.4
2026-08-25 10:24:49,100.00,0.00,425.50,1012,6.73,1394.8
2026-08-25 10:24:54,100.00,0.00,425.00,1015,6.26,1396.1
2026-08-25 10:24:59,100.00,0.00,425.50,1015,6.71,1397.1
2026-08-25 10:25:04,100.00,0.00,425.25,1015,6.69,1396.4
2026-08-25 10:25:09,100.00,0.00,425.00,1017,6.69,1397.5
2026-08-25 10:25:14,100.00,0.00,425.25,1020,6.64,1395.9
2026-08-25 10:25:19,100.00,0.00,425.00,1013,6.73,1392.6
2026-08-25 10:25:24,100.00,0.00,425.00,1008,6.78,1391.0
2026-08-25 10:25:29,100.00,0.00,424.50,1011,6.76,1391.1
2026-08-25 10:25:34,100.00,0.00,425.25,1009,6.78,1390.6
2026-08-25 10:25:39,100.00,0.00,425.00,996,6.75,1390.1
2026-08-25 10:25:44,100.00,0.00,425.50,1012,6.73,1391.9
2026-08-25 10:25:49,100.00,0.00,424.75,1014,6.72,1392.5
2026-08-25 10:25:54,100.00,0.00,425.25,1008,6.78,1393.2
2026-08-25 10:25:59,100.00,0.00,425.25,1007,6.78,1393.2
2026-08-25 10:26:04,100.00,0.00,425.00,1013,6.71,1394.3
2026-08-25 10:26:09,100.00,0.00,425.00,1009,6.80,1396.0
2026-08-25 10:26:14,100.00,0.00,424.75,1015,6.74,1398.7
2026-08-25 10:26:19,100.00,0.00,425.00,1033,6.55,1400.4
2026-08-25 10:26:24,100.00,0.00,425.25,1039,6.52,1399.8
2026-08-25 10:26:29,100.00,0.00,424.75,1022,6.64,1401.6
2026-08-25 10:26:34,100.00,0.00,425.25,1019,6.64,1402.5
2026-08-25 10:26:39,100.00,0.00,425.50,1010,6.76,1403.0
2026-08-25 10:26:44,100.00,0.00,424.50,1015,6.70,1401.8
2026-08-25 10:26:49,100.00,0.00,425.25,1037,6.68,1401.3
2026-08-25 10:26:54,100.00,0.00,425.00,1019,6.69,1401.3
2026-08-25 10:26:59,100.00,0.00,425.00,1015,6.73,1401.5
2026-08-25 10:27:04,100.00,0.00,424.00,1013,6.68,1400.2
2026-08-25 10:27:09,100.00,0.00,425.00,1041,6.50,1398.1
2026-08-25 10:27:14,100.00,0.00,424.50,1040,6.46,1397.7
2026-08-25 10:27:19,100.00,0.00,424.75,1042,6.48,1401.9
2026-08-25 10:27:24,100.00,0.00,424.75,1050,6.64,1399.6
2026-08-25 10:27:29,100.00,0.00,424.75,1054,6.38,1399.7
2026-08-25 10:27:34,100.00,0.00,425.25,1050,6.73,1402.8
2026-08-25 10:27:39,100.00,0.00,425.25,1056,6.36,1401.4
2026-08-25 10:27:44,100.00,0.00,424.75,1054,6.89,1400.9
2026-08-25 10:27:49,100.00,0.00,424.75,1053,6.38,1398.4
2026-08-25 10:27:54,100.00,0.00,425.00,1050,6.44,1396.3
2026-08-25 10:27:59,100.00,0.00,425.00,1054,6.39,1396.1
2026-08-25 10:28:04,100.00,0.00,425.25,1056,6.37,1397.4
2026-08-25 10:28:09,100.00,0.00,424.75,1053,6.42,1395.5
2026-08-25 10:28:14,100.00,0.00,425.00,1053,6.42,1391.6
2026-08-25 10:28:19,100.00,0.00,425.25,1054,6.41,1390.1
2026-08-25 10:28:24,100.00,0.00,424.25,1037,6.48,1391.3
2026-08-25 10:28:29,100.00,0.00,424.75,1045,6.45,1391.1
2026-08-25 10:28:34,100.00,0.00,424.25,1046,6.46,1389.0
2026-08-25 10:28:39,100.00,0.00,424.50,1048,6.44,1386.4
2026-08-25 10:28:44,100.00,0.00,424.50,1046,6.28,1386.0
2026-08-25 10:28:49,100.00,0.00,425.25,1045,6.43,1386.9
2026-08-25 10:28:54,100.00,0.00,425.00,1050,6.44,1386.3
2026-08-25 10:28:59,100.00,0.00,424.50,1054,6.39,1386.5
2026-08-25 10:29:04,100.00,0.00,424.25,1049,6.45,1386.4
2026-08-25 10:29:09,100.00,0.00,425.00,1050,6.42,1387.7
2026-08-25 10:29:14,100.00,0.00,425.00,1054,6.39,1388.9
2026-08-25 10:29:19,100.00,0.00,424.75,1055,6.37,1389.8
2026-08-25 10:29:24,100.00,0.00,424.00,1057,6.39,1386.9
2026-08-25 10:29:29,100.00,0.00,424.25,1056,6.41,1384.5
2026-08-25 10:29:34,100.00,0.00,424.00,1057,6.34,1385.3
2026-08-25 10:29:39,100.00,0.00,424.50,1053,6.38,1388.8
2026-08-25 10:29:44,100.00,0.00,424.50,1057,6.36,1390.1
2026-08-25 10:29:49,100.00,0.00,424.75,1061,6.31,1390.4
2026-08-25 10:29:54,100.00,0.00,424.00,1050,6.35,1392.2
2026-08-25 10:29:59,100.00,0.00,424.25,1058,6.35,1394.6
2026-08-25 10:30:04,100.00,0.00,424.75,1068,6.30,1395.9
2026-08-25 10:30:09,100.00,0.00,424.50,1056,6.38,1394.6
2026-08-25 10:30:14,100.00,0.00,424.75,1058,6.38,1394.5
2026-08-25 10:30:19,100.00,0.00,423.75,1061,6.32,1393.4
2026-08-25 10:30:24,100.00,0.00,424.25,1063,6.30,1393.0
2026-08-25 10:30:29,100.00,0.00,424.00,1065,6.31,1392.0
2026-08-25 10:30:34,100.00,0.00,424.50,1055,6.38,1392.0
2026-08-25 10:30:39,100.00,0.00,424.00,1060,6.33,1393.2
2026-08-25 10:30:44,100.00,0.00,424.00,1056,6.34,1391.4
2026-08-25 10:30:49,100.00,0.00,424.75,1060,6.33,1391.2
2026-08-25 10:30:54,100.00,0.00,425.00,1057,6.33,1394.4
2026-08-25 10:30:59,100.00,0.00,425.25,1065,6.29,1393.7
2026-08-25 10:31:04,100.00,0.00,424.25,1067,6.30,1395.1
2026-08-25 10:31:09,100.00,0.00,425.00,1066,6.31,1396.0
2026-08-25 10:31:14,100.00,0.00,425.25,1064,6.28,1394.9
2026-08-25 10:31:19,100.00,0.00,424.50,1065,6.28,1391.3
2026-08-25 10:31:24,100.00,0.00,425.00,1060,6.35,1394.0
2026-08-25 10:31:29,100.00,0.00,425.00,1059,6.31,1393.4
2026-08-25 10:31:34,100.00,0.00,425.25,1061,6.32,1398.6
2026-08-25 10:31:39,100.00,0.00,425.00,1072,6.24,1401.0
2026-08-25 10:31:44,100.00,0.00,425.25,1072,6.78,1406.7
2026-08-25 10:31:49,100.00,0.00,425.00,1079,6.21,1407.9
2026-08-25 10:31:54,100.00,0.00,424.75,1084,6.14,1407.2
2026-08-25 10:31:59,100.00,0.00,424.25,1077,6.23,1406.6
2026-08-25 10:32:04,100.00,0.00,425.00,1069,6.24,1403.7
2026-08-25 10:32:09,100.00,0.00,424.75,1072,6.24,1407.0
2026-08-25 10:32:14,100.00,0.00,425.25,1072,6.23,1407.2
2026-08-25 10:32:19,100.00,0.00,425.25,1072,6.25,1406.0
2026-08-25 10:32:24,100.00,0.00,425.75,1072,6.24,1407.6
2026-08-25 10:32:29,100.00,0.00,425.25,1073,6.24,1407.5
2026-08-25 10:32:34,100.00,0.00,425.00,1072,6.26,1404.7
2026-08-25 10:32:39,100.00,0.00,425.50,1072,6.24,1405.5
2026-08-25 10:32:44,100.00,0.00,425.50,1077,6.28,1408.7
2026-08-25 10:32:49,100.00,0.00,425.75,1066,6.25,1411.0
2026-08-25 10:32:54,100.00,0.00,425.50,1072,6.24,1410.3
2026-08-25 10:32:59,100.00,0.00,425.25,1081,6.15,1407.5
2026-08-25 10:33:04,100.00,0.00,426.00,1082,6.12,1404.3
2026-08-25 10:33:09,100.00,0.00,426.00,1077,6.24,1404.3
2026-08-25 10:33:14,100.00,0.00,425.00,1072,6.20,1407.9
2026-08-25 10:33:19,100.00,0.00,425.50,1081,6.15,1407.2
2026-08-25 10:33:24,100.00,0.00,425.75,1086,6.15,1403.2
2026-08-25 10:33:29,100.00,0.00,425.50,1075,6.23,1402.9
2026-08-25 10:33:34,100.00,0.00,425.25,1070,6.25,1403.1
2026-08-25 10:33:39,100.00,0.00,425.50,1072,6.22,1403.6
2026-08-25 10:33:44,100.00,0.00,425.75,1071,6.23,1404.3
2026-08-25 10:33:49,100.00,0.00,425.50,1078,6.19,1401.0
2026-08-25 10:33:54,100.00,0.00,426.00,1081,6.19,1400.2
2026-08-25 10:33:59,100.00,0.00,425.75,1088,6.14,1400.3
2026-08-25 10:34:04,100.00,0.00,425.50,1089,6.12,1403.1
2026-08-25 10:34:09,100.00,0.00,425.50,1093,5.79,1404.3
2026-08-25 10:34:14,100.00,0.00,425.25,1091,6.12,1405.6
2026-08-25 10:34:19,100.00,0.00,425.75,1093,6.08,1408.9
2026-08-25 10:34:24,100.00,0.00,425.25,1091,6.07,1407.2
2026-08-25 10:34:29,100.00,0.00,425.00,1084,6.08,1408.9
2026-08-25 10:34:34,100.00,0.00,424.75,1085,6.12,1414.0
2026-08-25 10:34:39,100.00,0.00,425.00,1089,6.11,1418.9
2026-08-25 10:34:44,100.00,0.00,425.25,1094,6.06,1419.8
2026-08-25 10:34:49,100.00,0.00,425.00,1103,6.00,1415.3
2026-08-25 10:34:54,100.00,0.00,424.75,1094,6.06,1411.3
2026-08-25 10:34:59,100.00,0.00,425.00,1091,6.12,1407.0
2026-08-25 10:35:04,100.00,0.00,425.25,1082,6.14,1404.8
2026-08-25 10:35:09,100.00,0.00,425.25,1074,6.12,1405.5
2026-08-25 10:35:14,100.00,0.00,425.00,1088,6.11,1405.2
2026-08-25 10:35:19,100.00,0.00,425.00,1083,6.13,1405.7
2026-08-25 10:35:24,100.00,0.00,424.50,1088,6.09,1406.7
2026-08-25 10:35:29,100.00,0.00,424.75,1091,6.09,1405.0
2026-08-25 10:35:34,100.00,0.00,424.50,1098,6.07,1401.5
2026-08-25 10:35:39,100.00,0.00,425.00,1094,6.05,1397.3
2026-08-25 10:35:44,100.00,0.00,424.25,1098,6.07,1399.2
2026-08-25 10:35:49,100.00,0.00,424.50,1088,6.09,1398.9
2026-08-25 10:35:54,100.00,0.00,424.25,1091,6.09,1399.0
2026-08-25 10:35:59,100.00,0.00,424.25,1095,6.06,1401.7
2026-08-25 10:36:04,100.00,0.00,425.00,1106,5.99,1401.1
2026-08-25 10:36:09,100.00,0.00,425.00,1102,6.01,1401.2
2026-08-25 10:36:14,100.00,0.00,425.25,1104,5.99,1402.1
2026-08-25 10:36:19,100.00,0.00,425.00,1104,6.00,1402.7
2026-08-25 10:36:24,100.00,0.00,425.00,1103,6.03,1399.6
2026-08-25 10:36:29,100.00,0.00,425.50,1101,6.02,1397.5
2026-08-25 10:36:34,100.00,0.00,424.75,1099,6.01,1399.8
2026-08-25 10:36:39,100.00,0.00,425.00,1104,6.00,1400.4
2026-08-25 10:36:44,100.00,0.00,425.00,1094,6.00,1403.8
2026-08-25 10:36:49,100.00,0.00,424.50,1104,6.00,1406.7
2026-08-25 10:36:54,100.00,0.00,425.00,1105,5.98,1406.2
2026-08-25 10:36:59,100.00,0.00,425.25,1102,6.03,1403.5
2026-08-25 10:37:04,100.00,0.00,424.75,1097,6.02,1396.4
2026-08-25 10:37:09,100.00,0.00,425.00,1101,6.04,1393.5
2026-08-25 10:37:14,100.00,0.00,425.25,1090,6.08,1392.1
2026-08-25 10:37:19,100.00,0.00,425.00,1101,6.00,1390.7
2026-08-25 10:37:24,100.00,0.00,424.75,1103,6.02,1390.2
2026-08-25 10:37:29,100.00,0.00,424.75,1094,6.06,1388.6
2026-08-25 10:37:34,100.00,0.00,425.00,1094,6.07,1391.1
2026-08-25 10:37:39,100.00,0.00,425.25,1098,6.02,1390.0
2026-08-25 10:37:44,100.00,0.00,425.50,1103,6.02,1387.7
2026-08-25 10:37:49,100.00,0.00,425.00,1099,6.01,1387.5
2026-08-25 10:37:54,100.00,0.00,425.25,1102,6.00,1387.0
2026-08-25 10:37:59,100.00,0.00,425.25,1101,6.02,1384.8
2026-08-25 10:38:04,100.00,0.00,425.50,1098,6.03,1383.8
2026-08-25 10:38:09,100.00,0.00,425.25,1099,6.02,1385.6
2026-08-25 10:38:14,100.00,0.00,425.75,1090,6.09,1386.6
2026-08-25 10:38:19,100.00,0.00,425.25,1093,6.08,1390.5
2026-08-25 10:38:24,100.00,0.00,425.50,1094,6.06,1391.4
2026-08-25 10:38:29,100.00,0.00,426.00,1100,6.00,1387.2
2026-08-25 10:38:34,100.00,0.00,425.75,1104,6.00,1385.5
2026-08-25 10:38:39,100.00,0.00,426.25,1104,6.00,1384.6
2026-08-25 10:38:44,100.00,0.00,427.00,1103,6.01,1386.7
2026-08-25 10:38:49,100.00,0.00,426.00,1101,6.00,1385.7
2026-08-25 10:38:54,100.00,0.00,426.00,1104,6.00,1385.1
2026-08-25 10:38:59,100.00,0.00,425.75,1108,5.99,1384.6
2026-08-25 10:39:04,100.00,0.00,426.75,1107,5.97,1389.8
2026-08-25 10:39:09,100.00,0.00,426.75,1105,5.99,1391.0
2026-08-25 10:39:14,100.00,0.00,426.25,1106,5.86,1389.9
2026-08-25 10:39:19,100.00,0.00,426.50,1111,5.93,1388.8
2026-08-25 10:39:24,100.00,0.00,426.25,1107,5.97,1387.8
2026-08-25 10:39:29,100.00,0.00,427.50,1102,6.00,1388.0
2026-08-25 10:39:34,100.00,0.00,426.50,1137,6.00,1387.9
2026-08-25 10:39:39,100.00,0.00,426.50,1107,5.98,1389.6
2026-08-25 10:39:44,100.00,0.00,426.25,1111,5.97,1389.3
2026-08-25 10:39:49,100.00,0.00,426.75,1108,5.95,1389.9
2026-08-25 10:39:54,100.00,0.00,426.00,1115,5.91,1389.6
2026-08-25 10:39:59,100.00,0.00,426.25,1115,5.90,1388.5
2026-08-25 10:40:04,100.00,0.00,426.75,1113,5.92,1386.3
2026-08-25 10:40:09,100.00,0.00,426.50,1116,5.93,1384.3
2026-08-25 10:40:14,100.00,0.00,426.25,1118,5.89,1384.0
2026-08-25 10:40:19,100.00,0.00,426.25,1107,5.95,1383.5
2026-08-25 10:40:24,100.00,0.00,426.50,1106,6.00,1383.0
2026-08-25 10:40:29,100.00,0.00,426.25,1104,6.00,1384.7
2026-08-25 10:40:34,100.00,0.00,426.25,1107,5.95,1384.1
2026-08-25 10:40:39,100.00,0.00,427.25,1097,5.95,1385.1
2026-08-25 10:40:44,100.00,0.00,426.75,1110,5.95,1383.6
2026-08-25 10:40:49,100.00,0.00,426.75,1104,5.98,1384.6
2026-08-25 10:40:54,100.00,0.00,427.00,1106,6.00,1386.5
2026-08-25 10:40:59,100.00,0.00,427.00,1104,5.99,1384.8
2026-08-25 10:41:04,100.00,0.00,426.75,1115,5.89,1382.0
2026-08-25 10:41:09,100.00,0.00,427.00,1131,5.78,1380.7
2026-08-25 10:41:14,100.00,0.00,427.00,1136,5.72,1381.5
2026-08-25 10:41:19,100.00,0.00,427.50,1131,5.80,1380.8
2026-08-25 10:41:24,100.00,0.00,426.75,1123,5.86,1380.8
2026-08-25 10:41:29,100.00,0.00,427.25,1120,5.86,1382.0
2026-08-25 10:41:34,100.00,0.00,427.25,1121,5.93,1384.3
2026-08-25 10:41:39,100.00,0.00,426.50,1118,5.89,1384.4
2026-08-25 10:41:44,100.00,0.00,427.25,1106,5.86,1386.0
2026-08-25 10:41:49,100.00,0.00,427.50,1121,5.89,1384.6
2026-08-25 10:41:54,100.00,0.00,428.00,1114,5.91,1390.1
2026-08-25 10:41:59,100.00,0.00,428.00,1111,5.90,1401.4
2026-08-25 10:42:04,100.00,0.00,427.75,1121,5.87,1404.6
2026-08-25 10:42:09,100.00,0.00,427.75,1127,5.83,1406.8
2026-08-25 10:42:14,100.00,0.00,427.50,1122,5.84,1406.4
2026-08-25 10:42:19,100.00,0.00,428.00,1125,5.83,1407.8
2026-08-25 10:42:24,100.00,0.00,427.75,1126,5.82,1406.6
2026-08-25 10:42:29,100.00,0.00,427.75,1126,5.96,1404.7
2026-08-25 10:42:34,100.00,0.00,427.50,1122,5.86,1405.1
2026-08-25 10:42:39,100.00,0.00,427.50,1117,5.89,1405.0
2026-08-25 10:42:44,100.00,0.00,428.00,1120,5.89,1400.7
2026-08-25 10:42:49,100.00,0.00,428.25,1124,5.87,1397.7
2026-08-25 10:42:54,100.00,0.00,428.25,1127,5.74,1395.9
2026-08-25 10:42:59,100.00,0.00,427.75,1121,5.86,1395.5
2026-08-25 10:43:04,100.00,0.00,428.00,1115,5.89,1397.7
2026-08-25 10:43:09,100.00,0.00,428.50,1123,6.12,1396.1
2026-08-25 10:43:14,100.00,0.00,428.25,1120,5.87,1393.6
2026-08-25 10:43:19,100.00,0.00,428.50,1118,5.89,1392.8
2026-08-25 10:43:24,100.00,0.00,428.25,1118,5.91,1396.2
2026-08-25 10:43:29,100.00,0.00,428.50,1169,5.83,1396.5
2026-08-25 10:43:34,100.00,0.00,428.25,1126,5.83,1396.1
2026-08-25 10:43:39,100.00,0.00,427.75,1118,5.87,1396.3
2026-08-25 10:43:44,100.00,0.00,428.00,1123,5.88,1398.8
2026-08-25 10:43:49,100.00,0.00,428.25,1126,5.81,1398.7
2026-08-25 10:43:54,100.00,0.00,428.00,1125,5.84,1399.1
2026-08-25 10:43:59,100.00,0.00,428.25,1123,5.86,1398.5
2026-08-25 10:44:04,100.00,0.00,427.50,1125,5.83,1399.6
2026-08-25 10:44:09,100.00,0.00,427.50,1121,5.86,1397.4
2026-08-25 10:44:14,100.00,0.00,427.50,1120,5.87,1396.8
2026-08-25 10:44:19,100.00,0.00,427.50,1124,6.15,1395.4
2026-08-25 10:44:24,100.00,0.00,427.50,1133,5.79,1391.3
2026-08-25 10:44:29,100.00,0.00,427.75,1130,5.79,1391.7
2026-08-25 10:44:34,100.00,0.00,427.50,1136,5.77,1392.7
2026-08-25 10:44:39,100.00,0.00,427.50,1133,5.77,1394.3
2026-08-25 10:44:44,100.00,0.00,427.50,1136,5.76,1394.6
2026-08-25 10:44:49,100.00,0.00,427.25,1138,5.72,1399.2
2026-08-25 10:44:54,100.00,0.00,428.00,1141,5.74,1399.3
2026-08-25 10:44:59,100.00,0.00,427.75,1147,5.72,1395.0
2026-08-25 10:45:04,100.00,0.00,428.00,1145,5.70,1395.7
2026-08-25 10:45:09,100.00,0.00,427.50,1145,5.69,1398.8
2026-08-25 10:45:14,100.00,0.00,428.00,1141,5.68,1399.8
2026-08-25 10:45:19,100.00,0.00,427.75,1146,5.66,1399.9
2026-08-25 10:45:24,100.00,0.00,426.75,1149,5.65,1399.3
2026-08-25 10:45:29,100.00,0.00,427.25,1143,5.75,1400.0
2026-08-25 10:45:34,100.00,0.00,428.25,1149,5.69,1401.8
2026-08-25 10:45:39,100.00,0.00,427.75,1146,5.69,1403.0
2026-08-25 10:45:44,100.00,0.00,428.00,1142,5.68,1400.3
2026-08-25 10:45:49,100.00,0.00,428.00,1151,5.65,1399.3
2026-08-25 10:45:54,100.00,0.00,427.50,1212,5.70,1397.5
2026-08-25 10:45:59,100.00,0.00,428.00,1139,5.70,1397.5
2026-08-25 10:46:04,100.00,0.00,428.00,1151,5.69,1394.1
2026-08-25 10:46:09,100.00,0.00,428.25,1146,5.67,1395.4
2026-08-25 10:46:14,100.00,0.00,427.75,1143,5.69,1405.9
2026-08-25 10:46:19,100.00,0.00,427.25,1154,5.62,1408.9
2026-08-25 10:46:24,100.00,0.00,428.25,1153,5.64,1406.1
2026-08-25 10:46:29,100.00,0.00,428.50,1147,5.69,1403.5
2026-08-25 10:46:34,100.00,0.00,427.75,1140,5.86,1402.8
2026-08-25 10:46:39,100.00,0.00,428.50,1152,5.65,1407.9
2026-08-25 10:46:44,100.00,0.00,427.75,1148,5.67,1405.7
2026-08-25 10:46:49,100.00,0.00,428.00,1152,5.67,1402.1
2026-08-25 10:46:54,100.00,0.00,429.00,1156,5.62,1400.8
2026-08-25 10:46:59,100.00,0.00,428.25,1151,5.64,1405.1
2026-08-25 10:47:04,100.00,0.00,428.50,1151,5.65,1405.3
2026-08-25 10:47:09,100.00,0.00,429.25,1166,5.56,1401.5
2026-08-25 10:47:14,100.00,0.00,428.75,1157,5.73,1397.8
2026-08-25 10:47:19,100.00,0.00,429.00,1158,5.62,1400.0
2026-08-25 10:47:24,100.00,0.00,429.25,1168,5.55,1402.8
2026-08-25 10:47:29,100.00,0.00,429.00,1165,5.55,1402.8
2026-08-25 10:47:34,100.00,0.00,429.25,1159,5.53,1404.7
2026-08-25 10:47:39,100.00,0.00,429.25,1168,5.55,1405.3
2026-08-25 10:47:44,100.00,0.00,428.75,1165,5.55,1405.4
2026-08-25 10:47:49,100.00,0.00,429.00,1173,5.50,1403.9
2026-08-25 10:47:54,100.00,0.00,429.00,1175,5.48,1404.8
2026-08-25 10:47:59,100.00,0.00,429.25,1173,5.58,1403.3
2026-08-25 10:48:04,100.00,0.00,428.75,1182,5.45,1407.0
2026-08-25 10:48:09,100.00,0.00,429.00,1188,5.41,1411.9
2026-08-25 10:48:14,100.00,0.00,429.50,1202,5.33,1420.4
2026-08-25 10:48:19,100.00,0.00,429.00,1201,5.34,1430.1
2026-08-25 10:48:24,100.00,0.00,428.50,1203,5.26,1430.9
2026-08-25 10:48:29,100.00,0.00,429.00,1206,5.30,1431.1
2026-08-25 10:48:34,100.00,0.00,428.50,1205,5.31,1432.0
2026-08-25 10:48:39,100.00,0.00,429.25,1203,5.10,1437.4
2026-08-25 10:48:44,100.00,0.00,428.50,1203,5.33,1440.1
2026-08-25 10:48:49,100.00,0.00,429.25,1213,5.26,1439.1
2026-08-25 10:48:54,100.00,0.00,428.75,1215,5.23,1440.7
2026-08-25 10:48:59,100.00,0.00,428.50,1230,5.14,1445.9
2026-08-25 10:49:04,100.00,0.00,429.25,1251,5.03,1447.2
2026-08-25 10:49:09,100.00,0.00,429.25,1275,4.69,1443.5
2026-08-25 10:49:14,100.00,0.00,428.75,1296,4.75,1439.8
2026-08-25 10:49:19,100.00,0.00,428.50,1325,4.62,1435.8
2026-08-25 10:49:24,100.00,0.00,428.75,1328,4.61,1432.2
2026-08-25 10:49:29,100.00,0.00,429.00,1346,4.52,1431.1
2026-08-25 10:49:34,100.00,0.00,429.00,1348,4.50,1430.1
2026-08-25 10:49:39,100.00,0.00,429.00,1360,4.45,1428.8
2026-08-25 10:49:44,100.00,0.00,428.75,1365,4.42,1434.7
2026-08-25 10:49:49,100.00,0.00,428.75,1360,4.45,1438.5
2026-08-25 10:49:54,100.00,0.00,429.00,1360,4.45,1433.1
2026-08-25 10:49:59,100.00,0.00,429.00,1365,4.44,1426.6
2026-08-25 10:50:04,100.00,0.00,428.75,1360,4.45,1420.6
2026-08-25 10:50:09,100.00,0.00,429.25,1369,4.48,1414.4
2026-08-25 10:50:14,100.00,0.00,429.50,1345,4.45,1414.1
2026-08-25 10:50:19,100.00,0.00,429.00,1358,4.48,1415.1
2026-08-25 10:50:24,100.00,0.00,428.75,1335,4.57,1414.4
2026-08-25 10:50:29,100.00,0.00,428.75,1330,4.59,1411.4
2026-08-25 10:50:34,100.00,0.00,428.75,1338,4.64,1415.4
2026-08-25 10:50:39,100.00,0.00,429.25,1325,4.61,1418.8
2026-08-25 10:50:44,100.00,0.00,429.00,1323,4.64,1414.2
2026-08-25 10:50:49,100.00,0.00,429.25,1317,4.64,1408.1
2026-08-25 10:50:54,100.00,0.00,428.75,1314,4.68,1405.4
2026-08-25 10:50:59,100.00,0.00,429.00,1311,4.71,1405.7
2026-08-25 10:51:04,100.00,0.00,428.50,1311,4.70,1404.4
2026-08-25 10:51:09,100.00,0.00,428.50,1301,4.76,1401.4
2026-08-25 10:51:14,100.00,0.00,428.75,1290,4.81,1401.8
2026-08-25 10:51:19,100.00,0.00,428.25,1296,4.79,1403.4
2026-08-25 10:51:24,100.00,0.00,429.25,1283,4.83,1404.1
2026-08-25 10:51:29,100.00,0.00,428.25,1290,4.82,1403.6
2026-08-25 10:51:34,100.00,0.00,428.50,1295,4.79,1398.4
2026-08-25 10:51:39,100.00,0.00,427.75,1283,4.84,1396.7
2026-08-25 10:51:44,100.00,0.00,428.75,1282,4.85,1402.6
2026-08-25 10:51:49,100.00,0.00,428.50,1274,4.84,1404.8
2026-08-25 10:51:54,100.00,0.00,428.75,1281,4.86,1407.7
2026-08-25 10:51:59,100.00,0.00,428.25,1280,4.87,1410.5
2026-08-25 10:52:04,100.00,0.00,428.75,1283,4.95,1413.9
2026-08-25 10:52:09,100.00,0.00,429.25,1280,4.85,1414.6
2026-08-25 10:52:14,100.00,0.00,428.25,1276,4.92,1410.6
2026-08-25 10:52:19,100.00,0.00,428.25,1296,4.78,1409.6
2026-08-25 10:52:24,100.00,0.00,428.75,1306,4.76,1411.6
2026-08-25 10:52:29,100.00,0.00,428.00,1297,4.76,1412.5
2026-08-25 10:52:34,100.00,0.00,428.25,1298,4.60,1411.0
2026-08-25 10:52:39,100.00,0.00,428.25,1302,4.72,1411.0
2026-08-25 10:52:44,100.00,0.00,427.50,1292,4.80,1412.5
2026-08-25 10:52:49,100.00,0.00,428.00,1296,4.77,1413.1
2026-08-25 10:52:54,100.00,0.00,428.50,1290,4.83,1412.3
2026-08-25 10:52:59,100.00,0.00,428.00,1295,4.78,1411.8
2026-08-25 10:53:04,100.00,0.00,428.25,1295,4.78,1413.0
2026-08-25 10:53:09,100.00,0.00,427.75,1290,4.80,1415.0
2026-08-25 10:53:14,100.00,0.00,427.25,1293,4.82,1417.2
2026-08-25 10:53:19,100.00,0.00,428.25,1299,4.79,1427.4
2026-08-25 10:53:24,100.00,0.00,427.50,1296,4.78,1428.4
2026-08-25 10:53:29,100.00,0.00,428.00,1302,4.75,1432.3
2026-08-25 10:53:34,100.00,0.00,427.50,1303,4.73,1440.4
2026-08-25 10:53:39,100.00,0.00,427.00,1307,4.74,1445.8
2026-08-25 10:53:44,100.00,0.00,427.75,1306,4.73,1447.3
2026-08-25 10:53:49,100.00,0.00,427.50,1303,4.75,1442.0
2026-08-25 10:53:54,100.00,0.00,427.25,1311,4.73,1441.4
2026-08-25 10:53:59,100.00,0.00,427.50,1303,4.73,1434.7
2026-08-25 10:54:04,100.00,0.00,428.00,1309,4.72,1428.5
2026-08-25 10:54:09,100.00,0.00,428.25,1295,4.78,1428.4
2026-08-25 10:54:14,100.00,0.00,427.25,1298,4.75,1430.1
2026-08-25 10:54:19,100.00,0.00,427.75,1296,4.78,1428.3
2026-08-25 10:54:24,100.00,0.00,428.00,1297,4.77,1431.0
2026-08-25 10:54:29,100.00,0.00,428.00,1289,4.81,1435.4
2026-08-25 10:54:34,100.00,0.00,428.00,1296,4.76,1439.3
2026-08-25 10:54:39,100.00,0.00,428.50,1307,4.71,1438.8
2026-08-25 10:54:44,100.00,0.00,428.00,1296,4.78,1436.8
2026-08-25 10:54:49,100.00,0.00,428.00,1307,4.71,1432.7
2026-08-25 10:54:54,100.00,0.00,428.25,1306,4.74,1429.7
2026-08-25 10:54:59,100.00,0.00,428.25,1299,4.70,1428.9
2026-08-25 10:55:04,100.00,0.00,428.00,1306,4.72,1428.6
2026-08-25 10:55:09,100.00,0.00,427.75,1315,4.67,1427.7
2026-08-25 10:55:14,100.00,0.00,428.50,1305,4.74,1425.9
2026-08-25 10:55:19,100.00,0.00,427.50,1312,4.70,1428.5
2026-08-25 10:55:24,100.00,0.00,428.25,1317,4.70,1424.4
2026-08-25 10:55:29,100.00,0.00,428.25,1307,4.72,1419.6
2026-08-25 10:55:34,100.00,0.00,427.75,1305,4.70,1416.2
2026-08-25 10:55:39,100.00,0.00,427.75,1307,4.71,1420.4
2026-08-25 10:55:44,100.00,0.00,428.00,1309,4.71,1420.5
2026-08-25 10:55:49,100.00,0.00,427.50,1311,4.69,1417.2
2026-08-25 10:55:54,100.00,0.00,428.00,1317,4.68,1415.1
2026-08-25 10:55:59,100.00,0.00,428.00,1307,4.70,1411.6
2026-08-25 10:56:04,100.00,0.00,428.50,1309,4.70,1410.1
2026-08-25 10:56:09,100.00,0.00,428.00,1308,4.72,1407.7
2026-08-25 10:56:14,100.00,0.00,427.50,1311,4.71,0.0
2026-08-25 10:56:19,100.00,0.00,428.00,1301,4.75,1401.7
2026-08-25 10:56:24,100.00,0.00,428.00,1293,4.86,1401.8
2026-08-25 10:56:29,100.00,0.00,427.50,1291,4.84,1400.5
2026-08-25 10:56:34,100.00,0.00,428.00,1293,4.78,1399.6
2026-08-25 10:56:39,100.00,0.00,427.50,1291,4.80,1398.9
2026-08-25 10:56:44,100.00,0.00,428.00,1296,4.78,1400.9
2026-08-25 10:56:49,100.00,0.00,428.00,1296,4.78,1398.7
2026-08-25 10:56:54,100.00,0.00,427.50,1296,4.78,1400.7
2026-08-25 10:56:59,100.00,0.00,427.75,1286,4.82,1400.7
2026-08-25 10:57:04,100.00,0.00,427.50,1291,4.78,1402.2
2026-08-25 10:57:09,100.00,0.00,427.75,1303,4.74,1402.1
2026-08-25 10:57:14,100.00,0.00,427.25,1296,4.78,1401.9
2026-08-25 10:57:19,100.00,0.00,427.50,1294,4.80,1398.5
2026-08-25 10:57:24,100.00,0.00,428.00,1294,4.78,1399.1
2026-08-25 10:57:29,100.00,0.00,428.00,1283,4.81,1401.3
2026-08-25 10:57:34,100.00,0.00,428.00,1292,4.80,1401.3
2026-08-25 10:57:39,100.00,0.00,428.00,1291,4.83,1401.0
2026-08-25 10:57:44,100.00,0.00,428.00,1286,4.81,1402.1
2026-08-25 10:57:49,100.00,0.00,428.00,1282,4.76,1404.6
2026-08-25 10:57:54,100.00,0.00,427.75,1287,5.70,1403.6
2026-08-25 10:57:59,100.00,0.00,428.00,1283,4.86,1401.7
2026-08-25 10:58:04,100.00,0.00,427.75,1297,4.79,1404.4
2026-08-25 10:58:09,100.00,0.00,428.00,1296,4.79,1410.6
2026-08-25 10:58:14,100.00,0.00,428.50,1299,4.76,1412.0
2026-08-25 10:58:19,100.00,0.00,427.75,1296,4.78,1410.8
2026-08-25 10:58:24,100.00,0.00,428.25,1306,4.77,1409.3
2026-08-25 10:58:29,100.00,0.00,428.25,1296,4.79,1413.9
2026-08-25 10:58:34,100.00,0.00,429.00,1293,4.78,1418.1
2026-08-25 10:58:39,100.00,0.00,428.25,1291,4.81,1422.2
2026-08-25 10:58:44,100.00,0.00,428.50,1295,4.78,1427.5
2026-08-25 10:58:49,100.00,0.00,429.00,1285,4.83,1430.6
2026-08-25 10:58:54,100.00,0.00,428.25,1296,4.78,1430.3
2026-08-25 10:58:59,100.00,0.00,428.75,1301,4.77,1428.6
2026-08-25 10:59:04,100.00,0.00,428.25,1295,4.78,1425.1
2026-08-25 10:59:09,100.00,0.00,428.50,1296,4.75,1422.1
2026-08-25 10:59:14,100.00,0.00,428.75,1297,4.75,1422.1
2026-08-25 10:59:19,100.00,0.00,428.75,1302,4.75,1421.9
2026-08-25 10:59:24,100.00,0.00,429.25,1301,4.75,1421.7
2026-08-25 10:59:29,100.00,0.00,428.50,1301,4.77,1421.6
2026-08-25 10:59:34,100.00,0.00,429.50,1289,4.82,1419.1
2026-08-25 10:59:39,100.00,0.00,427.75,1297,4.77,1418.2
2026-08-25 10:59:44,100.00,0.00,429.00,1265,4.77,1416.3
2026-08-25 10:59:49,100.00,0.00,429.00,1299,4.76,1417.0
2026-08-25 10:59:54,100.00,0.00,429.00,1309,4.93,1416.8
2026-08-25 10:59:59,100.00,0.00,429.00,1295,4.78,1415.3
2026-08-25 11:00:04,100.00,0.00,429.00,1299,4.76,1421.0
2026-08-25 11:00:09,100.00,0.00,429.25,1306,4.72,1425.1
2026-08-25 11:00:14,100.00,0.00,429.50,1305,4.72,1426.1
2026-08-25 11:00:19,100.00,0.00,429.00,1308,5.45,1424.2
2026-08-25 11:00:24,100.00,0.00,428.25,1314,4.68,1424.2
2026-08-25 11:00:29,100.00,0.00,429.00,1309,4.73,1422.8
2026-08-25 11:00:34,100.00,0.00,428.75,1299,4.76,1421.8
2026-08-25 11:00:39,100.00,0.00,428.50,1302,4.73,1422.7
2026-08-25 11:00:44,100.00,0.00,428.50,1311,4.70,1422.6
2026-08-25 11:00:49,100.00,0.00,429.00,1303,4.58,1420.9
2026-08-25 11:00:54,100.00,0.00,428.50,1299,4.74,1417.2
2026-08-25 11:00:59,100.00,0.00,428.75,1308,4.69,1415.6
2026-08-25 11:01:04,100.00,0.00,428.50,1296,4.76,1413.7
2026-08-25 11:01:09,100.00,0.00,428.75,1296,4.77,1414.2
2026-08-25 11:01:14,100.00,0.00,428.75,1302,4.75,1415.0
2026-08-25 11:01:19,100.00,0.00,429.25,1297,4.78,1413.0
2026-08-25 11:01:24,100.00,0.00,427.75,1296,4.78,1410.2
2026-08-25 11:01:29,100.00,0.00,429.00,1296,4.78,1412.4
2026-08-25 11:01:34,100.00,0.00,429.00,1286,4.84,1414.6
2026-08-25 11:01:39,100.00,0.00,429.00,1299,4.71,1415.6
2026-08-25 11:01:44,100.00,0.00,429.25,1293,4.79,1414.0
2026-08-25 11:01:49,100.00,0.00,428.50,1301,4.76,1418.0
2026-08-25 11:01:54,100.00,0.00,428.75,1302,4.75,1418.0
2026-08-25 11:01:59,100.00,0.00,428.75,1307,4.71,1417.3
2026-08-25 11:02:04,100.00,0.00,429.00,1305,4.75,1413.4
2026-08-25 11:02:09,100.00,0.00,429.25,1287,4.78,1413.9
2026-08-25 11:02:14,100.00,0.00,428.50,1304,4.78,1417.0
2026-08-25 11:02:19,100.00,0.00,428.75,1306,4.73,1422.6
2026-08-25 11:02:24,100.00,0.00,429.00,1299,4.75,1422.9
2026-08-25 11:02:29,100.00,0.00,428.75,1311,4.73,1422.6
2026-08-25 11:02:34,100.00,0.00,429.25,1307,4.74,1426.2
2026-08-25 11:02:39,100.00,0.00,428.00,1308,4.76,1423.5
2026-08-25 11:02:44,100.00,0.00,428.75,1313,4.75,1420.6
2026-08-25 11:02:49,100.00,0.00,428.75,1297,4.77,1416.5
2026-08-25 11:02:54,100.00,0.00,429.25,1285,4.79,1417.7
2026-08-25 11:02:59,100.00,0.00,428.50,1297,4.78,1425.4
2026-08-25 11:03:04,100.00,0.00,429.00,1302,4.75,1426.6
2026-08-25 11:03:09,100.00,0.00,429.75,1303,4.73,1430.2
2026-08-25 11:03:14,100.00,0.00,428.75,1302,4.77,1429.4
2026-08-25 11:03:19,100.00,0.00,428.75,1296,4.76,1428.9
2026-08-25 11:03:24,100.00,0.00,428.75,1306,4.74,1429.0
2026-08-25 11:03:29,100.00,0.00,429.25,1296,4.71,1429.6
2026-08-25 11:03:34,100.00,0.00,429.25,1296,4.77,1432.0
2026-08-25 11:03:39,100.00,0.00,429.25,1294,4.78,1434.3
2026-08-25 11:03:44,100.00,0.00,428.50,1293,4.82,1438.1
2026-08-25 11:03:49,100.00,0.00,429.00,1297,4.83,1433.2
2026-08-25 11:03:54,100.00,0.00,429.00,1311,4.69,1430.2
2026-08-25 11:03:59,100.00,0.00,429.25,1314,4.68,1431.7
2026-08-25 11:04:04,100.00,0.00,429.25,1328,4.64,1431.9
2026-08-25 11:04:09,100.00,0.00,428.50,1329,4.59,1428.7
2026-08-25 11:04:14,100.00,0.00,428.75,1330,4.57,1426.5
2026-08-25 11:04:19,100.00,0.00,429.75,1323,4.63,1423.6
2026-08-25 11:04:24,100.00,0.00,429.00,1325,4.65,1422.5
2026-08-25 11:04:29,100.00,0.00,428.25,1328,4.61,1420.0
2026-08-25 11:04:34,100.00,0.00,428.50,1338,4.55,1419.6
2026-08-25 11:04:39,100.00,0.00,429.00,1339,4.57,1424.2
2026-08-25 11:04:44,100.00,0.00,428.25,1330,4.59,1426.8
2026-08-25 11:04:49,100.00,0.00,427.50,1328,4.61,1429.5
2026-08-25 11:04:54,100.00,0.00,429.00,1334,4.56,1428.4
2026-08-25 11:04:59,100.00,0.00,428.25,1323,4.62,1422.4
2026-08-25 11:05:04,100.00,0.00,428.25,1328,4.61,1426.4
2026-08-25 11:05:09,100.00,0.00,428.75,1314,4.73,1431.0
2026-08-25 11:05:14,100.00,0.00,428.25,1315,4.67,1431.7
2026-08-25 11:05:19,100.00,0.00,428.00,1327,4.61,1428.3
2026-08-25 11:05:24,100.00,0.00,428.50,1325,4.64,1428.7
2026-08-25 11:05:29,100.00,0.00,427.50,1328,4.61,1434.6
2026-08-25 11:05:34,100.00,0.00,427.75,1345,4.53,1442.0
2026-08-25 11:05:39,100.00,0.00,428.25,1341,4.57,1442.8
2026-08-25 11:05:44,100.00,0.00,428.00,1335,4.57,1438.1
2026-08-25 11:05:49,100.00,0.00,428.00,1333,4.57,1435.0
2026-08-25 11:05:54,100.00,0.00,428.00,1328,4.61,1435.5
2026-08-25 11:05:59,100.00,0.00,428.00,1341,4.51,1432.1
2026-08-25 11:06:04,100.00,0.00,428.00,1347,4.49,1428.2
2026-08-25 11:06:09,100.00,0.00,428.50,1350,4.50,1426.1
2026-08-25 11:06:14,100.00,0.00,428.50,1340,4.53,1428.3
2026-08-25 11:06:19,100.00,0.00,427.75,1344,4.49,1428.2
2026-08-25 11:06:24,100.00,0.00,428.25,1344,4.53,1424.1
2026-08-25 11:06:29,100.00,0.00,428.25,1338,4.54,1422.9
2026-08-25 11:06:34,100.00,0.00,428.25,1334,4.59,1425.7
2026-08-25 11:06:39,100.00,0.00,428.25,1341,4.53,1429.1
2026-08-25 11:06:44,100.00,0.00,428.25,1351,4.50,1426.9
2026-08-25 11:06:49,100.00,0.00,427.75,1344,4.53,1424.9
2026-08-25 11:06:54,100.00,0.00,428.25,1339,4.55,1428.2
2026-08-25 11:06:59,100.00,0.00,428.75,1350,4.52,1431.6
2026-08-25 11:07:04,100.00,0.00,428.50,1314,4.50,1432.7
2026-08-25 11:07:09,100.00,0.00,429.00,1342,4.50,1432.8
2026-08-25 11:07:14,100.00,0.00,429.00,1360,4.52,1432.9
2026-08-25 11:07:19,100.00,0.00,428.00,1344,4.54,1434.4
2026-08-25 11:07:24,100.00,0.00,428.25,1343,4.49,1433.6
2026-08-25 11:07:29,100.00,0.00,428.75,1328,4.60,1431.4
2026-08-25 11:07:34,100.00,0.00,428.75,1337,4.57,1430.9
2026-08-25 11:07:39,100.00,0.00,427.75,1347,4.50,1432.9
2026-08-25 11:07:44,100.00,0.00,428.50,1343,4.53,1434.5
2026-08-25 11:07:49,100.00,0.00,428.50,1338,4.57,1431.8
2026-08-25 11:07:54,100.00,0.00,427.75,1347,4.52,1427.8
2026-08-25 11:07:59,100.00,0.00,428.25,1341,4.56,1427.7
2026-08-25 11:08:04,100.00,0.00,427.75,1340,4.56,1430.1
2026-08-25 11:08:09,100.00,0.00,428.25,1331,4.60,1431.1
2026-08-25 11:08:14,100.00,0.00,428.00,1335,4.56,1430.0
2026-08-25 11:08:19,100.00,0.00,427.50,1345,4.51,1428.2
2026-08-25 11:08:24,100.00,0.00,427.75,1345,4.60,1431.0
2026-08-25 11:08:29,100.00,0.00,428.25,1343,4.53,1437.5
2026-08-25 11:08:34,100.00,0.00,428.00,1334,4.58,1434.9
2026-08-25 11:08:39,100.00,0.00,428.25,1333,4.60,1431.2
2026-08-25 11:08:44,100.00,0.00,427.50,1339,4.54,1429.5
2026-08-25 11:08:49,100.00,0.00,428.00,1339,4.56,1427.7
2026-08-25 11:08:54,100.00,0.00,427.25,1328,4.61,1427.5
2026-08-25 11:08:59,100.00,0.00,427.25,1339,4.54,1423.7
2026-08-25 11:09:04,100.00,0.00,427.25,1344,4.49,1420.0
2026-08-25 11:09:09,100.00,0.00,427.50,1329,4.60,1421.8
2026-08-25 11:09:14,100.00,0.00,426.75,1334,4.57,1424.7
2026-08-25 11:09:19,100.00,0.00,427.25,1310,4.56,1424.0
2026-08-25 11:09:24,100.00,0.00,427.75,1343,4.54,1423.4
2026-08-25 11:09:29,100.00,0.00,427.25,1347,4.17,1423.0
2026-08-25 11:09:34,100.00,0.00,427.50,1344,4.53,1424.7
2026-08-25 11:09:39,100.00,0.00,427.25,1336,4.58,1426.2
2026-08-25 11:09:44,100.00,0.00,427.25,1333,4.59,1426.4
2026-08-25 11:09:49,100.00,0.00,427.75,1347,4.51,1428.9
2026-08-25 11:09:54,100.00,0.00,427.50,1336,4.58,1435.3
2026-08-25 11:09:59,100.00,0.00,426.75,1347,4.50,1435.0
2026-08-25 11:10:04,100.00,0.00,427.50,1355,4.48,1433.3
2026-08-25 11:10:09,100.00,0.00,427.00,1342,4.53,1433.4
2026-08-25 11:10:14,100.00,0.00,426.75,1344,4.53,1436.3
2026-08-25 11:10:19,100.00,0.00,427.00,1347,4.49,1442.5
2026-08-25 11:10:24,100.00,0.00,426.75,1344,4.52,1439.9
2026-08-25 11:10:29,100.00,0.00,427.00,1353,4.50,1441.0
2026-08-25 11:10:34,100.00,0.00,427.50,1345,4.52,1440.6
2026-08-25 11:10:39,100.00,0.00,428.00,1343,4.53,1442.0
2026-08-25 11:10:44,100.00,0.00,427.00,1350,4.50,1440.8
2026-08-25 11:10:49,100.00,0.00,426.75,1362,4.45,1435.5
2026-08-25 11:10:54,100.00,0.00,427.25,1368,4.40,1429.5
2026-08-25 11:10:59,100.00,0.00,426.75,1358,4.37,1430.7
2026-08-25 11:11:04,100.00,0.00,427.25,1382,4.35,1432.5
2026-08-25 11:11:09,100.00,0.00,427.50,1375,4.37,1428.1
2026-08-25 11:11:14,100.00,0.00,427.00,1378,4.38,1427.0
2026-08-25 11:11:19,100.00,0.00,427.50,1369,4.38,1429.4
2026-08-25 11:11:24,100.00,0.00,427.00,1369,4.42,1434.9
2026-08-25 11:11:29,100.00,0.00,427.00,1371,4.37,1435.0
2026-08-25 11:11:34,100.00,0.00,426.50,1383,4.31,1431.8
2026-08-25 11:11:39,100.00,0.00,427.25,1387,4.34,1434.7
2026-08-25 11:11:44,100.00,0.00,427.50,1407,4.24,1438.2
2026-08-25 11:11:49,100.00,0.00,427.00,1453,4.01,1438.4
2026-08-25 11:11:54,100.00,0.00,427.50,1441,4.07,1432.9
2026-08-25 11:11:59,100.00,0.00,427.00,1411,4.21,1442.0
2026-08-25 11:12:04,100.00,0.00,427.50,1407,4.24,1451.8
2026-08-25 11:12:09,100.00,0.00,427.25,1391,4.31,1455.1
2026-08-25 11:12:14,100.00,0.00,427.25,1409,4.22,1452.3
2026-08-25 11:12:19,100.00,0.00,427.75,1411,4.22,1454.6
2026-08-25 11:12:24,100.00,0.00,426.75,1419,4.15,1453.8
2026-08-25 11:12:29,100.00,0.00,426.75,1408,4.21,1456.9
2026-08-25 11:12:34,100.00,0.00,427.00,1407,4.23,1459.5
2026-08-25 11:12:39,100.00,0.00,427.50,1405,4.22,1457.8
2026-08-25 11:12:44,100.00,0.00,427.25,1397,4.26,1453.6
2026-08-25 11:12:49,100.00,0.00,427.00,1410,4.26,1451.4
2026-08-25 11:12:54,100.00,0.00,427.75,1364,4.36,1454.1
2026-08-25 11:12:59,100.00,0.00,426.75,1371,4.39,1450.1
2026-08-25 11:13:04,100.00,0.00,427.50,1383,4.32,1447.0
2026-08-25 11:13:09,100.00,0.00,427.50,1375,4.36,1446.1
2026-08-25 11:13:14,100.00,0.00,427.75,1387,4.32,1449.9
2026-08-25 11:13:19,100.00,0.00,427.25,1387,4.31,1451.5
2026-08-25 11:13:24,100.00,0.00,427.00,1375,4.38,1451.0
2026-08-25 11:13:29,100.00,0.00,427.00,1381,4.37,1452.6
2026-08-25 11:13:34,100.00,0.00,427.75,1374,4.38,1451.7
2026-08-25 11:13:39,100.00,0.00,428.00,1389,4.30,1450.6
2026-08-25 11:13:44,100.00,0.00,427.50,1371,4.39,1445.8
2026-08-25 11:13:49,100.00,0.00,428.00,1377,4.36,1442.7
2026-08-25 11:13:54,100.00,0.00,428.00,1376,4.37,1438.6
2026-08-25 11:13:59,100.00,0.00,427.75,1386,4.35,1438.2
2026-08-25 11:14:04,100.00,0.00,427.00,1395,4.29,1438.6
2026-08-25 11:14:09,100.00,0.00,427.75,1376,4.35,1441.2
2026-08-25 11:14:14,100.00,0.00,427.75,1391,4.30,1439.9
2026-08-25 11:14:19,100.00,0.00,427.75,1392,4.34,1440.2
2026-08-25 11:14:24,100.00,0.00,427.50,1383,4.33,1437.4
2026-08-25 11:14:29,100.00,0.00,428.00,1374,4.38,1434.8
2026-08-25 11:14:34,100.00,0.00,427.50,1391,4.31,1437.4
2026-08-25 11:14:39,100.00,0.00,427.25,1383,4.33,1437.4
2026-08-25 11:14:44,100.00,0.00,428.00,1392,4.36,1438.8
2026-08-25 11:14:49,100.00,0.00,428.50,1366,4.42,1440.8
2026-08-25 11:14:54,100.00,0.00,428.00,1373,4.38,1439.6
2026-08-25 11:14:59,100.00,0.00,428.25,1359,4.44,1441.6
2026-08-25 11:15:04,100.00,0.00,428.50,1379,4.37,1443.7
2026-08-25 11:15:09,100.00,0.00,428.25,1379,4.29,1444.2
2026-08-25 11:15:14,100.00,0.00,428.50,1392,4.30,1443.6
2026-08-25 11:15:19,100.00,0.00,428.50,1365,4.42,1442.3
2026-08-25 11:15:24,100.00,0.00,427.75,1375,4.44,1443.2
2026-08-25 11:15:29,100.00,0.00,428.50,1375,4.37,1441.3
2026-08-25 11:15:34,100.00,0.00,428.50,1399,4.27,1437.5
2026-08-25 11:15:39,100.00,0.00,428.75,1396,4.27,1433.4
2026-08-25 11:15:44,100.00,0.00,429.25,1387,4.32,1434.1
2026-08-25 11:15:49,100.00,0.00,429.25,1398,4.27,1438.4
2026-08-25 11:15:54,100.00,0.00,429.25,1386,4.33,1437.9
2026-08-25 11:15:59,100.00,0.00,428.75,1360,4.30,1437.3
2026-08-25 11:16:04,100.00,0.00,429.50,1366,4.45,1436.8
2026-08-25 11:16:09,100.00,0.00,429.75,1391,4.40,1438.4
2026-08-25 11:16:14,100.00,0.00,429.00,1389,4.33,1440.7
2026-08-25 11:16:19,100.00,0.00,429.50,1402,4.36,1439.1
2026-08-25 11:16:24,100.00,0.00,429.75,1405,4.24,1437.0
2026-08-25 11:16:29,100.00,0.00,429.50,1417,4.19,1439.6
2026-08-25 11:16:34,100.00,0.00,429.50,1410,4.21,1443.6
2026-08-25 11:16:39,100.00,0.00,429.50,1414,4.20,1447.5
2026-08-25 11:16:44,100.00,0.00,429.50,1415,4.19,1455.5
2026-08-25 11:16:49,100.00,0.00,430.00,1427,4.13,1458.3
2026-08-25 11:16:54,100.00,0.00,429.25,1439,4.15,1460.3
2026-08-25 11:16:59,100.00,0.00,430.00,1424,4.16,1454.9
2026-08-25 11:17:04,100.00,0.00,429.50,1431,4.11,1450.0
2026-08-25 11:17:09,100.00,0.00,429.50,1434,4.12,1451.1
2026-08-25 11:17:14,100.00,0.00,429.25,1437,4.09,1453.1
2026-08-25 11:17:19,100.00,0.00,429.75,1412,4.20,1451.8
2026-08-25 11:17:24,100.00,0.00,429.50,1420,4.16,1449.5
2026-08-25 11:17:29,100.00,0.00,429.50,1422,4.16,1448.5
2026-08-25 11:17:34,100.00,0.00,430.00,1412,4.21,1448.0
2026-08-25 11:17:39,100.00,0.00,429.25,1378,4.24,1447.1
2026-08-25 11:17:44,100.00,0.00,429.50,1417,4.18,1445.2
2026-08-25 11:17:49,100.00,0.00,429.75,1418,4.17,1442.3
2026-08-25 11:17:54,100.00,0.00,430.25,1443,4.07,1439.4
2026-08-25 11:17:59,100.00,0.00,430.25,1439,4.08,1439.0
2026-08-25 11:18:04,100.00,0.00,429.75,1434,4.09,1437.5
2026-08-25 11:18:09,100.00,0.00,430.25,1424,4.24,1436.2
2026-08-25 11:18:14,100.00,0.00,429.50,1415,4.20,1441.7
2026-08-25 11:18:19,100.00,0.00,430.25,1402,4.26,1450.0
2026-08-25 11:18:24,100.00,0.00,429.50,1395,4.28,1453.1
2026-08-25 11:18:29,100.00,0.00,430.00,1397,4.25,1451.9
2026-08-25 11:18:34,100.00,0.00,430.00,1396,4.27,1455.5
2026-08-25 11:18:39,100.00,0.00,429.75,1388,4.30,1457.2
2026-08-25 11:18:44,100.00,0.00,429.00,1398,4.28,1458.1
2026-08-25 11:18:49,100.00,0.00,430.00,1399,4.27,1453.4
2026-08-25 11:18:54,100.00,0.00,430.00,1377,4.35,1449.9
2026-08-25 11:18:59,100.00,0.00,428.75,1392,4.30,1449.7
2026-08-25 11:19:04,100.00,0.00,430.00,1392,4.30,1450.6
2026-08-25 11:19:09,100.00,0.00,429.00,1424,4.16,1453.5
2026-08-25 11:19:14,100.00,0.00,429.50,1441,4.08,1460.6
2026-08-25 11:19:19,100.00,0.00,429.25,1435,4.09,1463.5
2026-08-25 11:19:24,100.00,0.00,429.50,1481,4.06,1461.0
2026-08-25 11:19:29,100.00,0.00,429.50,1450,4.13,1455.7
2026-08-25 11:19:34,100.00,0.00,429.75,1438,4.10,1452.8
2026-08-25 11:19:39,100.00,0.00,429.25,1429,4.15,1448.5
2026-08-25 11:19:44,100.00,0.00,430.25,1419,4.17,1448.6
2026-08-25 11:19:49,100.00,0.00,429.25,1408,4.20,1452.5
2026-08-25 11:19:54,100.00,0.00,429.75,1418,4.16,1453.6
2026-08-25 11:19:59,100.00,0.00,429.25,1388,4.21,1445.5
2026-08-25 11:20:04,100.00,0.00,430.00,1413,4.19,1445.7
2026-08-25 11:20:09,100.00,0.00,429.50,1411,4.29,1450.2
2026-08-25 11:20:14,100.00,0.00,429.50,1411,4.21,1448.8
2026-08-25 11:20:19,100.00,0.00,429.75,1430,4.12,1448.8
2026-08-25 11:20:24,100.00,0.00,430.00,1427,4.14,1451.8
2026-08-25 11:20:29,100.00,0.00,429.75,1424,4.11,1450.5
2026-08-25 11:20:34,100.00,0.00,429.25,1435,4.10,1451.5
2026-08-25 11:20:39,100.00,0.00,430.00,1424,4.15,1455.4
2026-08-25 11:20:44,100.00,0.00,429.75,1405,4.24,1458.9
2026-08-25 11:20:49,100.00,0.00,429.50,1398,4.29,1457.8
2026-08-25 11:20:54,100.00,0.00,429.75,1414,4.18,1458.4
2026-08-25 11:20:59,100.00,0.00,430.25,1424,4.15,1459.1
2026-08-25 11:21:04,100.00,0.00,429.25,1431,4.12,1453.1
2026-08-25 11:21:09,100.00,0.00,429.50,1456,4.04,1453.4
2026-08-25 11:21:14,100.00,0.00,429.75,1445,4.06,1459.0
2026-08-25 11:21:19,100.00,0.00,429.50,1430,4.12,1461.4
2026-08-25 11:21:24,100.00,0.00,429.00,1440,4.01,1460.4
2026-08-25 11:21:29,100.00,0.00,429.00,1440,4.04,1459.4
2026-08-25 11:21:34,100.00,0.00,430.00,1435,4.09,1460.6
2026-08-25 11:21:39,100.00,0.00,429.75,1431,4.12,1461.1
2026-08-25 11:21:44,100.00,0.00,429.50,1456,4.01,1461.7
2026-08-25 11:21:49,100.00,0.00,429.50,1454,4.02,1461.8
2026-08-25 11:21:54,100.00,0.00,430.00,1438,4.15,1465.3
2026-08-25 11:21:59,100.00,0.00,429.75,1413,4.18,1473.7
2026-08-25 11:22:04,100.00,0.00,428.75,1403,4.22,1473.1
2026-08-25 11:22:09,100.00,0.00,429.75,1392,4.29,1470.5
2026-08-25 11:22:14,100.00,0.00,429.50,1459,3.98,1468.7
2026-08-25 11:22:19,100.00,0.00,429.75,1511,3.76,1466.0
2026-08-25 11:22:24,100.00,0.00,430.00,1535,3.69,1466.4
2026-08-25 11:22:29,100.00,0.00,429.75,1514,3.78,1467.3
2026-08-25 11:22:34,100.00,0.00,429.00,1520,3.76,1469.5
2026-08-25 11:22:39,100.00,0.00,429.50,1515,3.77,1471.2
2026-08-25 11:22:44,100.00,0.00,430.00,1491,3.89,1469.5
2026-08-25 11:22:49,100.00,0.00,429.75,1456,4.01,1468.5
2026-08-25 11:22:54,100.00,0.00,430.00,1458,4.01,1469.2
2026-08-25 11:22:59,100.00,0.00,430.25,1459,4.01,1468.0
2026-08-25 11:23:04,100.00,0.00,429.50,1418,4.18,1467.0
2026-08-25 11:23:09,100.00,0.00,428.75,1415,4.20,1470.9
2026-08-25 11:23:14,100.00,0.00,429.75,1410,4.17,1468.5
2026-08-25 11:23:19,100.00,0.00,430.00,1441,4.08,1466.4
2026-08-25 11:23:24,100.00,0.00,429.50,1424,4.29,1466.0
2026-08-25 11:23:29,100.00,0.00,430.25,1405,4.23,1463.2
2026-08-25 11:23:34,100.00,0.00,429.75,1398,4.27,1466.5
2026-08-25 11:23:39,100.00,0.00,429.75,1408,4.23,1466.3
2026-08-25 11:23:44,100.00,0.00,429.25,1392,4.31,1468.7
2026-08-25 11:23:49,100.00,0.00,429.50,1365,4.26,1473.0
2026-08-25 11:23:54,100.00,0.00,429.75,1415,4.18,0.0
2026-08-25 11:23:59,100.00,0.00,429.75,1427,4.13,1474.8
2026-08-25 11:24:04,100.00,0.00,429.75,1392,4.27,1474.8
2026-08-25 11:24:09,100.00,0.00,430.50,1379,4.36,1475.2
2026-08-25 11:24:14,100.00,0.00,430.00,1377,4.36,1473.9
2026-08-25 11:24:19,100.00,0.00,429.50,1392,4.31,1471.6
2026-08-25 11:24:24,100.00,0.00,430.25,1393,4.30,1467.4
2026-08-25 11:24:29,100.00,0.00,429.75,1373,4.39,1466.9
2026-08-25 11:24:34,100.00,0.00,429.75,1383,4.37,1465.9
2026-08-25 11:24:39,100.00,0.00,430.25,1427,4.11,1466.7
2026-08-25 11:24:44,100.00,0.00,430.00,1394,4.30,1468.6
2026-08-25 11:24:49,100.00,0.00,429.75,1392,4.29,1470.1
2026-08-25 11:24:54,100.00,0.00,429.25,1395,4.30,1470.3
2026-08-25 11:24:59,100.00,0.00,429.25,1397,4.26,1469.8
2026-08-25 11:25:04,100.00,0.00,430.25,1405,4.24,1464.4
2026-08-25 11:25:09,100.00,0.00,429.75,1397,4.25,1463.8
2026-08-25 11:25:14,100.00,0.00,429.75,1379,4.37,1464.0
2026-08-25 11:25:19,100.00,0.00,430.00,1374,4.53,1463.1
2026-08-25 11:25:24,100.00,0.00,429.50,1387,4.42,1463.2
2026-08-25 11:25:29,100.00,0.00,429.00,1373,4.39,1461.5
2026-08-25 11:25:34,100.00,0.00,429.50,1392,4.30,1462.2
2026-08-25 11:25:39,100.00,0.00,429.25,1425,4.15,1460.1
2026-08-25 11:25:44,100.00,0.00,429.75,1437,4.09,1458.8
2026-08-25 11:25:49,100.00,0.00,429.25,1440,4.08,1456.1
2026-08-25 11:25:54,100.00,0.00,429.25,1404,4.24,1455.8
2026-08-25 11:25:59,100.00,0.00,429.50,1403,4.25,1462.0
2026-08-25 11:26:04,100.00,0.00,428.50,1402,4.24,1464.9
2026-08-25 11:26:09,100.00,0.00,429.00,1426,4.22,1463.4
2026-08-25 11:26:14,100.00,0.00,427.75,1403,4.27,1463.9
2026-08-25 11:26:19,100.00,0.00,428.25,1395,4.29,1465.7
2026-08-25 11:26:24,100.00,0.00,428.00,1393,4.24,1467.9
2026-08-25 11:26:29,100.00,0.00,429.00,1405,4.24,1470.2
2026-08-25 11:26:34,100.00,0.00,428.50,1411,4.18,1470.8
2026-08-25 11:26:39,100.00,0.00,428.50,1435,3.88,1470.4
2026-08-25 11:26:44,100.00,0.00,428.75,1431,4.09,1470.6
2026-08-25 11:26:49,100.00,0.00,428.75,1409,4.21,1473.0
2026-08-25 11:26:54,100.00,0.00,428.75,1403,4.27,1471.0
2026-08-25 11:26:59,100.00,0.00,429.00,1392,4.29,1467.0
2026-08-25 11:27:04,100.00,0.00,428.50,1402,4.27,1470.1
2026-08-25 11:27:09,100.00,0.00,428.00,1419,4.16,1471.2
2026-08-25 11:27:14,100.00,0.00,428.75,1430,4.08,1468.4
2026-08-25 11:27:19,100.00,0.00,428.25,1471,3.94,1463.9
2026-08-25 11:27:24,100.00,0.00,428.25,1454,4.01,1463.5
2026-08-25 11:27:29,100.00,0.00,428.25,1446,4.04,1467.3
2026-08-25 11:27:34,100.00,0.00,428.75,1413,4.20,1465.6
2026-08-25 11:27:39,100.00,0.00,429.00,1431,4.10,1464.4
2026-08-25 11:27:44,100.00,0.00,428.25,1421,4.15,1464.0
2026-08-25 11:27:49,100.00,0.00,428.75,1412,4.21,1464.3
2026-08-25 11:27:54,100.00,0.00,428.25,1419,4.16,1466.3
2026-08-25 11:27:59,100.00,0.00,428.50,1451,4.06,1467.6
2026-08-25 11:28:04,100.00,0.00,428.75,1424,4.16,1464.2
2026-08-25 11:28:09,100.00,0.00,428.00,1417,4.19,1462.3
2026-08-25 11:28:14,100.00,0.00,428.25,1393,4.27,1464.0
2026-08-25 11:28:19,100.00,0.00,427.75,1424,4.15,1462.9
2026-08-25 11:28:24,100.00,0.00,428.00,1424,4.14,1458.1
2026-08-25 11:28:29,100.00,0.00,428.75,1424,4.17,1451.5
2026-08-25 11:28:34,100.00,0.00,427.50,1439,4.18,1448.7
2026-08-25 11:28:39,100.00,0.00,428.25,1424,4.16,1450.8
2026-08-25 11:28:44,100.00,0.00,428.50,1441,4.08,1450.1
2026-08-25 11:28:49,100.00,0.00,428.25,1445,4.16,1448.5
2026-08-25 11:28:54,100.00,0.00,428.75,1397,4.27,1448.7
2026-08-25 11:28:59,100.00,0.00,428.25,1390,4.15,1448.5
2026-08-25 11:29:04,100.00,0.00,428.25,1424,4.16,1450.5
2026-08-25 11:29:09,100.00,0.00,428.50,1457,4.09,1450.8
2026-08-25 11:29:14,100.00,0.00,428.00,1442,4.07,1450.2
2026-08-25 11:29:19,100.00,0.00,428.00,1410,4.22,1451.2
2026-08-25 11:29:24,100.00,0.00,427.75,1392,4.30,1455.1
2026-08-25 11:29:29,100.00,0.00,428.50,1392,4.31,1454.3
2026-08-25 11:29:34,100.00,0.00,428.50,1373,4.40,1455.9
2026-08-25 11:29:39,100.00,0.00,427.75,1402,4.27,1454.3
2026-08-25 11:29:44,100.00,0.00,427.75,1395,4.30,1451.9
2026-08-25 11:29:49,100.00,0.00,428.75,1436,4.12,1449.3
2026-08-25 11:29:54,100.00,0.00,428.00,1441,4.07,1453.2
2026-08-25 11:29:59,100.00,0.00,428.75,1408,4.22,1460.0
2026-08-25 11:30:04,100.00,0.00,428.25,1411,4.15,1464.6
2026-08-25 11:30:09,100.00,0.00,428.00,1429,4.24,1472.7
2026-08-25 11:30:14,100.00,0.00,428.00,1394,4.29,1470.0
2026-08-25 11:30:19,100.00,0.00,427.25,1392,4.30,1467.8
2026-08-25 11:30:24,100.00,0.00,428.00,1392,4.29,1466.7
2026-08-25 11:30:29,100.00,0.00,428.75,1392,4.30,1469.0
2026-08-25 11:30:34,100.00,0.00,428.25,1377,4.35,1467.4
2026-08-25 11:30:39,100.00,0.00,428.50,1392,4.30,1465.7
2026-08-25 11:30:44,100.00,0.00,428.00,1385,4.34,1459.0
2026-08-25 11:30:49,100.00,0.00,428.25,1403,4.23,1459.2
2026-08-25 11:30:54,100.00,0.00,429.00,1447,4.06,1461.1
2026-08-25 11:30:59,100.00,0.00,428.50,1454,4.02,1457.4
2026-08-25 11:31:04,100.00,0.00,428.00,1477,3.93,1453.6
2026-08-25 11:31:09,100.00,0.00,428.25,1472,3.89,1451.3
2026-08-25 11:31:14,100.00,0.00,428.00,1472,3.94,1450.6
2026-08-25 11:31:19,100.00,0.00,428.00,1454,4.01,1450.2
2026-08-25 11:31:24,100.00,0.00,428.50,1445,4.08,1450.6
2026-08-25 11:31:29,100.00,0.00,428.75,1443,4.07,1453.0
2026-08-25 11:31:34,100.00,0.00,428.00,1444,4.05,1451.9
2026-08-25 11:31:39,100.00,0.00,428.25,1431,4.12,1453.2
2026-08-25 11:31:44,100.00,0.00,428.25,1422,4.16,1450.7
2026-08-25 11:31:49,100.00,0.00,428.50,1439,4.08,1449.3
2026-08-25 11:31:54,100.00,0.00,428.25,1467,3.99,1453.7
2026-08-25 11:31:59,100.00,0.00,428.50,1472,3.95,1455.6
2026-08-25 11:32:04,100.00,0.00,429.00,1489,3.86,1456.8
2026-08-25 11:32:09,100.00,0.00,429.25,1488,3.88,1459.6
2026-08-25 11:32:14,100.00,0.00,429.00,1492,3.87,1464.0
2026-08-25 11:32:19,100.00,0.00,429.00,1502,3.82,1466.7
2026-08-25 11:32:24,100.00,0.00,428.50,1497,3.85,1465.2
2026-08-25 11:32:29,100.00,0.00,429.00,1490,3.87,1461.4
2026-08-25 11:32:34,100.00,0.00,428.75,1490,3.99,1460.2
2026-08-25 11:32:39,100.00,0.00,429.25,1447,3.95,1462.5
2026-08-25 11:32:44,100.00,0.00,429.50,1452,4.02,1461.9
2026-08-25 11:32:49,100.00,0.00,429.25,1445,4.05,1454.9
2026-08-25 11:32:54,100.00,0.00,429.25,1488,4.00,1451.8
2026-08-25 11:32:59,100.00,0.00,429.50,1482,3.91,1451.3
2026-08-25 11:33:04,100.00,0.00,429.25,1466,3.97,1453.5
2026-08-25 11:33:09,100.00,0.00,429.50,1465,3.99,1451.7
2026-08-25 11:33:14,100.00,0.00,429.25,1465,3.95,1452.2
2026-08-25 11:33:19,100.00,0.00,429.75,1463,3.97,1449.1
2026-08-25 11:33:24,100.00,0.00,430.00,1466,3.96,1446.4
2026-08-25 11:33:29,100.00,0.00,430.25,1447,4.03,1449.0
2026-08-25 11:33:34,100.00,0.00,430.00,1471,3.96,1448.0
2026-08-25 11:33:39,100.00,0.00,429.25,1485,3.88,1445.7
2026-08-25 11:33:44,100.00,0.00,429.75,1501,3.86,1447.1
2026-08-25 11:33:49,100.00,0.00,430.00,1467,3.97,1450.7
2026-08-25 11:33:54,100.00,0.00,430.25,1443,4.05,1451.6
2026-08-25 11:33:59,100.00,0.00,429.50,1435,4.08,1453.2
2026-08-25 11:34:04,100.00,0.00,430.50,1424,4.15,1453.6
2026-08-25 11:34:09,100.00,0.00,430.25,1424,4.12,1457.5
2026-08-25 11:34:14,100.00,0.00,429.75,1425,4.15,1458.8
2026-08-25 11:34:19,100.00,0.00,430.25,1407,4.22,1463.6
2026-08-25 11:34:24,100.00,0.00,430.00,1438,4.16,1466.8
2026-08-25 11:34:29,100.00,0.00,429.25,1397,4.20,1465.4
2026-08-25 11:34:34,100.00,0.00,429.75,1442,4.08,1464.2
2026-08-25 11:34:39,100.00,0.00,431.00,1455,4.02,1465.4
2026-08-25 11:34:44,100.00,0.00,430.50,1471,3.95,1465.9
2026-08-25 11:34:49,100.00,0.00,431.25,1451,4.02,1466.9
2026-08-25 11:34:54,100.00,0.00,430.75,1471,3.95,1467.7
2026-08-25 11:34:59,100.00,0.00,430.75,1467,3.95,1467.4
2026-08-25 11:35:04,100.00,0.00,430.75,1472,3.94,1466.5
2026-08-25 11:35:09,100.00,0.00,430.25,1455,4.02,1469.0
2026-08-25 11:35:14,100.00,0.00,430.75,1458,3.99,1471.8
2026-08-25 11:35:19,100.00,0.00,431.00,1472,3.94,1472.3
2026-08-25 11:35:24,100.00,0.00,430.75,1429,4.18,1471.2
2026-08-25 11:35:29,100.00,0.00,431.25,1456,4.02,1464.9
2026-08-25 11:35:34,100.00,0.00,431.00,1453,4.02,1461.2
2026-08-25 11:35:39,100.00,0.00,431.50,1457,4.00,1462.8
2026-08-25 11:35:44,100.00,0.00,431.00,1458,4.00,1460.5
2026-08-25 11:35:49,100.00,0.00,431.00,1456,4.01,1458.5
2026-08-25 11:35:54,100.00,0.00,431.25,1467,3.97,1457.8
2026-08-25 11:35:59,100.00,0.00,431.25,1440,4.07,1459.4
2026-08-25 11:36:04,100.00,0.00,430.50,1433,4.14,1463.2
2026-08-25 11:36:09,100.00,0.00,431.25,1442,4.08,1464.1
2026-08-25 11:36:14,100.00,0.00,431.25,1456,4.01,1464.1
2026-08-25 11:36:19,100.00,0.00,430.00,1471,4.02,1466.5
2026-08-25 11:36:24,100.00,0.00,430.75,1441,4.06,1468.3
2026-08-25 11:36:29,100.00,0.00,430.00,1422,4.15,1470.7
2026-08-25 11:36:34,100.00,0.00,430.50,1406,4.24,1469.9
2026-08-25 11:36:39,100.00,0.00,430.50,1409,4.21,1475.0
2026-08-25 11:36:44,100.00,0.00,430.50,1408,4.22,1476.2
2026-08-25 11:36:49,100.00,0.00,430.75,1405,4.21,1474.1
2026-08-25 11:36:54,100.00,0.00,431.00,1420,4.16,1471.4
2026-08-25 11:36:59,100.00,0.00,429.50,1402,4.22,1471.1
2026-08-25 11:37:04,100.00,0.00,429.75,1403,4.25,1468.0
2026-08-25 11:37:09,100.00,0.00,430.00,1383,4.32,1467.6
2026-08-25 11:37:14,100.00,0.00,430.50,1388,4.30,1465.8
2026-08-25 11:37:19,100.00,0.00,430.25,1391,4.30,1464.7
2026-08-25 11:37:24,100.00,0.00,429.75,1404,4.23,1463.5
2026-08-25 11:37:29,100.00,0.00,429.75,1391,4.31,1465.1
2026-08-25 11:37:34,100.00,0.00,430.00,1393,4.30,1467.3
2026-08-25 11:37:39,100.00,0.00,429.75,1422,4.16,1467.1
2026-08-25 11:37:44,100.00,0.00,429.50,1429,4.02,1466.9
2026-08-25 11:37:49,100.00,0.00,429.00,1446,4.06,1468.4
2026-08-25 11:37:54,100.00,0.00,428.50,1462,3.96,1473.8
2026-08-25 11:37:59,100.00,0.00,429.50,1487,3.94,1474.9
2026-08-25 11:38:04,100.00,0.00,429.50,1477,3.92,1476.3
2026-08-25 11:38:09,100.00,0.00,429.00,1486,3.86,1481.2
2026-08-25 11:38:14,100.00,0.00,429.00,1488,3.88,1479.2
2026-08-25 11:38:19,100.00,0.00,428.75,1491,3.73,1478.0
2026-08-25 11:38:24,100.00,0.00,429.25,1489,3.88,1474.5
2026-08-25 11:38:29,100.00,0.00,429.25,1493,3.86,1474.5
2026-08-25 11:38:34,100.00,0.00,429.50,1488,3.87,1472.9
2026-08-25 11:38:39,100.00,0.00,428.75,1490,3.86,1472.9
2026-08-25 11:38:44,100.00,0.00,428.75,1495,3.85,1468.3
2026-08-25 11:38:49,100.00,0.00,428.75,1486,3.89,1462.8
2026-08-25 11:38:54,100.00,0.00,428.75,1477,3.89,1458.0
2026-08-25 11:38:59,100.00,0.00,428.50,1472,3.93,1455.0
2026-08-25 11:39:04,100.00,0.00,429.00,1451,4.03,1451.6
2026-08-25 11:39:09,100.00,0.00,429.25,1446,4.04,1447.1
2026-08-25 11:39:14,100.00,0.00,429.25,1455,4.02,1445.3
2026-08-25 11:39:19,100.00,0.00,428.75,1467,3.97,1443.4
2026-08-25 11:39:24,100.00,0.00,428.25,1442,4.08,1442.5
2026-08-25 11:39:29,100.00,0.00,428.50,1458,4.01,1438.4
2026-08-25 11:39:34,100.00,0.00,428.75,1454,4.02,1433.2
2026-08-25 11:39:39,100.00,0.00,429.00,1474,4.01,1437.6
2026-08-25 11:39:44,100.00,0.00,428.50,1469,3.96,1439.7
2026-08-25 11:39:49,100.00,0.00,428.25,1466,3.97,1438.7
2026-08-25 11:39:54,100.00,0.00,428.75,1479,3.90,1441.2
2026-08-25 11:39:59,100.00,0.00,428.25,1495,3.87,1444.4
2026-08-25 11:40:04,100.00,0.00,428.50,1483,3.95,0.0
2026-08-25 11:40:09,100.00,0.00,428.50,1488,3.69,1451.4
2026-08-25 11:40:14,100.00,0.00,428.00,1488,3.89,1452.6
2026-08-25 11:40:19,100.00,0.00,428.75,1505,3.79,1454.6
2026-08-25 11:40:24,100.00,0.00,428.75,1507,3.79,1460.5
2026-08-25 11:40:29,100.00,0.00,429.00,1486,3.88,1464.2
2026-08-25 11:40:34,100.00,0.00,429.00,1502,3.80,1472.5
2026-08-25 11:40:39,100.00,0.00,428.25,1493,3.86,1478.6
2026-08-25 11:40:44,100.00,0.00,428.75,1482,3.90,1479.7
2026-08-25 11:40:49,100.00,0.00,428.25,1491,3.85,1476.9
2026-08-25 11:40:54,100.00,0.00,428.50,1494,3.85,1472.6
2026-08-25 11:40:59,100.00,0.00,428.75,1505,3.81,1467.2
2026-08-25 11:41:04,100.00,0.00,429.25,1519,3.72,1460.5
2026-08-25 11:41:09,100.00,0.00,428.50,1500,3.82,1457.7
2026-08-25 11:41:14,100.00,0.00,428.75,1515,3.76,1455.7
2026-08-25 11:41:19,100.00,0.00,428.50,1514,3.77,1454.7
2026-08-25 11:41:24,100.00,0.00,428.50,1485,3.88,1454.1
2026-08-25 11:41:29,100.00,0.00,428.25,1477,3.92,1449.2
2026-08-25 11:41:34,100.00,0.00,429.25,1485,3.89,1455.4
2026-08-25 11:41:39,100.00,0.00,428.50,1470,3.92,1463.5
2026-08-25 11:41:44,100.00,0.00,429.25,1479,3.92,1462.2
2026-08-25 11:41:49,100.00,0.00,429.25,1488,3.88,1459.1
2026-08-25 11:41:54,100.00,0.00,429.50,1495,3.84,1459.1
2026-08-25 11:41:59,100.00,0.00,429.25,1509,3.79,1460.0
2026-08-25 11:42:04,100.00,0.00,429.00,1505,3.81,1460.3
2026-08-25 11:42:09,100.00,0.00,429.00,1495,3.83,1461.9
2026-08-25 11:42:14,100.00,0.00,429.75,1488,3.88,1462.3
2026-08-25 11:42:19,100.00,0.00,429.75,1495,3.83,1463.3
2026-08-25 11:42:24,100.00,0.00,429.25,1487,3.85,1460.7
2026-08-25 11:42:29,100.00,0.00,429.25,1482,3.83,1458.7
2026-08-25 11:42:34,100.00,0.00,428.75,1535,3.69,1457.9
2026-08-25 11:42:39,100.00,0.00,429.50,1527,3.73,1458.2
2026-08-25 11:42:44,100.00,0.00,429.75,1507,3.80,1460.1
2026-08-25 11:42:49,100.00,0.00,429.00,1498,3.84,1455.8
2026-08-25 11:42:54,100.00,0.00,429.75,1489,3.86,1454.3
2026-08-25 11:42:59,100.00,0.00,429.00,1463,3.99,1452.1
2026-08-25 11:43:04,100.00,0.00,429.00,1457,4.02,1459.5
2026-08-25 11:43:09,100.00,0.00,430.00,1451,4.03,1458.1
2026-08-25 11:43:14,100.00,0.00,429.75,1459,4.00,1461.4
2026-08-25 11:43:19,100.00,0.00,429.00,1458,4.00,1464.7
2026-08-25 11:43:24,100.00,0.00,428.50,1447,3.95,1467.8
2026-08-25 11:43:29,100.00,0.00,429.50,1465,3.96,1467.0
2026-08-25 11:43:34,100.00,0.00,429.50,1483,3.89,1466.7
2026-08-25 11:43:39,100.00,0.00,429.00,1482,3.93,1465.5
2026-08-25 11:43:44,100.00,0.00,430.00,1470,3.95,1466.5
2026-08-25 11:43:49,100.00,0.00,429.50,1447,4.07,1471.4
2026-08-25 11:43:54,100.00,0.00,429.25,1378,4.36,1469.5
2026-08-25 11:43:59,100.00,0.00,429.75,1459,3.99,1465.0
2026-08-25 11:44:04,100.00,0.00,429.25,1490,3.88,1466.6
2026-08-25 11:44:09,100.00,0.00,429.25,1526,3.74,1470.7
2026-08-25 11:44:14,100.00,0.00,429.00,1533,3.69,1471.4
2026-08-25 11:44:19,100.00,0.00,429.75,1527,3.72,1471.0
2026-08-25 11:44:24,100.00,0.00,429.75,1526,3.74,1467.7
2026-08-25 11:44:29,100.00,0.00,429.50,1494,3.77,1468.1
2026-08-25 11:44:34,100.00,0.00,428.75,1501,3.88,1468.0
2026-08-25 11:44:39,100.00,0.00,429.25,1490,3.88,1465.7
2026-08-25 11:44:44,100.00,0.00,429.25,1493,3.85,1465.8
2026-08-25 11:44:49,100.00,0.00,428.75,1499,3.82,1467.8
2026-08-25 11:44:54,100.00,0.00,429.00,1499,3.83,1468.3
2026-08-25 11:44:59,100.00,0.00,429.00,1498,3.81,1467.1
2026-08-25 11:45:04,100.00,0.00,429.50,1499,3.83,1467.8
2026-08-25 11:45:09,100.00,0.00,429.25,1504,3.80,1465.6
2026-08-25 11:45:14,100.00,0.00,428.75,1491,3.86,1462.4
2026-08-25 11:45:19,100.00,0.00,428.25,1480,3.88,1465.6
2026-08-25 11:45:24,100.00,0.00,428.75,1481,3.89,1466.7
2026-08-25 11:45:29,100.00,0.00,429.25,1481,3.90,1461.4
2026-08-25 11:45:34,100.00,0.00,428.75,1487,3.90,1460.2
2026-08-25 11:45:39,100.00,0.00,428.75,1479,3.93,1463.0
2026-08-25 11:45:44,100.00,0.00,428.75,1475,3.92,1465.6
2026-08-25 11:45:49,100.00,0.00,428.25,1475,3.97,1463.7
2026-08-25 11:45:54,100.00,0.00,429.25,1456,3.93,1459.0
2026-08-25 11:45:59,100.00,0.00,429.25,1470,3.91,1456.4
2026-08-25 11:46:04,100.00,0.00,428.75,1477,3.92,1457.7
2026-08-25 11:46:09,100.00,0.00,428.50,1483,3.90,1454.8
2026-08-25 11:46:14,100.00,0.00,428.25,1475,3.90,1453.1
2026-08-25 11:46:19,100.00,0.00,427.75,1461,3.98,1453.5
2026-08-25 11:46:24,100.00,0.00,428.50,1471,3.93,1450.4
2026-08-25 11:46:29,100.00,0.00,428.75,1488,3.88,1445.9
2026-08-25 11:46:34,100.00,0.00,428.75,1499,3.85,1441.6
2026-08-25 11:46:39,100.00,0.00,428.75,1498,3.88,1441.0
2026-08-25 11:46:44,100.00,0.00,428.50,1498,3.84,1440.8
2026-08-25 11:46:49,100.00,0.00,428.75,1493,3.86,1445.4
2026-08-25 11:46:54,100.00,0.00,428.50,1493,3.85,1445.2
2026-08-25 11:46:59,100.00,0.00,428.75,1489,3.86,1446.1
2026-08-25 11:47:04,100.00,0.00,428.50,1481,3.91,1446.8
2026-08-25 11:47:09,100.00,0.00,428.50,1483,3.91,1451.6
2026-08-25 11:47:14,100.00,0.00,428.75,1488,3.88,1454.8
2026-08-25 11:47:19,100.00,0.00,429.00,1491,3.87,1457.2
2026-08-25 11:47:24,100.00,0.00,427.75,1494,3.85,1458.1
2026-08-25 11:47:29,100.00,0.00,428.00,1472,3.88,1453.1
2026-08-25 11:47:34,100.00,0.00,428.75,1483,3.89,1453.7
2026-08-25 11:47:39,100.00,0.00,429.25,1504,4.01,1454.8
2026-08-25 11:47:44,100.00,0.00,429.00,1478,3.92,1453.7
2026-08-25 11:47:49,100.00,0.00,429.00,1482,3.90,1456.3
2026-08-25 11:47:54,100.00,0.00,428.75,1511,3.91,1456.6
2026-08-25 11:47:59,100.00,0.00,428.00,1489,3.88,1457.1
2026-08-25 11:48:04,100.00,0.00,428.00,1451,3.93,1452.4
2026-08-25 11:48:09,100.00,0.00,429.00,1465,3.97,1452.6
2026-08-25 11:48:14,100.00,0.00,429.00,1471,3.95,1455.3
2026-08-25 11:48:19,100.00,0.00,429.25,1478,3.90,1456.9
2026-08-25 11:48:24,100.00,0.00,429.25,1488,3.88,1453.3
2026-08-25 11:48:29,100.00,0.00,429.25,1495,3.83,1454.1
2026-08-25 11:48:34,100.00,0.00,429.25,1507,3.80,1453.7
2026-08-25 11:48:39,100.00,0.00,430.00,1489,3.86,1454.7
2026-08-25 11:48:44,100.00,0.00,429.25,1488,3.89,1459.0
2026-08-25 11:48:49,100.00,0.00,429.25,1489,3.88,1443.0
2026-08-25 11:48:54,100.00,0.00,429.75,1487,3.89,1435.3
2026-08-25 11:48:59,100.00,0.00,429.75,1479,3.90,1432.5
2026-08-25 11:49:04,100.00,0.00,429.50,1470,3.95,1436.2
2026-08-25 11:49:09,100.00,0.00,429.50,1487,3.94,1436.2
2026-08-25 11:49:14,100.00,0.00,430.00,1478,3.92,1437.4
2026-08-25 11:49:19,100.00,0.00,429.75,1475,3.93,1438.7
2026-08-25 11:49:24,100.00,0.00,430.00,1473,3.94,1441.4
2026-08-25 11:49:29,100.00,0.00,429.50,1457,4.01,1439.8
2026-08-25 11:49:34,100.00,0.00,429.50,1475,3.92,1433.6
2026-08-25 11:49:39,100.00,0.00,429.75,1475,3.92,1433.1
2026-08-25 11:49:44,100.00,0.00,430.00,1474,3.94,1434.1
2026-08-25 11:49:49,100.00,0.00,429.75,1468,3.97,1434.0
2026-08-25 11:49:54,100.00,0.00,430.25,1472,3.94,1436.3
2026-08-25 11:49:59,100.00,0.00,430.00,1475,3.97,1437.5
2026-08-25 11:50:04,100.00,0.00,430.25,1459,3.98,1441.5
2026-08-25 11:50:09,100.00,0.00,430.50,1479,4.18,1443.3
2026-08-25 11:50:14,100.00,0.00,429.75,1463,3.98,1440.3
2026-08-25 11:50:19,100.00,0.00,429.75,1469,3.95,1439.1
2026-08-25 11:50:24,100.00,0.00,429.75,1456,4.01,1434.6
2026-08-25 11:50:29,100.00,0.00,430.00,1456,4.01,1437.5
2026-08-25 11:50:34,100.00,0.00,429.50,1439,3.98,1439.5
2026-08-25 11:50:39,100.00,0.00,430.00,1471,3.94,1443.4
2026-08-25 11:50:44,100.00,0.00,430.00,1469,3.94,1440.4
2026-08-25 11:50:49,100.00,0.00,430.25,1488,4.03,1436.5
2026-08-25 11:50:54,100.00,0.00,430.25,1461,3.98,1436.3
2026-08-25 11:50:59,100.00,0.00,430.50,1486,3.88,1436.7
2026-08-25 11:51:04,100.00,0.00,430.75,1488,3.88,1434.0
2026-08-25 11:51:09,100.00,0.00,430.50,1463,3.99,1432.3
2026-08-25 11:51:14,100.00,0.00,430.50,1473,3.95,1430.9
2026-08-25 11:51:19,100.00,0.00,430.25,1481,3.90,1430.5
2026-08-25 11:51:24,100.00,0.00,430.00,1483,3.91,1431.4
2026-08-25 11:51:29,100.00,0.00,430.75,1475,3.95,1432.0
2026-08-25 11:51:34,100.00,0.00,431.00,1469,3.99,1433.8
2026-08-25 11:51:39,100.00,0.00,430.75,1456,4.05,1439.6
2026-08-25 11:51:44,100.00,0.00,430.25,1454,4.01,1435.8
2026-08-25 11:51:49,100.00,0.00,430.75,1462,3.99,1432.8
2026-08-25 11:51:54,100.00,0.00,430.50,1465,3.96,1431.7
2026-08-25 11:51:59,100.00,0.00,430.50,1462,3.97,1437.5
2026-08-25 11:52:04,100.00,0.00,430.75,1470,3.96,1440.5
2026-08-25 11:52:09,100.00,0.00,430.25,1478,3.93,1443.8
2026-08-25 11:52:14,100.00,0.00,430.25,1469,3.94,1439.6
2026-08-25 11:52:19,100.00,0.00,430.25,1456,4.00,1442.5
2026-08-25 11:52:24,100.00,0.00,431.00,1459,4.00,1445.0
2026-08-25 11:52:29,100.00,0.00,430.50,1474,3.94,1447.2
2026-08-25 11:52:34,100.00,0.00,430.75,1462,4.00,1446.0
2026-08-25 11:52:39,100.00,0.00,430.25,1461,3.99,1443.8
2026-08-25 11:52:44,100.00,0.00,430.50,1455,4.02,1446.4
2026-08-25 11:52:49,100.00,0.00,430.50,1454,4.02,1444.1
2026-08-25 11:52:54,100.00,0.00,430.50,1456,4.01,1441.4
2026-08-25 11:52:59,100.00,0.00,430.75,1453,4.16,1439.8
2026-08-25 11:53:04,100.00,0.00,430.25,1437,4.10,1444.7
2026-08-25 11:53:09,100.00,0.00,430.50,1446,4.07,1444.4
2026-08-25 11:53:14,100.00,0.00,430.50,1459,3.99,1440.8
2026-08-25 11:53:19,100.00,0.00,430.50,1462,3.99,1438.8
2026-08-25 11:53:24,100.00,0.00,430.25,1466,3.96,1445.1
2026-08-25 11:53:29,100.00,0.00,430.50,1459,4.00,1446.8
2026-08-25 11:53:34,100.00,0.00,430.75,1446,4.04,1444.4
2026-08-25 11:53:39,100.00,0.00,431.00,1451,4.04,1443.9
2026-08-25 11:53:44,100.00,0.00,430.75,1449,4.05,1441.8
2026-08-25 11:53:49,100.00,0.00,430.50,1445,3.99,1442.1
2026-08-25 11:53:54,100.00,0.00,431.00,1449,4.04,1441.7
2026-08-25 11:53:59,100.00,0.00,430.50,1446,4.06,1438.9
2026-08-25 11:54:04,100.00,0.00,430.75,1447,4.15,1437.6
2026-08-25 11:54:09,100.00,0.00,431.00,1443,4.07,1439.1
2026-08-25 11:54:14,100.00,0.00,430.75,1456,4.01,1438.5
2026-08-25 11:54:19,100.00,0.00,431.25,1456,4.04,1437.4
2026-08-25 11:54:24,100.00,0.00,431.50,1456,4.01,1433.6
2026-08-25 11:54:29,100.00,0.00,431.00,1456,4.01,1433.0
2026-08-25 11:54:34,100.00,0.00,431.00,1461,3.99,1435.3
2026-08-25 11:54:39,100.00,0.00,430.50,1461,3.98,1434.1
2026-08-25 11:54:44,100.00,0.00,431.00,1451,4.03,1432.8
2026-08-25 11:54:49,100.00,0.00,430.50,1454,4.02,1430.8
2026-08-25 11:54:54,100.00,0.00,430.50,1494,3.97,1431.5
2026-08-25 11:54:59,100.00,0.00,431.00,1469,3.92,1434.2
2026-08-25 11:55:04,100.00,0.00,431.25,1484,3.91,1435.2
2026-08-25 11:55:09,100.00,0.00,431.25,1465,3.96,1432.1
2026-08-25 11:55:14,100.00,0.00,430.75,1476,3.92,1432.2
2026-08-25 11:55:19,100.00,0.00,431.00,1470,3.95,1435.8
2026-08-25 11:55:24,100.00,0.00,431.25,1456,4.06,1436.3
2026-08-25 11:55:29,100.00,0.00,431.00,1433,3.95,1437.9
2026-08-25 11:55:34,100.00,0.00,431.00,1433,4.08,1440.6
2026-08-25 11:55:39,100.00,0.00,431.25,1443,4.07,1446.6
2026-08-25 11:55:44,100.00,0.00,429.75,1438,4.09,1449.9
2026-08-25 11:55:49,100.00,0.00,430.75,1429,4.12,1443.8
2026-08-25 11:55:54,100.00,0.00,430.75,1440,4.12,1442.0
2026-08-25 11:55:59,100.00,0.00,431.00,1457,3.99,1445.7
2026-08-25 11:56:04,100.00,0.00,430.75,1455,4.01,1447.3
2026-08-25 11:56:09,100.00,0.00,431.25,1442,4.14,1439.9
2026-08-25 11:56:14,100.00,0.00,431.00,1441,4.06,1432.9
2026-08-25 11:56:19,100.00,0.00,431.50,1449,4.05,1431.2
2026-08-25 11:56:24,100.00,0.00,431.00,1443,4.03,1429.2
2026-08-25 11:56:29,100.00,0.00,430.75,1431,4.12,1425.8
2026-08-25 11:56:34,100.00,0.00,430.50,1460,4.00,1422.8
2026-08-25 11:56:39,100.00,0.00,430.75,1445,4.04,1420.0
2026-08-25 11:56:44,100.00,0.00,431.25,1424,4.15,1420.7
2026-08-25 11:56:49,100.00,0.00,430.75,1429,4.35,1420.1
2026-08-25 11:56:54,100.00,0.00,431.25,1424,4.15,1419.9
2026-08-25 11:56:59,100.00,0.00,431.25,1403,4.25,1421.7
2026-08-25 11:57:04,100.00,0.00,430.50,1410,4.21,1424.5
2026-08-25 11:57:09,100.00,0.00,431.00,1408,4.22,1430.8
2026-08-25 11:57:14,100.00,0.00,431.00,1407,4.21,1429.7
2026-08-25 11:57:19,100.00,0.00,431.25,1408,4.21,1428.2
2026-08-25 11:57:24,100.00,0.00,431.00,1417,4.19,1426.9
2026-08-25 11:57:29,100.00,0.00,431.25,1408,4.20,1430.3
2026-08-25 11:57:34,100.00,0.00,430.75,1394,4.28,1432.3
2026-08-25 11:57:39,100.00,0.00,431.00,1420,4.17,1430.6
2026-08-25 11:57:44,100.00,0.00,430.75,1425,4.22,1431.9
2026-08-25 11:57:49,100.00,0.00,430.50,1427,4.13,1438.5
2026-08-25 11:57:54,100.00,0.00,430.25,1419,4.17,1437.3
2026-08-25 11:57:59,100.00,0.00,431.00,1427,4.13,1442.1
2026-08-25 11:58:04,100.00,0.00,430.75,1488,4.18,1444.3
2026-08-25 11:58:09,100.00,0.00,430.75,1424,4.15,1447.5
2026-08-25 11:58:14,100.00,0.00,430.50,1434,4.12,1447.0
2026-08-25 11:58:19,100.00,0.00,431.00,1443,4.08,1440.7
2026-08-25 11:58:24,100.00,0.00,430.75,1437,4.10,1433.1
2026-08-25 11:58:29,100.00,0.00,431.00,1438,4.09,1436.8
2026-08-25 11:58:34,100.00,0.00,430.75,1431,4.11,1444.7
2026-08-25 11:58:39,100.00,0.00,431.00,1424,4.15,1441.5
2026-08-25 11:58:44,100.00,0.00,431.00,1434,4.10,1434.0
2026-08-25 11:58:49,100.00,0.00,431.00,1435,4.16,1430.9
2026-08-25 11:58:54,100.00,0.00,430.75,1424,4.15,1434.4
2026-08-25 11:58:59,100.00,0.00,431.00,1439,4.07,1438.5
2026-08-25 11:59:04,100.00,0.00,431.00,1426,4.15,1436.8
2026-08-25 11:59:09,100.00,0.00,431.00,1424,4.15,1435.2
2026-08-25 11:59:14,100.00,0.00,431.00,1430,4.13,1436.1
2026-08-25 11:59:19,100.00,0.00,431.00,1421,4.15,1437.6
2026-08-25 11:59:24,100.00,0.00,431.25,1420,4.16,1441.4
2026-08-25 11:59:29,100.00,0.00,431.25,1436,4.08,1442.4
2026-08-25 11:59:34,100.00,0.00,431.50,1437,4.08,1439.3
2026-08-25 11:59:39,100.00,0.00,430.75,1454,4.02,1435.8
2026-08-25 11:59:44,100.00,0.00,431.25,1456,4.06,1432.3
2026-08-25 11:59:49,100.00,0.00,431.00,1447,4.05,1429.4
2026-08-25 11:59:54,100.00,0.00,431.00,1439,4.08,1427.6
2026-08-25 11:59:59,100.00,0.00,431.00,1429,4.13,1429.6
2026-08-25 12:00:04,100.00,0.00,430.00,1424,4.11,1429.9
2026-08-25 12:00:09,100.00,0.00,430.75,1419,4.15,1435.3
2026-08-25 12:00:14,100.00,0.00,430.75,1424,4.15,1439.0
2026-08-25 12:00:19,100.00,0.00,430.75,1424,4.15,1434.9
2026-08-25 12:00:24,100.00,0.00,431.00,1424,4.15,1433.5
2026-08-25 12:00:29,100.00,0.00,431.00,1421,4.16,1430.1
2026-08-25 12:00:34,100.00,0.00,430.75,1457,4.11,1428.5
2026-08-25 12:00:39,100.00,0.00,431.25,1409,4.22,1428.6
2026-08-25 12:00:44,100.00,0.00,430.75,1407,4.20,1432.5
2026-08-25 12:00:49,100.00,0.00,431.25,1423,4.20,1431.3
2026-08-25 12:00:54,100.00,0.00,431.75,1414,4.20,1429.7
2026-08-25 12:00:59,100.00,0.00,431.25,1419,4.16,1426.0
2026-08-25 12:01:04,100.00,0.00,431.50,1437,4.16,1426.7
2026-08-25 12:01:09,100.00,0.00,430.75,1419,4.15,1427.2
2026-08-25 12:01:14,100.00,0.00,431.50,1397,4.15,1424.4
2026-08-25 12:01:19,100.00,0.00,431.25,1429,4.12,1426.1
2026-08-25 12:01:24,100.00,0.00,431.00,1447,4.06,1431.6
2026-08-25 12:01:29,100.00,0.00,431.00,1462,4.01,1433.8
2026-08-25 12:01:34,100.00,0.00,431.25,1467,3.95,1433.4
2026-08-25 12:01:39,100.00,0.00,431.75,1488,3.88,1432.2
2026-08-25 12:01:44,100.00,0.00,431.75,1501,3.84,1433.7
2026-08-25 12:01:49,100.00,0.00,431.75,1499,3.77,1435.5
2026-08-25 12:01:54,100.00,0.00,431.00,1497,3.84,1439.5
2026-08-25 12:01:59,100.00,0.00,431.00,1463,3.96,1438.7
2026-08-25 12:02:04,100.00,0.00,431.50,1455,4.00,1436.2
2026-08-25 12:02:09,100.00,0.00,431.50,1447,4.06,1436.4
2026-08-25 12:02:14,100.00,0.00,431.75,1424,4.25,1435.8
2026-08-25 12:02:19,100.00,0.00,431.75,1420,4.18,1435.6
2026-08-25 12:02:24,100.00,0.00,431.25,1415,4.30,1435.7
2026-08-25 12:02:29,100.00,0.00,431.50,1414,4.21,1438.9
2026-08-25 12:02:34,100.00,0.00,431.50,1402,4.25,1440.0
2026-08-25 12:02:39,100.00,0.00,431.00,1409,4.22,1443.3
2026-08-25 12:02:44,100.00,0.00,431.75,1405,4.22,1441.7
2026-08-25 12:02:49,100.00,0.00,431.75,1423,4.15,1440.0
2026-08-25 12:02:54,100.00,0.00,432.50,1421,4.16,1441.1
2026-08-25 12:02:59,100.00,0.00,431.75,1413,4.20,1439.8
2026-08-25 12:03:04,100.00,0.00,432.25,1413,4.20,1436.0
2026-08-25 12:03:09,100.00,0.00,432.25,1419,4.16,1433.5
2026-08-25 12:03:14,100.00,0.00,432.25,1397,4.27,1433.5
2026-08-25 12:03:19,100.00,0.00,432.50,1437,4.09,1439.5
2026-08-25 12:03:24,100.00,0.00,433.00,1443,4.06,1443.4
2026-08-25 12:03:29,100.00,0.00,432.75,1442,4.07,1440.5
2026-08-25 12:03:34,100.00,0.00,432.00,1445,4.05,1439.4
2026-08-25 12:03:39,100.00,0.00,432.50,1447,4.04,1445.4
2026-08-25 12:03:44,100.00,0.00,432.75,1453,4.02,1465.2
2026-08-25 12:03:49,100.00,0.00,432.25,1435,4.09,1449.6
2026-08-25 12:03:54,100.00,0.00,433.00,1308,4.70,1159.2
2026-08-25 12:03:59,100.00,0.00,431.50,1073,6.24,1153.2
2026-08-25 12:04:04,100.00,0.00,430.25,965,7.18,1159.2
2026-08-25 12:04:09,100.00,0.00,428.25,915,7.57,1170.9
2026-08-25 12:04:14,100.00,0.00,426.25,899,7.87,1190.5
2026-08-25 12:04:19,100.00,0.00,423.75,889,7.96,1125.1
2026-08-25 12:04:24,100.00,0.00,423.00,912,7.63,1106.3
2026-08-25 12:04:29,100.00,0.00,422.50,999,6.86,1086.2
2026-08-25 12:04:34,100.00,0.00,422.50,1031,6.64,1072.1
2026-08-25 12:04:39,100.00,0.00,421.75,1102,6.02,1071.7
2026-08-25 12:04:44,100.00,0.00,422.00,1136,5.76,1062.4
2026-08-25 12:04:49,100.00,0.00,421.50,1135,5.77,1054.5
2026-08-25 12:04:54,100.00,0.00,421.50,1171,5.50,1047.0
2026-08-25 12:04:59,100.00,0.00,421.75,1203,5.31,958.0
2026-08-25 12:05:04,100.00,0.00,421.50,1008,6.78,1120.0
2026-08-25 12:05:09,100.00,0.00,419.75,912,7.72,1134.6
2026-08-25 12:05:14,100.00,0.00,419.25,865,8.30,1137.9
2026-08-25 12:05:19,100.00,0.00,417.50,832,8.70,1141.6
2026-08-25 12:05:24,100.00,0.00,416.00,815,8.96,1142.1
2026-08-25 12:05:29,100.00,0.00,414.50,792,9.24,1148.3
2026-08-25 12:05:34,100.00,0.00,411.75,778,9.36,1159.6
2026-08-25 12:05:39,100.00,0.00,411.50,771,9.56,1166.8
2026-08-25 12:05:44,100.00,0.00,409.25,758,9.40,1188.6
2026-08-25 12:05:49,100.00,0.00,407.25,747,9.87,1207.4
2026-08-25 12:05:54,100.00,0.00,405.75,735,10.02,1221.3
2026-08-25 12:05:59,100.00,0.00,405.00,730,10.20,1222.3
2026-08-25 12:06:04,100.00,0.00,403.00,716,10.41,1104.8
2026-08-25 12:06:09,100.00,0.00,402.00,701,10.68,1215.2
2026-08-25 12:06:14,100.00,0.00,400.25,693,10.92,1225.6
2026-08-25 12:06:19,100.00,0.00,398.75,703,10.71,1241.2
2026-08-25 12:06:24,100.00,0.00,398.00,714,10.60,1215.1
2026-08-25 12:06:29,100.00,0.00,397.50,731,10.13,1589.5
2026-08-25 12:06:34,100.00,0.00,397.00,767,9.60,1568.8
2026-08-25 12:06:39,100.00,0.00,396.75,791,9.21,1562.7
2026-08-25 12:06:44,100.00,0.00,397.75,830,8.69,1555.2
2026-08-25 12:06:49,100.00,0.00,398.25,907,7.82,1549.1
2026-08-25 12:06:54,100.00,0.00,398.75,953,7.32,1764.2
2026-08-25 12:06:59,100.00,0.00,400.00,995,6.89,1696.7
2026-08-25 12:07:04,100.00,0.00,400.50,1035,6.53,1684.6
2026-08-25 12:07:09,100.00,0.00,401.00,1062,6.36,1680.4
2026-08-25 12:07:14,100.00,0.00,402.50,1058,6.34,1678.5
2026-08-25 12:07:19,100.00,0.00,403.25,1071,6.26,1728.2
2026-08-25 12:07:24,100.00,0.00,403.50,1080,6.16,1729.9
2026-08-25 12:07:29,100.00,0.00,404.50,1092,6.08,1673.1
2026-08-25 12:07:34,100.00,0.00,406.00,1118,5.89,1672.2
2026-08-25 12:07:39,100.00,0.00,407.00,1125,5.86,1669.9
2026-08-25 12:07:44,100.00,0.00,407.50,1126,5.81,1672.2
2026-08-25 12:07:49,100.00,0.00,407.50,1131,5.79,1667.5
2026-08-25 12:07:54,100.00,0.00,409.00,1139,5.74,1662.6
2026-08-25 12:07:59,100.00,0.00,409.75,1127,5.83,1657.6
2026-08-25 12:08:04,100.00,0.00,410.50,1149,5.67,1653.1
2026-08-25 12:08:09,100.00,0.00,411.50,1159,5.62,1649.0
2026-08-25 12:08:14,100.00,0.00,411.75,1162,5.58,1645.8
2026-08-25 12:08:19,100.00,0.00,412.50,1157,5.62,1643.6
2026-08-25 12:08:24,100.00,0.00,413.50,1151,5.67,1643.5
2026-08-25 12:08:29,100.00,0.00,414.00,1147,5.70,1641.9
2026-08-25 12:08:34,100.00,0.00,414.50,1142,5.69,1642.6
2026-08-25 12:08:39,100.00,0.00,415.00,1139,5.72,1646.6
2026-08-25 12:08:44,100.00,0.00,415.75,1136,5.76,1644.6
2026-08-25 12:08:49,100.00,0.00,416.50,1168,5.81,1638.6
2026-08-25 12:08:54,100.00,0.00,417.00,1183,5.44,1631.6
2026-08-25 12:08:59,100.00,0.00,417.25,1193,5.40,1649.1
2026-08-25 12:09:04,100.00,0.00,418.25,1200,5.34,1627.1
2026-08-25 12:09:09,100.00,0.00,418.25,1188,5.41,1624.4
2026-08-25 12:09:14,100.00,0.00,418.50,1189,5.41,1617.9
2026-08-25 12:09:19,100.00,0.00,418.75,1181,5.48,1621.3
2026-08-25 12:09:24,100.00,0.00,420.00,1171,5.36,1623.4
2026-08-25 12:09:29,100.00,0.00,419.75,1175,5.50,1621.8
2026-08-25 12:09:34,100.00,0.00,420.50,1194,5.42,1616.7
2026-08-25 12:09:39,100.00,0.00,420.75,1218,5.44,1615.7
2026-08-25 12:09:44,100.00,0.00,420.75,1195,5.34,1618.7
2026-08-25 12:09:49,100.00,0.00,421.50,1183,5.45,1619.5
2026-08-25 12:09:54,100.00,0.00,421.75,1198,5.38,1625.0
2026-08-25 12:09:59,100.00,0.00,423.25,1180,5.45,1627.7
2026-08-25 12:10:04,100.00,0.00,422.75,1169,5.53,1626.5
2026-08-25 12:10:09,100.00,0.00,422.00,1177,5.54,1626.8
2026-08-25 12:10:14,100.00,0.00,423.00,1178,5.47,1624.7
2026-08-25 12:10:19,100.00,0.00,423.50,1179,5.47,1619.1
2026-08-25 12:10:24,100.00,0.00,423.50,1151,5.56,1620.5
2026-08-25 12:10:29,100.00,0.00,424.00,1181,5.55,1625.9
2026-08-25 12:10:34,100.00,0.00,424.25,1179,5.46,1625.4
2026-08-25 12:10:39,100.00,0.00,424.50,1176,5.55,1628.3
2026-08-25 12:10:44,100.00,0.00,424.75,1170,5.55,1629.6
2026-08-25 12:10:49,100.00,0.00,425.25,1171,5.47,1624.3
2026-08-25 12:10:54,100.00,0.00,425.00,1191,5.40,1624.0
2026-08-25 12:10:59,100.00,0.00,425.25,1181,5.46,1623.1
2026-08-25 12:11:04,100.00,0.00,426.00,1175,5.49,1619.2
2026-08-25 12:11:09,100.00,0.00,425.75,1177,5.50,1619.2
2026-08-25 12:11:14,100.00,0.00,426.00,1177,5.41,1623.8
2026-08-25 12:11:19,100.00,0.00,426.00,1196,5.35,1623.0
2026-08-25 12:11:24,100.00,0.00,426.25,1196,5.38,1622.1
2026-08-25 12:11:29,100.00,0.00,426.00,1200,5.34,1618.6
2026-08-25 12:11:34,100.00,0.00,426.75,1183,5.44,1618.5
2026-08-25 12:11:39,100.00,0.00,426.75,1187,5.53,1624.3
2026-08-25 12:11:44,100.00,0.00,426.25,1178,5.44,1628.0
2026-08-25 12:11:49,100.00,0.00,426.50,1177,5.63,1627.9
2026-08-25 12:11:54,100.00,0.00,427.00,1189,5.40,1625.9
2026-08-25 12:11:59,100.00,0.00,426.50,1194,5.42,1624.3
2026-08-25 12:12:04,100.00,0.00,427.25,1175,5.62,0.0
2026-08-25 12:12:09,100.00,0.00,426.50,1190,5.42,1625.2
2026-08-25 12:12:14,100.00,0.00,427.00,1200,5.32,1620.5
2026-08-25 12:12:19,100.00,0.00,427.25,1187,5.44,1619.8
2026-08-25 12:12:24,100.00,0.00,427.25,1194,5.38,1619.0
2026-08-25 12:12:29,100.00,0.00,427.50,1168,5.43,1622.3
2026-08-25 12:12:34,100.00,0.00,427.00,1175,5.48,1623.5
2026-08-25 12:12:39,100.00,0.00,427.75,1187,5.43,1619.0
2026-08-25 12:12:44,100.00,0.00,427.50,1203,5.36,1618.2
2026-08-25 12:12:49,100.00,0.00,427.50,1227,5.20,1617.0
2026-08-25 12:12:54,100.00,0.00,427.00,1206,5.31,1620.4
2026-08-25 12:12:59,100.00,0.00,427.75,1191,5.42,1618.7
2026-08-25 12:13:04,100.00,0.00,428.25,1201,5.34,1616.0
2026-08-25 12:13:09,100.00,0.00,427.50,1194,5.35,1615.3
2026-08-25 12:13:14,100.00,0.00,428.00,1195,5.37,1614.9
2026-08-25 12:13:19,100.00,0.00,428.00,1196,5.37,1611.5
2026-08-25 12:13:24,100.00,0.00,427.75,1185,5.27,1611.3
2026-08-25 12:13:29,100.00,0.00,428.50,1213,5.43,1614.1
2026-08-25 12:13:34,100.00,0.00,428.25,1200,5.34,1611.1
2026-08-25 12:13:39,100.00,0.00,428.00,1201,5.30,1612.0
2026-08-25 12:13:44,100.00,0.00,428.25,1205,5.30,1611.5
2026-08-25 12:13:49,100.00,0.00,428.50,1200,5.39,1610.6
2026-08-25 12:13:54,100.00,0.00,428.25,1216,5.24,1613.1
2026-08-25 12:13:59,100.00,0.00,428.75,1203,5.31,1613.4
2026-08-25 12:14:04,100.00,0.00,428.50,1270,5.34,1614.2
2026-08-25 12:14:09,100.00,0.00,428.75,1216,5.25,1617.3
2026-08-25 12:14:14,100.00,0.00,428.75,1203,5.32,1616.4
2026-08-25 12:14:19,100.00,0.00,429.00,1223,5.18,1613.3
2026-08-25 12:14:24,100.00,0.00,429.00,1209,5.27,1612.3
2026-08-25 12:14:29,100.00,0.00,429.00,1206,5.28,1615.0
2026-08-25 12:14:34,100.00,0.00,428.75,1227,5.18,1615.4
2026-08-25 12:14:39,100.00,0.00,428.75,1214,5.24,1617.3
2026-08-25 12:14:44,100.00,0.00,428.75,1229,5.15,1618.7
2026-08-25 12:14:49,100.00,0.00,429.00,1229,5.16,1621.4
2026-08-25 12:14:54,100.00,0.00,428.25,1205,5.31,1622.5
2026-08-25 12:14:59,100.00,0.00,429.00,1232,5.14,1626.8
2026-08-25 12:15:04,100.00,0.00,428.75,1234,5.13,1629.3
2026-08-25 12:15:09,100.00,0.00,428.75,1218,5.21,1628.1
2026-08-25 12:15:14,100.00,0.00,429.00,1206,5.30,1635.1
2026-08-25 12:15:19,100.00,0.00,428.75,1200,5.36,1635.6
2026-08-25 12:15:24,100.00,0.00,428.50,1202,5.30,1634.1
2026-08-25 12:15:29,100.00,0.00,429.00,1227,5.15,1627.1
2026-08-25 12:15:34,100.00,0.00,428.75,1218,5.23,1626.1
2026-08-25 12:15:39,100.00,0.00,429.00,1232,5.14,1623.1
2026-08-25 12:15:44,100.00,0.00,428.75,1216,5.22,1621.5
2026-08-25 12:15:49,100.00,0.00,428.75,1243,5.08,1623.4
2026-08-25 12:15:54,100.00,0.00,428.25,1230,5.15,1628.1
2026-08-25 12:15:59,100.00,0.00,429.00,1239,5.09,1634.0
2026-08-25 12:16:04,100.00,0.00,428.75,1232,5.14,1633.2
2026-08-25 12:16:09,100.00,0.00,429.00,1250,5.03,1629.0
2026-08-25 12:16:14,100.00,0.00,428.75,1237,5.09,1632.8
2026-08-25 12:16:19,100.00,0.00,429.00,1240,5.08,1632.0
2026-08-25 12:16:24,100.00,0.00,428.75,1224,5.18,1630.0
2026-08-25 12:16:29,100.00,0.00,428.25,1250,5.12,1626.2
2026-08-25 12:16:34,100.00,0.00,428.50,1245,5.08,1623.6
2026-08-25 12:16:39,100.00,0.00,429.50,1268,5.04,1623.0
2026-08-25 12:16:44,100.00,0.00,428.50,1264,4.96,1623.7
2026-08-25 12:16:49,100.00,0.00,428.75,1237,5.11,1624.8
2026-08-25 12:16:54,100.00,0.00,429.00,1239,5.10,1621.4
2026-08-25 12:16:59,100.00,0.00,429.00,1230,5.17,1621.0
2026-08-25 12:17:04,100.00,0.00,428.75,1226,5.18,1622.7
2026-08-25 12:17:09,100.00,0.00,429.00,1250,5.05,1620.9
2026-08-25 12:17:14,100.00,0.00,428.75,1246,5.06,1628.0
2026-08-25 12:17:19,100.00,0.00,429.00,1273,4.90,1634.6
2026-08-25 12:17:24,100.00,0.00,429.25,1222,5.08,1632.4
2026-08-25 12:17:29,100.00,0.00,428.25,1232,5.14,1628.8
2026-08-25 12:17:34,100.00,0.00,428.75,1242,5.07,1623.0
2026-08-25 12:17:39,100.00,0.00,429.00,1255,5.01,1620.3
2026-08-25 12:17:44,100.00,0.00,429.00,1234,5.13,1621.1
2026-08-25 12:17:49,100.00,0.00,429.25,1295,4.78,1627.2
2026-08-25 12:17:54,100.00,0.00,428.25,1278,4.87,1631.2
2026-08-25 12:17:59,100.00,0.00,429.00,1243,5.06,1631.8
2026-08-25 12:18:04,100.00,0.00,428.75,1257,5.00,1634.8
2026-08-25 12:18:09,100.00,0.00,429.25,1261,4.97,1640.2
2026-08-25 12:18:14,100.00,0.00,429.00,1236,5.12,1647.2
2026-08-25 12:18:19,100.00,0.00,428.75,1238,5.10,1641.7
2026-08-25 12:18:24,100.00,0.00,429.25,1243,5.08,1638.2
2026-08-25 12:18:29,100.00,0.00,429.00,1225,5.20,1636.6
2026-08-25 12:18:34,100.00,0.00,429.00,1233,5.14,1639.5
2026-08-25 12:18:39,100.00,0.00,429.00,1227,5.15,1633.6
2026-08-25 12:18:44,100.00,0.00,429.00,1245,5.21,1627.3
2026-08-25 12:18:49,100.00,0.00,428.75,1239,5.09,1627.3
2026-08-25 12:18:54,100.00,0.00,428.25,1291,4.81,1622.6
2026-08-25 12:18:59,100.00,0.00,428.75,1244,5.14,1616.3
2026-08-25 12:19:04,100.00,0.00,429.00,1234,5.10,1614.5
2026-08-25 12:19:09,100.00,0.00,428.75,1232,5.14,1613.1
2026-08-25 12:19:14,100.00,0.00,429.00,1261,4.98,1613.1
2026-08-25 12:19:19,100.00,0.00,428.25,1237,5.11,1610.6
2026-08-25 12:19:24,100.00,0.00,428.00,1250,5.02,1613.8
2026-08-25 12:19:29,100.00,0.00,428.75,1243,5.08,1612.4
2026-08-25 12:19:34,100.00,0.00,429.50,1238,5.09,1609.8
2026-08-25 12:19:39,100.00,0.00,429.00,1237,5.11,1609.9
2026-08-25 12:19:44,100.00,0.00,429.25,1244,5.08,1613.2
2026-08-25 12:19:49,100.00,0.00,429.00,1264,4.96,1614.1
2026-08-25 12:19:54,100.00,0.00,428.25,1257,5.04,1620.5
2026-08-25 12:19:59,100.00,0.00,428.75,1219,5.20,1622.8
2026-08-25 12:20:04,100.00,0.00,430.00,1235,5.14,1626.0
2026-08-25 12:20:09,100.00,0.00,428.75,1223,5.17,1625.2
2026-08-25 12:20:14,100.00,0.00,429.00,1225,5.20,1623.1
2026-08-25 12:20:19,100.00,0.00,429.50,1257,5.01,1623.0
2026-08-25 12:20:24,100.00,0.00,428.25,1235,5.11,1619.1
2026-08-25 12:20:29,100.00,0.00,428.75,1227,5.17,1614.6
2026-08-25 12:20:34,100.00,0.00,429.00,1250,5.04,1617.8
2026-08-25 12:20:39,100.00,0.00,428.00,1239,5.11,1620.5
2026-08-25 12:20:44,100.00,0.00,428.75,1222,5.21,1623.2
2026-08-25 12:20:49,100.00,0.00,429.25,1227,5.15,1624.0
2026-08-25 12:20:54,100.00,0.00,428.75,1220,5.21,1622.0
2026-08-25 12:20:59,100.00,0.00,428.75,1223,5.20,1616.9
2026-08-25 12:21:04,100.00,0.00,428.25,1219,5.22,1616.6
2026-08-25 12:21:09,100.00,0.00,428.50,1233,5.12,1621.5
2026-08-25 12:21:14,100.00,0.00,428.75,1285,4.81,1619.5
2026-08-25 12:21:19,100.00,0.00,429.00,1244,5.08,1614.8
2026-08-25 12:21:24,100.00,0.00,427.75,1260,4.97,1619.7
2026-08-25 12:21:29,100.00,0.00,428.50,1332,4.56,1622.8
2026-08-25 12:21:34,100.00,0.00,429.00,1307,4.71,1628.2
2026-08-25 12:21:39,100.00,0.00,428.50,1288,4.81,1631.8
2026-08-25 12:21:44,100.00,0.00,428.50,1328,4.61,1634.9
2026-08-25 12:21:49,100.00,0.00,428.75,1377,4.36,0.0
2026-08-25 12:21:54,100.00,0.00,428.75,1319,4.66,1632.8
2026-08-25 12:21:59,100.00,0.00,428.50,1280,4.85,1633.4
2026-08-25 12:22:04,100.00,0.00,428.50,1277,4.91,1633.8
2026-08-25 12:22:09,100.00,0.00,429.00,1303,4.73,1626.9
2026-08-25 12:22:14,100.00,0.00,428.25,1273,4.92,1625.6
2026-08-25 12:22:19,100.00,0.00,428.75,1313,4.92,1621.5
2026-08-25 12:22:24,100.00,0.00,428.50,1284,4.85,1623.8
2026-08-25 12:22:29,100.00,0.00,428.50,1264,4.95,1632.4
2026-08-25 12:22:34,100.00,0.00,428.50,1243,5.08,1637.1
2026-08-25 12:22:39,100.00,0.00,429.00,1271,4.92,1632.7
2026-08-25 12:22:44,100.00,0.00,428.25,1279,4.84,1629.1
2026-08-25 12:22:49,100.00,0.00,428.50,1353,4.49,1630.6
2026-08-25 12:22:54,100.00,0.00,428.75,1301,4.73,1630.1
2026-08-25 12:22:59,100.00,0.00,428.25,1301,4.75,1626.1
2026-08-25 12:23:04,100.00,0.00,428.75,1270,4.91,1618.9
2026-08-25 12:23:09,100.00,0.00,428.50,1294,4.80,1619.5
2026-08-25 12:23:14,100.00,0.00,428.50,1280,4.87,1624.7
2026-08-25 12:23:19,100.00,0.00,428.25,1276,4.88,1634.6
2026-08-25 12:23:24,100.00,0.00,428.75,1274,4.79,1630.3
2026-08-25 12:23:29,100.00,0.00,428.75,1286,4.87,1627.0
2026-08-25 12:23:34,100.00,0.00,428.50,1280,4.87,1626.1
2026-08-25 12:23:39,100.00,0.00,428.25,1258,4.97,1625.6
2026-08-25 12:23:44,100.00,0.00,428.50,1249,5.01,1623.3
2026-08-25 12:23:49,100.00,0.00,428.50,1245,5.07,1622.0
2026-08-25 12:23:54,100.00,0.00,428.25,1241,5.08,1619.5
2026-08-25 12:23:59,100.00,0.00,428.00,1251,5.01,1618.0
2026-08-25 12:24:04,100.00,0.00,428.25,1312,4.69,1620.3
2026-08-25 12:24:09,100.00,0.00,428.00,1328,4.61,1619.8
2026-08-25 12:24:14,100.00,0.00,428.50,1344,4.53,1616.5
2026-08-25 12:24:19,100.00,0.00,427.75,1328,4.64,1612.4
2026-08-25 12:24:24,100.00,0.00,428.50,1327,4.60,1610.2
2026-08-25 12:24:29,100.00,0.00,429.00,1315,4.68,1605.0
2026-08-25 12:24:34,100.00,0.00,427.75,1322,4.66,1603.6
2026-08-25 12:24:39,100.00,0.00,428.25,1318,4.64,1604.4
2026-08-25 12:24:44,100.00,0.00,428.75,1308,4.73,1604.6
2026-08-25 12:24:49,100.00,0.00,428.00,1357,4.46,1602.0
2026-08-25 12:24:54,100.00,0.00,427.75,1311,4.68,1603.0
2026-08-25 12:24:59,100.00,0.00,428.25,1303,4.76,1609.3
2026-08-25 12:25:04,100.00,0.00,428.25,1263,4.96,1610.3
2026-08-25 12:25:09,100.00,0.00,428.50,1258,4.96,1611.2
2026-08-25 12:25:14,100.00,0.00,428.75,1267,4.93,1611.5
2026-08-25 12:25:19,100.00,0.00,428.50,1269,4.91,1611.4
2026-08-25 12:25:24,100.00,0.00,428.75,1285,4.83,1614.1
2026-08-25 12:25:29,100.00,0.00,429.00,1290,4.80,1615.3
2026-08-25 12:25:34,100.00,0.00,428.25,1274,4.88,1614.7
2026-08-25 12:25:39,100.00,0.00,427.75,1295,4.81,1616.8
2026-08-25 12:25:44,100.00,0.00,428.50,1283,4.84,1616.3
2026-08-25 12:25:49,100.00,0.00,428.50,1296,4.78,1616.3
2026-08-25 12:25:54,100.00,0.00,428.50,1264,4.96,1613.5
2026-08-25 12:25:59,100.00,0.00,428.50,1317,4.69,1610.7
2026-08-25 12:26:04,100.00,0.00,428.25,1296,4.78,1608.6
2026-08-25 12:26:09,100.00,0.00,428.50,1339,4.55,1605.9
2026-08-25 12:26:14,100.00,0.00,427.75,1319,4.65,1607.7
2026-08-25 12:26:19,100.00,0.00,428.50,1293,4.83,1611.0
2026-08-25 12:26:24,100.00,0.00,428.75,1281,4.65,1612.6
2026-08-25 12:26:29,100.00,0.00,428.75,1285,4.84,1619.9
2026-08-25 12:26:34,100.00,0.00,428.50,1311,4.73,1633.4
2026-08-25 12:26:39,100.00,0.00,428.75,1339,4.55,1640.9
2026-08-25 12:26:44,100.00,0.00,428.50,1345,4.52,1638.6
2026-08-25 12:26:49,100.00,0.00,429.25,1295,4.78,1643.0
2026-08-25 12:26:54,100.00,0.00,428.75,1278,4.88,1651.6
2026-08-25 12:26:59,100.00,0.00,428.25,1331,4.59,1657.9
2026-08-25 12:27:04,100.00,0.00,428.25,1329,4.59,1656.8
2026-08-25 12:27:09,100.00,0.00,429.00,1325,4.61,1656.7
2026-08-25 12:27:14,100.00,0.00,428.50,1296,4.78,1657.2
2026-08-25 12:27:19,100.00,0.00,429.00,1275,4.89,1658.6
2026-08-25 12:27:24,100.00,0.00,428.50,1287,4.83,1655.7
2026-08-25 12:27:29,100.00,0.00,428.50,1281,4.83,1650.0
2026-08-25 12:27:34,100.00,0.00,429.50,1298,4.77,1647.4
2026-08-25 12:27:39,100.00,0.00,428.50,1311,4.71,1651.5
2026-08-25 12:27:44,100.00,0.00,429.25,1278,4.87,1654.6
2026-08-25 12:27:49,100.00,0.00,429.00,1297,4.77,1653.9
2026-08-25 12:27:54,100.00,0.00,428.75,1297,4.77,1654.5
2026-08-25 12:27:59,100.00,0.00,429.00,1303,4.73,1654.8
2026-08-25 12:28:04,100.00,0.00,428.50,1296,5.01,1659.4
2026-08-25 12:28:09,100.00,0.00,429.50,1339,4.54,1657.9
2026-08-25 12:28:14,100.00,0.00,428.00,1299,4.76,1661.5
2026-08-25 12:28:19,100.00,0.00,428.50,1282,4.83,1663.7
2026-08-25 12:28:24,100.00,0.00,428.50,1323,4.61,1670.3
2026-08-25 12:28:29,100.00,0.00,429.50,1340,4.54,1671.9
2026-08-25 12:28:34,100.00,0.00,429.50,1332,4.56,1675.1
2026-08-25 12:28:39,100.00,0.00,429.00,1361,4.45,1675.0
2026-08-25 12:28:44,100.00,0.00,428.25,1377,4.27,1679.0
2026-08-25 12:28:49,100.00,0.00,428.50,1364,4.44,1679.7
2026-08-25 12:28:54,100.00,0.00,429.00,1322,4.65,1680.2
2026-08-25 12:28:59,100.00,0.00,427.50,1275,4.88,1676.8
2026-08-25 12:29:04,100.00,0.00,429.50,1296,4.77,1669.5
2026-08-25 12:29:09,100.00,0.00,429.50,1297,4.77,1662.6
2026-08-25 12:29:14,100.00,0.00,428.75,1303,4.75,1661.2
2026-08-25 12:29:19,100.00,0.00,427.50,1285,4.82,1658.7
2026-08-25 12:29:24,100.00,0.00,428.75,1328,4.61,1667.0
2026-08-25 12:29:29,100.00,0.00,429.00,1295,4.78,1671.5
2026-08-25 12:29:34,100.00,0.00,429.50,1283,4.85,1672.2
2026-08-25 12:29:39,100.00,0.00,430.00,1315,4.68,1673.4
2026-08-25 12:29:44,100.00,0.00,430.00,1311,4.71,1672.4
2026-08-25 12:29:49,100.00,0.00,429.50,1327,4.63,1671.7
2026-08-25 12:29:54,100.00,0.00,429.75,1309,4.70,1655.8
2026-08-25 12:29:59,100.00,0.00,429.50,1338,4.57,1648.8
2026-08-25 12:30:04,100.00,0.00,430.25,1315,4.68,1649.8
2026-08-25 12:30:09,100.00,0.00,430.00,1318,4.64,1659.5
2026-08-25 12:30:14,100.00,0.00,430.25,1328,4.61,1667.2
2026-08-25 12:30:19,100.00,0.00,429.75,1296,4.78,1660.1
2026-08-25 12:30:24,100.00,0.00,430.50,1351,4.48,1657.9
2026-08-25 12:30:29,100.00,0.00,430.25,1323,4.63,1651.3
2026-08-25 12:30:34,100.00,0.00,430.00,1331,4.57,1650.2
2026-08-25 12:30:39,100.00,0.00,430.00,1311,4.69,1656.5
2026-08-25 12:30:44,100.00,0.00,430.00,1296,4.77,1661.3
2026-08-25 12:30:49,100.00,0.00,430.25,1293,4.78,1664.0
2026-08-25 12:30:54,100.00,0.00,429.50,1294,4.79,1663.7
2026-08-25 12:30:59,100.00,0.00,430.00,1290,4.82,1660.1
2026-08-25 12:31:04,100.00,0.00,430.25,1343,4.52,1652.6
2026-08-25 12:31:09,100.00,0.00,429.50,1343,4.53,1643.6
2026-08-25 12:31:14,100.00,0.00,430.00,1330,4.60,1641.8
2026-08-25 12:31:19,100.00,0.00,429.50,1323,4.65,1645.1
2026-08-25 12:31:24,100.00,0.00,429.25,1302,4.77,1649.0
2026-08-25 12:31:29,100.00,0.00,430.00,1309,4.71,1646.0
2026-08-25 12:31:34,100.00,0.00,429.75,1309,4.70,1646.6
2026-08-25 12:31:39,100.00,0.00,429.50,1323,4.64,1647.4
2026-08-25 12:31:44,100.00,0.00,429.50,1319,4.64,1642.4
2026-08-25 12:31:49,100.00,0.00,430.25,1310,4.61,1651.8
2026-08-25 12:31:54,100.00,0.00,429.75,1295,4.78,1661.9
2026-08-25 12:31:59,100.00,0.00,429.75,1286,4.82,1664.9
2026-08-25 12:32:04,100.00,0.00,429.75,1296,4.77,1663.4
2026-08-25 12:32:09,100.00,0.00,429.50,1297,4.76,1666.9
2026-08-25 12:32:14,100.00,0.00,430.25,1297,4.77,1666.1
2026-08-25 12:32:19,100.00,0.00,430.00,1317,4.67,1665.0
2026-08-25 12:32:24,100.00,0.00,430.00,1315,4.66,1662.0
2026-08-25 12:32:29,100.00,0.00,430.25,1325,4.62,1660.2
2026-08-25 12:32:34,100.00,0.00,429.75,1289,4.74,1660.3
2026-08-25 12:32:39,100.00,0.00,429.75,1301,4.71,1662.2
2026-08-25 12:32:44,100.00,0.00,430.50,1301,4.75,1663.9
2026-08-25 12:32:49,100.00,0.00,430.25,1323,4.65,1661.5
2026-08-25 12:32:54,100.00,0.00,430.50,1327,4.60,1658.8
2026-08-25 12:32:59,100.00,0.00,429.75,1361,4.45,1662.6
2026-08-25 12:33:04,100.00,0.00,430.25,1327,4.61,1667.8
2026-08-25 12:33:09,100.00,0.00,430.50,1315,4.66,1669.2
2026-08-25 12:33:14,100.00,0.00,430.50,1328,4.60,1667.3
2026-08-25 12:33:19,100.00,0.00,430.50,1355,4.47,1669.3
2026-08-25 12:33:24,100.00,0.00,430.50,1331,4.58,1666.0
2026-08-25 12:33:29,100.00,0.00,431.00,1354,4.48,1671.1
2026-08-25 12:33:34,100.00,0.00,430.25,1346,4.51,1670.4
2026-08-25 12:33:39,100.00,0.00,431.25,1333,4.58,1672.0
2026-08-25 12:33:44,100.00,0.00,430.50,1315,4.78,1673.6
2026-08-25 12:33:49,100.00,0.00,430.50,1315,4.68,1674.7
2026-08-25 12:33:54,100.00,0.00,430.25,1335,4.56,1678.5
2026-08-25 12:33:59,100.00,0.00,431.25,1326,4.61,1674.4
2026-08-25 12:34:04,100.00,0.00,431.00,1328,4.68,1669.1
2026-08-25 12:34:09,100.00,0.00,431.00,1378,4.36,1661.6
2026-08-25 12:34:14,100.00,0.00,431.25,1348,4.47,1660.9
2026-08-25 12:34:19,100.00,0.00,431.50,1328,4.61,1659.4
2026-08-25 12:34:24,100.00,0.00,431.25,1335,4.56,1660.4
2026-08-25 12:34:29,100.00,0.00,431.25,1352,4.48,1663.5
2026-08-25 12:34:34,100.00,0.00,430.75,1349,4.55,1663.2
2026-08-25 12:34:39,100.00,0.00,431.00,1338,4.56,1660.6
2026-08-25 12:34:44,100.00,0.00,431.00,1313,4.75,1655.8
2026-08-25 12:34:49,100.00,0.00,431.50,1327,4.63,1659.2
2026-08-25 12:34:54,100.00,0.00,431.00,1363,4.44,1660.2
2026-08-25 12:34:59,100.00,0.00,431.50,1390,4.30,1661.7
2026-08-25 12:35:04,100.00,0.00,431.00,1392,4.30,1656.7
2026-08-25 12:35:09,100.00,0.00,431.25,1374,4.38,1656.9
2026-08-25 12:35:14,100.00,0.00,430.75,1332,4.59,1656.3
2026-08-25 12:35:19,100.00,0.00,431.50,1351,4.49,1654.3
2026-08-25 12:35:24,100.00,0.00,431.25,1375,4.51,1652.8
2026-08-25 12:35:29,100.00,0.00,431.50,1325,4.63,1653.7
2026-08-25 12:35:34,100.00,0.00,431.25,1313,4.62,1659.2
2026-08-25 12:35:39,100.00,0.00,431.50,1334,4.60,1662.2
2026-08-25 12:35:44,100.00,0.00,430.75,1330,4.60,1659.7
2026-08-25 12:35:49,100.00,0.00,431.00,1346,4.50,1654.8
2026-08-25 12:35:54,100.00,0.00,431.25,1335,4.59,1654.8
2026-08-25 12:35:59,100.00,0.00,431.00,1325,4.63,1656.3
2026-08-25 12:36:04,100.00,0.00,431.00,1315,4.49,1660.4
2026-08-25 12:36:09,100.00,0.00,431.25,1354,4.46,1661.0
2026-08-25 12:36:14,100.00,0.00,431.00,1338,4.47,1653.2
2026-08-25 12:36:19,100.00,0.00,431.75,1329,4.58,1652.2
2026-08-25 12:36:24,100.00,0.00,431.00,1330,4.61,1651.0
2026-08-25 12:36:29,100.00,0.00,431.00,1357,4.45,1656.6
2026-08-25 12:36:34,100.00,0.00,431.00,1343,4.51,1659.6
2026-08-25 12:36:39,100.00,0.00,430.75,1351,4.48,1654.3
2026-08-25 12:36:44,100.00,0.00,431.25,1366,4.42,1649.8
2026-08-25 12:36:49,100.00,0.00,431.00,1379,4.35,1650.4
2026-08-25 12:36:54,100.00,0.00,431.00,1414,4.22,1650.1
2026-08-25 12:36:59,100.00,0.00,431.75,1414,4.23,1650.5
2026-08-25 12:37:04,100.00,0.00,431.00,1359,4.35,1651.4
2026-08-25 12:37:09,100.00,0.00,431.00,1330,4.61,1654.6
2026-08-25 12:37:14,100.00,0.00,431.25,1327,4.63,1652.4
2026-08-25 12:37:19,100.00,0.00,430.75,1328,4.59,1653.0
2026-08-25 12:37:24,100.00,0.00,431.00,1341,4.59,1654.2
2026-08-25 12:37:29,100.00,0.00,431.00,1312,4.70,1659.0
2026-08-25 12:37:34,100.00,0.00,431.25,1305,4.74,1659.2
2026-08-25 12:37:39,100.00,0.00,431.50,1311,4.70,1654.1
2026-08-25 12:37:44,100.00,0.00,431.00,1338,4.56,1654.2
2026-08-25 12:37:49,100.00,0.00,431.25,1331,4.60,1649.3
2026-08-25 12:37:54,100.00,0.00,431.00,1346,4.52,1650.2
2026-08-25 12:37:59,100.00,0.00,430.25,1361,4.47,1652.8
2026-08-25 12:38:04,100.00,0.00,431.25,1360,4.43,1659.2
2026-08-25 12:38:09,100.00,0.00,431.25,1344,4.53,1662.3
2026-08-25 12:38:14,100.00,0.00,430.75,1333,4.59,1662.7
2026-08-25 12:38:19,100.00,0.00,430.75,1343,4.53,1663.3
2026-08-25 12:38:24,100.00,0.00,430.75,1353,4.62,1661.1
2026-08-25 12:38:29,100.00,0.00,430.75,1363,4.43,1657.8
2026-08-25 12:38:34,100.00,0.00,431.50,1349,4.71,1661.7
2026-08-25 12:38:39,100.00,0.00,431.50,1333,4.59,1662.1
2026-08-25 12:38:44,100.00,0.00,430.50,1333,4.59,1665.8
2026-08-25 12:38:49,100.00,0.00,430.75,1345,4.52,1667.9
2026-08-25 12:38:54,100.00,0.00,430.50,1361,4.45,1659.3
2026-08-25 12:38:59,100.00,0.00,431.25,1403,4.26,1654.7
2026-08-25 12:39:04,100.00,0.00,430.50,1401,4.25,1655.0
2026-08-25 12:39:09,100.00,0.00,431.50,1391,4.30,1659.0
2026-08-25 12:39:14,100.00,0.00,431.25,1408,4.20,1659.2
2026-08-25 12:39:19,100.00,0.00,431.00,1423,4.16,1652.0
2026-08-25 12:39:24,100.00,0.00,431.00,1393,4.28,1648.4
2026-08-25 12:39:29,100.00,0.00,430.75,1360,4.45,1649.2
2026-08-25 12:39:34,100.00,0.00,431.00,1345,4.51,1654.8
2026-08-25 12:39:39,100.00,0.00,431.25,1348,4.51,1652.1
2026-08-25 12:39:44,100.00,0.00,431.50,1359,4.46,1651.5
2026-08-25 12:39:49,100.00,0.00,430.75,1341,4.55,1650.8
2026-08-25 12:39:54,100.00,0.00,430.75,1345,4.51,1655.7
2026-08-25 12:39:59,100.00,0.00,431.50,1344,4.52,1657.4
2026-08-25 12:40:04,100.00,0.00,431.00,1356,4.48,1660.0
2026-08-25 12:40:09,100.00,0.00,431.25,1351,4.47,1662.8
2026-08-25 12:40:14,100.00,0.00,431.75,1331,4.38,1660.3
2026-08-25 12:40:19,100.00,0.00,430.75,1367,4.42,1657.8
2026-08-25 12:40:24,100.00,0.00,431.75,1379,4.36,1658.5
2026-08-25 12:40:29,100.00,0.00,431.75,1373,4.38,1661.5
2026-08-25 12:40:34,100.00,0.00,431.75,1378,4.34,1658.9
2026-08-25 12:40:39,100.00,0.00,431.00,1378,4.37,1654.7
2026-08-25 12:40:44,100.00,0.00,431.50,1384,4.33,1657.6
2026-08-25 12:40:49,100.00,0.00,430.75,1370,4.40,1660.0
2026-08-25 12:40:54,100.00,0.00,430.75,1342,4.53,1662.6
2026-08-25 12:40:59,100.00,0.00,431.50,1347,4.52,1660.2
2026-08-25 12:41:04,100.00,0.00,431.75,1335,4.57,1661.2
2026-08-25 12:41:09,100.00,0.00,431.00,1345,4.52,1656.8
2026-08-25 12:41:14,100.00,0.00,431.25,1353,4.49,1657.6
2026-08-25 12:41:19,100.00,0.00,431.50,1361,4.45,1653.5
2026-08-25 12:41:24,100.00,0.00,431.50,1377,4.36,1646.5
2026-08-25 12:41:29,100.00,0.00,431.25,1386,4.36,1646.2
2026-08-25 12:41:34,100.00,0.00,430.75,1374,4.39,1648.6
2026-08-25 12:41:39,100.00,0.00,431.25,1382,4.33,1646.3
2026-08-25 12:41:44,100.00,0.00,431.50,1457,4.00,1650.2
2026-08-25 12:41:49,100.00,0.00,431.00,1458,3.99,1655.1
2026-08-25 12:41:54,100.00,0.00,431.50,1424,4.13,1659.6
2026-08-25 12:41:59,100.00,0.00,430.50,1409,4.21,1664.6
2026-08-25 12:42:04,100.00,0.00,431.50,1424,4.18,1661.2
2026-08-25 12:42:09,100.00,0.00,431.50,1424,4.15,1659.1
2026-08-25 12:42:14,100.00,0.00,430.75,1435,4.10,1661.0
2026-08-25 12:42:19,100.00,0.00,430.50,1440,4.09,1660.9
2026-08-25 12:42:24,100.00,0.00,431.25,1414,4.19,1658.5
2026-08-25 12:42:29,100.00,0.00,432.25,1420,4.20,1656.2
2026-08-25 12:42:34,100.00,0.00,432.25,1392,4.30,1656.5
2026-08-25 12:42:39,100.00,0.00,431.25,1398,4.27,1649.3
2026-08-25 12:42:44,100.00,0.00,431.50,1353,4.26,1640.5
2026-08-25 12:42:49,100.00,0.00,431.75,1422,4.16,1633.3
2026-08-25 12:42:54,100.00,0.00,431.00,1423,4.15,1633.1
2026-08-25 12:42:59,100.00,0.00,431.25,1399,4.26,1633.1
2026-08-25 12:43:04,100.00,0.00,431.00,1402,4.24,1634.0
2026-08-25 12:43:09,100.00,0.00,431.25,1401,4.25,1643.0
2026-08-25 12:43:14,100.00,0.00,431.50,1374,4.38,1644.0
2026-08-25 12:43:19,100.00,0.00,431.50,1386,4.30,1648.4
2026-08-25 12:43:24,100.00,0.00,431.50,1377,4.36,1652.3
2026-08-25 12:43:29,100.00,0.00,431.25,1376,4.36,1655.5
2026-08-25 12:43:34,100.00,0.00,431.50,1363,4.44,1654.7
2026-08-25 12:43:39,100.00,0.00,431.25,1375,4.39,1655.5
2026-08-25 12:43:44,100.00,0.00,431.75,1382,4.35,1653.6
2026-08-25 12:43:49,100.00,0.00,431.50,1361,4.45,1652.6
2026-08-25 12:43:54,100.00,0.00,431.25,1353,4.49,1650.1
2026-08-25 12:43:59,100.00,0.00,431.75,1359,4.45,1650.4
2026-08-25 12:44:04,100.00,0.00,431.25,1359,4.46,1655.3
2026-08-25 12:44:09,100.00,0.00,431.25,1334,4.56,1655.4
2026-08-25 12:44:14,100.00,0.00,432.25,1357,4.47,1655.3
2026-08-25 12:44:19,100.00,0.00,431.75,1368,4.54,1658.1
2026-08-25 12:44:24,100.00,0.00,430.50,1365,4.43,1653.7
2026-08-25 12:44:29,100.00,0.00,431.25,1399,4.28,1654.1
2026-08-25 12:44:34,100.00,0.00,431.75,1380,4.33,1656.5
2026-08-25 12:44:39,100.00,0.00,431.25,1360,4.44,1655.3
2026-08-25 12:44:44,100.00,0.00,432.00,1357,4.45,1658.9
2026-08-25 12:44:49,100.00,0.00,431.75,1378,4.37,1659.7
2026-08-25 12:44:54,100.00,0.00,431.75,1395,4.26,1656.9
2026-08-25 12:44:59,100.00,0.00,431.75,1383,4.33,1648.3
2026-08-25 12:45:04,100.00,0.00,431.50,1394,4.30,1639.9
2026-08-25 12:45:09,100.00,0.00,431.50,1377,4.37,1636.7
2026-08-25 12:45:14,100.00,0.00,431.75,1378,4.35,1634.3
2026-08-25 12:45:19,100.00,0.00,431.75,1387,4.32,1632.2
2026-08-25 12:45:24,100.00,0.00,431.75,1366,4.40,1628.3
2026-08-25 12:45:29,100.00,0.00,431.00,1372,4.36,1623.0
2026-08-25 12:45:34,100.00,0.00,431.50,1392,4.21,1621.5
2026-08-25 12:45:39,100.00,0.00,431.50,1388,4.32,1623.9
2026-08-25 12:45:44,100.00,0.00,430.75,1367,4.40,1626.7
2026-08-25 12:45:49,100.00,0.00,431.25,1387,4.40,1626.8
2026-08-25 12:45:54,100.00,0.00,431.25,1375,4.38,1626.6
2026-08-25 12:45:59,100.00,0.00,431.50,1360,4.45,1629.3
2026-08-25 12:46:04,100.00,0.00,431.25,1357,4.46,1631.6
2026-08-25 12:46:09,100.00,0.00,431.25,1359,4.45,1629.2
2026-08-25 12:46:14,100.00,0.00,431.75,1361,4.44,1627.8
2026-08-25 12:46:19,100.00,0.00,431.75,1363,4.40,1626.4
2026-08-25 12:46:24,100.00,0.00,431.75,1409,4.21,1628.4
2026-08-25 12:46:29,100.00,0.00,431.75,1445,4.03,1628.1
2026-08-25 12:46:34,100.00,0.00,431.50,1453,4.02,1629.0
2026-08-25 12:46:39,100.00,0.00,431.75,1470,3.96,1628.9
2026-08-25 12:46:44,100.00,0.00,431.50,1443,4.06,1630.0
2026-08-25 12:46:49,100.00,0.00,431.75,1388,4.31,1626.3
2026-08-25 12:46:54,100.00,0.00,431.75,1408,4.21,1622.6
2026-08-25 12:46:59,100.00,0.00,431.00,1407,4.24,1621.2
2026-08-25 12:47:04,100.00,0.00,431.50,1405,4.24,1626.0
2026-08-25 12:47:09,100.00,0.00,432.00,1395,4.27,1622.0
2026-08-25 12:47:14,100.00,0.00,431.25,1401,4.23,1621.9
2026-08-25 12:47:19,100.00,0.00,431.50,1389,4.31,1625.9
2026-08-25 12:47:24,100.00,0.00,431.25,1392,4.30,1628.4
2026-08-25 12:47:29,100.00,0.00,431.75,1379,4.37,1630.6
2026-08-25 12:47:34,100.00,0.00,432.00,1379,4.36,1637.4
2026-08-25 12:47:39,100.00,0.00,431.50,1389,4.27,1637.0
2026-08-25 12:47:44,100.00,0.00,431.75,1398,4.45,1643.0
2026-08-25 12:47:49,100.00,0.00,431.50,1401,4.22,1649.6
2026-08-25 12:47:54,100.00,0.00,431.25,1375,4.38,1649.9
2026-08-25 12:47:59,100.00,0.00,431.50,1392,4.30,1643.1
2026-08-25 12:48:04,100.00,0.00,431.75,1389,4.34,1642.8
2026-08-25 12:48:09,100.00,0.00,432.00,1390,4.28,1642.1
2026-08-25 12:48:14,100.00,0.00,432.25,1389,4.30,1639.5
2026-08-25 12:48:19,100.00,0.00,432.00,1415,4.19,1637.6
2026-08-25 12:48:24,100.00,0.00,432.00,1403,4.25,1636.1
2026-08-25 12:48:29,100.00,0.00,432.25,1392,4.33,1638.1
2026-08-25 12:48:34,100.00,0.00,431.00,1402,4.29,1640.4
2026-08-25 12:48:39,100.00,0.00,432.25,1361,4.45,1640.3
2026-08-25 12:48:44,100.00,0.00,432.00,1363,4.44,1638.5
2026-08-25 12:48:49,100.00,0.00,431.75,1381,4.35,1635.0
2026-08-25 12:48:54,100.00,0.00,432.00,1371,4.40,1631.3
2026-08-25 12:48:59,100.00,0.00,431.50,1381,4.44,1631.5
2026-08-25 12:49:04,100.00,0.00,432.00,1410,4.21,1632.6
2026-08-25 12:49:09,100.00,0.00,432.25,1395,4.17,1118.4
2026-08-25 12:49:14,100.00,0.00,431.00,1099,6.04,1124.3
2026-08-25 12:49:19,100.00,0.00,429.50,981,7.04,1072.3
2026-08-25 12:49:24,100.00,0.00,427.00,939,7.49,1136.6
2026-08-25 12:49:29,100.00,0.00,425.25,939,7.45,1146.0
2026-08-25 12:49:34,100.00,0.00,422.75,921,7.63,1682.1
2026-08-25 12:49:39,100.00,0.00,421.25,960,7.09,1792.6
2026-08-25 12:49:44,100.00,0.00,420.50,1067,6.31,1798.2
2026-08-25 12:49:49,100.00,0.00,420.75,1159,5.75,1800.7
2026-08-25 12:49:54,100.00,0.00,420.25,1187,5.38,1804.2
2026-08-25 12:49:59,100.00,0.00,420.75,1275,4.87,1810.4
2026-08-25 12:50:04,100.00,0.00,421.25,1343,4.54,1815.7
2026-08-25 12:50:09,100.00,0.00,420.75,1333,4.58,1820.0
2026-08-25 12:50:14,100.00,0.00,421.25,1341,4.56,1823.7
2026-08-25 12:50:19,100.00,0.00,421.00,1379,4.43,1828.2
2026-08-25 12:50:24,100.00,0.00,421.75,1376,4.37,1830.4
2026-08-25 12:50:29,100.00,0.00,422.00,1370,4.38,1832.8
2026-08-25 12:50:34,100.00,0.00,422.00,1397,4.26,1832.6
2026-08-25 12:50:39,100.00,0.00,422.50,1394,4.28,1834.3
2026-08-25 12:50:44,100.00,0.00,422.50,1392,4.29,1835.3
2026-08-25 12:50:49,100.00,0.00,422.75,1409,4.21,1839.2
2026-08-25 12:50:54,100.00,0.00,423.25,1403,4.25,1842.1
2026-08-25 12:50:59,100.00,0.00,423.50,1425,4.15,1844.1
2026-08-25 12:51:04,100.00,0.00,423.50,1392,4.30,1846.5
2026-08-25 12:51:09,100.00,0.00,423.75,1402,4.25,1847.8
2026-08-25 12:51:14,100.00,0.00,424.25,1403,4.15,1845.6
2026-08-25 12:51:19,100.00,0.00,424.25,1386,4.30,1845.2
2026-08-25 12:51:24,100.00,0.00,424.50,1394,4.30,1846.2
2026-08-25 12:51:29,100.00,0.00,424.50,1398,4.28,1846.9
2026-08-25 12:51:34,100.00,0.00,425.00,1372,4.42,1849.0
2026-08-25 12:51:39,100.00,0.00,425.00,1372,4.40,1849.3
2026-08-25 12:51:44,100.00,0.00,425.50,1392,4.31,1850.7
2026-08-25 12:51:49,100.00,0.00,425.50,1363,4.42,1850.6
2026-08-25 12:51:54,100.00,0.00,425.75,1362,4.43,1849.8
2026-08-25 12:51:59,100.00,0.00,426.00,1360,4.45,1852.5
2026-08-25 12:52:04,100.00,0.00,427.00,1392,4.30,1852.3
2026-08-25 12:52:09,100.00,0.00,426.50,1407,4.24,1854.2
2026-08-25 12:52:14,100.00,0.00,426.75,1407,4.23,1851.5
2026-08-25 12:52:19,100.00,0.00,427.00,1422,4.22,1852.2
2026-08-25 12:52:24,100.00,0.00,427.00,1391,4.33,1854.6
2026-08-25 12:52:29,100.00,0.00,427.00,1391,4.30,1855.3
2026-08-25 12:52:34,100.00,0.00,427.25,1392,4.30,1856.4
2026-08-25 12:52:39,100.00,0.00,427.00,1392,4.29,1855.7
2026-08-25 12:52:44,100.00,0.00,428.00,1360,4.34,1855.1
2026-08-25 12:52:49,100.00,0.00,427.00,1397,4.29,1854.8
2026-08-25 12:52:54,100.00,0.00,427.50,1401,4.27,1854.8
2026-08-25 12:52:59,100.00,0.00,427.75,1430,4.11,1853.7
2026-08-25 12:53:04,100.00,0.00,428.75,1428,4.18,1852.9
2026-08-25 12:53:09,100.00,0.00,429.00,1391,4.30,1854.1
2026-08-25 12:53:14,100.00,0.00,428.75,1380,4.42,1855.2
2026-08-25 12:53:19,100.00,0.00,429.25,1375,4.38,1855.6
2026-08-25 12:53:24,100.00,0.00,428.75,1375,4.39,1856.4
2026-08-25 12:53:29,100.00,0.00,428.50,1367,4.40,1856.1
2026-08-25 12:53:34,100.00,0.00,429.00,1357,4.47,1855.0
2026-08-25 12:53:39,100.00,0.00,429.50,1370,4.40,1854.1
2026-08-25 12:53:44,100.00,0.00,429.25,1375,4.38,1853.4
2026-08-25 12:53:49,100.00,0.00,429.00,1377,4.36,1852.5
2026-08-25 12:53:54,100.00,0.00,429.50,1406,4.24,1852.9
2026-08-25 12:53:59,100.00,0.00,429.75,1369,4.40,1852.8
2026-08-25 12:54:04,100.00,0.00,429.25,1377,4.37,1851.9
2026-08-25 12:54:09,100.00,0.00,429.25,1387,4.30,1852.6
2026-08-25 12:54:14,100.00,0.00,429.75,1410,4.23,1852.2
2026-08-25 12:54:19,100.00,0.00,429.75,1389,4.33,1851.1
2026-08-25 12:54:24,100.00,0.00,429.75,1357,4.45,1851.4
2026-08-25 12:54:29,100.00,0.00,430.25,1413,4.22,1849.6
2026-08-25 12:54:34,100.00,0.00,429.75,1387,4.30,1849.2
2026-08-25 12:54:39,100.00,0.00,429.50,1415,4.38,1849.8
2026-08-25 12:54:44,100.00,0.00,430.25,1378,4.35,1849.9
2026-08-25 12:54:49,100.00,0.00,430.25,1379,4.35,1846.5
2026-08-25 12:54:54,100.00,0.00,430.25,1392,4.30,1843.9
2026-08-25 12:54:59,100.00,0.00,430.25,1355,4.46,1843.9
2026-08-25 12:55:04,100.00,0.00,430.25,1346,4.51,1844.2
2026-08-25 12:55:09,100.00,0.00,430.50,1355,4.47,1845.1
2026-08-25 12:55:14,100.00,0.00,430.50,1359,4.54,1844.2
2026-08-25 12:55:19,100.00,0.00,430.50,1377,4.37,1844.1
2026-08-25 12:55:24,100.00,0.00,431.00,1392,4.30,1847.0
2026-08-25 12:55:29,100.00,0.00,430.25,1372,4.39,1849.4
2026-08-25 12:55:34,100.00,0.00,431.00,1363,4.43,1851.0
2026-08-25 12:55:39,100.00,0.00,430.25,1358,4.45,1852.4
2026-08-25 12:55:44,100.00,0.00,430.25,1381,4.35,1853.1
2026-08-25 12:55:49,100.00,0.00,430.75,1395,4.29,1854.9
2026-08-25 12:55:54,100.00,0.00,430.50,1379,4.36,1855.0
2026-08-25 12:55:59,100.00,0.00,430.50,1375,4.42,1854.5
2026-08-25 12:56:04,100.00,0.00,430.75,1368,4.43,1855.5
2026-08-25 12:56:09,100.00,0.00,430.75,1373,4.39,1854.9
2026-08-25 12:56:14,100.00,0.00,430.25,1393,4.29,1850.5
2026-08-25 12:56:19,100.00,0.00,430.50,1382,4.34,1848.1
2026-08-25 12:56:24,100.00,0.00,430.75,1390,4.30,1848.1
2026-08-25 12:56:29,100.00,0.00,430.50,1360,4.45,1849.9
2026-08-25 12:56:34,100.00,0.00,430.50,1358,4.48,1851.4
2026-08-25 12:56:39,100.00,0.00,430.25,1353,4.50,1849.4
2026-08-25 12:56:44,100.00,0.00,430.75,1366,4.42,1848.8
2026-08-25 12:56:49,100.00,0.00,430.75,1421,4.18,1847.9
2026-08-25 12:56:54,100.00,0.00,430.75,1409,4.40,1847.9
2026-08-25 12:56:59,100.00,0.00,430.75,1382,4.37,1848.9
2026-08-25 12:57:04,100.00,0.00,431.25,1357,4.46,1850.2
2026-08-25 12:57:09,100.00,0.00,430.75,1357,4.45,1850.5
2026-08-25 12:57:14,100.00,0.00,430.00,1357,4.38,1852.0
2026-08-25 12:57:19,100.00,0.00,431.25,1383,4.30,1852.3
2026-08-25 12:57:24,100.00,0.00,431.00,1393,4.30,1850.3
2026-08-25 12:57:29,100.00,0.00,430.75,1397,4.28,1848.8
2026-08-25 12:57:34,100.00,0.00,431.25,1406,4.21,1846.5
2026-08-25 12:57:39,100.00,0.00,431.25,1424,4.24,1847.1
2026-08-25 12:57:44,100.00,0.00,431.50,1395,4.28,1849.3
2026-08-25 12:57:49,100.00,0.00,431.00,1388,4.31,1851.0
2026-08-25 12:57:54,100.00,0.00,431.00,1382,4.34,1852.0
2026-08-25 12:57:59,100.00,0.00,431.00,1391,4.30,1851.9
2026-08-25 12:58:04,100.00,0.00,430.75,1379,4.27,1852.7
2026-08-25 12:58:09,100.00,0.00,430.50,1405,4.23,1851.4
2026-08-25 12:58:14,100.00,0.00,431.00,1378,4.37,1850.6
2026-08-25 12:58:19,100.00,0.00,431.25,1370,4.45,1849.8
2026-08-25 12:58:24,100.00,0.00,431.00,1370,4.40,1850.3
2026-08-25 12:58:29,100.00,0.00,431.50,1360,4.45,1851.4
2026-08-25 12:58:34,100.00,0.00,431.50,1383,4.33,1851.7
2026-08-25 12:58:39,100.00,0.00,431.00,1424,4.22,1850.7
2026-08-25 12:58:44,100.00,0.00,430.75,1398,4.25,1852.6
2026-08-25 12:58:49,100.00,0.00,431.00,1377,4.36,1850.8
2026-08-25 12:58:54,100.00,0.00,431.25,1372,4.45,1848.1
2026-08-25 12:58:59,100.00,0.00,431.25,1381,4.34,1848.3
2026-08-25 12:59:04,100.00,0.00,431.00,1395,4.26,1848.0
2026-08-25 12:59:09,100.00,0.00,430.75,1404,4.19,1848.9
2026-08-25 12:59:14,100.00,0.00,431.25,1388,4.31,1847.8
2026-08-25 12:59:19,100.00,0.00,431.25,1381,4.34,1849.1
2026-08-25 12:59:24,100.00,0.00,431.25,1380,4.31,1847.1
2026-08-25 12:59:29,100.00,0.00,431.25,1382,4.32,1844.7
2026-08-25 12:59:34,100.00,0.00,431.25,1404,4.24,1843.7
2026-08-25 12:59:39,100.00,0.00,431.25,1401,4.26,1845.2
2026-08-25 12:59:44,100.00,0.00,430.75,1392,4.29,1844.6
2026-08-25 12:59:49,100.00,0.00,430.75,1391,4.30,1842.9
2026-08-25 12:59:54,100.00,0.00,431.50,1394,4.27,1842.0
2026-08-25 12:59:59,100.00,0.00,431.00,1418,4.19,1841.7
2026-08-25 13:00:04,100.00,0.00,431.25,1392,4.30,1841.4
2026-08-25 13:00:09,100.00,0.00,431.00,1389,4.31,1843.1
2026-08-25 13:00:14,100.00,0.00,431.25,1372,4.39,1844.1
2026-08-25 13:00:19,100.00,0.00,431.00,1415,4.17,1840.4
2026-08-25 13:00:24,100.00,0.00,431.25,1399,4.25,1839.8
2026-08-25 13:00:29,100.00,0.00,432.00,1392,4.30,1839.8
2026-08-25 13:00:34,100.00,0.00,431.50,1377,4.36,1838.5
2026-08-25 13:00:39,100.00,0.00,431.50,1402,4.24,1839.4
2026-08-25 13:00:44,100.00,0.00,431.75,1385,4.32,1838.8
2026-08-25 13:00:49,100.00,0.00,431.50,1374,4.33,1834.9
2026-08-25 13:00:54,100.00,0.00,431.50,1410,4.21,1832.0
2026-08-25 13:00:59,100.00,0.00,431.50,1408,4.22,1833.1
2026-08-25 13:01:04,100.00,0.00,431.25,1405,4.24,1834.2
2026-08-25 13:01:09,100.00,0.00,431.50,1381,4.36,1832.3
2026-08-25 13:01:14,100.00,0.00,431.50,1403,4.27,1831.7
2026-08-25 13:01:19,100.00,0.00,431.50,1405,4.25,1834.9
2026-08-25 13:01:24,100.00,0.00,431.75,1387,4.33,1836.2
2026-08-25 13:01:29,100.00,0.00,432.00,1392,4.29,1837.2
2026-08-25 13:01:34,100.00,0.00,431.25,1408,4.22,1836.5
2026-08-25 13:01:39,100.00,0.00,431.50,1382,4.33,1837.9
2026-08-25 13:01:44,100.00,0.00,431.75,1395,4.29,1837.2
2026-08-25 13:01:49,100.00,0.00,431.50,1394,4.27,1837.5
2026-08-25 13:01:54,100.00,0.00,432.50,1377,4.37,1837.2
2026-08-25 13:01:59,100.00,0.00,432.00,1411,4.14,1834.7
2026-08-25 13:02:04,100.00,0.00,432.00,1399,4.28,1834.4
2026-08-25 13:02:09,100.00,0.00,432.00,1391,4.30,1835.3
2026-08-25 13:02:14,100.00,0.00,432.25,1407,4.22,1832.3
2026-08-25 13:02:19,100.00,0.00,431.75,1366,4.37,1830.6
2026-08-25 13:02:24,100.00,0.00,432.25,1383,4.34,1829.9
2026-08-25 13:02:29,100.00,0.00,432.50,1391,4.30,1832.6
2026-08-25 13:02:34,100.00,0.00,432.00,1375,4.39,1831.8
2026-08-25 13:02:39,100.00,0.00,432.25,1406,4.20,1834.3
2026-08-25 13:02:44,100.00,0.00,432.50,1372,4.36,1833.2
2026-08-25 13:02:49,100.00,0.00,432.50,1402,4.27,1834.9
2026-08-25 13:02:54,100.00,0.00,433.00,1387,4.32,1835.9
2026-08-25 13:02:59,100.00,0.00,432.50,1394,4.30,1836.1
2026-08-25 13:03:04,100.00,0.00,433.25,1417,4.20,1836.1
2026-08-25 13:03:09,100.00,0.00,433.25,1406,4.24,1835.3
2026-08-25 13:03:14,100.00,0.00,433.25,1404,4.24,1833.7
2026-08-25 13:03:19,100.00,0.00,433.50,1411,4.19,1835.0
2026-08-25 13:03:24,100.00,0.00,433.00,1364,4.42,1834.9
2026-08-25 13:03:29,100.00,0.00,433.50,1392,4.30,1834.7
2026-08-25 13:03:34,100.00,0.00,434.00,1392,4.37,1835.1
2026-08-25 13:03:39,100.00,0.00,433.75,1373,4.39,1833.5
2026-08-25 13:03:44,100.00,0.00,433.75,1383,4.32,1831.1
2026-08-25 13:03:49,100.00,0.00,433.75,1362,4.43,1828.4
2026-08-25 13:03:54,100.00,0.00,433.75,1387,4.32,1829.6
2026-08-25 13:03:59,100.00,0.00,434.75,1393,4.32,1830.3
2026-08-25 13:04:04,100.00,0.00,434.00,1387,4.33,1831.0
2026-08-25 13:04:09,100.00,0.00,435.00,1390,4.33,1832.1
2026-08-25 13:04:14,100.00,0.00,434.50,1394,4.30,1831.9
2026-08-25 13:04:19,100.00,0.00,434.75,1418,4.20,1833.5
2026-08-25 13:04:24,100.00,0.00,434.00,1395,4.30,1834.0
2026-08-25 13:04:29,100.00,0.00,434.25,1377,4.36,1831.3
2026-08-25 13:04:34,100.00,0.00,434.25,1407,4.22,1832.7
2026-08-25 13:04:39,100.00,0.00,434.25,1397,4.27,1833.1
2026-08-25 13:04:44,100.00,0.00,435.00,1375,4.38,1829.0
2026-08-25 13:04:49,100.00,0.00,434.75,1395,4.27,1825.9
2026-08-25 13:04:54,100.00,0.00,435.00,1386,4.34,1822.6
2026-08-25 13:04:59,100.00,0.00,434.75,1391,4.31,1823.1
2026-08-25 13:05:04,100.00,0.00,434.75,1401,4.24,1823.9
2026-08-25 13:05:09,100.00,0.00,434.75,1392,4.28,1825.1
2026-08-25 13:05:14,100.00,0.00,434.75,1377,4.37,1827.5
2026-08-25 13:05:19,100.00,0.00,435.25,1395,4.34,1830.1
2026-08-25 13:05:24,100.00,0.00,435.50,1383,4.33,1833.0
2026-08-25 13:05:29,100.00,0.00,435.25,1383,4.31,1835.4
2026-08-25 13:05:34,100.00,0.00,435.25,1379,4.33,1831.3
2026-08-25 13:05:39,100.00,0.00,435.75,1365,4.44,1832.7
2026-08-25 13:05:44,100.00,0.00,435.25,1373,4.39,1833.1
2026-08-25 13:05:49,100.00,0.00,435.50,1385,4.34,1832.5
2026-08-25 13:05:54,100.00,0.00,435.75,1383,4.33,1834.0
2026-08-25 13:05:59,100.00,0.00,435.00,1377,4.37,1832.9
2026-08-25 13:06:04,100.00,0.00,435.00,1371,4.40,1832.7
2026-08-25 13:06:09,100.00,0.00,435.75,1362,4.45,1831.8
2026-08-25 13:06:14,100.00,0.00,435.50,1373,4.39,1833.5
2026-08-25 13:06:19,100.00,0.00,436.00,1387,4.32,1830.4
2026-08-25 13:06:24,100.00,0.00,435.50,1375,4.37,1829.6
2026-08-25 13:06:29,100.00,0.00,436.00,1360,4.45,1831.2
2026-08-25 13:06:34,100.00,0.00,435.25,1363,4.44,1829.3
2026-08-25 13:06:39,100.00,0.00,435.75,1386,4.34,1830.8
2026-08-25 13:06:44,100.00,0.00,435.75,1378,4.37,1832.2
2026-08-25 13:06:49,100.00,0.00,435.75,1353,4.50,1833.1
2026-08-25 13:06:54,100.00,0.00,436.25,1341,4.62,1832.8
2026-08-25 13:06:59,100.00,0.00,436.00,1375,4.37,1832.3
2026-08-25 13:07:04,100.00,0.00,436.00,1385,4.33,1829.9
2026-08-25 13:07:09,100.00,0.00,436.25,1360,4.45,1831.0
2026-08-25 13:07:14,100.00,0.00,436.00,1351,4.50,1829.8
2026-08-25 13:07:19,100.00,0.00,435.50,1358,4.45,1831.1
2026-08-25 13:07:24,100.00,0.00,435.75,1375,4.38,1830.9
2026-08-25 13:07:29,100.00,0.00,435.50,1370,4.41,1831.6
2026-08-25 13:07:34,100.00,0.00,435.75,1361,4.44,1830.4
2026-08-25 13:07:39,100.00,0.00,435.00,1361,4.45,1829.1
2026-08-25 13:07:44,100.00,0.00,436.00,1351,4.50,1830.1
2026-08-25 13:07:49,100.00,0.00,435.75,1345,4.53,1828.3
2026-08-25 13:07:54,100.00,0.00,435.25,1383,4.34,1827.2
2026-08-25 13:07:59,100.00,0.00,435.50,1398,4.26,1825.6
2026-08-25 13:08:04,100.00,0.00,436.00,1405,4.24,1822.7
2026-08-25 13:08:09,100.00,0.00,435.50,1366,4.44,1823.5
2026-08-25 13:08:14,100.00,0.00,435.75,1360,4.41,1821.8
2026-08-25 13:08:19,100.00,0.00,435.75,1358,4.49,1819.2
2026-08-25 13:08:24,100.00,0.00,436.00,1360,4.46,1818.5
2026-08-25 13:08:29,100.00,0.00,435.25,1361,4.45,1820.4
2026-08-25 13:08:34,100.00,0.00,435.00,1360,4.36,1820.9
2026-08-25 13:08:39,100.00,0.00,435.25,1385,4.34,1824.5
2026-08-25 13:08:44,100.00,0.00,435.25,1378,4.37,1824.5
2026-08-25 13:08:49,100.00,0.00,435.75,1349,4.50,1823.5
2026-08-25 13:08:54,100.00,0.00,435.25,1367,4.40,1823.7
2026-08-25 13:08:59,100.00,0.00,435.00,1391,4.31,1824.6
2026-08-25 13:09:04,100.00,0.00,435.75,1395,4.26,1822.5
2026-08-25 13:09:09,100.00,0.00,435.75,1387,4.31,1823.0
2026-08-25 13:09:14,100.00,0.00,435.50,1383,4.33,1823.2
2026-08-25 13:09:19,100.00,0.00,435.25,1373,4.53,1823.3
2026-08-25 13:09:24,100.00,0.00,435.75,1374,4.42,1820.9
2026-08-25 13:09:29,100.00,0.00,435.75,1373,4.40,1820.6
2026-08-25 13:09:34,100.00,0.00,436.25,1376,4.45,1818.2
2026-08-25 13:09:39,100.00,0.00,436.00,1360,4.45,1817.6
2026-08-25 13:09:44,100.00,0.00,435.50,1373,4.16,1819.0
2026-08-25 13:09:49,100.00,0.00,435.75,1383,4.26,1818.6
2026-08-25 13:09:54,100.00,0.00,436.00,1392,4.30,1821.0
2026-08-25 13:09:59,100.00,0.00,435.50,1382,4.36,1820.3
2026-08-25 13:10:04,100.00,0.00,436.50,1360,4.33,1819.6
2026-08-25 13:10:09,100.00,0.00,436.50,1347,4.49,1824.4
2026-08-25 13:10:14,100.00,0.00,436.25,1353,4.46,1824.7
2026-08-25 13:10:19,100.00,0.00,436.00,1377,4.35,1826.1
2026-08-25 13:10:24,100.00,0.00,436.25,1383,4.36,1827.4
2026-08-25 13:10:29,100.00,0.00,436.00,1392,4.29,1827.1
2026-08-25 13:10:34,100.00,0.00,436.50,1377,4.36,1825.1
2026-08-25 13:10:39,100.00,0.00,436.50,1370,4.45,1827.1
2026-08-25 13:10:44,100.00,0.00,436.50,1371,4.42,1828.3
2026-08-25 13:10:49,100.00,0.00,436.50,1367,4.41,1830.0
2026-08-25 13:10:54,100.00,0.00,436.00,1392,4.29,1829.5
2026-08-25 13:10:59,100.00,0.00,436.50,1394,4.31,1830.9
2026-08-25 13:11:04,100.00,0.00,436.25,1373,4.39,1829.5
2026-08-25 13:11:09,100.00,0.00,436.75,1392,4.30,1828.9
2026-08-25 13:11:14,100.00,0.00,436.50,1419,4.15,1827.1
2026-08-25 13:11:19,100.00,0.00,437.00,1419,4.18,1824.7
2026-08-25 13:11:24,100.00,0.00,437.25,1397,4.28,1824.1
2026-08-25 13:11:29,100.00,0.00,437.25,1379,4.34,1822.2
2026-08-25 13:11:34,100.00,0.00,437.25,1393,4.30,1823.9
2026-08-25 13:11:39,100.00,0.00,437.50,1424,4.15,1825.3
2026-08-25 13:11:44,100.00,0.00,437.25,1408,4.23,1827.3
2026-08-25 13:11:49,100.00,0.00,437.50,1392,4.30,1828.7
2026-08-25 13:11:54,100.00,0.00,437.00,1408,4.21,1826.8
2026-08-25 13:11:59,100.00,0.00,437.50,1427,4.13,1829.1
2026-08-25 13:12:04,100.00,0.00,437.00,1435,4.10,1824.4
2026-08-25 13:12:09,100.00,0.00,437.25,1452,4.01,1823.1
2026-08-25 13:12:14,100.00,0.00,437.50,1424,4.17,1825.1
2026-08-25 13:12:19,100.00,0.00,437.75,1387,4.32,1823.8
2026-08-25 13:12:24,100.00,0.00,437.75,1392,4.28,1824.9
2026-08-25 13:12:29,100.00,0.00,437.50,1405,4.23,1822.9
2026-08-25 13:12:34,100.00,0.00,437.00,1417,4.17,1823.4
2026-08-25 13:12:39,100.00,0.00,437.25,1435,4.15,1824.4
2026-08-25 13:12:44,100.00,0.00,437.25,1442,4.08,1822.2
2026-08-25 13:12:49,100.00,0.00,437.50,1456,4.04,1822.5
2026-08-25 13:12:54,100.00,0.00,437.75,1435,4.09,1825.3
2026-08-25 13:12:59,100.00,0.00,437.50,1408,4.21,1824.7
2026-08-25 13:13:04,100.00,0.00,438.00,1398,4.13,1826.3
2026-08-25 13:13:09,100.00,0.00,437.75,1423,4.15,1828.6
2026-08-25 13:13:14,100.00,0.00,437.50,1423,4.15,1828.5
2026-08-25 13:13:19,100.00,0.00,437.50,1396,4.28,1826.5
2026-08-25 13:13:24,100.00,0.00,438.25,1386,4.33,1826.6
2026-08-25 13:13:29,100.00,0.00,437.00,1415,4.19,1825.2
2026-08-25 13:13:34,100.00,0.00,437.75,1426,3.99,1826.9
2026-08-25 13:13:39,100.00,0.00,437.75,1423,4.15,1828.7
2026-08-25 13:13:44,100.00,0.00,437.75,1445,4.06,1830.8
2026-08-25 13:13:49,100.00,0.00,437.50,1446,4.05,1825.9
2026-08-25 13:13:54,100.00,0.00,437.50,1423,4.16,1823.7
2026-08-25 13:13:59,100.00,0.00,437.25,1406,4.22,1823.4
2026-08-25 13:14:04,100.00,0.00,437.50,1393,4.29,1823.4
2026-08-25 13:14:09,100.00,0.00,438.00,1411,4.19,1823.8
2026-08-25 13:14:14,100.00,0.00,437.00,1417,4.18,1822.8
2026-08-25 13:14:19,100.00,0.00,437.50,1398,4.28,1819.9
2026-08-25 13:14:24,100.00,0.00,438.00,1401,4.29,1822.0
2026-08-25 13:14:29,100.00,0.00,438.00,1397,4.28,1821.3
2026-08-25 13:14:34,100.00,0.00,438.00,1382,4.34,1821.9
2026-08-25 13:14:39,100.00,0.00,438.25,1367,4.41,1819.3
2026-08-25 13:14:44,100.00,0.00,438.00,1374,4.36,1822.6
2026-08-25 13:14:49,100.00,0.00,438.25,1392,4.28,1824.3
2026-08-25 13:14:54,100.00,0.00,438.00,1403,4.25,1821.9
2026-08-25 13:14:59,100.00,0.00,438.50,1402,4.25,1821.9
2026-08-25 13:15:04,100.00,0.00,437.75,1406,4.25,1821.7
2026-08-25 13:15:09,100.00,0.00,438.25,1402,4.25,1821.9
2026-08-25 13:15:14,100.00,0.00,438.50,1392,4.28,1820.1
2026-08-25 13:15:19,100.00,0.00,438.50,1365,4.42,1819.2
2026-08-25 13:15:24,100.00,0.00,438.25,1381,4.33,1821.6
2026-08-25 13:15:29,100.00,0.00,438.25,1386,4.32,1824.0
2026-08-25 13:15:34,100.00,0.00,438.25,1404,4.28,1823.7
2026-08-25 13:15:39,100.00,0.00,438.50,1424,4.15,1821.7
2026-08-25 13:15:44,100.00,0.00,438.00,1424,4.15,1822.7
2026-08-25 13:15:49,100.00,0.00,438.00,1429,4.15,1824.2
2026-08-25 13:15:54,100.00,0.00,438.00,1445,4.06,1822.6
2026-08-25 13:15:59,100.00,0.00,438.50,1428,4.14,1820.1
2026-08-25 13:16:04,100.00,0.00,438.50,1422,4.17,1819.2
2026-08-25 13:16:09,100.00,0.00,438.50,1419,4.26,1818.7
2026-08-25 13:16:14,100.00,0.00,438.75,1411,4.20,1818.6
2026-08-25 13:16:19,100.00,0.00,438.50,1414,4.20,1817.7
2026-08-25 13:16:24,100.00,0.00,438.50,1421,4.18,1817.6
2026-08-25 13:16:29,100.00,0.00,438.25,1441,4.08,1818.4
2026-08-25 13:16:34,100.00,0.00,438.75,1424,4.15,1819.3
2026-08-25 13:16:39,100.00,0.00,438.25,1455,4.04,1819.8
2026-08-25 13:16:44,100.00,0.00,438.25,1424,4.14,1820.0
2026-08-25 13:16:49,100.00,0.00,438.50,1439,4.08,1819.9
2026-08-25 13:16:54,100.00,0.00,438.25,1470,3.96,1821.7
2026-08-25 13:16:59,100.00,0.00,438.50,1467,3.96,1823.7
2026-08-25 13:17:04,100.00,0.00,438.75,1440,4.07,1825.6
2026-08-25 13:17:09,100.00,0.00,438.50,1424,4.15,1826.4
2026-08-25 13:17:14,100.00,0.00,438.50,1417,4.19,1826.9
2026-08-25 13:17:19,100.00,0.00,438.50,1422,4.16,1826.3
2026-08-25 13:17:24,100.00,0.00,438.75,1414,4.22,1824.9
2026-08-25 13:17:29,100.00,0.00,438.25,1409,4.22,1825.9
2026-08-25 13:17:34,100.00,0.00,438.50,1392,4.30,1828.4
2026-08-25 13:17:39,100.00,0.00,438.25,1387,4.32,1828.5
2026-08-25 13:17:44,100.00,0.00,438.50,1394,4.28,1825.6
2026-08-25 13:17:49,100.00,0.00,438.75,1405,4.26,1824.0
2026-08-25 13:17:54,100.00,0.00,438.00,1396,4.27,1821.9
2026-08-25 13:17:59,100.00,0.00,438.50,1415,4.20,1820.0
2026-08-25 13:18:04,100.00,0.00,438.25,1472,4.04,1820.5
2026-08-25 13:18:09,100.00,0.00,438.25,1425,3.96,1820.6
2026-08-25 13:18:14,100.00,0.00,438.00,1410,4.20,1820.5
2026-08-25 13:18:19,100.00,0.00,438.50,1397,4.27,1822.4
2026-08-25 13:18:24,100.00,0.00,437.50,1418,4.17,1821.9
2026-08-25 13:18:29,100.00,0.00,438.25,1412,4.21,1820.9
2026-08-25 13:18:34,100.00,0.00,438.25,1423,4.15,1819.3
2026-08-25 13:18:39,100.00,0.00,438.50,1411,4.22,1820.2
2026-08-25 13:18:44,100.00,0.00,438.25,1418,4.20,1819.6
2026-08-25 13:18:49,100.00,0.00,438.00,1402,4.26,1817.3
2026-08-25 13:18:54,100.00,0.00,438.00,1405,4.24,1815.5
2026-08-25 13:18:59,100.00,0.00,438.00,1417,4.16,1816.3
2026-08-25 13:19:04,100.00,0.00,438.25,1440,4.07,1816.3
2026-08-25 13:19:09,100.00,0.00,437.75,1413,4.21,1814.9
2026-08-25 13:19:14,100.00,0.00,438.25,1411,4.22,1814.7
2026-08-25 13:19:19,100.00,0.00,438.25,1392,4.31,1816.2
2026-08-25 13:19:24,100.00,0.00,437.75,1403,4.23,1815.5
2026-08-25 13:19:29,100.00,0.00,438.00,1422,4.16,1811.7
2026-08-25 13:19:34,100.00,0.00,437.50,1409,4.21,1809.2
2026-08-25 13:19:39,100.00,0.00,438.00,1394,4.29,1810.6
2026-08-25 13:19:44,100.00,0.00,438.00,1396,4.28,1813.4
2026-08-25 13:19:49,100.00,0.00,437.75,1421,4.21,1816.8
2026-08-25 13:19:54,100.00,0.00,438.25,1425,4.11,1815.6
2026-08-25 13:19:59,100.00,0.00,438.00,1454,4.02,1816.0
2026-08-25 13:20:04,100.00,0.00,438.00,1444,4.05,1815.7
2026-08-25 13:20:09,100.00,0.00,437.50,1435,4.11,1815.6
2026-08-25 13:20:14,100.00,0.00,437.75,1407,4.27,1813.5
2026-08-25 13:20:19,100.00,0.00,437.75,1402,4.25,1813.8
2026-08-25 13:20:24,100.00,0.00,438.00,1431,4.12,1813.7
2026-08-25 13:20:29,100.00,0.00,437.50,1440,4.08,1815.0
2026-08-25 13:20:34,100.00,0.00,437.25,1415,4.16,1816.5
2026-08-25 13:20:39,100.00,0.00,438.25,1366,4.43,1814.9
2026-08-25 13:20:44,100.00,0.00,437.50,1363,4.45,1811.0
2026-08-25 13:20:49,100.00,0.00,438.00,1392,4.30,1811.3
2026-08-25 13:20:54,100.00,0.00,437.50,1418,4.20,1811.4
2026-08-25 13:20:59,100.00,0.00,437.50,1429,4.11,1812.9
2026-08-25 13:21:04,100.00,0.00,437.25,1447,4.08,1809.9
2026-08-25 13:21:09,100.00,0.00,437.25,1403,4.25,1812.8
2026-08-25 13:21:14,100.00,0.00,437.50,1401,4.25,1812.6
2026-08-25 13:21:19,100.00,0.00,437.50,1392,4.30,1815.3
2026-08-25 13:21:24,100.00,0.00,437.00,1425,4.14,1812.9
2026-08-25 13:21:29,100.00,0.00,437.25,1376,4.23,1813.7
2026-08-25 13:21:34,100.00,0.00,437.75,1395,4.24,1815.3
2026-08-25 13:21:39,100.00,0.00,438.00,1403,4.24,1817.2
2026-08-25 13:21:44,100.00,0.00,438.25,1424,4.15,1818.9
2026-08-25 13:21:49,100.00,0.00,438.25,1406,4.25,1816.7
2026-08-25 13:21:54,100.00,0.00,438.75,1367,4.42,1813.3
2026-08-25 13:21:59,100.00,0.00,438.50,1388,4.32,1812.9
2026-08-25 13:22:04,100.00,0.00,439.00,1424,4.14,1815.0
2026-08-25 13:22:09,100.00,0.00,439.25,1424,4.15,1818.9
2026-08-25 13:22:14,100.00,0.00,439.75,1233,5.12,1167.0
2026-08-25 13:22:19,100.00,0.00,438.00,1056,6.43,1118.0
2026-08-25 13:22:24,100.00,0.00,436.50,963,7.19,1148.4
2026-08-25 13:22:29,100.00,0.00,435.25,975,7.18,1594.8
2026-08-25 13:22:34,100.00,0.00,433.75,1065,6.31,1672.1
2026-08-25 13:22:39,100.00,0.00,433.25,1188,5.40,1673.2
2026-08-25 13:22:44,100.00,0.00,433.75,1263,4.96,1670.7
2026-08-25 13:22:49,100.00,0.00,434.00,1318,4.65,1671.8
2026-08-25 13:22:54,100.00,0.00,434.25,1395,4.29,1669.8
2026-08-25 13:22:59,100.00,0.00,433.75,1423,4.16,1671.5
2026-08-25 13:23:04,100.00,0.00,434.75,1443,4.07,1662.7
2026-08-25 13:23:09,100.00,0.00,434.50,1452,4.05,1661.5
2026-08-25 13:23:14,100.00,0.00,435.25,1479,3.91,1660.4
2026-08-25 13:23:19,100.00,0.00,435.50,1584,3.55,1654.9
2026-08-25 13:23:24,100.00,0.00,435.75,1584,3.49,1645.5
2026-08-25 13:23:29,100.00,0.00,436.50,1600,3.45,1646.0
2026-08-25 13:23:34,100.00,0.00,436.25,1569,3.57,1652.6
2026-08-25 13:23:39,100.00,0.00,437.00,1570,3.56,1655.8
2026-08-25 13:23:44,100.00,0.00,437.25,1630,3.43,1654.9
2026-08-25 13:23:49,100.00,0.00,437.75,1647,3.29,1658.6
2026-08-25 13:23:54,100.00,0.00,437.75,1711,3.08,1659.8
2026-08-25 13:23:59,100.00,0.00,438.00,1680,3.17,1655.4
2026-08-25 13:24:04,100.00,0.00,438.50,1691,3.15,1652.0
2026-08-25 13:24:09,100.00,0.00,438.50,1683,3.18,1652.1
2026-08-25 13:24:14,100.00,0.00,439.00,1644,3.34,1649.1
2026-08-25 13:24:19,100.00,0.00,438.75,1705,3.08,1652.9
2026-08-25 13:24:24,100.00,0.00,439.25,1665,3.14,1654.3
2026-08-25 13:24:29,100.00,0.00,439.75,1691,3.15,1658.3
2026-08-25 13:24:34,100.00,0.00,439.75,1690,3.13,1650.1
2026-08-25 13:24:39,100.00,0.00,439.75,1695,3.13,1645.8
2026-08-25 13:24:44,100.00,0.00,440.25,1685,3.17,1644.9
2026-08-25 13:24:49,100.00,0.00,440.50,1665,3.21,1651.0
2026-08-25 13:24:54,100.00,0.00,440.25,1648,3.32,1644.8
2026-08-25 13:24:59,100.00,0.00,440.75,1682,3.17,1644.6
2026-08-25 13:25:04,100.00,0.00,440.75,1693,3.14,1648.1
2026-08-25 13:25:09,100.00,0.00,441.25,1712,3.06,1646.4
2026-08-25 13:25:14,100.00,0.00,441.50,1712,3.08,1637.1
2026-08-25 13:25:19,100.00,0.00,441.50,1715,3.07,1638.4
2026-08-25 13:25:24,100.00,0.00,441.25,1695,3.13,1638.9
2026-08-25 13:25:29,100.00,0.00,441.00,1686,3.16,1636.5
2026-08-25 13:25:34,100.00,0.00,441.00,1734,3.01,1640.9
2026-08-25 13:25:39,100.00,0.00,441.50,1725,3.04,1648.8
2026-08-25 13:25:44,100.00,0.00,441.50,1765,2.92,1653.9
2026-08-25 13:25:49,100.00,0.00,441.50,1714,3.06,1652.4
2026-08-25 13:25:54,100.00,0.00,442.25,1719,3.06,1653.6
2026-08-25 13:25:59,100.00,0.00,442.00,1721,3.04,1659.4
2026-08-25 13:26:04,100.00,0.00,442.00,1712,3.04,1662.4
2026-08-25 13:26:09,100.00,0.00,442.25,1738,2.99,1662.0
2026-08-25 13:26:14,100.00,0.00,442.25,1710,3.13,1660.2
2026-08-25 13:26:19,100.00,0.00,442.00,1746,2.98,1659.1
2026-08-25 13:26:24,100.00,0.00,443.00,1719,3.05,1652.6
2026-08-25 13:26:29,100.00,0.00,442.50,1687,3.18,1647.8
2026-08-25 13:26:34,100.00,0.00,442.75,1689,3.15,1645.3
2026-08-25 13:26:39,100.00,0.00,442.50,1691,3.16,1643.5
2026-08-25 13:26:44,100.00,0.00,442.50,1697,3.12,1649.3
2026-08-25 13:26:49,100.00,0.00,442.50,1713,3.08,1647.7
2026-08-25 13:26:54,100.00,0.00,442.50,1727,3.06,1643.9
2026-08-25 13:26:59,100.00,0.00,442.50,1695,3.14,1641.8
2026-08-25 13:27:04,100.00,0.00,442.50,1698,3.11,1643.7
2026-08-25 13:27:09,100.00,0.00,443.00,1693,3.18,1645.5
2026-08-25 13:27:14,100.00,0.00,443.00,1680,3.11,1642.5
2026-08-25 13:27:19,100.00,0.00,442.75,1687,3.16,1641.4
2026-08-25 13:27:24,100.00,0.00,443.00,1683,3.16,1643.1
2026-08-25 13:27:29,100.00,0.00,443.25,1677,3.19,1636.4
2026-08-25 13:27:34,100.00,0.00,443.25,1693,3.14,1639.3
2026-08-25 13:27:39,100.00,0.00,443.25,1696,3.11,1639.0
2026-08-25 13:27:44,100.00,0.00,443.00,1706,3.11,1645.5
2026-08-25 13:27:49,100.00,0.00,443.25,1681,3.18,1640.3
2026-08-25 13:27:54,100.00,0.00,443.50,1695,3.13,1641.4
2026-08-25 13:27:59,100.00,0.00,443.50,1693,3.13,1639.2
2026-08-25 13:28:04,100.00,0.00,443.75,1643,3.23,1635.8
2026-08-25 13:28:09,100.00,0.00,443.75,1664,3.23,1637.2
2026-08-25 13:28:14,100.00,0.00,444.00,1690,3.14,1639.6
2026-08-25 13:28:19,100.00,0.00,443.75,1665,3.23,1638.3
2026-08-25 13:28:24,100.00,0.00,443.25,1680,3.19,1637.9
2026-08-25 13:28:29,100.00,0.00,443.75,1675,3.17,1642.5
2026-08-25 13:28:34,100.00,0.00,444.00,1690,3.14,1648.5
2026-08-25 13:28:39,100.00,0.00,443.25,1712,3.13,1653.9
2026-08-25 13:28:44,100.00,0.00,444.00,1671,3.20,1657.5
2026-08-25 13:28:49,100.00,0.00,444.25,1651,3.28,1661.6
2026-08-25 13:28:54,100.00,0.00,443.75,1647,3.29,1664.9
2026-08-25 13:28:59,100.00,0.00,444.25,1643,3.32,1667.5
2026-08-25 13:29:04,100.00,0.00,443.75,1677,3.18,1669.3
2026-08-25 13:29:09,100.00,0.00,444.00,1706,3.10,1670.0
2026-08-25 13:29:14,100.00,0.00,444.50,1702,3.11,1672.0
2026-08-25 13:29:19,100.00,0.00,445.25,1701,3.11,1673.6
2026-08-25 13:29:24,100.00,0.00,444.50,1690,3.10,1673.5
2026-08-25 13:29:29,100.00,0.00,445.00,1711,3.10,1674.9
2026-08-25 13:29:34,100.00,0.00,444.75,1680,3.17,1677.1
2026-08-25 13:29:39,100.00,0.00,445.00,1682,3.16,1678.2
2026-08-25 13:29:44,100.00,0.00,445.00,1703,3.09,1679.3
2026-08-25 13:29:49,100.00,0.00,445.00,1710,3.09,1675.9
2026-08-25 13:29:54,100.00,0.00,444.75,1689,3.16,1676.8
2026-08-25 13:29:59,100.00,0.00,445.00,1678,3.19,1678.4
2026-08-25 13:30:04,100.00,0.00,445.25,1677,3.19,1679.9
2026-08-25 13:30:09,100.00,0.00,445.25,1680,3.18,1681.7
2026-08-25 13:30:14,100.00,0.00,445.00,1697,3.13,1683.1
2026-08-25 13:30:19,100.00,0.00,444.75,1707,3.09,1683.9
2026-08-25 13:30:24,100.00,0.00,445.00,1727,3.07,1684.8
2026-08-25 13:30:29,100.00,0.00,444.50,1719,3.06,1686.1
2026-08-25 13:30:34,100.00,0.00,444.50,1721,3.06,1687.4
2026-08-25 13:30:39,100.00,0.00,444.25,1739,3.00,1686.4
2026-08-25 13:30:44,100.00,0.00,444.50,1731,3.03,1687.1
2026-08-25 13:30:49,100.00,0.00,445.25,1728,3.03,1687.9
2026-08-25 13:30:54,100.00,0.00,445.50,1719,3.10,1687.7
2026-08-25 13:30:59,100.00,0.00,445.50,1691,3.14,1686.8
2026-08-25 13:31:04,100.00,0.00,444.75,1682,3.17,1686.5
2026-08-25 13:31:09,100.00,0.00,445.00,1702,3.11,1687.1
2026-08-25 13:31:14,100.00,0.00,445.00,1725,3.03,1687.2
2026-08-25 13:31:19,100.00,0.00,445.00,1712,3.08,1688.3
2026-08-25 13:31:24,100.00,0.00,445.00,1703,3.10,1689.0
2026-08-25 13:31:29,100.00,0.00,445.25,1712,3.08,1689.5
2026-08-25 13:31:34,100.00,0.00,445.50,1681,3.17,1690.1
2026-08-25 13:31:39,100.00,0.00,444.75,1671,3.22,1690.0
2026-08-25 13:31:44,100.00,0.00,445.50,1689,3.15,1688.5
2026-08-25 13:31:49,100.00,0.00,445.25,1675,3.20,1686.3
2026-08-25 13:31:54,100.00,0.00,445.75,1641,3.31,1688.0
2026-08-25 13:31:59,100.00,0.00,445.00,1648,3.29,1688.3
2026-08-25 13:32:04,100.00,0.00,445.25,1648,3.29,1686.6
2026-08-25 13:32:09,100.00,0.00,445.25,1665,3.29,1685.7
2026-08-25 13:32:14,100.00,0.00,445.50,1638,3.32,1688.8
2026-08-25 13:32:19,100.00,0.00,445.25,1670,3.20,1689.0
2026-08-25 13:32:24,100.00,0.00,446.25,1678,3.19,1689.9
2026-08-25 13:32:29,100.00,0.00,445.50,1678,3.21,1691.3
2026-08-25 13:32:34,100.00,0.00,445.25,1664,3.23,1692.2
2026-08-25 13:32:39,100.00,0.00,445.25,1685,3.17,1692.0
2026-08-25 13:32:44,100.00,0.00,446.00,1654,3.27,1691.2
2026-08-25 13:32:49,100.00,0.00,445.50,1632,3.35,1685.2
2026-08-25 13:32:54,100.00,0.00,444.75,1646,3.29,1685.4
2026-08-25 13:32:59,100.00,0.00,445.50,1676,3.20,1686.0
2026-08-25 13:33:04,100.00,0.00,446.00,1662,3.23,1683.1
2026-08-25 13:33:09,100.00,0.00,445.50,1647,3.29,1684.7
2026-08-25 13:33:14,100.00,0.00,446.50,1679,3.20,1686.6
2026-08-25 13:33:19,100.00,0.00,445.75,1658,3.25,1687.3
2026-08-25 13:33:24,100.00,0.00,446.25,1632,3.34,1687.5
2026-08-25 13:33:29,100.00,0.00,445.50,1614,3.41,1687.9
2026-08-25 13:33:34,100.00,0.00,446.00,1630,3.31,1688.8
2026-08-25 13:33:39,100.00,0.00,445.25,1650,3.33,1685.0
2026-08-25 13:33:44,100.00,0.00,445.50,1624,3.37,1682.5
2026-08-25 13:33:49,100.00,0.00,445.75,1579,3.51,1676.4
2026-08-25 13:33:54,100.00,0.00,446.00,1590,3.49,1676.1
2026-08-25 13:33:59,100.00,0.00,446.25,1616,3.39,1679.1
2026-08-25 13:34:04,100.00,0.00,446.00,1661,3.24,1679.1
2026-08-25 13:34:09,100.00,0.00,445.75,1709,3.09,1679.9
2026-08-25 13:34:14,100.00,0.00,445.75,1717,3.07,1681.1
2026-08-25 13:34:19,100.00,0.00,445.50,1687,3.08,1678.5
2026-08-25 13:34:24,100.00,0.00,445.75,1683,3.13,1675.8
2026-08-25 13:34:29,100.00,0.00,446.00,1590,3.49,1677.2
2026-08-25 13:34:34,100.00,0.00,445.50,1621,3.37,1679.1
2026-08-25 13:34:39,100.00,0.00,445.25,1691,3.15,1681.4
2026-08-25 13:34:44,100.00,0.00,445.50,1664,3.24,1681.8
2026-08-25 13:34:49,100.00,0.00,445.75,1599,3.45,1682.7
2026-08-25 13:34:54,100.00,0.00,445.50,1627,3.35,1683.6
2026-08-25 13:34:59,100.00,0.00,446.25,1648,3.29,1684.1
2026-08-25 13:35:04,100.00,0.00,446.00,1623,3.36,1685.0
2026-08-25 13:35:09,100.00,0.00,446.00,1653,3.27,1684.7
2026-08-25 13:35:14,100.00,0.00,446.50,1646,3.30,1685.3
2026-08-25 13:35:19,100.00,0.00,445.75,1615,3.40,1686.8
2026-08-25 13:35:24,100.00,0.00,446.00,1634,3.33,1687.9
2026-08-25 13:35:29,100.00,0.00,445.75,1651,3.32,1688.7
2026-08-25 13:35:34,100.00,0.00,446.00,1637,3.32,1688.8
2026-08-25 13:35:39,100.00,0.00,445.75,1621,3.39,1686.1
2026-08-25 13:35:44,100.00,0.00,446.00,1613,3.40,1687.1
2026-08-25 13:35:49,100.00,0.00,445.75,1618,3.41,1688.5
2026-08-25 13:35:54,100.00,0.00,446.25,1589,3.48,1688.9
2026-08-25 13:35:59,100.00,0.00,445.75,1600,3.45,1689.8
2026-08-25 13:36:04,100.00,0.00,445.50,1618,3.39,1689.8
2026-08-25 13:36:09,100.00,0.00,445.75,1605,3.38,1691.0
2026-08-25 13:36:14,100.00,0.00,446.00,1643,3.30,1690.8
2026-08-25 13:36:19,100.00,0.00,446.25,1602,3.45,1690.4
2026-08-25 13:36:24,100.00,0.00,446.00,1571,3.51,1689.8
2026-08-25 13:36:29,100.00,0.00,445.75,1607,3.43,1691.6
2026-08-25 13:36:34,100.00,0.00,446.25,1598,3.46,1689.3
2026-08-25 13:36:39,100.00,0.00,446.50,1582,3.51,1690.3
2026-08-25 13:36:44,100.00,0.00,446.25,1618,3.37,1692.4
2026-08-25 13:36:49,100.00,0.00,445.75,1632,3.35,1691.3
2026-08-25 13:36:54,100.00,0.00,446.00,1631,3.35,1687.3
2026-08-25 13:36:59,100.00,0.00,446.25,1639,3.33,1688.3
2026-08-25 13:37:04,100.00,0.00,445.50,1667,3.33,1688.9
2026-08-25 13:37:09,100.00,0.00,446.25,1626,3.37,1689.0
2026-08-25 13:37:14,100.00,0.00,445.25,1667,3.23,1688.5
2026-08-25 13:37:19,100.00,0.00,445.75,1663,3.26,1689.2
2026-08-25 13:37:24,100.00,0.00,446.50,1621,3.29,1689.3
2026-08-25 13:37:29,100.00,0.00,446.50,1637,3.31,1689.2
2026-08-25 13:37:34,100.00,0.00,446.75,1664,3.23,1688.8
2026-08-25 13:37:39,100.00,0.00,446.50,1648,3.28,1685.0
2026-08-25 13:37:44,100.00,0.00,446.25,1629,3.34,1685.1
2026-08-25 13:37:49,100.00,0.00,446.75,1583,3.51,1686.4
2026-08-25 13:37:54,100.00,0.00,446.50,1584,3.51,1686.5
2026-08-25 13:37:59,100.00,0.00,446.50,1613,3.40,1684.1
2026-08-25 13:38:04,100.00,0.00,446.25,1647,3.29,1680.9
2026-08-25 13:38:09,100.00,0.00,446.25,1621,3.38,1680.6
2026-08-25 13:38:14,100.00,0.00,445.75,1626,3.35,1683.0
2026-08-25 13:38:19,100.00,0.00,446.25,1668,3.22,1680.9
2026-08-25 13:38:24,100.00,0.00,446.00,1665,3.23,1683.3
2026-08-25 13:38:29,100.00,0.00,446.50,1636,3.32,1684.5
2026-08-25 13:38:34,100.00,0.00,446.25,1593,3.48,1684.6
2026-08-25 13:38:39,100.00,0.00,446.75,1588,3.50,1676.4
2026-08-25 13:38:44,100.00,0.00,446.50,1598,3.47,1670.0
2026-08-25 13:38:49,100.00,0.00,446.50,1595,3.49,1670.3
2026-08-25 13:38:54,100.00,0.00,446.50,1598,3.45,1673.8
2026-08-25 13:38:59,100.00,0.00,446.50,1643,3.31,1673.4
2026-08-25 13:39:04,100.00,0.00,446.25,1622,3.37,1666.1
2026-08-25 13:39:09,100.00,0.00,446.50,1595,3.46,1667.9
2026-08-25 13:39:14,100.00,0.00,446.00,1600,3.44,1662.2
2026-08-25 13:39:19,100.00,0.00,446.25,1632,3.35,1660.2
2026-08-25 13:39:24,100.00,0.00,446.25,1653,3.28,1660.6
2026-08-25 13:39:29,100.00,0.00,446.00,1650,3.29,1663.4
2026-08-25 13:39:34,100.00,0.00,446.00,1616,3.40,1667.4
2026-08-25 13:39:39,100.00,0.00,446.00,1621,3.45,1670.2
2026-08-25 13:39:44,100.00,0.00,446.00,1611,3.42,1670.8
2026-08-25 13:39:49,100.00,0.00,446.25,1591,3.48,1668.3
2026-08-25 13:39:54,100.00,0.00,446.00,1570,3.54,1670.1
2026-08-25 13:39:59,100.00,0.00,445.75,1600,3.45,1672.3
2026-08-25 13:40:04,100.00,0.00,446.00,1602,3.44,1674.0
2026-08-25 13:40:09,100.00,0.00,446.25,1628,3.39,1672.0
2026-08-25 13:40:14,100.00,0.00,445.00,1616,3.39,1673.3
2026-08-25 13:40:19,100.00,0.00,445.75,1632,3.35,1674.3
2026-08-25 13:40:24,100.00,0.00,445.75,1695,3.13,1675.9
2026-08-25 13:40:29,100.00,0.00,445.75,1696,3.13,1676.1
2026-08-25 13:40:34,100.00,0.00,446.00,1687,3.26,1676.5
2026-08-25 13:40:39,100.00,0.00,446.00,1653,3.27,1676.4
2026-08-25 13:40:44,100.00,0.00,446.25,1635,3.31,1669.8
2026-08-25 13:40:49,100.00,0.00,445.75,1598,3.45,1672.6
2026-08-25 13:40:54,100.00,0.00,445.75,1593,3.48,1674.9
2026-08-25 13:40:59,100.00,0.00,446.50,1579,3.53,1671.6
2026-08-25 13:41:04,100.00,0.00,446.50,1509,3.78,1671.9
2026-08-25 13:41:09,100.00,0.00,445.75,1535,3.69,1674.9
2026-08-25 13:41:14,100.00,0.00,446.00,1584,3.49,1678.1
2026-08-25 13:41:19,100.00,0.00,445.25,1634,3.34,1679.9
2026-08-25 13:41:24,100.00,0.00,445.00,1636,3.33,1679.8
2026-08-25 13:41:29,100.00,0.00,444.50,1614,3.40,1672.3
2026-08-25 13:41:34,100.00,0.00,443.50,1527,3.69,1674.9
2026-08-25 13:41:39,100.00,0.00,445.75,1633,3.33,1675.2
2026-08-25 13:41:44,100.00,0.00,445.50,1669,3.22,1675.9
2026-08-25 13:41:49,100.00,0.00,445.25,1626,3.34,1678.9
2026-08-25 13:41:54,100.00,0.00,446.25,1680,3.18,1680.1
2026-08-25 13:41:59,100.00,0.00,445.75,1687,3.16,1680.4
2026-08-25 13:42:04,100.00,0.00,446.00,1706,3.09,1678.4
2026-08-25 13:42:09,100.00,0.00,446.00,1687,3.17,1678.0
2026-08-25 13:42:14,100.00,0.00,446.00,1666,3.24,1672.2
2026-08-25 13:42:19,100.00,0.00,445.50,1715,3.06,1674.7
2026-08-25 13:42:24,100.00,0.00,446.00,1668,3.15,1670.2
2026-08-25 13:42:29,100.00,0.00,445.50,1684,3.16,1671.4
2026-08-25 13:42:34,100.00,0.00,445.50,1648,3.30,1675.2
2026-08-25 13:42:39,100.00,0.00,445.75,1632,3.35,1674.0
2026-08-25 13:42:44,100.00,0.00,446.00,1583,3.51,1671.0
2026-08-25 13:42:49,100.00,0.00,446.25,1531,3.70,1673.4
2026-08-25 13:42:54,100.00,0.00,446.00,1566,3.50,1674.7
2026-08-25 13:42:59,100.00,0.00,446.25,1584,3.51,1676.0
2026-08-25 13:43:04,100.00,0.00,446.25,1573,3.54,1675.8
2026-08-25 13:43:09,100.00,0.00,445.75,1595,3.47,1674.8
2026-08-25 13:43:14,100.00,0.00,445.50,1616,3.41,1674.9
2026-08-25 13:43:19,100.00,0.00,446.00,1591,3.46,1674.9
2026-08-25 13:43:24,100.00,0.00,446.25,1600,3.46,1675.5
2026-08-25 13:43:29,100.00,0.00,445.75,1685,3.14,1675.5
2026-08-25 13:43:34,100.00,0.00,446.50,1705,3.18,1672.2
2026-08-25 13:43:39,100.00,0.00,446.75,1683,3.16,1673.6
2026-08-25 13:43:44,100.00,0.00,445.75,1697,3.13,1674.2
2026-08-25 13:43:49,100.00,0.00,446.25,1641,3.31,1672.5
2026-08-25 13:43:54,100.00,0.00,445.75,1631,3.29,1674.5
2026-08-25 13:43:59,100.00,0.00,445.75,1670,3.19,1675.5
2026-08-25 13:44:04,100.00,0.00,446.25,1659,3.25,1669.5
2026-08-25 13:44:09,100.00,0.00,446.75,1589,3.49,1669.5
2026-08-25 13:44:14,100.00,0.00,446.50,1600,3.45,1668.7
2026-08-25 13:44:19,100.00,0.00,446.25,1601,3.45,1669.6
2026-08-25 13:44:24,100.00,0.00,446.25,1554,3.62,1667.4
2026-08-25 13:44:29,100.00,0.00,446.50,1535,3.58,1664.5
2026-08-25 13:44:34,100.00,0.00,446.75,1535,3.69,1667.9
2026-08-25 13:44:39,100.00,0.00,446.50,1520,3.73,1670.3
2026-08-25 13:44:44,100.00,0.00,446.50,1590,3.49,1671.5
2026-08-25 13:44:49,100.00,0.00,447.00,1597,3.46,1671.8
2026-08-25 13:44:54,100.00,0.00,446.25,1535,3.69,1671.7
2026-08-25 13:44:59,100.00,0.00,446.75,1513,3.74,1669.8
2026-08-25 13:45:04,100.00,0.00,446.25,1521,3.73,1672.2
2026-08-25 13:45:09,100.00,0.00,446.50,1515,3.77,1672.8
2026-08-25 13:45:14,100.00,0.00,447.25,1535,3.69,1673.9
2026-08-25 13:45:19,100.00,0.00,447.00,1527,3.72,1673.7
2026-08-25 13:45:24,100.00,0.00,446.25,1502,3.81,1671.9
2026-08-25 13:45:29,100.00,0.00,447.00,1494,3.86,1673.0
2026-08-25 13:45:34,100.00,0.00,446.50,1456,4.02,1675.4
2026-08-25 13:45:39,100.00,0.00,446.75,1449,4.05,1674.9
2026-08-25 13:45:44,100.00,0.00,447.00,1477,3.92,1677.3
2026-08-25 13:45:49,100.00,0.00,447.00,1456,4.02,1677.4
2026-08-25 13:45:54,100.00,0.00,446.50,1451,4.01,1673.7
2026-08-25 13:45:59,100.00,0.00,446.50,1455,4.01,1676.6
2026-08-25 13:46:04,100.00,0.00,446.50,1484,3.90,1676.3
2026-08-25 13:46:09,100.00,0.00,447.25,1459,3.98,1675.5
2026-08-25 13:46:14,100.00,0.00,447.25,1425,4.12,1678.7
2026-08-25 13:46:19,100.00,0.00,447.00,1415,4.20,1678.5
2026-08-25 13:46:24,100.00,0.00,446.75,1456,4.01,1679.6
2026-08-25 13:46:29,100.00,0.00,446.50,1471,3.95,1677.9
2026-08-25 13:46:34,100.00,0.00,446.75,1442,4.07,1677.6
2026-08-25 13:46:39,100.00,0.00,447.25,1520,3.75,1678.0
2026-08-25 13:46:44,100.00,0.00,446.75,1561,3.60,1672.0
2026-08-25 13:46:49,100.00,0.00,446.75,1499,3.83,1674.0
2026-08-25 13:46:54,100.00,0.00,446.25,1579,3.53,1674.1
2026-08-25 13:46:59,100.00,0.00,446.25,1600,3.45,1674.7
2026-08-25 13:47:04,100.00,0.00,446.50,1595,3.45,1676.8
2026-08-25 13:47:09,100.00,0.00,446.25,1607,3.41,1677.1
2026-08-25 13:47:14,100.00,0.00,446.25,1630,3.32,1676.7
2026-08-25 13:47:19,100.00,0.00,446.00,1607,3.42,1676.1
2026-08-25 13:47:24,100.00,0.00,446.25,1535,3.69,1676.6
2026-08-25 13:47:29,100.00,0.00,446.25,1535,3.69,1672.7
2026-08-25 13:47:34,100.00,0.00,446.75,1527,3.69,1673.6
2026-08-25 13:47:39,100.00,0.00,446.25,1563,3.60,1670.4
2026-08-25 13:47:44,100.00,0.00,446.50,1526,3.72,1671.3
2026-08-25 13:47:49,100.00,0.00,446.75,1490,3.87,1668.6
2026-08-25 13:47:54,100.00,0.00,446.50,1484,3.75,1671.5
2026-08-25 13:47:59,100.00,0.00,446.25,1495,3.84,1672.0
2026-08-25 13:48:04,100.00,0.00,446.25,1518,3.77,1672.7
2026-08-25 13:48:09,100.00,0.00,446.00,1495,3.84,1673.4
2026-08-25 13:48:14,100.00,0.00,446.00,1485,3.93,1674.2
2026-08-25 13:48:19,100.00,0.00,446.00,1442,4.10,1676.3
2026-08-25 13:48:24,100.00,0.00,446.50,1505,3.79,1677.8
2026-08-25 13:48:29,100.00,0.00,446.00,1600,3.45,1677.0
2026-08-25 13:48:34,100.00,0.00,445.75,1625,3.36,1679.7
2026-08-25 13:48:39,100.00,0.00,446.25,1377,4.37,1120.5
2026-08-25 13:48:44,100.00,0.00,445.50,1045,6.45,1018.9
2026-08-25 13:48:49,100.00,0.00,444.00,960,7.50,984.9
2026-08-25 13:48:54,100.00,0.00,441.50,947,7.30,1086.7
2026-08-25 13:48:59,100.00,0.00,439.00,923,7.60,1093.4
2026-08-25 13:49:04,100.00,0.00,436.00,932,7.38,1096.3
2026-08-25 13:49:09,100.00,0.00,433.50,899,7.88,1097.4
2026-08-25 13:49:14,100.00,0.00,431.50,871,8.13,1647.0
2026-08-25 13:49:19,100.00,0.00,429.50,944,7.39,1642.6
2026-08-25 13:49:24,100.00,0.00,429.00,976,7.07,1648.3
2026-08-25 13:49:29,100.00,0.00,428.75,1019,6.69,1654.1
2026-08-25 13:49:34,100.00,0.00,428.00,1149,5.67,1654.7
2026-08-25 13:49:39,100.00,0.00,425.75,1158,5.55,1657.9
2026-08-25 13:49:44,100.00,0.00,422.50,1216,5.25,1660.4
2026-08-25 13:49:49,100.00,0.00,418.00,1241,5.08,1663.9
2026-08-25 13:49:54,100.00,0.00,412.25,1277,4.90,1665.6
2026-08-25 13:49:59,100.00,0.00,406.00,1277,4.88,1667.4
2026-08-25 13:50:04,100.00,0.00,400.25,1259,5.01,1671.0
2026-08-25 13:50:09,100.00,0.00,393.00,1252,5.02,1673.2
2026-08-25 13:50:14,100.00,0.00,386.75,1236,5.10,1674.4
2026-08-25 13:50:19,100.00,0.00,380.75,1264,4.97,1674.9
2026-08-25 13:50:24,100.00,0.00,374.00,1274,4.89,1677.0
2026-08-25 13:50:29,100.00,0.00,367.50,1293,4.91,1677.5
2026-08-25 13:50:34,100.00,0.00,361.50,1296,4.78,1679.9
2026-08-25 13:50:39,100.00,0.00,355.00,1299,4.75,1683.6
2026-08-25 13:50:44,100.00,0.00,349.00,1296,4.78,1686.9
2026-08-25 13:50:49,100.00,0.00,342.75,1279,4.91,1690.0
2026-08-25 13:50:54,100.00,0.00,337.25,1280,4.86,1693.6
2026-08-25 13:50:59,100.00,0.00,331.75,1307,4.84,1696.5
2026-08-25 13:51:04,100.00,0.00,326.25,1271,4.91,1697.5
2026-08-25 13:51:09,100.00,0.00,321.00,1262,4.98,1698.4
2026-08-25 13:51:14,100.00,0.00,316.25,1261,5.01,1699.6
2026-08-25 13:51:19,100.00,0.00,311.00,1261,4.96,1699.3
2026-08-25 13:51:24,100.00,0.00,306.50,1259,4.99,1699.6
2026-08-25 13:51:29,100.00,0.00,301.50,1247,5.19,1701.4
2026-08-25 13:51:34,100.00,0.00,297.25,1231,5.15,1703.6
2026-08-25 13:51:39,100.00,0.00,292.50,1226,5.16,1704.5
2026-08-25 13:51:44,100.00,0.00,288.25,1217,5.23,1706.6
2026-08-25 13:51:49,100.00,0.00,284.00,1201,5.33,1707.5
2026-08-25 13:51:54,100.00,0.00,280.25,1179,5.36,1706.5
2026-08-25 13:51:59,100.00,0.00,276.50,1193,5.40,1708.4
2026-08-25 13:52:04,100.00,0.00,272.75,1193,5.37,1709.7
2026-08-25 13:52:09,100.00,0.00,268.75,1187,5.41,1711.5
2026-08-25 13:52:14,100.00,0.00,264.50,1187,5.45,1712.5
2026-08-25 13:52:19,100.00,0.00,261.50,1174,5.48,1713.5
2026-08-25 13:52:24,100.00,0.00,257.75,1172,5.50,1714.4
2026-08-25 13:52:29,100.00,0.00,255.00,1167,5.55,1715.4
2026-08-25 13:52:34,100.00,0.00,251.25,1165,5.58,1716.9
2026-08-25 13:52:39,100.00,0.00,248.25,1196,5.63,1717.8
2026-08-25 13:52:44,100.00,0.00,245.00,1139,5.74,1719.5
2026-08-25 13:52:49,100.00,0.00,241.25,1133,5.76,1721.0

