run_id,is_synthetic,session,timestamp,elapsed_smoking_min,remaining_min,remaining_min_from_heat,remaining_min_from_weight,remaining_min_gated,start_weight_g,dht11_temp_c,dht11_humidity_pct,oven_temp_c,mq6_adc,mq6_ratio,weight_g,weight_corrected_g,weight_smooth_g,weight_loss_from_start_g,moisture_removed_frac,target_loss_frac,weight_progress_frac,drying_rate_g_per_min,oven_deg_h,target_oven_deg_h,heat_progress_frac,target_hours
tuna_2379g,0,tuna_main,2026-08-26 11:07:36.000000,0.0,29.666666666666668,124.53463541666675,2399.999999999991,2399.999999999991,2379.7,32.0,81.8,32.0,1088.0,10.12,2379.7,2379.7,2378.6499999999996,0.0,0.0,0.05042652435180887,0.0,0.0,0.0,166.04618055555565,0.0,0.49444444444444446
tuna_2379g,0,tuna_main,2026-08-26 11:07:41.000000,0.08333333333333333,29.583333333333336,124.5013020833334,2363.9999999999964,2363.9999999999964,2379.7,32.1,81.7,32.0,1072.0,10.35,2377.9,2377.9,2378.6,1.7999999999997272,0.0007563978652770212,0.05042652435180887,0.014999999999997782,0.0,0.044444444444444446,166.04618055555565,0.000267663154284806,0.49444444444444446
tuna_2379g,0,tuna_main,2026-08-26 11:07:46.000000,0.16666666666666666,29.5,124.4677083333334,2361.999999999998,2361.999999999998,2379.7,32.1,81.7,32.25,1072.0,10.57,2377.8,2377.8,2378.3,1.8999999999996362,0.0007984199689034905,0.05042652435180887,0.01583333333333036,0.0,0.08923611111111111,166.04618055555565,0.000537417426962462,0.49444444444444446
tuna_2379g,0,tuna_main,2026-08-26 11:07:51.000000,0.25,29.416666666666668,124.43385416666673,2377.9999999999927,2377.9999999999927,2379.7,32.1,81.7,32.5,1041.0,10.76,2378.6,2378.6,2378.6,1.099999999999909,0.0004622431398915448,0.05042652435180887,0.009166666666665943,0.0,0.134375,166.04618055555565,0.0008092628180329681,0.49444444444444446
tuna_2379g,0,tuna_main,2026-08-26 11:07:56.000000,0.3333333333333333,29.333333333333336,124.40104166666673,2407.9999999999927,2407.9999999999927,2379.7,32.2,81.7,31.5,1023.0,11.01,2380.1,2380.1,2378.6499999999996,-0.40000000000009095,-0.0001680884145060684,0.05042652435180887,0.0,5.551115123125783e-17,0.178125,166.04618055555565,0.001072743735532074,0.49444444444444446
tuna_2379g,0,tuna_main,2026-08-26 11:08:01.000000,0.4166666666666667,29.25,124.36848958333341,198.33333333441496,198.33333333441496,2379.7,32.2,81.6,31.25,1011.0,11.19,2378.7,2378.7,2378.6,1.0,0.00042022103626507544,0.05042652435180887,0.008333333333333364,-0.5999999999967256,0.22152777777777777,166.04618055555565,0.0013341335346383299,0.49444444444444446
tuna_2379g,0,tuna_main,2026-08-26 11:08:06.000000,0.5,29.166666666666668,124.33515625000008,2357.9999999999927,2357.9999999999927,2379.7,32.3,81.6,32.0,1001.0,11.33,2377.6,2377.6,2378.6499999999996,2.099999999999909,0.0008824641761566202,0.05042652435180887,0.017499999999999308,1.6653345369377348e-16,0.2659722222222222,166.04618055555565,0.001601796688923136,0.49444444444444446
tuna_2379g,0,tuna_main,2026-08-26 11:08:11.000000,0.5833333333333334,29.083333333333336,124.30260416666674,197.16666666774222,197.16666666774222,2379.7,32.4,81.5,31.25,991.0,11.52,2378.0,2378.0,2378.6,1.699999999999818,0.0007143757616505518,0.05042652435180887,0.014166666666665204,-0.5999999999967256,0.309375,166.04618055555565,0.0018631864880293918,0.49444444444444446
tuna_2379g,0,tuna_main,2026-08-26 11:08:16.000000,0.6666666666666666,29.0,124.26979166666675,396.6666666688299,396.6666666688299,2379.7,32.4,81.5,31.5,981.0,11.69,2378.7,2378.7,2378.6,1.0,0.00042022103626507544,0.05042652435180887,0.008333333333333364,-0.2999999999983628,0.353125,166.04618055555565,0.0021266674055284976,0.49444444444444446
tuna_2379g,0,tuna_main,2026-08-26 11:08:21.000000,0.75,28.916666666666668,124.2367187500001,2379.999999999991,2379.999999999991,2379.7,32.5,81.4,31.75,972.0,11.8,2378.7,2378.7,2378.6,1.0,0.00042022103626507544,0.05042652435180887,0.008333333333333364,0.0,0.39722222222222225,166.04618055555565,0.0023922394414204536,0.49444444444444446
tuna_2379g,0,tuna_main,2026-08-26 11:08:26.000000,0.8333333333333334,28.833333333333336,124.20364583333341,396.33333333549507,396.33333333549507,2379.7,32.5,81.3,31.75,963.0,11.97,2378.6,2378.6,2378.55,1.099999999999909,0.0004622431398915448,0.05042652435180887,0.009166666666665943,-0.2999999999983628,0.4413194444444445,166.04618055555565,0.0026578114773124096,0.49444444444444446
tuna_2379g,0,tuna_main,2026-08-26 11:08:31.000000,0.9166666666666666,28.75,124.17057291666673,2389.999999999991,2389.999999999991,2379.7,32.5,81.1,31.75,950.0,12.12,2379.2,2379.2,2378.55,0.5,0.00021011051813253772,0.05042652435180887,0.004166666666666682,0.0,0.4854166666666667,166.04618055555565,0.0029233835132043656,0.49444444444444446
tuna_2379g,0,tuna_main,2026-08-26 11:08:36.000000,1.0,28.666666666666668,124.13723958333341,2375.9999999999945,2375.9999999999945,2379.7,32.6,81.0,32.0,945.0,12.24,2378.5,2378.5,2378.55,1.199999999999818,0.0005042652435180141,0.05042652435180887,0.00999999999999852,0.0,0.5298611111111111,166.04618055555565,0.0031910466674891715,0.49444444444444446
tuna_2379g,0,tuna_main,2026-08-26 11:08:41.000000,1.0833333333333333,28.583333333333336,124.10442708333339,2361.999999999998,2361.999999999998,2379.7,32.6,80.9,31.5,942.0,12.34,2377.8,2377.8,2378.6499999999996,1.8999999999996362,0.0007984199689034905,0.05042652435180887,0.01583333333333036,0.0,0.5736111111111111,166.04618055555565,0.003454527584988277,0.49444444444444446
tuna_2379g,0,tuna_main,2026-08-26 11:08:46.000000,1.1666666666666667,28.5,124.0716145833334,2361.999999999998,2361.999999999998,2379.7,32.7,80.8,31.5,932.0,12.48,2377.8,2377.8,2378.7,1.8999999999996362,0.0007984199689034905,0.05042652435180887,0.01583333333333036,0.0,0.617361111111111,166.04618055555565,0.0037180085024873825,0.49444444444444446
tuna_2379g,0,tuna_main,2026-08-26 11:08:51.000000,1.25,28.416666666666668,124.03854166666675,2367.9999999999927,2367.9999999999927,2379.7,32.7,80.6,31.75,926.0,12.55,2378.1,2378.1,2378.7,1.599999999999909,0.0006723536580240825,0.05042652435180887,0.013333333333332625,0.0,0.6614583333333333,166.04618055555565,0.003983580538379339,0.49444444444444446
tuna_2379g,0,tuna_main,2026-08-26 11:08:56.000000,1.3333333333333333,28.333333333333336,124.00546875000009,2391.999999999998,2391.999999999998,2379.7,32.8,80.5,31.75,918.0,12.71,2379.3,2379.3,2378.8,0.3999999999996362,0.00016808841450587732,0.05042652435180887,0.0033333333333303143,0.0,0.7055555555555555,166.04618055555565,0.0042491525742712945,0.49444444444444446
tuna_2379g,0,tuna_main,2026-08-26 11:09:01.000000,1.4166666666666667,28.25,123.97213541666675,2395.9999999999945,2395.9999999999945,2379.7,32.8,80.3,32.0,909.0,12.8,2379.5,2379.5,2379.05,0.1999999999998181,8.404420725293866e-05,0.05042652435180887,0.0016666666666651571,0.0,0.7499999999999999,166.04618055555565,0.0045168157285561,0.49444444444444446
tuna_2379g,0,tuna_main,2026-08-26 11:09:06.000000,1.5,28.166666666666668,123.93880208333341,2379.999999999991,2379.999999999991,2379.7,32.9,80.2,32.0,891.0,12.92,2378.7,2378.7,2379.1000000000004,1.0,0.00042022103626507544,0.05042652435180887,0.008333333333333364,0.0,0.7944444444444443,166.04618055555565,0.004784478882840906,0.49444444444444446
tuna_2379g,0,tuna_main,2026-08-26 11:09:11.000000,1.5833333333333333,28.083333333333336,123.90546875000007,2391.999999999998,2391.999999999998,2379.7,32.9,80.0,32.0,902.0,13.0,2379.3,2379.3,2379.3,0.3999999999996362,0.00016808841450587732,0.05042652435180887,0.0033333333333303143,0.0,0.8388888888888887,166.04618055555565,0.005052142037125712,0.49444444444444446
tuna_2379g,0,tuna_main,2026-08-26 11:09:16.000000,1.6666666666666667,28.0,123.87239583333341,2383.9999999999964,2383.9999999999964,2379.7,33.0,79.7,31.75,894.0,13.13,2378.9,2378.9,2379.3,0.7999999999997272,0.0003361768290119457,0.05042652435180887,0.006666666666664418,0.0,0.8829861111111109,166.04618055555565,0.005317714073017668,0.49444444444444446
tuna_2379g,0,tuna_main,2026-08-26 11:09:21.000000,1.75,27.916666666666668,123.83958333333342,2411.999999999998,2411.999999999998,2379.7,33.0,79.6,31.5,886.0,13.26,2380.3,2380.3,2379.3,-0.6000000000003638,-0.00025213262175919813,0.05042652435180887,0.0,0.0,0.9267361111111109,166.04618055555565,0.005581194990516773,0.49444444444444446
tuna_2379g,0,tuna_main,2026-08-26 11:09:26.000000,1.8333333333333333,27.833333333333336,123.80651041666674,2391.999999999998,2391.999999999998,2379.7,33.1,79.5,31.75,880.0,13.15,2379.3,2379.3,2379.4,0.3999999999996362,0.00016808841450587732,0.05042652435180887,0.0033333333333303143,0.0,0.9708333333333331,166.04618055555565,0.0058467670264087295,0.49444444444444446
tuna_2379g,0,tuna_main,2026-08-26 11:09:31.000000,1.9166666666666667,27.75,123.77291666666675,2391.999999999998,2391.999999999998,2379.7,33.1,79.5,32.25,881.0,13.4,2379.3,2379.3,2379.65,0.3999999999996362,0.00016808841450587732,0.05042652435180887,0.0033333333333303143,0.0,1.0156249999999998,166.04618055555565,0.006116521299086386,0.49444444444444446
tuna_2379g,0,tuna_main,2026-08-26 11:09:36.000000,2.0,27.666666666666668,123.73932291666675,2401.999999999998,2401.999999999998,2379.7,33.1,79.4,32.25,871.0,13.45,2379.8,2379.8,2380.0,-0.1000000000003638,-4.202210362666042e-05,0.05042652435180887,0.0,0.29999999999836297,1.0604166666666663,166.04618055555565,0.006386275571764041,0.49444444444444446
tuna_2379g,0,tuna_main,2026-08-26 11:09:41.000000,2.0833333333333335,27.583333333333336,123.7059895833334,2409.999999999991,2409.999999999991,2379.7,33.2,79.3,32.0,879.0,13.4,2380.2,2380.2,2380.0,-0.5,-0.00021011051813253772,0.05042652435180887,0.0,0.29999999999836297,1.1048611111111108,166.04618055555565,0.006653938726048848,0.49444444444444446
tuna_2379g,0,tuna_main,2026-08-26 11:09:46.000000,2.1666666666666665,27.5,123.67291666666675,2415.9999999999945,2415.9999999999945,2379.7,33.2,79.3,31.75,881.0,13.4,2380.5,2380.5,2380.0,-0.8000000000001819,-0.0003361768290121368,0.05042652435180887,0.0,0.29999999999836297,1.148958333333333,166.04618055555565,0.006919510761940803,0.49444444444444446
tuna_2379g,0,tuna_main,2026-08-26 11:09:51.000000,2.25,27.416666666666668,123.63984375000007,2409.999999999991,2409.999999999991,2379.7,33.3,79.1,31.75,880.0,13.49,2380.2,2380.2,2380.0,-0.5,-0.00021011051813253772,0.05042652435180887,0.0,0.0,1.1930555555555553,166.04618055555565,0.00718508279783276,0.49444444444444446
tuna_2379g,0,tuna_main,2026-08-26 11:09:56.000000,2.3333333333333335,27.333333333333336,123.60442708333339,2439.999999999991,2439.999999999991,2379.7,33.3,79.0,34.0,867.0,13.59,2381.7,2381.7,2379.55,-2.0,-0.0008404420725301509,0.05042652435180887,0.0,0.0,1.2402777777777776,166.04618055555565,0.007469474899260366,0.49444444444444446
tuna_2379g,0,tuna_main,2026-08-26 11:10:01.000000,2.4166666666666665,27.25,123.56484375000007,2411.999999999998,2411.999999999998,2379.7,33.4,78.9,38.0,871.0,13.51,2380.3,2380.3,2379.55,-0.6000000000003638,-0.00025213262175919813,0.05042652435180887,0.0,0.0,1.2930555555555554,166.04618055555565,0.0077873248949735735,0.49444444444444446
tuna_2379g,0,tuna_main,2026-08-26 11:10:06.000000,2.5,27.166666666666668,123.52265625000007,2383.9999999999964,2383.9999999999964,2379.7,33.4,78.8,40.5,865.0,13.4,2378.9,2378.9,2379.3500000000004,0.7999999999997272,0.0003361768290119457,0.05042652435180887,0.006666666666664418,0.0,1.3493055555555553,166.04618055555565,0.00812608607461528,0.49444444444444446
tuna_2379g,0,tuna_main,2026-08-26 11:10:11.000000,2.5833333333333335,27.083333333333336,123.47812500000009,2383.9999999999964,2383.9999999999964,2379.7,33.5,78.7,42.75,855.0,13.81,2676.0,2378.9,2378.9,0.7999999999997272,0.0003361768290119457,0.05042652435180887,0.006666666666664418,0.0,1.4086805555555553,166.04618055555565,0.008483667319792639,0.49444444444444446
tuna_2379g,0,tuna_main,2026-08-26 11:10:16.000000,2.6666666666666665,27.0,123.43098958333341,1861.9999999999982,1861.9999999999982,2379.7,33.5,78.6,45.25,855.0,13.94,2649.9,2352.8,2366.45,26.899999999999636,0.011303945875530377,0.05042652435180887,0.22416666666666446,0.0,1.4715277777777775,166.04618055555565,0.008862159748898497,0.49444444444444446
tuna_2379g,0,tuna_main,2026-08-26 11:10:21.000000,2.75,26.916666666666668,123.38203125000007,1885.9999999999945,1885.9999999999945,2379.7,33.6,78.4,47.0,847.0,14.04,2651.1,2354.0,2353.4,25.699999999999818,0.010799680632012363,0.05042652435180887,0.21416666666666595,0.0,1.5368055555555553,166.04618055555565,0.009255290006754305,0.49444444444444446
tuna_2379g,0,tuna_main,2026-08-26 11:10:26.000000,2.8333333333333335,26.833333333333336,123.3309895833334,1823.9999999999964,1823.9999999999964,2379.7,33.6,78.4,49.0,855.0,14.02,2648.0,2350.9,2352.3,28.799999999999727,0.01210236584443406,0.05042652435180887,0.23999999999999863,0.0,1.6048611111111108,166.04618055555565,0.009665149211752915,0.49444444444444446
tuna_2379g,0,tuna_main,2026-08-26 11:10:31.000000,2.9166666666666665,26.75,123.27604166666674,1841.9999999999982,1841.9999999999982,2379.7,33.6,78.3,52.75,848.0,14.02,2648.9,2351.8,2351.6000000000004,27.899999999999636,0.011724166911795453,0.05042652435180887,0.23249999999999785,0.0,1.6781249999999996,166.04618055555565,0.010106375192644275,0.49444444444444446
tuna_2379g,0,tuna_main,2026-08-26 11:10:36.000000,3.0,26.666666666666668,123.21640625000006,1833.9999999999964,1833.9999999999964,2379.7,33.7,78.1,57.25,843.0,14.15,2648.5,2351.4,2351.15,28.299999999999727,0.011892255326301521,0.05042652435180887,0.23583333333333195,0.0,1.7576388888888885,166.04618055555565,0.010585241304606934,0.49444444444444446
tuna_2379g,0,tuna_main,2026-08-26 11:10:41.000000,3.0833333333333335,26.583333333333336,123.14973958333341,1790.0,1790.0,2379.7,33.7,78.1,64.0,838.0,14.23,2646.3,2349.2000000000003,2350.7,30.499999999999545,0.012816741606084611,0.05042652435180887,0.2541666666666638,0.0,1.8465277777777773,166.04618055555565,0.011120567613176546,0.49444444444444446
tuna_2379g,0,tuna_main,2026-08-26 11:10:46.000000,3.1666666666666665,26.5,123.07578125000008,1791.9999999999982,1791.9999999999982,2379.7,33.8,77.9,71.0,837.0,14.32,2646.4,2349.3,2350.05,30.399999999999636,0.012774719502458141,0.05042652435180887,0.25333333333333125,0.0,1.9451388888888885,166.04618055555565,0.01171444523674596,0.49444444444444446
tuna_2379g,0,tuna_main,2026-08-26 11:10:51.000000,3.25,26.416666666666668,122.99322916666674,1785.9999999999945,1785.9999999999945,2379.7,33.9,77.8,79.25,838.0,14.02,2646.1,2349.0,2349.45,30.699999999999818,0.01290078581333774,0.05042652435180887,0.2558333333333328,0.0,2.055208333333333,166.04618055555565,0.012377329767279423,0.49444444444444446
tuna_2379g,0,tuna_main,2026-08-26 11:10:56.000000,3.3333333333333335,26.333333333333336,113.33981748318931,74.08333333340055,113.33981748318931,2379.7,34.0,77.7,86.75,831.0,14.36,2645.7,2348.6,2349.25,31.09999999999991,0.01306887422784381,0.05042652435180887,0.2591666666666669,-1.1999999999989064,2.175694444444444,166.04618055555565,0.01310294784959839,0.49444444444444446
tuna_2379g,0,tuna_main,2026-08-26 11:11:01.000000,3.4166666666666665,26.25,103.14216972878395,43.2380952381625,103.14216972878395,2379.7,34.0,77.5,95.25,831.0,14.42,2647.6,2350.5,2349.1000000000004,29.199999999999818,0.012270454258940126,0.05042652435180887,0.2433333333333327,-2.0999999999967267,2.3079861111111106,166.04618055555565,0.013899663957274258,0.49444444444444446
tuna_2379g,0,tuna_main,2026-08-26 11:11:06.000000,3.5,26.166666666666668,93.70465393794755,42.80952380959037,93.70465393794755,2379.7,34.0,77.2,104.75,830.0,14.49,2646.7,2349.6,2349.0,30.09999999999991,0.012648653191578733,0.05042652435180887,0.2508333333333335,-2.0999999999967267,2.4534722222222216,166.04618055555565,0.014775842563878427,0.49444444444444446
tuna_2379g,0,tuna_main,2026-08-26 11:11:11.000000,3.5833333333333335,26.083333333333336,86.01809210526322,42.4761904762566,86.01809210526322,2379.7,34.1,77.0,114.0,824.0,14.71,2646.0,2348.9,2348.95,30.799999999999727,0.01294280791696421,0.05042652435180887,0.2566666666666654,-2.0999999999967267,2.611805555555555,166.04618055555565,0.01572939255101805,0.49444444444444446
tuna_2379g,0,tuna_main,2026-08-26 11:11:16.000000,3.6666666666666665,26.0,79.1575757575758,36.00000000003266,79.1575757575758,2379.7,34.2,76.9,123.75,827.0,14.51,2643.2,2346.1,2348.75,33.59999999999991,0.014119426818506498,0.05042652435180887,0.2800000000000003,-2.3999999999978128,2.783680555555555,166.04618055555565,0.01676449615547882,0.49444444444444446
tuna_2379g,0,tuna_main,2026-08-26 11:11:21.000000,3.75,25.916666666666668,73.56892230576446,37.20833333336703,73.56892230576446,2379.7,34.3,76.7,133.0,830.0,14.6,2646.1,2349.0,2347.35,30.699999999999818,0.01290078581333774,0.05042652435180887,0.2558333333333328,-2.399999999997819,2.968402777777777,166.04618055555565,0.017876971140475047,0.49444444444444446
tuna_2379g,0,tuna_main,2026-08-26 11:11:26.000000,3.8333333333333335,25.833333333333336,69.06625441696119,22.051282051294397,69.06625441696119,2379.7,34.4,76.6,141.5,897.0,14.42,2642.8,2345.7000000000003,2345.9,33.999999999999545,0.014287515233012374,0.05042652435180887,0.2833333333333306,-3.8999999999978163,3.164930555555555,166.04618055555565,0.01906054415082817,0.49444444444444446
tuna_2379g,0,tuna_main,2026-08-26 11:11:31.000000,3.9166666666666665,25.75,64.74502487562192,15.648148148146594,64.74502487562192,2379.7,34.4,76.5,150.75,822.0,14.62,2641.3,2344.2000000000003,2345.0,35.499999999999545,0.014917846787409988,0.05042652435180887,0.2958333333333307,-5.400000000000536,3.374305555555555,166.04618055555565,0.02032148854171675,0.49444444444444446
tuna_2379g,0,tuna_main,2026-08-26 11:11:36.000000,4.0,25.666666666666668,60.823452938117555,15.611111111101623,60.823452938117555,2379.7,34.6,76.4,160.25,823.0,14.58,2641.1,2344.0,2344.25,35.69999999999982,0.015001890994663118,0.05042652435180887,0.2974999999999996,-5.400000000003264,3.5968749999999994,166.04618055555565,0.021661895431533632,0.49444444444444446
tuna_2379g,0,tuna_main,2026-08-26 11:11:41.000000,4.083333333333333,25.583333333333336,57.42084562438548,15.296296296287032,57.42084562438548,2379.7,34.7,76.3,169.5,819.0,14.6,2639.4,2342.3,2344.1000000000004,37.399999999999636,0.01571626675631367,0.05042652435180887,0.3116666666666648,-5.400000000003264,3.832291666666666,166.04618055555565,0.02307967370188596,0.49444444444444446
tuna_2379g,0,tuna_main,2026-08-26 11:11:46.000000,4.166666666666667,25.5,54.51881720430111,15.666666666657179,54.51881720430111,2379.7,34.8,76.2,178.25,819.0,14.71,2641.4,2344.3,2343.95,35.399999999999636,0.014875824683783519,0.05042652435180887,0.2949999999999981,-5.400000000003264,4.079861111111111,166.04618055555565,0.024570641115988046,0.49444444444444446
tuna_2379g,0,tuna_main,2026-08-26 11:11:51.000000,4.25,25.416666666666668,52.02379356568368,15.370370370361078,52.02379356568368,2379.7,34.9,76.0,186.5,819.0,14.49,2639.8,2342.7000000000003,2343.3,36.999999999999545,0.0155481783418076,0.05042652435180887,0.3083333333333307,-5.400000000003264,4.338888888888889,166.04618055555565,0.026130615437054184,0.49444444444444446
tuna_2379g,0,tuna_main,2026-08-26 11:11:56.000000,4.333333333333333,25.333333333333336,49.86486486486489,13.365079365071255,49.86486486486489,2379.7,35.1,75.5,194.25,819.0,14.6,2641.0,2343.9,2342.5,35.79999999999973,0.015043913098289587,0.05042652435180887,0.2983333333333322,-6.300000000003809,4.608680555555555,166.04618055555565,0.027755414428298666,0.49444444444444446
tuna_2379g,0,tuna_main,2026-08-26 11:12:01.000000,4.416666666666667,25.25,47.69101931771478,10.813333333333311,47.69101931771478,2379.7,35.2,75.4,202.75,821.0,14.6,2637.9,2340.8,2341.8,38.899999999999636,0.016346598310711283,0.05042652435180887,0.3241666666666649,-7.500000000000007,4.8902777777777775,166.04618055555565,0.02945131144490006,0.49444444444444446
tuna_2379g,0,tuna_main,2026-08-26 11:12:06.000000,4.5,25.166666666666668,45.85184085510692,10.461538461544269,45.85184085510692,2379.7,35.4,75.3,210.5,821.0,14.71,2638.4,2341.3,2341.05,38.399999999999636,0.016136487792578744,0.05042652435180887,0.3199999999999981,-7.799999999995662,5.182638888888889,166.04618055555565,0.031212033131679796,0.49444444444444446
tuna_2379g,0,tuna_main,2026-08-26 11:12:11.000000,4.583333333333333,25.083333333333336,44.14032073310426,10.076923076925144,44.14032073310426,2379.7,35.6,75.1,218.25,822.0,14.67,2635.4,2338.3,2340.4,41.399999999999636,0.017397150901373972,0.05042652435180887,0.34499999999999825,-7.79999999999839,5.485763888888888,166.04618055555565,0.033037579488637885,0.49444444444444446
tuna_2379g,0,tuna_main,2026-08-26 11:12:16.000000,4.666666666666667,25.0,42.590531561461816,10.294871794873885,42.590531561461816,2379.7,35.8,75.0,225.75,825.0,14.67,2637.1,2340.0,2339.15,39.69999999999982,0.01668277513972342,0.05042652435180887,0.3308333333333331,-7.79999999999839,5.799305555555555,166.04618055555565,0.03492585939738148,0.49444444444444446
tuna_2379g,0,tuna_main,2026-08-26 11:12:21.000000,4.75,24.916666666666668,41.2262799856785,9.974358974360998,41.2262799856785,2379.7,35.9,74.8,232.75,817.0,14.71,2634.6,2337.5,2337.9,42.19999999999982,0.01773332773038611,0.05042652435180887,0.3516666666666665,-7.79999999999839,6.122569444444443,166.04618055555565,0.036872690621124866,0.49444444444444446
tuna_2379g,0,tuna_main,2026-08-26 11:12:26.000000,4.833333333333333,24.833333333333336,39.89756944444447,9.705128205130185,39.89756944444447,2379.7,36.1,74.4,240.0,816.0,14.73,2632.5,2335.4,2336.5,44.29999999999973,0.01861579190654273,0.05042652435180887,0.3691666666666658,-7.79999999999839,6.455902777777776,166.04618055555565,0.03888016427826091,0.49444444444444446
tuna_2379g,0,tuna_main,2026-08-26 11:12:31.000000,4.916666666666667,24.75,38.644337714863525,9.717948717950689,38.644337714863525,2379.7,36.3,74.3,247.25,818.0,14.8,2632.6,2335.5,2335.45,44.19999999999982,0.018573769802916258,0.05042652435180887,0.3683333333333332,-7.79999999999839,6.799305555555554,166.04618055555565,0.04094828036878961,0.49444444444444446
tuna_2379g,0,tuna_main,2026-08-26 11:12:36.000000,5.0,24.666666666666668,37.64544257979601,9.641025641027607,37.64544257979601,2379.7,36.5,74.1,253.25,822.0,14.67,2632.0,2334.9,2335.15,44.79999999999973,0.018825902424675266,0.05042652435180887,0.37333333333333246,-7.79999999999839,7.151041666666665,166.04618055555565,0.043066583300746704,0.49444444444444446
tuna_2379g,0,tuna_main,2026-08-26 11:12:41.000000,5.083333333333333,24.583333333333336,36.655427103404,9.14814814814877,36.655427103404,2379.7,36.7,73.9,259.5,821.0,14.62,2630.9,2333.8,2334.3500000000004,45.899999999999636,0.01928814556456681,0.05042652435180887,0.3824999999999984,-8.099999999999438,7.511458333333332,166.04618055555565,0.045237164192525055,0.49444444444444446
tuna_2379g,0,tuna_main,2026-08-26 11:12:46.000000,5.166666666666667,24.5,35.77748978950678,8.740740740741312,35.77748978950678,2379.7,37.0,73.3,265.25,822.0,14.67,2627.6,2330.5,2333.8,49.19999999999982,0.020674874984241635,0.05042652435180887,0.41,-8.099999999999438,7.87986111111111,166.04618055555565,0.04745584080733895,0.49444444444444446
tuna_2379g,0,tuna_main,2026-08-26 11:12:51.000000,5.25,24.416666666666668,34.90276497695855,8.517241379311441,34.90276497695855,2379.7,37.2,73.2,271.25,817.0,14.73,2630.9,2333.8,2332.75,45.899999999999636,0.01928814556456681,0.05042652435180887,0.3824999999999984,-8.69999999999887,8.25659722222222,166.04618055555565,0.04972470426358125,0.49444444444444446
tuna_2379g,0,tuna_main,2026-08-26 11:12:56.000000,5.333333333333333,24.333333333333336,34.03333333333335,7.999999999999994,34.03333333333335,2379.7,37.4,72.9,277.5,816.0,14.73,2628.8,2331.7000000000003,2331.55,47.999999999999545,0.02017060974072343,0.05042652435180887,0.3999999999999977,-9.000000000000007,8.642013888888886,166.04618055555565,0.0520458456796448,0.49444444444444446
tuna_2379g,0,tuna_main,2026-08-26 11:13:01.000000,5.416666666666667,24.25,33.2591203295087,7.96666666666664,33.2591203295087,2379.7,37.7,72.7,283.25,795.0,14.6,2628.5,2331.4,2330.95,48.29999999999973,0.02029667605160303,0.05042652435180887,0.40249999999999925,-9.000000000000007,9.035416666666665,166.04618055555565,0.0544150828187439,0.49444444444444446
tuna_2379g,0,tuna_main,2026-08-26 11:13:06.000000,5.5,24.166666666666668,32.627242476851876,7.301075268818425,32.627242476851876,2379.7,37.9,72.4,288.0,822.0,14.58,2624.7,2327.6,2329.05,52.09999999999991,0.021893515989410393,0.05042652435180887,0.43416666666666753,-9.299999999998395,9.435416666666665,166.04618055555565,0.056824051207307165,0.49444444444444446
tuna_2379g,0,tuna_main,2026-08-26 11:13:11.000000,5.583333333333333,24.083333333333336,31.95978971298667,7.062500000000348,31.95978971298667,2379.7,38.2,71.8,293.25,823.0,14.62,2624.6,2327.5,2327.55,52.19999999999982,0.021935538093036864,0.05042652435180887,0.4350000000000001,-9.599999999999488,9.842708333333333,166.04618055555565,0.05927693308212027,0.49444444444444446
tuna_2379g,0,tuna_main,2026-08-26 11:13:16.000000,5.666666666666667,24.0,31.3934368877694,7.062500000000348,31.3934368877694,2379.7,38.5,71.4,297.75,823.0,14.67,2624.6,2327.5,2327.5,52.19999999999982,0.021935538093036864,0.05042652435180887,0.4350000000000001,-9.599999999999488,10.25625,166.04618055555565,0.06176745508800468,0.49444444444444446
tuna_2379g,0,tuna_main,2026-08-26 11:13:21.000000,5.75,23.916666666666668,30.817148760330596,6.812500000000325,30.817148760330596,2379.7,38.9,71.0,302.5,823.0,14.67,2622.2,2325.1,2326.3,54.59999999999991,0.02294406858007308,0.05042652435180887,0.4550000000000009,-9.599999999999488,10.676388888888889,166.04618055555565,0.06429770834335324,0.49444444444444446
tuna_2379g,0,tuna_main,2026-08-26 11:13:26.000000,5.833333333333333,23.833333333333336,30.306845965770194,6.729166666667016,30.306845965770194,2379.7,39.1,70.1,306.75,823.0,14.51,2621.4,2324.3,2324.95,55.399999999999636,0.023280245409085028,0.05042652435180887,0.46166666666666534,-9.599999999999488,11.102430555555555,166.04618055555565,0.06686351061138024,0.49444444444444446
tuna_2379g,0,tuna_main,2026-08-26 11:13:31.000000,5.916666666666667,23.75,29.80935155412649,6.935483870968939,29.80935155412649,2379.7,39.4,69.8,311.0,814.0,14.62,2621.3,2324.2000000000003,2324.55,55.499999999999545,0.023322267512711495,0.05042652435180887,0.4624999999999979,-9.299999999998395,11.534375,166.04618055555565,0.06946486189208571,0.49444444444444446
tuna_2379g,0,tuna_main,2026-08-26 11:13:36.000000,6.0,23.666666666666668,29.347486772486786,7.000000000001198,29.347486772486786,2379.7,39.7,69.6,315.0,818.0,14.67,2621.9,2324.8,2324.25,54.899999999999636,0.02307013489095249,0.05042652435180887,0.4574999999999987,-9.299999999998395,11.971875,166.04618055555565,0.07209967106707676,0.49444444444444446
tuna_2379g,0,tuna_main,2026-08-26 11:13:41.000000,6.083333333333333,23.583333333333336,28.87346645784392,6.8817204301087145,28.87346645784392,2379.7,40.0,69.1,319.25,819.0,14.62,2620.8,2323.7000000000003,2323.9500000000003,55.999999999999545,0.023532378030844035,0.05042652435180887,0.4666666666666646,-9.299999999998395,12.415277777777778,166.04618055555565,0.07477002925474627,0.49444444444444446
tuna_2379g,0,tuna_main,2026-08-26 11:13:46.000000,6.166666666666667,23.5,28.477020397624596,6.3437500000003,28.477020397624596,2379.7,40.3,68.8,322.75,821.0,14.62,2617.7,2320.6,2322.15,59.09999999999991,0.024835063243265922,0.05042652435180887,0.4925000000000011,-9.599999999999488,12.863541666666666,166.04618055555565,0.07746966309991568,0.49444444444444446
tuna_2379g,0,tuna_main,2026-08-26 11:13:51.000000,6.25,23.416666666666668,28.066615620214417,5.333333333332281,28.066615620214417,2379.7,40.7,68.5,326.5,782.0,14.62,2616.0,2318.9,2320.1,60.79999999999973,0.025549439004916474,0.05042652435180887,0.5066666666666663,-11.100000000002154,13.317013888888889,166.04618055555565,0.08020066372097784,0.49444444444444446
tuna_2379g,0,tuna_main,2026-08-26 11:13:56.000000,6.333333333333333,23.333333333333336,27.706659085165548,5.25438596491201,27.706659085165548,2379.7,41.0,68.2,329.75,823.0,14.62,2616.7,2319.6,2319.25,60.09999999999991,0.025255284279531,0.05042652435180887,0.5008333333333345,-11.400000000000519,13.775,166.04618055555565,0.08295884888114706,0.49444444444444446
tuna_2379g,0,tuna_main,2026-08-26 11:14:01.000000,6.416666666666667,23.25,27.394172932330846,5.035087719297985,27.394172932330846,2379.7,41.3,67.6,332.5,823.0,14.67,2614.2,2317.1,2318.4,62.59999999999991,0.026305836870193687,0.05042652435180887,0.5216666666666678,-11.400000000000519,14.236805555555556,166.04618055555565,0.08574003634363762,0.49444444444444446
tuna_2379g,0,tuna_main,2026-08-26 11:14:06.000000,6.5,23.166666666666668,27.0254836309524,4.974358974358274,27.0254836309524,2379.7,41.6,67.2,336.0,822.0,14.58,2615.0,2317.9,2317.5,61.79999999999973,0.02596966004118155,0.05042652435180887,0.5149999999999997,-11.700000000001612,14.703472222222222,166.04618055555565,0.08855049946362809,0.49444444444444446
tuna_2379g,0,tuna_main,2026-08-26 11:14:11.000000,6.583333333333333,23.083333333333336,26.702986725663738,4.8974358974352,26.702986725663738,2379.7,42.0,66.4,339.0,822.0,14.53,2614.1,2317.0,2317.05,62.69999999999982,0.026347858973820155,0.05042652435180887,0.5225000000000004,-11.700000000001612,15.174305555555556,166.04618055555565,0.09138605600433275,0.49444444444444446
tuna_2379g,0,tuna_main,2026-08-26 11:14:16.000000,6.666666666666667,23.0,26.42417032698879,5.276190476190423,26.42417032698879,2379.7,42.4,65.8,341.5,819.0,14.6,2612.2,2315.1,2316.25,64.59999999999991,0.027146278942723836,0.05042652435180887,0.5383333333333346,-10.500000000000037,15.648611111111112,166.04618055555565,0.09424252372896591,0.49444444444444446
tuna_2379g,0,tuna_main,2026-08-26 11:14:21.000000,6.75,22.916666666666668,26.129750665698396,5.31428571428567,26.129750665698396,2379.7,42.7,65.2,344.25,816.0,14.6,2612.6,2315.5,2315.3,64.19999999999982,0.026978190528217767,0.05042652435180887,0.5350000000000005,-10.500000000000037,16.12673611111111,166.04618055555565,0.09712199375592043,0.49444444444444446
tuna_2379g,0,tuna_main,2026-08-26 11:14:26.000000,6.833333333333333,22.833333333333336,25.858026916606605,5.095238095238077,25.858026916606605,2379.7,43.0,64.4,346.75,816.0,14.73,2610.3,2313.2000000000003,2314.4,66.49999999999955,0.027944698911627326,0.05042652435180887,0.5541666666666649,-10.500000000000037,16.608333333333334,166.04618055555565,0.10002237496680344,0.49444444444444446
tuna_2379g,0,tuna_main,2026-08-26 11:14:31.000000,6.916666666666667,22.75,25.607987106017205,5.095238095238077,25.607987106017205,2379.7,43.4,63.6,349.0,816.0,14.76,2610.3,2313.2000000000003,2313.4500000000003,66.49999999999955,0.027944698911627326,0.05042652435180887,0.5541666666666649,-10.500000000000037,17.093055555555555,166.04618055555565,0.1029415762432221,0.49444444444444446
tuna_2379g,0,tuna_main,2026-08-26 11:14:36.000000,7.0,22.666666666666668,25.396887621762904,5.142857142857125,25.396887621762904,2379.7,43.7,62.7,350.75,807.0,14.73,2610.8,2313.7000000000003,2313.2000000000003,65.99999999999955,0.02773458839349479,0.05042652435180887,0.5499999999999983,-10.500000000000037,17.58020833333333,166.04618055555565,0.1058754153483907,0.49444444444444446
tuna_2379g,0,tuna_main,2026-08-26 11:14:41.000000,7.083333333333333,22.583333333333336,25.133816937957082,4.723809523809498,25.133816937957082,2379.7,44.1,61.4,353.25,817.0,14.73,2606.4,2309.3,2312.8,70.39999999999964,0.02958356095306116,0.05042652435180887,0.5866666666666658,-10.500000000000037,18.070833333333333,166.04618055555565,0.10883016563748783,0.49444444444444446
tuna_2379g,0,tuna_main,2026-08-26 11:14:46.000000,7.166666666666667,22.5,24.944209537232805,4.879629629629102,24.944209537232805,2379.7,44.6,60.3,354.75,815.0,14.76,2609.5,2312.4,2310.8500000000004,67.29999999999973,0.028280875740639463,0.05042652435180887,0.5608333333333332,-10.80000000000113,18.563541666666666,166.04618055555565,0.11179746263694204,0.49444444444444446
tuna_2379g,0,tuna_main,2026-08-26 11:14:51.000000,7.25,22.416666666666668,24.686319104268733,4.592592592592103,24.686319104268733,2379.7,45.0,59.5,357.25,816.0,14.83,2606.4,2309.3,2309.3,70.39999999999964,0.02958356095306116,0.05042652435180887,0.5866666666666658,-10.80000000000113,19.05972222222222,166.04618055555565,0.11478567082032476,0.49444444444444446
tuna_2379g,0,tuna_main,2026-08-26 11:14:56.000000,7.333333333333333,22.333333333333336,24.534077692486644,4.533333333332131,24.534077692486644,2379.7,45.2,58.8,358.25,813.0,14.78,2604.4,2307.3,2308.45,72.39999999999964,0.030424003025591312,0.05042652435180887,0.6033333333333326,-10.500000000002766,19.557291666666664,166.04618055555565,0.11778224347727888,0.49444444444444446
tuna_2379g,0,tuna_main,2026-08-26 11:15:01.000000,7.416666666666667,22.25,24.314538514920212,4.314814814814355,24.314538514920212,2379.7,45.6,58.0,360.25,809.0,14.89,2603.4,2306.3,2307.45,73.39999999999964,0.030844224061856385,0.05042652435180887,0.6116666666666659,-10.80000000000113,20.057638888888885,166.04618055555565,0.12079554508137579,0.49444444444444446
tuna_2379g,0,tuna_main,2026-08-26 11:15:06.000000,7.5,22.166666666666668,24.113662523020274,4.561904761903525,24.113662523020274,2379.7,46.0,57.1,362.0,813.0,14.87,2604.7,2307.6,2306.8,72.09999999999991,0.030297936714711902,0.05042652435180887,0.6008333333333348,-10.500000000002766,20.56041666666666,166.04618055555565,0.12382348451422263,0.49444444444444446
tuna_2379g,0,tuna_main,2026-08-26 11:15:11.000000,7.583333333333333,22.083333333333336,23.930823016964712,4.539215686273739,23.930823016964712,2379.7,46.4,56.1,363.5,813.0,14.85,2603.1,2306.0,2306.15,73.69999999999982,0.030970290372735985,0.05042652435180887,0.6141666666666674,-10.200000000001673,21.065277777777773,166.04618055555565,0.1268639706574266,0.49444444444444446
tuna_2379g,0,tuna_main,2026-08-26 11:15:16.000000,7.666666666666667,22.0,23.732831394022373,4.450980392156097,23.732831394022373,2379.7,46.8,55.2,365.25,811.0,14.85,2602.2,2305.1,2305.55,74.59999999999991,0.031348489305374594,0.05042652435180887,0.6216666666666683,-10.200000000001673,21.57256944444444,166.04618055555565,0.12991909462938053,0.49444444444444446
tuna_2379g,0,tuna_main,2026-08-26 11:15:21.000000,7.75,21.916666666666668,23.58469852104666,4.3235294117651675,23.58469852104666,2379.7,47.2,54.0,366.25,814.0,14.85,2600.9,2303.8,2304.9,75.89999999999964,0.03189477665251907,0.05042652435180887,0.6324999999999993,-10.19999999999889,22.081249999999997,166.04618055555565,0.13298258307490585,0.49444444444444446
tuna_2379g,0,tuna_main,2026-08-26 11:15:26.000000,7.833333333333333,21.833333333333336,23.42114512471657,4.454545454545232,23.42114512471657,2379.7,47.5,53.2,367.5,810.0,14.73,2600.9,2303.8,2304.25,75.89999999999964,0.03189477665251907,0.05042652435180887,0.6324999999999993,-9.900000000000475,22.591666666666665,166.04618055555565,0.13605652711239544,0.49444444444444446
tuna_2379g,0,tuna_main,2026-08-26 11:15:31.000000,7.916666666666667,21.75,23.2742537313433,4.545454545454327,23.2742537313433,2379.7,48.0,52.1,368.5,784.0,14.85,2601.8,2304.7000000000003,2303.8,74.99999999999955,0.03151657771988047,0.05042652435180887,0.6249999999999986,-9.900000000000475,23.10347222222222,166.04618055555565,0.13913883562345639,0.49444444444444446
tuna_2379g,0,tuna_main,2026-08-26 11:15:36.000000,8.0,21.666666666666668,23.08091379698404,4.000000000000409,23.08091379698404,2379.7,48.4,50.7,370.25,838.0,14.73,2597.6,2300.5,2302.8500000000004,79.19999999999982,0.0332815060721939,0.05042652435180887,0.6600000000000009,-10.19999999999889,23.61770833333333,166.04618055555565,0.1422357819632673,0.49444444444444446
tuna_2379g,0,tuna_main,2026-08-26 11:15:41.000000,8.083333333333334,21.583333333333336,22.919919246298807,4.137254901960088,22.919919246298807,2379.7,48.8,49.6,371.5,816.0,14.56,2599.0,2301.9,2301.5,77.79999999999973,0.032693196621422754,0.05042652435180887,0.6483333333333334,-10.200000000001673,24.13368055555555,166.04618055555565,0.14534318389504247,0.49444444444444446
tuna_2379g,0,tuna_main,2026-08-26 11:15:46.000000,8.166666666666666,21.5,22.744414655942826,4.05882352941217,22.744414655942826,2379.7,49.1,48.5,373.0,814.0,14.8,2598.2,2301.1,2300.8,78.59999999999991,0.03302937345043489,0.05042652435180887,0.6550000000000017,-10.19999999999889,24.651736111111106,166.04618055555565,0.14846313253717475,0.49444444444444446
tuna_2379g,0,tuna_main,2026-08-26 11:15:51.000000,8.25,21.416666666666668,22.58511467379204,4.0202020202018,22.58511467379204,2379.7,49.5,47.8,374.25,807.0,14.85,2596.6,2299.5,2300.05,80.19999999999982,0.03370172710845898,0.05042652435180887,0.6683333333333343,-9.900000000000475,25.171527777777772,166.04618055555565,0.15159353677127127,0.49444444444444446
tuna_2379g,0,tuna_main,2026-08-26 11:15:56.000000,8.333333333333334,21.333333333333336,22.48670449488208,4.290322580644649,22.48670449488208,2379.7,49.9,46.8,374.5,811.0,14.87,2596.7,2299.6,2299.55,80.09999999999991,0.03365970500483251,0.05042652435180887,0.6675000000000018,-9.300000000001026,25.691666666666663,166.04618055555565,0.15472603212376063,0.49444444444444446
tuna_2379g,0,tuna_main,2026-08-26 11:16:01.000000,8.416666666666666,21.25,22.343486462494468,3.956989247311362,22.343486462494468,2379.7,50.3,45.7,375.5,816.0,14.78,2593.6,2296.5,2298.4,83.19999999999982,0.034962390217254204,0.05042652435180887,0.6933333333333345,-9.300000000001026,26.21319444444444,166.04618055555565,0.1578668919498214,0.49444444444444446
tuna_2379g,0,tuna_main,2026-08-26 11:16:06.000000,8.5,21.166666666666668,22.20080787959275,3.9462365591393302,22.20080787959275,2379.7,50.8,44.6,376.5,816.0,14.73,2593.5,2296.4,2296.9,83.29999999999973,0.03500441232088067,0.05042652435180887,0.6941666666666669,-9.300000000001026,26.736111111111107,166.04618055555565,0.16101611624945358,0.49444444444444446
tuna_2379g,0,tuna_main,2026-08-26 11:16:11.000000,8.583333333333334,21.083333333333336,22.029376102292787,4.043010752687716,22.029376102292787,2379.7,51.1,43.8,378.0,822.0,14.78,2594.4,2297.3,2296.45,82.39999999999964,0.034626213388242066,0.05042652435180887,0.6866666666666662,-9.300000000001026,27.261111111111106,166.04618055555565,0.16417788725944285,0.49444444444444446
tuna_2379g,0,tuna_main,2026-08-26 11:16:16.000000,8.666666666666666,21.0,21.87343441001979,3.4895833333325452,21.87343441001979,2379.7,51.6,42.8,379.25,827.0,14.73,2590.3,2293.2000000000003,2295.4,86.49999999999955,0.036349119636928835,0.05042652435180887,0.7208333333333322,-9.600000000002169,27.78784722222222,166.04618055555565,0.16735011386139637,0.49444444444444446
tuna_2379g,0,tuna_main,2026-08-26 11:16:21.000000,8.75,20.916666666666668,21.790101076686458,3.6145833333324977,21.790101076686458,2379.7,52.0,42.1,379.25,797.0,15.49,2591.5,2294.4,2293.95,85.29999999999973,0.03584485439341082,0.05042652435180887,0.7108333333333337,-9.600000000002169,28.31458333333333,166.04618055555565,0.1705223404633499,0.49444444444444446
tuna_2379g,0,tuna_main,2026-08-26 11:16:26.000000,8.833333333333334,20.833333333333336,21.69241326306545,3.885057471264811,21.69241326306545,2379.7,52.3,41.3,379.5,815.0,14.76,2590.6,2293.5,2293.3500000000004,86.19999999999982,0.03622305332604943,0.05042652435180887,0.7183333333333345,-8.699999999998937,28.841666666666665,166.04618055555565,0.17369665818369628,0.49444444444444446
tuna_2379g,0,tuna_main,2026-08-26 11:16:31.000000,8.916666666666666,20.75,21.56629410475566,4.03703703703725,21.56629410475566,2379.7,52.7,40.4,380.25,816.0,14.73,2589.5,2292.4,2292.8,87.29999999999973,0.03668529646594097,0.05042652435180887,0.7275000000000005,-8.099999999999527,29.369791666666664,166.04618055555565,0.1768772492592212,0.49444444444444446
tuna_2379g,0,tuna_main,2026-08-26 11:16:36.000000,9.0,20.666666666666668,21.426393442622967,4.01234567901258,21.426393442622967,2379.7,53.0,39.6,381.25,818.0,14.73,2589.3,2292.2000000000003,2292.3,87.49999999999955,0.036769340673193915,0.05042652435180887,0.7291666666666656,-8.099999999999527,29.899305555555554,166.04618055555565,0.1800662048083175,0.49444444444444446
tuna_2379g,0,tuna_main,2026-08-26 11:16:41.000000,9.083333333333334,20.583333333333336,21.287006758229797,3.827160493827384,21.287006758229797,2379.7,53.5,38.6,382.25,817.0,14.62,2587.8,2290.7000000000003,2292.2000000000003,88.99999999999955,0.037399672227591524,0.05042652435180887,0.7416666666666656,-8.099999999999527,30.430208333333333,166.04618055555565,0.18326352483098524,0.49444444444444446
tuna_2379g,0,tuna_main,2026-08-26 11:16:46.000000,9.166666666666666,20.5,21.161988685813764,3.9615384615378466,21.161988685813764,2379.7,53.9,37.5,383.0,816.0,14.73,2587.7,2290.6,2291.65,89.09999999999991,0.03744169433121818,0.05042652435180887,0.7425000000000019,-7.800000000001119,30.962152777777778,166.04618055555565,0.18646711820883152,0.49444444444444446
tuna_2379g,0,tuna_main,2026-08-26 11:16:51.000000,9.25,20.416666666666668,21.078655352480432,4.025641025640401,21.078655352480432,2379.7,54.2,36.9,383.0,810.0,14.85,2588.2,2291.1,2290.9,88.59999999999991,0.037231583813085646,0.05042652435180887,0.7383333333333353,-7.800000000001119,31.494097222222223,166.04618055555565,0.1896707115866778,0.49444444444444446
tuna_2379g,0,tuna_main,2026-08-26 11:16:56.000000,9.333333333333334,20.333333333333336,20.940429687500018,4.166666666666069,20.940429687500018,2379.7,54.7,35.9,384.0,813.0,14.94,2589.3,2292.2000000000003,2290.65,87.49999999999955,0.036769340673193915,0.05042652435180887,0.7291666666666656,-7.800000000001119,32.027430555555554,166.04618055555565,0.19288266943809546,0.49444444444444446
tuna_2379g,0,tuna_main,2026-08-26 11:17:01.000000,9.416666666666666,20.25,20.843472131858615,3.5769230769237685,20.843472131858615,2379.7,55.0,35.2,384.25,811.0,14.73,2584.7,2287.6,2290.25,92.09999999999991,0.038702357440013414,0.05042652435180887,0.7675000000000022,-7.79999999999839,32.56111111111111,166.04618055555565,0.196096718407906,0.49444444444444446
tuna_2379g,0,tuna_main,2026-08-26 11:17:06.000000,9.5,20.166666666666668,20.719534632034645,3.871794871794293,20.719534632034645,2379.7,55.5,34.4,385.0,814.0,14.8,2587.0,2289.9,2289.3500000000004,89.79999999999973,0.03773584905660366,0.05042652435180887,0.7483333333333338,-7.800000000001119,33.09583333333333,166.04618055555565,0.19931704073289505,0.49444444444444446
tuna_2379g,0,tuna_main,2026-08-26 11:17:11.000000,9.583333333333334,20.083333333333336,20.636201298701312,3.7307692307686837,20.636201298701312,2379.7,55.9,33.6,385.0,810.0,14.94,2585.9,2288.8,2288.55,90.89999999999964,0.038198092196495205,0.05042652435180887,0.7574999999999997,-7.800000000001119,33.63055555555555,166.04618055555565,0.2025373630578841,0.49444444444444446
tuna_2379g,0,tuna_main,2026-08-26 11:17:16.000000,9.666666666666666,20.0,20.526102464332048,3.243589743589243,20.526102464332048,2379.7,56.2,32.9,385.5,804.0,14.99,2582.1,2285.0,2287.95,94.69999999999982,0.03979493213430257,0.05042652435180887,0.789166666666668,-7.800000000001119,34.16597222222222,166.04618055555565,0.2057618676196589,0.49444444444444446
tuna_2379g,0,tuna_main,2026-08-26 11:17:21.000000,9.75,19.916666666666668,20.389661492022437,3.813333333331901,20.389661492022437,2379.7,56.6,32.4,386.5,802.0,15.06,2585.4,2288.3,2287.6,91.39999999999964,0.03840820271462774,0.05042652435180887,0.7616666666666664,-7.500000000002793,34.702777777777776,166.04618055555565,0.20899473665500506,0.49444444444444446
tuna_2379g,0,tuna_main,2026-08-26 11:17:26.000000,9.833333333333334,19.833333333333336,20.29314802844216,3.8194444444450104,20.29314802844216,2379.7,57.1,31.7,386.75,807.0,15.06,2584.3,2287.2000000000003,2287.4,92.49999999999955,0.03887044585451929,0.05042652435180887,0.7708333333333325,-7.1999999999989335,35.23993055555555,166.04618055555565,0.2122296968087441,0.49444444444444446
tuna_2379g,0,tuna_main,2026-08-26 11:17:31.000000,9.916666666666666,19.75,20.17053763440862,3.5769230769224793,20.17053763440862,2379.7,57.3,31.3,387.5,805.0,15.03,2584.7,2287.6,2286.6000000000004,92.09999999999991,0.038702357440013414,0.05042652435180887,0.7675000000000022,-7.8000000000012015,35.778124999999996,166.04618055555565,0.21547093031766165,0.49444444444444446
tuna_2379g,0,tuna_main,2026-08-26 11:17:36.000000,10.0,19.666666666666668,20.0612113402062,3.3717948717943176,20.0612113402062,2379.7,57.7,30.7,388.0,798.0,15.17,2583.1,2286.0,2285.5,93.69999999999982,0.039374711098037495,0.05042652435180887,0.7808333333333347,-7.8000000000012015,36.31701388888889,166.04618055555565,0.21871634606336493,0.49444444444444446
tuna_2379g,0,tuna_main,2026-08-26 11:17:41.000000,10.083333333333334,19.583333333333336,19.93917470525189,3.4027777777782817,19.93917470525189,2379.7,58.0,30.3,388.75,795.0,15.24,2581.3,2284.2000000000003,2285.0,95.49999999999955,0.04013110896331452,0.05042652435180887,0.7958333333333325,-7.1999999999989335,36.856944444444444,166.04618055555565,0.22196803516424676,0.49444444444444446
tuna_2379g,0,tuna_main,2026-08-26 11:17:46.000000,10.166666666666666,19.5,19.855841371918558,3.666666666667776,19.855841371918558,2379.7,58.4,29.9,388.75,806.0,15.03,2582.1,2285.0,2284.7,94.69999999999982,0.03979493213430257,0.05042652435180887,0.789166666666668,-6.8999999999978385,37.396875,166.04618055555565,0.2252197242651286,0.49444444444444446
tuna_2379g,0,tuna_main,2026-08-26 11:17:51.000000,10.25,19.416666666666668,19.72156296771436,3.5909090909078247,19.72156296771436,2379.7,58.8,28.5,389.75,799.0,15.03,2580.5,2283.4,2284.3,96.29999999999973,0.040467285792326654,0.05042652435180887,0.8025000000000008,-6.600000000002277,37.93819444444445,166.04618055555565,0.22847977783958184,0.49444444444444446
tuna_2379g,0,tuna_main,2026-08-26 11:17:56.000000,10.333333333333334,19.333333333333336,19.638229634381027,3.166666666665519,19.638229634381027,2379.7,59.1,27.5,389.75,796.0,15.27,2577.7,2280.6,2283.8,99.09999999999991,0.04164390469386894,0.05042652435180887,0.8258333333333356,-6.600000000002277,38.479513888888896,166.04618055555565,0.23173983141403506,0.49444444444444446
tuna_2379g,0,tuna_main,2026-08-26 11:18:01.000000,10.416666666666666,19.25,19.56750106974755,3.7424242424229237,19.56750106974755,2379.7,59.6,26.2,389.5,797.0,15.2,2581.5,2284.4,2283.2,95.29999999999973,0.040047064756061575,0.05042652435180887,0.7941666666666674,-6.600000000002277,39.02048611111112,166.04618055555565,0.23499779387009545,0.49444444444444446
tuna_2379g,0,tuna_main,2026-08-26 11:18:06.000000,10.5,19.166666666666668,19.44656203288492,3.378787878786672,19.44656203288492,2379.7,60.0,25.0,390.25,795.0,15.22,2579.1,2282.0,2282.5,97.69999999999982,0.0410555952430978,0.05042652435180887,0.8141666666666683,-6.600000000002277,39.56250000000001,166.04618055555565,0.23826202968133436,0.49444444444444446
tuna_2379g,0,tuna_main,2026-08-26 11:18:11.000000,10.583333333333334,19.083333333333336,19.338345062913216,3.3768115942039167,19.338345062913216,2379.7,60.3,24.3,390.75,791.0,15.13,2580.1,2283.0,2281.3,96.69999999999982,0.04063537420683272,0.05042652435180887,0.8058333333333348,-6.8999999999978385,40.10520833333334,166.04618055555565,0.24153044772935897,0.49444444444444446
tuna_2379g,0,tuna_main,2026-08-26 11:18:16.000000,10.666666666666666,19.0,19.25501172957988,3.014492753624093,19.25501172957988,2379.7,60.6,23.4,390.75,793.0,15.36,2577.6,2280.5,2280.55,99.19999999999982,0.04168592679749541,0.05042652435180887,0.8266666666666682,-6.8999999999978385,40.64791666666667,166.04618055555565,0.24479886577738358,0.49444444444444446
tuna_2379g,0,tuna_main,2026-08-26 11:18:21.000000,10.75,18.916666666666668,19.098045464202265,3.0909090909079695,19.098045464202265,2379.7,61.1,22.4,392.25,787.0,15.36,2577.2,2280.1,2280.3,99.59999999999991,0.04185401521200148,0.05042652435180887,0.8300000000000024,-6.600000000002277,41.192708333333336,166.04618055555565,0.24807983053576532,0.49444444444444446
tuna_2379g,0,tuna_main,2026-08-26 11:18:26.000000,10.833333333333334,18.833333333333336,19.014712130868933,3.1428571428565424,19.014712130868933,2379.7,61.3,21.7,392.25,787.0,15.36,2576.6,2279.5,2279.8,100.19999999999982,0.04210614783376049,0.05042652435180887,0.8350000000000016,-6.300000000001117,41.737500000000004,166.04618055555565,0.25136079529414707,0.49444444444444446
tuna_2379g,0,tuna_main,2026-08-26 11:18:31.000000,10.916666666666666,18.75,18.955647734524586,2.9841269841264118,18.955647734524586,2379.7,61.7,20.9,391.75,785.0,15.46,2575.6,2278.5,2279.0,101.19999999999982,0.04252636887002556,0.05042652435180887,0.8433333333333349,-6.300000000001117,42.281597222222224,166.04618055555565,0.25463757781574303,0.49444444444444446
tuna_2379g,0,tuna_main,2026-08-26 11:18:36.000000,11.0,18.666666666666668,18.83609341825904,2.608695652172638,18.83609341825904,2379.7,62.2,20.2,392.5,784.0,15.39,2574.8,2277.7000000000003,2278.1000000000004,101.99999999999955,0.0428625456990375,0.05042652435180887,0.8499999999999993,-6.900000000003372,42.82673611111111,166.04618055555565,0.2579206336925176,0.49444444444444446
tuna_2379g,0,tuna_main,2026-08-26 11:18:41.000000,11.083333333333334,18.583333333333336,18.728795589482626,2.319444444443005,18.728795589482626,2379.7,62.6,19.1,393.0,785.0,15.49,2573.5,2276.4,2277.5,103.29999999999973,0.043408833046182184,0.05042652435180887,0.8608333333333343,-7.20000000000439,43.372569444444444,166.04618055555565,0.2612078718060779,0.49444444444444446
tuna_2379g,0,tuna_main,2026-08-26 11:18:46.000000,11.166666666666666,18.5,18.59792724196279,2.444444444442915,18.59792724196279,2379.7,63.0,18.0,394.0,778.0,15.71,2574.4,2277.3,2276.8500000000004,102.39999999999964,0.043030634113543575,0.05042652435180887,0.8533333333333335,-7.200000000004468,43.91979166666667,166.04618055555565,0.2645034743932096,0.49444444444444446
tuna_2379g,0,tuna_main,2026-08-26 11:18:51.000000,11.25,18.416666666666668,18.52640211640213,2.194444444443045,18.52640211640213,2379.7,63.2,17.1,393.75,783.0,15.46,2572.6,2275.5,2276.05,104.19999999999982,0.043787031978820785,0.05042652435180887,0.8683333333333351,-7.200000000004468,44.46666666666667,166.04618055555565,0.2677969858619484,0.49444444444444446
tuna_2379g,0,tuna_main,2026-08-26 11:18:56.000000,11.333333333333334,18.333333333333336,18.37275985663084,2.2222222222208434,18.37275985663084,2379.7,63.6,16.0,395.25,784.0,15.44,2572.8,2275.7000000000003,2275.6000000000004,103.99999999999955,0.043702987771567656,0.05042652435180887,0.8666666666666661,-7.200000000004468,45.015625,166.04618055555565,0.2711030440410443,0.49444444444444446
tuna_2379g,0,tuna_main,2026-08-26 11:19:01.000000,11.416666666666666,18.25,18.30105485232069,2.152777777776442,18.30105485232069,2379.7,64.0,15.0,395.0,783.0,15.56,2572.3,2275.2000000000003,2275.3500000000004,104.49999999999955,0.04391309828970019,0.05042652435180887,0.8708333333333328,-7.200000000004468,45.564236111111114,166.04618055555565,0.2744070111017474,0.49444444444444446
tuna_2379g,0,tuna_main,2026-08-26 11:19:06.000000,11.5,18.166666666666668,18.194584913611475,2.013888888887661,18.194584913611475,2379.7,64.4,14.0,395.5,784.0,15.51,2571.3,2274.2000000000003,2275.1000000000004,105.49999999999955,0.04433331932596527,0.05042652435180887,0.8791666666666662,-7.20000000000439,46.11354166666667,166.04618055555565,0.27771516039923616,0.49444444444444446
tuna_2379g,0,tuna_main,2026-08-26 11:19:11.000000,11.583333333333334,18.083333333333336,18.12275985663084,2.3181818181810265,18.12275985663084,2379.7,64.8,13.1,395.25,784.0,15.51,2572.1,2275.0,2274.6000000000004,104.69999999999982,0.04399714249695332,0.05042652435180887,0.8725000000000017,-6.600000000002136,46.6625,166.04618055555565,0.2810212185783321,0.49444444444444446
tuna_2379g,0,tuna_main,2026-08-26 11:19:16.000000,11.666666666666666,18.0,17.982292980243813,2.3499999999999766,18.0,2379.7,65.2,12.9,396.5,782.0,15.49,2570.9,2273.8,2274.1000000000004,105.89999999999964,0.04450140774047134,0.05042652435180887,0.8825000000000003,-6.000000000000021,47.21319444444445,166.04618055555565,0.2843377323493923,0.49444444444444446
tuna_2379g,0,tuna_main,2026-08-26 11:19:21.000000,11.75,17.916666666666668,17.910304942166153,2.3499999999999766,17.916666666666668,2379.7,65.5,12.1,396.25,784.0,15.49,2570.9,2273.8,2273.9,105.89999999999964,0.04450140774047134,0.05042652435180887,0.8825000000000003,-6.000000000000021,47.76354166666667,166.04618055555565,0.2876521550020596,0.49444444444444446
tuna_2379g,0,tuna_main,2026-08-26 11:19:26.000000,11.833333333333334,17.833333333333336,17.815678856662476,2.3833333333332796,17.833333333333336,2379.7,65.9,11.5,396.5,779.0,15.61,2571.1,2274.0,2273.8,105.69999999999982,0.0444173635332184,0.05042652435180887,0.8808333333333351,-6.000000000000021,48.314236111111114,166.04618055555565,0.2909686687731198,0.49444444444444446
tuna_2379g,0,tuna_main,2026-08-26 11:19:31.000000,11.916666666666666,17.75,17.732345523329144,2.216666666666637,17.75,2379.7,66.3,11.2,396.5,779.0,16.43,2570.1,2273.0,2273.75,106.69999999999982,0.044837584569483474,0.05042652435180887,0.8891666666666684,-5.999999999999957,48.86493055555556,166.04618055555565,0.29428518254417996,0.49444444444444446
tuna_2379g,0,tuna_main,2026-08-26 11:19:36.000000,12.0,17.666666666666668,17.649012189995812,2.1999999999999855,17.666666666666668,2379.7,66.7,10.7,396.5,784.0,15.49,2570.0,2272.9,2273.4,106.79999999999973,0.044879606673109945,0.05042652435180887,0.890000000000001,-5.999999999999957,49.415625000000006,166.04618055555565,0.29760169631524014,0.49444444444444446
tuna_2379g,0,tuna_main,2026-08-26 11:19:41.000000,12.083333333333334,17.583333333333336,17.52127882599582,2.2333333333332885,17.583333333333336,2379.7,67.0,10.5,397.5,784.0,15.63,2570.2,2273.1,2273.05,106.59999999999991,0.044795562465857,0.05042652435180887,0.8883333333333359,-5.999999999999957,49.96770833333334,166.04618055555565,0.3009265745598717,0.49444444444444446
tuna_2379g,0,tuna_main,2026-08-26 11:19:46.000000,12.166666666666666,17.5,17.437945492662486,2.33333333333335,17.5,2379.7,67.4,10.1,397.5,775.0,15.71,2570.8,2273.7000000000003,2273.05,105.99999999999955,0.04454342984409781,0.05042652435180887,0.8833333333333329,-5.999999999999957,50.51979166666668,166.04618055555565,0.30425145280450333,0.49444444444444446
tuna_2379g,0,tuna_main,2026-08-26 11:19:51.000000,12.25,17.416666666666668,17.343651791326224,2.000000000000014,17.416666666666668,2379.7,67.9,9.4,397.75,709.0,15.71,2568.8,2271.7000000000003,2273.05,107.99999999999955,0.04538387191662796,0.05042652435180887,0.8999999999999996,-5.999999999999957,51.07222222222223,166.04618055555565,0.30757842216752773,0.49444444444444446
tuna_2379g,0,tuna_main,2026-08-26 11:19:56.000000,12.333333333333334,17.333333333333336,17.249424204355126,2.2456140350881175,17.333333333333336,2379.7,68.2,9.4,398.0,777.0,15.58,2569.6,2272.5,2273.05,107.19999999999982,0.04504769508761601,0.05042652435180887,0.8933333333333351,-5.699999999998868,51.62500000000001,166.04618055555565,0.310907482648945,0.49444444444444446
tuna_2379g,0,tuna_main,2026-08-26 11:20:01.000000,12.416666666666666,17.25,17.166090871021787,2.6041666666675733,17.25,2379.7,68.5,9.1,398.0,784.0,15.49,2569.3,2272.2000000000003,2272.95,107.49999999999955,0.045173761398495424,0.05042652435180887,0.8958333333333329,-4.799999999998329,52.177777777777784,166.04618055555565,0.31423654313036226,0.49444444444444446
tuna_2379g,0,tuna_main,2026-08-26 11:20:06.000000,12.5,17.166666666666668,17.104350104821815,3.071428571429305,17.166666666666668,2379.7,68.9,8.8,397.5,784.0,15.49,2569.7,2272.6,2272.75,107.09999999999991,0.045005672983989546,0.05042652435180887,0.8925000000000026,-4.199999999998878,52.72986111111112,166.04618055555565,0.3175614213749939,0.49444444444444446
tuna_2379g,0,tuna_main,2026-08-26 11:20:11.000000,12.583333333333334,17.083333333333336,16.978094939355934,4.111111111111652,17.083333333333336,2379.7,69.1,8.6,398.5,784.0,15.49,2571.6,2274.5,2272.6,105.19999999999982,0.044207253015085865,0.05042652435180887,0.8766666666666685,-3.5999999999994605,53.283333333333346,166.04618055555565,0.32089466409319684,0.49444444444444446
tuna_2379g,0,tuna_main,2026-08-26 11:20:16.000000,12.666666666666666,17.0,16.905419543837635,4.766666666666559,17.0,2379.7,69.3,8.6,398.25,774.0,15.76,2571.1,2274.0,2272.55,105.69999999999982,0.0444173635332184,0.05042652435180887,0.8808333333333351,-3.0000000000000107,53.83645833333335,166.04618055555565,0.324225815693007,0.49444444444444446
tuna_2379g,0,tuna_main,2026-08-26 11:20:21.000000,12.75,16.916666666666668,16.81148055207028,4.733333333333256,16.916666666666668,2379.7,69.8,8.3,398.5,778.0,15.83,2571.0,2273.9,2272.45,105.79999999999973,0.04445938563684487,0.05042652435180887,0.8816666666666677,-3.0000000000000107,54.38993055555557,166.04618055555565,0.32755905841120997,0.49444444444444446
tuna_2379g,0,tuna_main,2026-08-26 11:20:26.000000,12.833333333333334,16.833333333333336,16.717607105538153,4.703703703700818,16.833333333333336,2379.7,70.1,8.5,398.75,756.0,15.49,2569.5,2272.4,2272.45,107.29999999999973,0.04508971719124248,0.05042652435180887,0.8941666666666677,-2.700000000001618,54.943750000000016,166.04618055555565,0.3308943922478058,0.49444444444444446
tuna_2379g,0,tuna_main,2026-08-26 11:20:31.000000,12.916666666666666,16.75,16.623799081035934,5.374999999998664,16.75,2379.7,70.5,8.3,399.0,786.0,15.58,2569.7,2272.6,2272.4,107.09999999999991,0.045005672983989546,0.05042652435180887,0.8925000000000026,-2.400000000000529,55.49791666666668,166.04618055555565,0.3342318172027945,0.49444444444444446
tuna_2379g,0,tuna_main,2026-08-26 11:20:36.000000,13.0,16.666666666666668,16.530056355666886,6.047619047620576,16.666666666666668,2379.7,70.9,8.1,399.25,768.0,15.86,2569.5,2272.4,2272.4,107.29999999999973,0.04508971719124248,0.05042652435180887,0.8941666666666677,-2.099999999999439,56.052430555555574,166.04618055555565,0.337571333276176,0.49444444444444446
tuna_2379g,0,tuna_main,2026-08-26 11:20:41.000000,13.083333333333334,16.583333333333336,16.457080200501267,8.466666666651133,16.583333333333336,2379.7,71.1,8.3,399.0,769.0,15.76,2569.5,2272.4,2272.4,107.29999999999973,0.04508971719124248,0.05042652435180887,0.8941666666666677,-1.5000000000027307,56.60659722222224,166.04618055555565,0.3409087582311647,0.49444444444444446
tuna_2379g,0,tuna_main,2026-08-26 11:20:46.000000,13.166666666666666,16.5,16.363441870173254,7.599999999985922,16.5,2379.7,71.4,8.2,399.25,779.0,15.63,2568.2,2271.1,2271.9,108.59999999999991,0.045636004538387155,0.05042652435180887,0.9050000000000026,-1.5000000000027307,57.16111111111113,166.04618055555565,0.34424827430454624,0.49444444444444446
tuna_2379g,0,tuna_main,2026-08-26 11:20:51.000000,13.25,16.416666666666668,16.280108536839922,7.599999999985922,16.416666666666668,2379.7,71.6,8.0,399.25,779.0,15.56,2568.2,2271.1,2271.25,108.59999999999991,0.045636004538387155,0.05042652435180887,0.9050000000000026,-1.5000000000027307,57.715625000000024,166.04618055555565,0.34758779037792775,0.49444444444444446
tuna_2379g,0,tuna_main,2026-08-26 11:20:56.000000,13.333333333333334,16.333333333333336,16.176412341046497,7.133333333320226,16.333333333333336,2379.7,71.9,7.8,399.75,784.0,15.49,2567.5,2270.4,2271.1,109.29999999999973,0.045930159263772634,0.05042652435180887,0.9108333333333345,-1.5000000000027307,58.27083333333336,166.04618055555565,0.350931488688095,0.49444444444444446
tuna_2379g,0,tuna_main,2026-08-26 11:21:01.000000,13.416666666666666,16.25,16.052713661883978,9.749999999964341,16.25,2379.7,72.3,8.0,400.75,784.0,15.53,2568.5,2271.4,2271.05,108.29999999999973,0.04550993822750756,0.05042652435180887,0.9025000000000012,-1.20000000000437,58.82743055555558,166.04618055555565,0.3542835514718336,0.49444444444444446
tuna_2379g,0,tuna_main,2026-08-26 11:21:06.000000,13.5,16.166666666666668,15.939393939393948,8.2499999999885,16.166666666666668,2379.7,72.6,7.9,401.5,784.0,15.49,2566.7,2269.6,2271.0,110.09999999999991,0.04626633609278477,0.05042652435180887,0.9175000000000026,-1.2000000000016287,59.38506944444447,166.04618055555565,0.3576418876107508,0.49444444444444446
tuna_2379g,0,tuna_main,2026-08-26 11:21:11.000000,13.583333333333334,16.083333333333336,15.846141879278166,9.41666666665366,16.083333333333336,2379.7,72.9,7.9,401.75,793.0,15.29,2568.1,2271.0,2270.7,108.69999999999982,0.045678026642013626,0.05042652435180887,0.9058333333333352,-1.2000000000016287,59.94305555555558,166.04618055555565,0.36100231486806084,0.49444444444444446
tuna_2379g,0,tuna_main,2026-08-26 11:21:16.000000,13.666666666666666,16.0,15.752953980099512,9.41666666665366,16.0,2379.7,73.2,8.1,402.0,791.0,14.8,0.0,2271.0,2270.0,108.69999999999982,0.045678026642013626,0.05042652435180887,0.9058333333333352,-1.2000000000016287,60.50138888888891,166.04618055555565,0.3643648332437637,0.49444444444444446
tuna_2379g,0,tuna_main,2026-08-26 11:21:21.000000,13.75,15.916666666666668,15.66962064676618,7.833333333322399,15.916666666666668,2379.7,73.5,8.0,402.0,794.0,15.34,2566.2,2269.1,2269.45,110.59999999999991,0.04647644661091731,0.05042652435180887,0.9216666666666693,-1.2000000000016287,61.05972222222224,166.04618055555565,0.36772735161946657,0.49444444444444446
tuna_2379g,0,tuna_main,2026-08-26 11:21:26.000000,13.833333333333334,15.833333333333334,15.586287313432848,7.833333333304504,15.833333333333334,2379.7,73.8,7.9,402.0,795.0,15.32,2566.2,2269.1,2269.2,110.59999999999991,0.04647644661091731,0.05042652435180887,0.9216666666666693,-1.20000000000437,61.61805555555557,166.04618055555565,0.3710898699951694,0.49444444444444446
tuna_2379g,0,tuna_main,2026-08-26 11:21:31.000000,13.916666666666666,15.750000000000002,15.483592132505189,7.499999999972688,15.750000000000002,2379.7,74.1,8.1,402.5,789.0,15.27,2565.8,2268.7000000000003,2269.1,110.99999999999955,0.046644535025423185,0.05042652435180887,0.9249999999999997,-1.20000000000437,62.17708333333335,166.04618055555565,0.37445657060765797,0.49444444444444446
tuna_2379g,0,tuna_main,2026-08-26 11:21:36.000000,14.0,15.666666666666668,15.371461045670603,7.99999999998898,15.666666666666668,2379.7,74.4,8.0,403.25,778.0,15.22,2566.4,2269.3,2269.05,110.39999999999964,0.04639240240366418,0.05042652435180887,0.9200000000000004,-1.2000000000016415,62.737152777777794,166.04618055555565,0.3778295445753251,0.49444444444444446
tuna_2379g,0,tuna_main,2026-08-26 11:21:41.000000,14.083333333333334,15.583333333333334,15.278603882693114,7.583333333322884,15.583333333333334,2379.7,74.6,7.9,403.5,799.0,15.1,2565.9,2268.8,2268.9,110.89999999999964,0.046602512921796714,0.05042652435180887,0.924166666666667,-1.2000000000016415,63.29756944444446,166.04618055555565,0.3812046096613851,0.49444444444444446
tuna_2379g,0,tuna_main,2026-08-26 11:21:46.000000,14.166666666666666,15.500000000000002,15.185810113519103,7.74999999997155,15.500000000000002,2379.7,74.9,7.9,403.75,810.0,14.83,2566.1,2269.0,2268.75,110.69999999999982,0.04651846871454378,0.05042652435180887,0.922500000000002,-1.20000000000437,63.85833333333335,166.04618055555565,0.3845817658658379,0.49444444444444446
tuna_2379g,0,tuna_main,2026-08-26 11:21:51.000000,14.25,15.416666666666668,15.093079620462056,5.533333333323078,15.416666666666668,2379.7,75.3,8.2,404.0,814.0,14.76,2565.1,2268.0,2268.55,111.69999999999982,0.04693868975080885,0.05042652435180887,0.9308333333333353,-1.5000000000027307,64.41944444444447,166.04618055555565,0.3879610131886836,0.49444444444444446
tuna_2379g,0,tuna_main,2026-08-26 11:21:56.000000,14.333333333333334,15.333333333333334,15.000412286126583,4.555555555552725,15.333333333333334,2379.7,75.7,8.1,404.25,823.0,14.53,2565.0,2267.9,2268.2,111.79999999999973,0.04698071185443532,0.05042652435180887,0.9316666666666679,-1.8000000000010785,64.9809027777778,166.04618055555565,0.39134235162992215,0.49444444444444446
tuna_2379g,0,tuna_main,2026-08-26 11:22:01.000000,14.416666666666666,15.250000000000002,14.898548486720209,3.666666666664419,15.250000000000002,2379.7,76.1,8.1,404.75,827.0,14.58,2563.4,2266.3,2267.95,113.39999999999964,0.0476530655124594,0.05042652435180887,0.9450000000000005,-1.8000000000010785,65.54305555555558,166.04618055555565,0.39472787230794637,0.49444444444444446
tuna_2379g,0,tuna_main,2026-08-26 11:22:06.000000,14.5,15.166666666666668,14.833642547928273,4.833333333330336,15.166666666666668,2379.7,76.3,8.3,404.25,833.0,14.15,2565.5,2268.4,2267.55,111.29999999999973,0.046770601336302786,0.05042652435180887,0.9275000000000012,-1.8000000000010785,66.10451388888892,166.04618055555565,0.3981092107491849,0.49444444444444446
tuna_2379g,0,tuna_main,2026-08-26 11:22:11.000000,14.583333333333334,15.083333333333334,14.741141326740843,4.055555555552931,15.083333333333334,2379.7,76.5,8.3,404.5,831.0,14.4,2564.1,2267.0,2267.1000000000004,112.69999999999982,0.04735891078707393,0.05042652435180887,0.9391666666666687,-1.8000000000010976,66.66631944444447,166.04618055555565,0.40149264030881626,0.49444444444444446
tuna_2379g,0,tuna_main,2026-08-26 11:22:16.000000,14.666666666666666,15.000000000000002,14.639609053497953,3.1428571428579097,15.000000000000002,2379.7,76.8,8.2,405.0,833.0,14.36,2563.4,2266.3,2266.8,113.39999999999964,0.0476530655124594,0.05042652435180887,0.9450000000000005,-2.0999999999994587,67.22881944444447,166.04618055555565,0.4048802521052334,0.49444444444444446
tuna_2379g,0,tuna_main,2026-08-26 11:22:21.000000,14.75,14.916666666666668,14.53822441430334,2.555555555556472,14.916666666666668,2379.7,77.0,8.5,405.5,843.0,14.15,2563.7,2266.6,2266.45,113.09999999999991,0.047526999201579996,0.05042652435180887,0.9425000000000028,-2.6999999999988895,67.79201388888892,166.04618055555565,0.40827204613843615,0.49444444444444446
tuna_2379g,0,tuna_main,2026-08-26 11:22:26.000000,14.833333333333334,14.833333333333334,14.46385975735144,2.7777777777789203,14.833333333333334,2379.7,77.2,8.4,405.25,839.0,14.1,2564.3,2267.2000000000003,2266.3,112.49999999999955,0.0472748665798208,0.05042652435180887,0.9374999999999998,-2.6999999999988895,68.35486111111113,166.04618055555565,0.41166174905324604,0.49444444444444446
tuna_2379g,0,tuna_main,2026-08-26 11:22:31.000000,14.916666666666666,14.750000000000002,14.371609124537619,2.4074074074083978,14.750000000000002,2379.7,77.5,8.4,405.5,841.0,14.25,2563.3,2266.2000000000003,2266.25,113.49999999999955,0.047695087616085874,0.05042652435180887,0.9458333333333331,-2.6999999999988895,68.91805555555558,166.04618055555565,0.4150535430864489,0.49444444444444446
tuna_2379g,0,tuna_main,2026-08-26 11:22:36.000000,15.0,14.666666666666668,14.288275791204285,1.999999999999993,14.666666666666668,2379.7,77.7,8.4,405.5,833.0,14.36,2562.8,2265.7000000000003,2265.9500000000003,113.99999999999955,0.04790519813421841,0.05042652435180887,0.9499999999999997,-3.0000000000000107,69.48125000000003,166.04618055555565,0.41844533711965165,0.49444444444444446
tuna_2379g,0,tuna_main,2026-08-26 11:22:41.000000,15.083333333333334,14.583333333333334,14.178564102564112,1.999999999999993,14.583333333333334,2379.7,77.9,8.3,406.25,846.0,13.98,2562.8,2265.7000000000003,2265.7000000000003,113.99999999999955,0.04790519813421841,0.05042652435180887,0.9499999999999997,-3.0000000000000107,70.04548611111115,166.04618055555565,0.421843404508033,0.49444444444444446
tuna_2379g,0,tuna_main,2026-08-26 11:22:46.000000,15.166666666666666,14.500000000000002,14.095230769230778,1.9666666666665593,14.500000000000002,2379.7,78.2,8.8,406.25,848.0,14.06,2562.7,2265.6,2265.65,114.09999999999991,0.04794722023784507,0.05042652435180887,0.9508333333333361,-2.9999999999999787,70.60972222222226,166.04618055555565,0.4252414718964143,0.49444444444444446
tuna_2379g,0,tuna_main,2026-08-26 11:22:51.000000,15.25,14.416666666666668,14.020576765188844,2.1481481481489304,14.416666666666668,2379.7,78.6,8.8,406.0,838.0,14.23,2562.6,2265.5,2265.55,114.19999999999982,0.04798924234147154,0.05042652435180887,0.9516666666666687,-2.6999999999988895,71.17361111111114,166.04618055555565,0.42863744816640276,0.49444444444444446
tuna_2379g,0,tuna_main,2026-08-26 11:22:56.000000,15.333333333333334,14.333333333333334,13.919997949979509,1.9629629629636693,14.333333333333334,2379.7,78.9,8.7,406.5,846.0,14.04,2562.1,2265.0,2265.45,114.69999999999982,0.048199352859604076,0.05042652435180887,0.9558333333333353,-2.6999999999988895,71.73819444444447,166.04618055555565,0.4320376066731769,0.49444444444444446
tuna_2379g,0,tuna_main,2026-08-26 11:23:01.000000,15.416666666666666,14.250000000000002,13.819563882063893,1.8999999999999528,14.250000000000002,2379.7,79.1,9.0,407.0,854.0,13.9,2562.5,2265.4,2265.2,114.29999999999973,0.04803126444509801,0.05042652435180887,0.9525000000000013,-2.9999999999999787,72.30347222222225,166.04618055555565,0.43544194741673686,0.49444444444444446
tuna_2379g,0,tuna_main,2026-08-26 11:23:06.000000,15.5,14.166666666666668,13.744724441712773,1.733333333333285,14.166666666666668,2379.7,79.4,8.9,406.75,854.0,13.98,2562.0,2264.9,2264.95,114.79999999999973,0.04824137496323055,0.05042652435180887,0.956666666666668,-2.9999999999999787,72.8684027777778,166.04618055555565,0.4388441970419038,0.49444444444444446
tuna_2379g,0,tuna_main,2026-08-26 11:23:11.000000,15.583333333333334,14.083333333333334,13.661391108379442,1.5999999999999204,14.083333333333334,2379.7,79.7,8.9,406.75,847.0,14.94,2561.6,2264.5,2264.7,115.19999999999982,0.04840946337773662,0.05042652435180887,0.9600000000000021,-2.9999999999999787,73.43333333333335,166.04618055555565,0.4422464466670708,0.49444444444444446
tuna_2379g,0,tuna_main,2026-08-26 11:23:16.000000,15.666666666666666,14.000000000000002,13.561285041948036,1.533333333333314,14.000000000000002,2379.7,80.0,8.9,407.25,846.0,14.04,2561.4,2264.3,2264.4,115.39999999999964,0.048493507584989555,0.05042652435180887,0.9616666666666672,-2.9999999999999787,73.99895833333335,166.04618055555565,0.4456528785290235,0.49444444444444446
tuna_2379g,0,tuna_main,2026-08-26 11:23:21.000000,15.75,13.916666666666668,13.486281736281748,1.166666666666675,13.916666666666668,2379.7,80.1,9.2,407.0,855.0,13.94,2560.3,2263.2000000000003,2264.15,116.49999999999955,0.0489557507248811,0.05042652435180887,0.9708333333333331,-2.9999999999999787,74.56423611111113,166.04618055555565,0.4490572192725834,0.49444444444444446
tuna_2379g,0,tuna_main,2026-08-26 11:23:26.000000,15.833333333333334,13.833333333333334,13.402948402948414,1.4333333333332525,13.833333333333334,2379.7,80.3,9.2,407.0,848.0,14.04,2561.1,2264.0,2263.6000000000004,115.69999999999982,0.048619573895869156,0.05042652435180887,0.9641666666666687,-2.9999999999999787,75.12951388888891,166.04618055555565,0.4524615600161433,0.49444444444444446
tuna_2379g,0,tuna_main,2026-08-26 11:23:31.000000,15.916666666666666,13.750000000000002,13.30316973415134,1.0999999999999168,13.750000000000002,2379.7,80.5,9.2,407.5,855.0,13.96,2560.1,2263.0,2263.1000000000004,116.69999999999982,0.04903979493213423,0.05042652435180887,0.9725000000000021,-2.9999999999999787,75.69548611111114,166.04618055555565,0.4558700829964889,0.49444444444444446
tuna_2379g,0,tuna_main,2026-08-26 11:23:36.000000,16.0,13.666666666666668,13.23617936117937,1.0333333333333103,13.666666666666668,2379.7,80.7,9.2,407.0,848.0,14.02,2559.9,2262.8,2262.9,116.89999999999964,0.04912383913938717,0.05042652435180887,0.9741666666666673,-2.9999999999999787,76.26076388888892,166.04618055555565,0.4592744237400488,0.49444444444444446
tuna_2379g,0,tuna_main,2026-08-26 11:23:41.000000,16.083333333333332,13.583333333333336,13.128499897813212,0.8999999999999457,13.583333333333336,2379.7,80.9,9.2,407.75,862.0,13.9,2559.5,2262.4,2262.8,117.29999999999973,0.049291927553893236,0.05042652435180887,0.9775000000000014,-2.9999999999999787,76.82708333333336,166.04618055555565,0.4626850378387872,0.49444444444444446
tuna_2379g,0,tuna_main,2026-08-26 11:23:46.000000,16.166666666666668,13.5,13.06935913185914,0.9666666666665523,13.5,2379.7,81.1,9.4,407.0,861.0,13.71,2559.7,2262.6,2262.7,117.09999999999991,0.0492078833466403,0.05042652435180887,0.9758333333333362,-2.9999999999999787,77.39236111111114,166.04618055555565,0.4660893785823471,0.49444444444444446
tuna_2379g,0,tuna_main,2026-08-26 11:23:51.000000,16.25,13.416666666666668,12.961986511342744,0.7666666666665811,13.416666666666668,2379.7,81.4,9.4,407.75,849.0,14.02,2559.1,2262.0,2262.5,117.69999999999982,0.04946001596839931,0.05042652435180887,0.9808333333333356,-2.9999999999999787,77.95868055555559,166.04618055555565,0.46949999268108555,0.49444444444444446
tuna_2379g,0,tuna_main,2026-08-26 11:23:56.000000,16.333333333333332,13.333333333333336,12.870710784313735,0.7333333333332779,13.333333333333336,2379.7,81.7,9.4,408.0,859.0,13.87,2559.0,2261.9,2262.2,117.79999999999973,0.04950203807202577,0.05042652435180887,0.981666666666668,-2.9999999999999787,78.52534722222225,166.04618055555565,0.4729126978982168,0.49444444444444446
tuna_2379g,0,tuna_main,2026-08-26 11:24:01.000000,16.416666666666668,13.25,12.811080417434018,0.6333333333332166,13.25,2379.7,82.0,9.4,407.25,821.0,14.04,2558.7,2261.6,2261.95,118.09999999999991,0.04962810438290537,0.05042652435180887,0.9841666666666695,-2.9999999999999787,79.09097222222225,166.04618055555565,0.4763191297601695,0.49444444444444446
tuna_2379g,0,tuna_main,2026-08-26 11:24:06.000000,16.5,13.166666666666668,12.704197303921578,1.0333333333333103,13.166666666666668,2379.7,82.0,9.6,408.0,851.0,13.85,2559.9,2262.8,2261.95,116.89999999999964,0.04912383913938717,0.05042652435180887,0.9741666666666673,-2.9999999999999787,79.65763888888891,166.04618055555565,0.47973183497730076,0.49444444444444446
tuna_2379g,0,tuna_main,2026-08-26 11:24:11.000000,16.583333333333332,13.083333333333336,12.613084302918974,0.6666666666666785,13.083333333333336,2379.7,82.3,9.6,408.25,835.0,14.15,2558.8,2261.7000000000003,2261.95,117.99999999999955,0.049586082279278715,0.05042652435180887,0.9833333333333333,-2.9999999999999467,80.2246527777778,166.04618055555565,0.4831466313128249,0.49444444444444446
tuna_2379g,0,tuna_main,2026-08-26 11:24:16.000000,16.666666666666668,13.0,12.545217657878611,0.8148148148142688,13.0,2379.7,82.6,9.6,407.75,839.0,14.29,2559.0,2261.9,2261.9,117.79999999999973,0.04950203807202577,0.05042652435180887,0.981666666666668,-2.700000000001586,80.79097222222225,166.04618055555565,0.48655724541156337,0.49444444444444446
tuna_2379g,0,tuna_main,2026-08-26 11:24:21.000000,16.75,12.916666666666668,12.461884324545277,0.5833333333330469,12.916666666666668,2379.7,82.9,9.6,407.75,847.0,14.1,2558.2,2261.1,2261.8,118.59999999999991,0.04983821490103791,0.05042652435180887,0.9883333333333363,-2.4000000000005546,81.3572916666667,166.04618055555565,0.4899678595103018,0.49444444444444446
tuna_2379g,0,tuna_main,2026-08-26 11:24:26.000000,16.833333333333332,12.833333333333336,12.355671154630773,0.749999999999713,12.833333333333336,2379.7,83.1,9.6,408.5,842.0,14.19,2558.6,2261.5,2261.8,118.19999999999982,0.049670126486531845,0.05042652435180887,0.9850000000000022,-2.4000000000005546,81.92465277777781,166.04618055555565,0.4933847469642188,0.49444444444444446
tuna_2379g,0,tuna_main,2026-08-26 11:24:31.000000,16.916666666666668,12.75,12.264780835881762,0.9999999999996173,12.75,2379.7,83.2,10.0,408.75,848.0,14.04,2559.2,2262.1,2261.8,117.59999999999991,0.04941799386477284,0.05042652435180887,0.9800000000000029,-2.4000000000005546,82.49236111111114,166.04618055555565,0.4968037255365286,0.49444444444444446
tuna_2379g,0,tuna_main,2026-08-26 11:24:36.000000,17.0,12.666666666666668,12.21152667075415,1.4999999999989788,12.666666666666668,2379.7,83.4,10.0,407.75,841.0,14.17,2559.5,2262.4,2261.8,117.29999999999973,0.049291927553893236,0.05042652435180887,0.9775000000000014,-1.8000000000011043,83.05868055555558,166.04618055555565,0.500214339635267,0.49444444444444446
tuna_2379g,0,tuna_main,2026-08-26 11:24:41.000000,17.083333333333332,12.583333333333336,12.105773153814779,0.8333333333328221,12.583333333333336,2379.7,83.7,9.9,408.5,836.0,14.36,2558.3,2261.2000000000003,2261.6000000000004,118.49999999999955,0.04979619279741125,0.05042652435180887,0.9874999999999999,-1.8000000000011043,83.6260416666667,166.04618055555565,0.503631227089184,0.49444444444444446
tuna_2379g,0,tuna_main,2026-08-26 11:24:46.000000,17.166666666666668,12.5,12.015035677879725,0.999999999999235,12.5,2379.7,83.9,10.0,408.75,848.0,14.04,2558.6,2261.5,2261.5,118.19999999999982,0.049670126486531845,0.05042652435180887,0.9850000000000022,-1.8000000000011043,84.19375000000002,166.04618055555565,0.5070502056614938,0.49444444444444446
tuna_2379g,0,tuna_main,2026-08-26 11:24:51.000000,17.25,12.416666666666668,11.93905548755611,1.4444444444435078,12.416666666666668,2379.7,84.0,10.0,408.5,819.0,14.15,2559.4,2262.3,2261.45,117.39999999999964,0.04933394965751971,0.05042652435180887,0.9783333333333339,-1.8000000000011043,84.76111111111113,166.04618055555565,0.5104670931154107,0.49444444444444446
tuna_2379g,0,tuna_main,2026-08-26 11:24:56.000000,17.333333333333332,12.333333333333336,11.84841997961265,1.4999999999989895,12.333333333333336,2379.7,84.5,10.0,408.75,843.0,14.15,2559.5,2262.4,2261.45,117.29999999999973,0.049291927553893236,0.05042652435180887,0.9775000000000014,-1.8000000000010914,85.32881944444446,166.04618055555565,0.5138860716877206,0.49444444444444446
tuna_2379g,0,tuna_main,2026-08-26 11:25:01.000000,17.416666666666668,12.25,11.750610873549187,0.8333333333303254,12.25,2379.7,84.9,10.0,409.25,839.0,13.94,2557.8,2260.7000000000003,2261.3500000000004,118.99999999999955,0.05000630331554379,0.05042652435180887,0.9916666666666666,-1.2000000000043314,85.89722222222224,166.04618055555565,0.517309232496816,0.49444444444444446
tuna_2379g,0,tuna_main,2026-08-26 11:25:06.000000,17.5,12.166666666666668,11.674460065199685,1.4166666666614016,12.166666666666668,2379.7,85.3,10.0,409.0,853.0,13.94,2558.5,2261.4,2261.25,118.29999999999973,0.049712148590158316,0.05042652435180887,0.9858333333333348,-1.2000000000043314,86.4652777777778,166.04618055555565,0.5207303021875188,0.49444444444444446
tuna_2379g,0,tuna_main,2026-08-26 11:25:11.000000,17.583333333333332,12.083333333333336,11.583995113011618,0.58333333333239,12.083333333333336,2379.7,85.1,10.4,409.25,852.0,14.04,2557.5,2260.4,2261.25,119.29999999999973,0.05013236962642339,0.05042652435180887,0.9941666666666681,-1.2000000000016287,87.03368055555558,166.04618055555565,0.5241534629966144,0.49444444444444446
tuna_2379g,0,tuna_main,2026-08-26 11:25:16.000000,17.666666666666668,12.0,11.486526337197489,1.3333333333344513,12.0,2379.7,85.3,10.4,409.75,866.0,13.73,2558.4,2261.3,2261.15,118.39999999999964,0.04975417069378478,0.05042652435180887,0.9866666666666672,-1.1999999999989257,87.6027777777778,166.04618055555565,0.5275808060424956,0.49444444444444446
tuna_2379g,0,tuna_main,2026-08-26 11:25:21.000000,17.75,11.916666666666668,11.424256316218429,1.0833333333340758,11.916666666666668,2379.7,85.5,10.4,409.0,859.0,13.85,2558.1,2261.0,2260.95,118.69999999999982,0.04988023700466438,0.05042652435180887,0.9891666666666689,-1.1999999999989257,88.17083333333336,166.04618055555565,0.5310018757331982,0.49444444444444446
tuna_2379g,0,tuna_main,2026-08-26 11:25:26.000000,17.833333333333332,11.833333333333336,11.340922982885095,0.5833333333337164,11.833333333333336,2379.7,85.7,10.4,409.0,855.0,13.85,2557.5,2260.4,2260.9,119.29999999999973,0.05013236962642339,0.05042652435180887,0.9941666666666681,-1.1999999999989002,88.73888888888892,166.04618055555565,0.534422945423901,0.49444444444444446
tuna_2379g,0,tuna_main,2026-08-26 11:25:31.000000,17.916666666666668,11.75,11.229928861788627,1.0000000000030602,11.75,2379.7,86.0,10.4,410.0,866.0,13.65,2558.0,2260.9,2260.9,118.79999999999973,0.04992225910829085,0.05042652435180887,0.9900000000000014,-1.199999999996146,89.30833333333337,166.04618055555565,0.537852379588175,0.49444444444444446
tuna_2379g,0,tuna_main,2026-08-26 11:25:36.000000,18.0,11.666666666666668,11.153447223917032,2.3333333333389246,11.666666666666668,2379.7,86.1,10.4,409.75,858.0,13.81,2558.9,2261.8,2260.9,117.89999999999964,0.049544060175652244,0.05042652435180887,0.9825000000000006,-0.8999999999978043,89.87743055555559,166.04618055555565,0.5412797226340563,0.49444444444444446
tuna_2379g,0,tuna_main,2026-08-26 11:25:41.000000,18.083333333333332,11.583333333333336,11.049736094194081,1.3333333333363842,11.583333333333336,2379.7,86.2,0.0,410.5,864.0,13.51,2558.0,2260.9,2260.65,118.79999999999973,0.04992225910829085,0.05042652435180887,0.9900000000000014,-0.8999999999978043,90.44756944444448,166.04618055555565,0.5447133390351161,0.49444444444444446
tuna_2379g,0,tuna_main,2026-08-26 11:25:46.000000,18.166666666666668,11.5,10.986628025218637,0.0,11.5,2379.7,86.4,0.0,409.75,865.0,13.69,2556.7,2259.6,2260.65,120.09999999999991,0.050468546455435526,0.05042652435180887,1.0008333333333364,-0.5999999999994629,91.01666666666671,166.04618055555565,0.5481406820809973,0.49444444444444446
tuna_2379g,0,tuna_main,2026-08-26 11:25:51.000000,18.25,11.416666666666668,10.889904529758287,0.1666666666666643,11.416666666666668,2379.7,86.6,0.0,410.25,880.0,13.32,2556.9,2259.8,2260.3500000000004,119.89999999999964,0.050384502248182396,0.05042652435180887,0.9991666666666674,-0.5999999999994629,91.58645833333337,166.04618055555565,0.5515722073636642,0.49444444444444446
tuna_2379g,0,tuna_main,2026-08-26 11:25:56.000000,18.333333333333332,11.333333333333336,10.806571196424954,2.333333333334816,11.333333333333336,2379.7,86.9,0.0,410.25,871.0,13.57,2558.2,2261.1,2260.15,118.59999999999991,0.04983821490103791,0.05042652435180887,0.9883333333333363,-0.5999999999994629,92.15625000000003,166.04618055555565,0.5550037326463311,0.49444444444444446
tuna_2379g,0,tuna_main,2026-08-26 11:26:01.000000,18.416666666666668,11.25,10.729827235772369,1.0000000000007436,11.25,2379.7,87.1,0.0,410.0,880.0,13.4,2557.4,2260.3,2259.9,119.39999999999964,0.05017439173004986,0.05042652435180887,0.9950000000000008,-0.5999999999994629,92.72569444444447,166.04618055555565,0.5584331668106052,0.49444444444444446
tuna_2379g,0,tuna_main,2026-08-26 11:26:06.000000,18.5,11.166666666666668,10.620387266828882,0.0,11.166666666666668,2379.7,87.0,0.0,411.0,897.0,13.45,2556.1,2259.0,2259.7,120.69999999999982,0.05072067907719453,0.05042652435180887,1.0058333333333356,-0.8999999999978043,93.29652777777781,166.04618055555565,0.5618709654484507,0.49444444444444446
tuna_2379g,0,tuna_main,2026-08-26 11:26:11.000000,18.583333333333332,11.083333333333336,10.543517954960448,0.25000000000057554,11.083333333333336,2379.7,87.2,0.0,410.75,879.0,13.4,2557.1,2260.0,2259.45,119.69999999999982,0.050300458040929454,0.05042652435180887,0.9975000000000022,-1.199999999996146,93.86701388888892,166.04618055555565,0.5653066729679033,0.49444444444444446
tuna_2379g,0,tuna_main,2026-08-26 11:26:16.000000,18.666666666666668,11.0,10.460184621627114,0.0,11.0,2379.7,87.4,0.0,410.75,880.0,13.4,2556.4,2259.3,2259.15,120.39999999999964,0.05059461276631493,0.05042652435180887,1.003333333333334,-1.1999999999989002,94.43750000000003,166.04618055555565,0.5687423804873559,0.49444444444444446
tuna_2379g,0,tuna_main,2026-08-26 11:26:21.000000,18.75,10.916666666666668,10.370488645579895,0.0,10.916666666666668,2379.7,87.6,0.0,411.0,883.0,13.34,2554.9,2257.8,2258.9,121.89999999999964,0.05122494432071255,0.05042652435180887,1.015833333333334,-1.200000000001603,95.00833333333337,166.04618055555565,0.5721801791252014,0.49444444444444446
tuna_2379g,0,tuna_main,2026-08-26 11:26:26.000000,18.833333333333332,10.833333333333336,10.280851063829795,0.0,10.833333333333336,2379.7,87.8,0.0,411.25,885.0,13.32,2555.9,2258.8,2258.55,120.89999999999964,0.05080472328444747,0.05042652435180887,1.0075000000000007,-1.2000000000043571,95.57951388888893,166.04618055555565,0.5756200688814398,0.49444444444444446
tuna_2379g,0,tuna_main,2026-08-26 11:26:31.000000,18.916666666666668,10.75,10.20377128953772,0.0,10.75,2379.7,88.0,0.0,411.0,883.0,13.75,2554.3,2257.2000000000003,2258.05,122.49999999999955,0.051477076942471556,0.05042652435180887,1.0208333333333335,-1.8000000000011172,96.15034722222227,166.04618055555565,0.5790578675192852,0.49444444444444446
tuna_2379g,0,tuna_main,2026-08-26 11:26:36.000000,19.0,10.666666666666668,10.120437956204388,0.0,10.666666666666668,2379.7,88.1,0.0,411.0,879.0,13.42,2554.4,2257.3,2257.95,122.39999999999964,0.051435054838845085,0.05042652435180887,1.020000000000001,-1.8000000000011172,96.7211805555556,166.04618055555565,0.5824956661571308,0.49444444444444446
tuna_2379g,0,tuna_main,2026-08-26 11:26:41.000000,19.083333333333332,10.583333333333336,10.043264353824313,0.0,10.583333333333336,2379.7,88.3,0.0,410.75,879.0,13.4,2555.4,2258.3,2257.9,121.39999999999964,0.051014833802580005,0.05042652435180887,1.0116666666666674,-1.2000000000043827,97.29166666666671,166.04618055555565,0.5859313736765834,0.49444444444444446
tuna_2379g,0,tuna_main,2026-08-26 11:26:46.000000,19.166666666666668,10.5,9.953821978913226,0.0,10.5,2379.7,88.6,0.0,411.0,871.0,13.4,2554.7,2257.6,2257.8,122.09999999999991,0.05130898852796568,0.05042652435180887,1.0175000000000032,-1.2000000000043827,97.86250000000005,166.04618055555565,0.5893691723144289,0.49444444444444446
tuna_2379g,0,tuna_main,2026-08-26 11:26:51.000000,19.25,10.416666666666668,9.870488645579892,0.0,10.416666666666668,2379.7,88.9,0.0,411.0,882.0,13.4,2554.5,2257.4,2257.7,122.29999999999973,0.05139303273521861,0.05042652435180887,1.019166666666668,-1.2000000000043827,98.4333333333334,166.04618055555565,0.5928069709522744,0.49444444444444446
tuna_2379g,0,tuna_main,2026-08-26 11:26:56.000000,19.333333333333332,10.333333333333336,9.781155015197573,0.0,10.333333333333336,2379.7,89.3,0.0,411.25,880.0,13.73,2554.9,2257.8,2257.5,121.89999999999964,0.05122494432071255,0.05042652435180887,1.015833333333334,-1.8000000000011172,99.00451388888895,166.04618055555565,0.5962468607085127,0.49444444444444446
tuna_2379g,0,tuna_main,2026-08-26 11:27:01.000000,19.416666666666668,10.25,9.70972813958207,0.0,10.25,2379.7,89.0,0.0,410.75,878.0,13.42,2555.2,2258.1,2257.3500000000004,121.59999999999991,0.051098878009833135,0.05042652435180887,1.0133333333333363,-2.0999999999967174,99.57500000000006,166.04618055555565,0.5996825682279654,0.49444444444444446
tuna_2379g,0,tuna_main,2026-08-26 11:27:06.000000,19.5,10.166666666666668,9.626394806248738,0.0,10.166666666666668,2379.7,89.1,0.0,410.75,879.0,13.49,2555.1,2258.0,2257.3500000000004,121.69999999999982,0.051140900113459606,0.05042652435180887,1.0141666666666689,-2.0999999999967174,100.14548611111117,166.04618055555565,0.6031182757474179,0.49444444444444446
tuna_2379g,0,tuna_main,2026-08-26 11:27:11.000000,19.583333333333332,10.083333333333336,9.53135764944276,0.0,10.083333333333336,2379.7,89.3,0.0,411.25,878.0,13.38,2553.2,2256.1,2257.15,123.59999999999991,0.05193932008236329,0.05042652435180887,1.0300000000000031,-2.40000000000058,100.71666666666673,166.04618055555565,0.6065581655036564,0.49444444444444446
tuna_2379g,0,tuna_main,2026-08-26 11:27:16.000000,19.666666666666668,10.0,9.430673543689327,0.0,10.0,2379.7,89.5,0.0,412.0,886.0,13.3,2553.1,2256.0,2256.65,123.69999999999982,0.05198134218598976,0.05042652435180887,1.0308333333333357,-2.4000000000033084,101.28888888888895,166.04618055555565,0.6100043286150733,0.49444444444444446
tuna_2379g,0,tuna_main,2026-08-26 11:27:21.000000,19.75,9.916666666666668,9.353066180935038,0.0,9.916666666666668,2379.7,89.6,0.0,411.75,893.0,13.22,2553.5,2256.4,2256.25,123.29999999999973,0.05181325377148369,0.05042652435180887,1.0275000000000016,-2.4000000000033084,101.86076388888895,166.04618055555565,0.6134484006080972,0.49444444444444446
tuna_2379g,0,tuna_main,2026-08-26 11:27:26.000000,19.833333333333332,9.833333333333336,9.275415147833137,0.0,9.833333333333336,2379.7,89.8,0.0,411.5,880.0,13.34,2551.1,2254.0,2256.25,125.69999999999982,0.05282178425851991,0.05042652435180887,1.0475000000000023,-2.4000000000033084,102.43229166666673,166.04618055555565,0.6168903814827285,0.49444444444444446
tuna_2379g,0,tuna_main,2026-08-26 11:27:31.000000,19.916666666666668,9.75,9.192081814499803,0.0,9.75,2379.7,89.9,0.0,411.5,877.0,13.4,2553.2,2256.1,2256.1,123.59999999999991,0.05193932008236329,0.05042652435180887,1.0300000000000031,-2.4000000000033084,103.0038194444445,166.04618055555565,0.6203323623573596,0.49444444444444446
tuna_2379g,0,tuna_main,2026-08-26 11:27:36.000000,20.0,9.666666666666668,9.08646464646465,0.0,9.666666666666668,2379.7,90.1,0.0,412.5,880.0,13.4,2554.0,2256.9,2256.1,122.79999999999973,0.05160314325335115,0.05042652435180887,1.0233333333333348,-2.4000000000033084,103.57673611111117,166.04618055555565,0.6237827077055622,0.49444444444444446
tuna_2379g,0,tuna_main,2026-08-26 11:27:41.000000,20.083333333333332,9.583333333333336,9.014158576051784,0.0,9.583333333333336,2379.7,90.1,0.0,412.0,882.0,13.19,2553.2,2256.1,2256.05,123.59999999999991,0.05193932008236329,0.05042652435180887,1.0300000000000031,-2.40000000000058,104.1489583333334,166.04618055555565,0.6272288708169791,0.49444444444444446
tuna_2379g,0,tuna_main,2026-08-26 11:27:46.000000,20.166666666666668,9.5,8.925358803315145,0.0,9.5,2379.7,90.4,0.0,412.25,880.0,13.4,2552.9,2255.8,2255.95,123.89999999999964,0.052065386393242694,0.05042652435180887,1.0325000000000009,-2.40000000000058,104.72152777777784,166.04618055555565,0.6306771250467887,0.49444444444444446
tuna_2379g,0,tuna_main,2026-08-26 11:27:51.000000,20.25,9.416666666666668,8.852863792754508,0.0,9.416666666666668,2379.7,90.7,0.0,411.75,866.0,13.67,2553.8,2256.7000000000003,2255.8500000000004,122.99999999999955,0.05168718746060409,0.05042652435180887,1.0250000000000001,-2.099999999999446,105.29340277777784,166.04618055555565,0.6341211970398128,0.49444444444444446
tuna_2379g,0,tuna_main,2026-08-26 11:27:56.000000,20.333333333333332,9.333333333333336,8.764158576051784,0.0,9.333333333333336,2379.7,91.0,0.0,412.0,862.0,13.73,2552.7,2255.6,2255.8,124.09999999999991,0.05214943060049582,0.05042652435180887,1.0341666666666698,-1.7999999999983118,105.86562500000007,166.04618055555565,0.6375673601512297,0.49444444444444446
tuna_2379g,0,tuna_main,2026-08-26 11:28:01.000000,20.416666666666668,9.25,8.664900060569357,0.0,9.25,2379.7,91.3,0.0,412.75,858.0,13.81,2552.8,2255.7000000000003,2255.8,123.99999999999955,0.052107408496869165,0.05042652435180887,1.0333333333333334,-1.4999999999999831,106.43888888888895,166.04618055555565,0.6410197966178252,0.49444444444444446
tuna_2379g,0,tuna_main,2026-08-26 11:28:06.000000,20.5,9.166666666666668,8.586818181818185,0.0,9.166666666666668,2379.7,91.5,0.0,412.5,865.0,13.63,2553.0,2255.9,2255.75,123.79999999999973,0.05202336428961623,0.05042652435180887,1.0316666666666683,-1.2000000000043827,107.01180555555563,166.04618055555565,0.6444701419660277,0.49444444444444446
tuna_2379g,0,tuna_main,2026-08-26 11:28:11.000000,20.583333333333332,9.083333333333336,8.493089184826477,0.0,9.083333333333336,2379.7,91.1,0.0,413.0,875.0,13.49,2552.9,2255.8,2255.7000000000003,123.89999999999964,0.052065386393242694,0.05042652435180887,1.0325000000000009,-1.2000000000043571,107.58541666666673,166.04618055555565,0.647924669551016,0.49444444444444446
tuna_2379g,0,tuna_main,2026-08-26 11:28:16.000000,20.666666666666668,9.0,8.420050505050508,0.0,9.0,2379.7,91.2,0.0,412.5,870.0,13.57,2551.8,2254.7000000000003,2255.65,124.99999999999955,0.052527629533134244,0.05042652435180887,1.0416666666666667,-1.200000000001603,108.1583333333334,166.04618055555565,0.6513750148992186,0.49444444444444446
tuna_2379g,0,tuna_main,2026-08-26 11:28:21.000000,20.75,8.916666666666668,8.331617201695945,0.0,8.916666666666668,2379.7,91.4,0.0,412.75,858.0,13.9,2552.2,2255.1,2255.6,124.59999999999991,0.05235954111862837,0.05042652435180887,1.0383333333333364,-1.1999999999961717,108.73159722222229,166.04618055555565,0.654827451365814,0.49444444444444446
tuna_2379g,0,tuna_main,2026-08-26 11:28:26.000000,20.833333333333332,8.833333333333336,8.228147029204436,0.0,8.833333333333336,2379.7,91.5,0.0,413.75,871.0,13.53,2552.7,2255.6,2255.4,124.09999999999991,0.05214943060049582,0.05042652435180887,1.0341666666666698,-1.1999999999961717,109.30625000000006,166.04618055555565,0.6582882523059808,0.49444444444444446
tuna_2379g,0,tuna_main,2026-08-26 11:28:31.000000,20.916666666666668,8.75,8.154769106674737,0.0,8.75,2379.7,91.6,0.0,413.25,878.0,13.42,2552.8,2255.7000000000003,2255.15,123.99999999999955,0.052107408496869165,0.05042652435180887,1.0333333333333334,-1.1999999999961717,109.8802083333334,166.04618055555565,0.661744871009362,0.49444444444444446
tuna_2379g,0,tuna_main,2026-08-26 11:28:36.000000,21.0,8.666666666666668,8.086262626262629,0.0,8.666666666666668,2379.7,91.7,0.0,412.5,871.0,13.53,2551.9,2254.8,2255.05,124.89999999999964,0.05248560742950777,0.05042652435180887,1.0408333333333342,-1.1999999999961717,110.45312500000007,166.04618055555565,0.6651952163575645,0.49444444444444446
tuna_2379g,0,tuna_main,2026-08-26 11:28:41.000000,21.083333333333332,8.583333333333336,7.988253680177458,0.0,8.583333333333336,2379.7,91.9,0.0,413.25,865.0,13.96,2552.3,2255.2000000000003,2255.05,124.49999999999955,0.0523175190150017,0.05042652435180887,1.0375,-1.1999999999961717,111.02708333333341,166.04618055555565,0.6686518350609457,0.49444444444444446
tuna_2379g,0,tuna_main,2026-08-26 11:28:46.000000,21.166666666666668,8.5,7.900090689238214,0.0,8.5,2379.7,92.0,0.0,413.5,867.0,13.61,2551.5,2254.4,2254.95,125.29999999999973,0.05265369584401384,0.05042652435180887,1.0441666666666682,-1.1999999999961972,111.60138888888896,166.04618055555565,0.6721105448827197,0.49444444444444446
tuna_2379g,0,tuna_main,2026-08-26 11:28:51.000000,21.25,8.416666666666668,7.821536600120995,0.0,8.416666666666668,2379.7,92.1,0.0,413.25,863.0,13.75,2552.0,2254.9,2254.95,124.79999999999973,0.0524435853258813,0.05042652435180887,1.0400000000000016,-0.8999999999978301,112.1753472222223,166.04618055555565,0.6755671635861008,0.49444444444444446
tuna_2379g,0,tuna_main,2026-08-26 11:28:56.000000,21.333333333333332,8.333333333333336,7.719322067994369,0.0,8.333333333333336,2379.7,92.3,0.0,414.25,867.0,13.65,2551.2,2254.1,2254.8500000000004,125.59999999999991,0.05277976215489344,0.05042652435180887,1.0466666666666697,-0.8999999999978301,112.75069444444452,166.04618055555565,0.6790321467630533,0.49444444444444446
tuna_2379g,0,tuna_main,2026-08-26 11:29:01.000000,21.416666666666668,8.25,7.635988734661037,0.0,8.25,2379.7,92.6,0.0,414.25,878.0,13.42,2552.1,2255.0,2254.6000000000004,124.69999999999982,0.05240156322225483,0.05042652435180887,1.039166666666669,-0.8999999999978301,113.32604166666674,166.04618055555565,0.6824971299400059,0.49444444444444446
tuna_2379g,0,tuna_main,2026-08-26 11:29:06.000000,21.5,8.166666666666668,7.552655401327703,0.0,8.166666666666668,2379.7,92.9,0.0,414.25,878.0,13.42,2552.2,2255.1,2254.25,124.59999999999991,0.05235954111862837,0.05042652435180887,1.0383333333333364,-1.1999999999934687,113.90138888888896,166.04618055555565,0.6859621131169584,0.49444444444444446
tuna_2379g,0,tuna_main,2026-08-26 11:29:11.000000,21.583333333333332,8.083333333333336,7.473882850241549,0.0,8.083333333333336,2379.7,93.1,0.0,414.0,919.0,13.38,2550.3,2253.2000000000003,2254.25,126.49999999999955,0.05315796108753185,0.05042652435180887,1.0541666666666667,-0.8999999999978301,114.47638888888896,166.04618055555565,0.6894250051755181,0.49444444444444446
tuna_2379g,0,tuna_main,2026-08-26 11:29:16.000000,21.666666666666668,8.0,7.37703435804702,0.0,8.0,2379.7,93.3,0.0,414.75,878.0,13.44,2551.0,2253.9,2254.0,125.79999999999973,0.05286380636214638,0.05042652435180887,1.0483333333333351,-0.8999999999978301,115.05243055555563,166.04618055555565,0.6928941705892563,0.49444444444444446
tuna_2379g,0,tuna_main,2026-08-26 11:29:21.000000,21.75,7.916666666666668,7.302605109635891,0.0,7.916666666666668,2379.7,93.0,0.0,414.25,867.0,13.49,2550.2,2253.1,2254.0,126.59999999999991,0.05319998319115851,0.05042652435180887,1.055000000000003,-0.6000000000021913,115.62777777777785,166.04618055555565,0.6963591537662088,0.49444444444444446
tuna_2379g,0,tuna_main,2026-08-26 11:29:26.000000,21.833333333333332,7.833333333333336,7.206074297188759,0.0,7.833333333333336,2379.7,93.3,0.0,415.0,873.0,13.47,2550.6,2253.5,2254.0,126.19999999999982,0.05303189477665245,0.05042652435180887,1.051666666666669,-0.6000000000021913,116.20416666666674,166.04618055555565,0.6998304102983399,0.49444444444444446
tuna_2379g,0,tuna_main,2026-08-26 11:29:31.000000,21.916666666666668,7.75,7.122740963855426,0.0,7.75,2379.7,93.5,0.0,415.0,882.0,13.38,2550.1,2253.0,2253.8,126.69999999999982,0.05324200529478498,0.05042652435180887,1.0558333333333356,-0.6000000000021913,116.78055555555562,166.04618055555565,0.7033016668304709,0.49444444444444446
tuna_2379g,0,tuna_main,2026-08-26 11:29:36.000000,22.0,7.666666666666668,7.035119405980336,0.0,7.666666666666668,2379.7,93.7,0.0,415.25,874.0,13.34,2551.8,2254.7000000000003,2253.65,124.99999999999955,0.052527629533134244,0.05042652435180887,1.0416666666666667,-0.8999999999978301,117.35729166666674,166.04618055555565,0.7067750144809949,0.49444444444444446
tuna_2379g,0,tuna_main,2026-08-26 11:29:41.000000,22.083333333333332,7.583333333333336,6.951786072647002,0.0,7.583333333333336,2379.7,93.9,0.0,415.25,866.0,13.4,2550.8,2253.7000000000003,2253.55,125.99999999999955,0.05294785056939932,0.05042652435180887,1.05,-1.1999999999934687,117.93402777777786,166.04618055555565,0.7102483621315189,0.49444444444444446
tuna_2379g,0,tuna_main,2026-08-26 11:29:46.000000,22.166666666666668,7.5,6.872640562248999,0.0,7.5,2379.7,94.1,0.0,415.0,873.0,13.63,2551.7,2254.6,2253.55,125.09999999999991,0.0525696516367609,0.05042652435180887,1.042500000000003,-0.8999999999978301,118.51041666666674,166.04618055555565,0.71371961866365,0.49444444444444446
tuna_2379g,0,tuna_main,2026-08-26 11:29:51.000000,22.25,7.416666666666668,6.7810369033293245,0.0,7.416666666666668,2379.7,94.4,0.0,415.5,868.0,13.67,2552.0,2254.9,2253.3,124.79999999999973,0.0524435853258813,0.05042652435180887,1.0400000000000016,-0.8999999999978301,119.08750000000008,166.04618055555565,0.7171950574325667,0.49444444444444446
tuna_2379g,0,tuna_main,2026-08-26 11:29:56.000000,22.333333333333332,7.333333333333336,6.689553285256412,0.0,7.333333333333336,2379.7,94.0,0.0,416.0,874.0,14.49,2550.7,2253.6,2253.25,126.09999999999991,0.052989872673025976,0.05042652435180887,1.0508333333333364,-0.8999999999978301,119.66527777777786,166.04618055555565,0.7206746784382693,0.49444444444444446
tuna_2379g,0,tuna_main,2026-08-26 11:30:01.000000,22.416666666666668,7.25,6.598189275710287,0.0,7.25,2379.7,94.2,0.0,416.5,872.0,13.42,2550.1,2253.0,2253.0,126.69999999999982,0.05324200529478498,0.05042652435180887,1.0558333333333356,-1.1999999999961972,120.24375000000008,166.04618055555565,0.7241584816807574,0.49444444444444446
tuna_2379g,0,tuna_main,2026-08-26 11:30:06.000000,22.5,7.166666666666668,6.514855942376954,0.0,7.166666666666668,2379.7,94.4,0.0,416.5,885.0,13.22,2549.0,2251.9,2252.8,127.79999999999973,0.05370424843467653,0.05042652435180887,1.0650000000000017,-1.1999999999989257,120.8222222222223,166.04618055555565,0.7276422849232456,0.49444444444444446
tuna_2379g,0,tuna_main,2026-08-26 11:30:11.000000,22.583333333333332,7.083333333333336,6.431522609043622,0.0,7.083333333333336,2379.7,94.7,0.0,416.5,890.0,13.24,2549.5,2252.4,2252.5,127.29999999999973,0.05349413791654399,0.05042652435180887,1.060833333333335,-1.2000000000016287,121.40069444444451,166.04618055555565,0.7311260881657337,0.49444444444444446
tuna_2379g,0,tuna_main,2026-08-26 11:30:16.000000,22.666666666666668,7.0,6.359791541391065,0.0,7.0,2379.7,94.9,0.0,415.75,883.0,13.36,2548.5,2251.4,2252.5,128.29999999999973,0.05391435895280907,0.05042652435180887,1.0691666666666684,-1.2000000000016287,121.97812500000006,166.04618055555565,0.7346036180530433,0.49444444444444446
tuna_2379g,0,tuna_main,2026-08-26 11:30:21.000000,22.75,6.916666666666668,6.280284797432817,0.0,6.916666666666668,2379.7,95.1,0.0,415.5,878.0,13.51,2548.9,2251.8,2252.4,127.89999999999964,0.053746270538303,0.05042652435180887,1.0658333333333343,-1.2000000000016287,122.5552083333334,166.04618055555565,0.7380790568219601,0.49444444444444446
tuna_2379g,0,tuna_main,2026-08-26 11:30:26.000000,22.833333333333332,6.833333333333336,6.189403044871798,0.0,6.833333333333336,2379.7,95.3,0.0,416.0,874.0,13.47,2549.5,2252.4,2252.4,127.29999999999973,0.05349413791654399,0.05042652435180887,1.060833333333335,-1.1999999999989257,123.13298611111118,166.04618055555565,0.7415586778276626,0.49444444444444446
tuna_2379g,0,tuna_main,2026-08-26 11:30:31.000000,22.916666666666668,6.75,6.102352352352356,0.0,6.75,2379.7,95.5,0.0,416.25,879.0,13.45,2549.7,2252.6,2252.4,127.09999999999991,0.053410093709291055,0.05042652435180887,1.05916666666667,-1.1999999999989257,123.71111111111118,166.04618055555565,0.7450403899517579,0.49444444444444446
tuna_2379g,0,tuna_main,2026-08-26 11:30:36.000000,23.0,6.666666666666668,6.019019019019023,0.0,6.666666666666668,2379.7,95.1,0.0,416.25,882.0,13.38,2549.5,2252.4,2252.4,127.29999999999973,0.05349413791654399,0.05042652435180887,1.060833333333335,-1.1999999999961972,124.28923611111118,166.04618055555565,0.7485221020758532,0.49444444444444446
tuna_2379g,0,tuna_main,2026-08-26 11:30:41.000000,23.083333333333332,6.583333333333336,5.928464307138576,0.0,6.583333333333336,2379.7,95.3,0.0,416.75,887.0,13.19,2549.8,2252.7000000000003,2252.4,126.99999999999955,0.05336807160566439,0.05042652435180887,1.0583333333333333,-1.1999999999961972,124.86805555555563,166.04618055555565,0.7520079964367342,0.49444444444444446
tuna_2379g,0,tuna_main,2026-08-26 11:30:46.000000,23.166666666666668,6.5,5.845130973805242,0.0,6.5,2379.7,95.5,0.0,416.75,893.0,13.13,2548.8,2251.7000000000003,2252.3,127.99999999999955,0.05378829264192947,0.05042652435180887,1.0666666666666669,-1.1999999999961717,125.44687500000008,166.04618055555565,0.7554938907976153,0.49444444444444446
tuna_2379g,0,tuna_main,2026-08-26 11:30:51.000000,23.25,6.416666666666668,5.7547932893948515,0.0,6.416666666666668,2379.7,95.8,0.0,417.25,891.0,13.11,2549.3,2252.2000000000003,2252.4,127.49999999999955,0.05357818212379693,0.05042652435180887,1.0625000000000002,-1.1999999999961717,126.02638888888896,166.04618055555565,0.758983967395282,0.49444444444444446
tuna_2379g,0,tuna_main,2026-08-26 11:30:56.000000,23.333333333333332,6.333333333333336,5.671459956061518,0.0,6.333333333333336,2379.7,96.0,0.0,417.25,890.0,13.2,2550.1,2253.0,2252.4,126.69999999999982,0.05324200529478498,0.05042652435180887,1.0558333333333356,-0.9000000000005328,126.60590277777784,166.04618055555565,0.7624740439929487,0.49444444444444446
tuna_2379g,0,tuna_main,2026-08-26 11:31:01.000000,23.416666666666668,6.25,5.594931013797245,0.0,6.25,2379.7,96.1,0.0,416.75,882.0,13.26,2550.0,2252.9,2252.3500000000004,126.79999999999973,0.053284027398411454,0.05042652435180887,1.0566666666666684,-0.5999999999994501,127.18472222222229,166.04618055555565,0.7659599383538298,0.49444444444444446
tuna_2379g,0,tuna_main,2026-08-26 11:31:06.000000,23.5,6.166666666666668,5.511597680463911,0.0,6.166666666666668,2379.7,96.3,0.0,416.75,880.0,13.38,2548.5,2251.4,2252.3500000000004,128.29999999999973,0.05391435895280907,0.05042652435180887,1.0691666666666684,-0.29999999999835436,127.76354166666674,166.04618055555565,0.7694458327147108,0.49444444444444446
tuna_2379g,0,tuna_main,2026-08-26 11:31:11.000000,23.583333333333332,6.083333333333336,5.431572629051622,0.0,6.083333333333336,2379.7,96.5,0.0,416.5,880.0,13.38,2548.6,2251.5,2252.5,128.19999999999982,0.0538723368491826,0.05042652435180887,1.0683333333333358,-0.29999999999835436,128.34201388888897,166.04618055555565,0.772929635957199,0.49444444444444446
tuna_2379g,0,tuna_main,2026-08-26 11:31:16.000000,23.666666666666668,6.0,5.34823929571829,0.0,6.0,2379.7,96.1,0.0,416.5,880.0,13.75,2549.8,2252.7000000000003,2252.5,126.99999999999955,0.05336807160566439,0.05042652435180887,1.0583333333333333,0.0,128.9204861111112,166.04618055555565,0.7764134391996872,0.49444444444444446
tuna_2379g,0,tuna_main,2026-08-26 11:31:21.000000,23.75,5.916666666666668,5.264905962384957,0.0,5.916666666666668,2379.7,96.3,0.0,416.5,880.0,13.4,2549.4,2252.3,2252.75,127.39999999999964,0.05353616002017046,0.05042652435180887,1.0616666666666676,0.0,129.4989583333334,166.04618055555565,0.7798972424421753,0.49444444444444446
tuna_2379g,0,tuna_main,2026-08-26 11:31:26.000000,23.833333333333332,5.833333333333336,5.172109047333735,0.0,5.833333333333336,2379.7,96.5,0.0,417.25,889.0,13.26,2549.4,2252.3,2252.75,127.39999999999964,0.05353616002017046,0.05042652435180887,1.0616666666666676,0.0,130.0784722222223,166.04618055555565,0.7833873190398422,0.49444444444444446
tuna_2379g,0,tuna_main,2026-08-26 11:31:31.000000,23.916666666666668,5.75,5.085678642714572,0.0,5.75,2379.7,96.7,0.0,417.5,918.0,13.05,2550.3,2253.2000000000003,2252.65,126.49999999999955,0.05315796108753185,0.05042652435180887,1.0541666666666667,0.0,130.65833333333342,166.04618055555565,0.7868794867559017,0.49444444444444446
tuna_2379g,0,tuna_main,2026-08-26 11:31:36.000000,24.0,5.666666666666668,4.999301815280273,0.0,5.666666666666668,2379.7,96.9,0.0,417.75,897.0,13.07,2549.9,2252.8,2252.6,126.89999999999964,0.053326049502037925,0.05042652435180887,1.057500000000001,0.0,131.23854166666675,166.04618055555565,0.7903737455903541,0.49444444444444446
tuna_2379g,0,tuna_main,2026-08-26 11:31:41.000000,24.083333333333332,5.583333333333336,4.921959257040145,0.0,5.583333333333336,2379.7,97.1,0.0,417.25,895.0,13.07,2549.9,2252.8,2252.6,126.89999999999964,0.053326049502037925,0.05042652435180887,1.057500000000001,0.0,131.81805555555565,166.04618055555565,0.7938638221880209,0.49444444444444446
tuna_2379g,0,tuna_main,2026-08-26 11:31:46.000000,24.166666666666668,5.5,4.8474889955982405,0.0,5.5,2379.7,97.3,0.0,416.5,892.0,13.09,2550.4,2253.3,2252.6,126.39999999999964,0.05311593898390538,0.05042652435180887,1.0533333333333341,0.0,132.39652777777786,166.04618055555565,0.7973476254305091,0.49444444444444446
tuna_2379g,0,tuna_main,2026-08-26 11:31:51.000000,24.25,5.416666666666668,4.755442380667067,0.0,5.416666666666668,2379.7,97.5,0.0,417.25,885.0,13.22,2549.3,2252.2000000000003,2252.45,127.49999999999955,0.05357818212379693,0.05042652435180887,1.0625000000000002,0.0,132.97604166666676,166.04618055555565,0.8008377020281758,0.49444444444444446
tuna_2379g,0,tuna_main,2026-08-26 11:31:56.000000,24.333333333333332,5.333333333333336,4.674960031974419,0.0,5.333333333333336,2379.7,97.1,0.0,417.0,883.0,13.2,2549.7,2252.6,2252.45,127.09999999999991,0.053410093709291055,0.05042652435180887,1.05916666666667,0.0,133.55520833333344,166.04618055555565,0.8043256875074498,0.49444444444444446
tuna_2379g,0,tuna_main,2026-08-26 11:32:01.000000,24.416666666666668,5.25,4.591626698641083,0.0,5.25,2379.7,97.2,0.0,417.0,883.0,13.34,2549.7,2252.6,2252.4,127.09999999999991,0.053410093709291055,0.05042652435180887,1.05916666666667,0.0,134.13437500000012,166.04618055555565,0.8078136729867238,0.49444444444444446
tuna_2379g,0,tuna_main,2026-08-26 11:32:06.000000,24.5,5.166666666666668,4.51104779044191,0.0,5.166666666666668,2379.7,97.4,0.0,416.75,887.0,13.26,2548.9,2251.8,2252.1000000000004,127.89999999999964,0.053746270538303,0.05042652435180887,1.0658333333333343,0.0,134.71319444444455,166.04618055555565,0.8112995673476047,0.49444444444444446
tuna_2379g,0,tuna_main,2026-08-26 11:32:11.000000,24.583333333333332,5.083333333333336,4.422308767725181,0.0,5.083333333333336,2379.7,97.5,0.0,417.25,892.0,13.13,2549.1,2252.0,2252.0,127.69999999999982,0.05366222633105006,0.05042652435180887,1.0641666666666691,0.0,135.29270833333345,166.04618055555565,0.8147896439452715,0.49444444444444446
tuna_2379g,0,tuna_main,2026-08-26 11:32:16.000000,24.666666666666668,5.0,4.333682425693195,0.0,5.0,2379.7,97.7,0.0,417.75,893.0,13.11,2549.0,2251.9,2251.95,127.79999999999973,0.05370424843467653,0.05042652435180887,1.0650000000000017,0.0,135.87291666666678,166.04618055555565,0.818283902779724,0.49444444444444446
tuna_2379g,0,tuna_main,2026-08-26 11:32:21.000000,24.75,4.916666666666668,4.2529441117764435,0.0,4.916666666666668,2379.7,97.9,0.0,417.5,895.0,13.07,2548.5,2251.4,2251.95,128.29999999999973,0.05391435895280907,0.05042652435180887,1.0691666666666684,0.0,136.4527777777779,166.04618055555565,0.8217760704957835,0.49444444444444446
tuna_2379g,0,tuna_main,2026-08-26 11:32:26.000000,24.833333333333332,4.833333333333336,4.16961077844311,0.0,4.833333333333336,2379.7,98.1,0.0,417.5,905.0,12.92,2548.7,2251.6,2251.9,128.0999999999999,0.05383031474555613,0.05042652435180887,1.0675000000000032,0.0,137.032638888889,166.04618055555565,0.8252682382118431,0.49444444444444446
tuna_2379g,0,tuna_main,2026-08-26 11:32:31.000000,24.916666666666668,4.75,4.083782166367441,0.0,4.75,2379.7,98.2,0.0,417.75,906.0,12.91,2549.0,2251.9,2251.9,127.79999999999973,0.05370424843467653,0.05042652435180887,1.0650000000000017,0.0,137.61284722222234,166.04618055555565,0.8287624970462956,0.49444444444444446
tuna_2379g,0,tuna_main,2026-08-26 11:32:36.000000,25.0,4.666666666666668,4.000448833034108,0.0,4.666666666666668,2379.7,98.4,0.0,417.75,912.0,12.85,2549.1,2252.0,2251.9,127.69999999999982,0.05366222633105006,0.05042652435180887,1.0641666666666691,0.0,138.19305555555567,166.04618055555565,0.8322567558807479,0.49444444444444446
tuna_2379g,0,tuna_main,2026-08-26 11:32:41.000000,25.083333333333332,4.583333333333336,3.917115499700775,0.0,4.583333333333336,2379.7,98.5,0.0,417.75,911.0,12.82,2548.8,2251.7000000000003,2251.95,127.99999999999955,0.05378829264192947,0.05042652435180887,1.0666666666666669,0.0,138.773263888889,166.04618055555565,0.8357510147152003,0.49444444444444446
tuna_2379g,0,tuna_main,2026-08-26 11:32:46.000000,25.166666666666668,4.5,3.836127744510975,0.0,4.5,2379.7,98.1,0.0,417.5,915.0,12.82,2549.7,2252.6,2251.9,127.09999999999991,0.053410093709291055,0.05042652435180887,1.05916666666667,0.0,139.35312500000012,166.04618055555565,0.83924318243126,0.49444444444444446
tuna_2379g,0,tuna_main,2026-08-26 11:32:51.000000,25.25,4.416666666666668,3.7504987033712314,0.0,4.416666666666668,2379.7,98.3,0.0,417.75,912.0,12.83,2548.5,2251.4,2251.9,128.29999999999973,0.05391435895280907,0.05042652435180887,1.0691666666666684,0.0,139.93333333333345,166.04618055555565,0.8427374412657124,0.49444444444444446
tuna_2379g,0,tuna_main,2026-08-26 11:32:56.000000,25.333333333333332,4.333333333333336,3.6739108713029527,0.0,4.333333333333336,2379.7,98.5,0.0,417.0,912.0,12.8,2549.6,2252.5,2251.95,127.19999999999982,0.05345211581291752,0.05042652435180887,1.0600000000000025,0.0,140.51250000000013,166.04618055555565,0.8462254267449864,0.49444444444444446
tuna_2379g,0,tuna_main,2026-08-26 11:33:01.000000,25.416666666666668,4.25,3.5883762732174893,0.0,4.25,2379.7,98.5,0.0,417.25,906.0,13.13,2549.4,2252.3,2252.0,127.39999999999964,0.05353616002017046,0.05042652435180887,1.0616666666666676,0.0,141.09201388888903,166.04618055555565,0.8497155033426531,0.49444444444444446
tuna_2379g,0,tuna_main,2026-08-26 11:33:06.000000,25.5,4.166666666666668,3.5115046018407305,0.0,4.166666666666668,2379.7,98.7,0.0,416.5,883.0,13.11,2549.1,2252.0,2252.05,127.69999999999982,0.05366222633105006,0.05042652435180887,1.0641666666666691,0.0,141.67048611111125,166.04618055555565,0.8531993065851412,0.49444444444444446
tuna_2379g,0,tuna_main,2026-08-26 11:33:11.000000,25.583333333333332,4.083333333333336,3.4260647870425873,0.0,4.083333333333336,2379.7,98.9,0.0,416.75,898.0,13.05,2548.9,2251.8,2252.2,127.89999999999964,0.053746270538303,0.05042652435180887,1.0658333333333343,0.0,142.24930555555568,166.04618055555565,0.8566852009460222,0.49444444444444446
tuna_2379g,0,tuna_main,2026-08-26 11:33:16.000000,25.666666666666668,4.0,3.344787915166063,0.0,4.0,2379.7,99.0,0.0,416.5,891.0,13.04,2549.0,2251.9,2252.2,127.79999999999973,0.05370424843467653,0.05042652435180887,1.0650000000000017,0.0,142.8277777777779,166.04618055555565,0.8601690041885104,0.49444444444444446
tuna_2379g,0,tuna_main,2026-08-26 11:33:21.000000,25.75,3.916666666666668,3.257444044764183,0.0,3.916666666666668,2379.7,99.2,0.0,417.0,910.0,12.98,2549.2,2252.1,2252.05,127.59999999999991,0.05362020422742359,0.05042652435180887,1.0633333333333366,0.0,143.40694444444458,166.04618055555565,0.8636569896677844,0.49444444444444446
tuna_2379g,0,tuna_main,2026-08-26 11:33:26.000000,25.833333333333332,3.8333333333333357,3.174110711430848,0.0,3.8333333333333357,2379.7,99.3,0.0,417.0,911.0,12.8,2550.3,2253.2000000000003,2252.05,126.49999999999955,0.05315796108753185,0.05042652435180887,1.0541666666666667,0.0,143.98611111111126,166.04618055555565,0.8671449751470582,0.49444444444444446
tuna_2379g,0,tuna_main,2026-08-26 11:33:31.000000,25.916666666666668,3.75,3.088875574196117,0.0,3.75,2379.7,99.5,0.0,417.25,930.0,12.51,2549.5,2252.4,2251.95,127.29999999999973,0.05349413791654399,0.05042652435180887,1.060833333333335,0.0,144.56562500000015,166.04618055555565,0.8706350517447251,0.49444444444444446
tuna_2379g,0,tuna_main,2026-08-26 11:33:36.000000,26.0,3.666666666666668,3.009248150369919,0.0,3.666666666666668,2379.7,99.0,0.0,416.75,929.0,12.5,2550.0,2252.9,2251.95,126.79999999999973,0.053284027398411454,0.05042652435180887,1.0566666666666684,0.0,145.1444444444446,166.04618055555565,0.874120946105606,0.49444444444444446
tuna_2379g,0,tuna_main,2026-08-26 11:33:41.000000,26.083333333333332,3.5833333333333357,2.9259148170365874,0.0,3.5833333333333357,2379.7,99.1,0.0,416.75,929.0,12.48,2549.0,2251.9,2252.0,127.79999999999973,0.05370424843467653,0.05042652435180887,1.0650000000000017,0.0,145.72326388888902,166.04618055555565,0.877606840466487,0.49444444444444446
tuna_2379g,0,tuna_main,2026-08-26 11:33:46.000000,26.166666666666668,3.5,2.840827338129489,0.0,3.5,2379.7,99.3,0.0,417.0,940.0,12.29,2548.5,2251.4,2252.25,128.29999999999973,0.05391435895280907,0.05042652435180887,1.0691666666666684,0.0,146.3024305555557,166.04618055555565,0.8810948259457609,0.49444444444444446
tuna_2379g,0,tuna_main,2026-08-26 11:33:51.000000,26.25,3.416666666666668,2.7557918913520982,0.0,3.416666666666668,2379.7,99.5,0.0,417.25,944.0,12.24,2548.2,2251.1,2252.6000000000004,128.5999999999999,0.054040425263688664,0.05042652435180887,1.0716666666666699,0.0,146.8819444444446,166.04618055555565,0.8845849025434277,0.49444444444444446
tuna_2379g,0,tuna_main,2026-08-26 11:33:56.000000,26.333333333333332,3.3333333333333357,2.689069720715281,0.0,3.3333333333333357,2379.7,99.6,0.0,414.75,946.0,12.09,2548.7,2251.6,2252.6000000000004,128.0999999999999,0.05383031474555613,0.05042652435180887,1.0675000000000032,0.0,147.45798611111127,166.04618055555565,0.888054067957166,0.49444444444444446
tuna_2379g,0,tuna_main,2026-08-26 11:34:01.000000,26.416666666666668,3.25,2.630271695052709,0.0,3.25,2379.7,99.7,0.0,411.0,974.0,12.24,2549.9,2252.8,2252.3,126.89999999999964,0.053326049502037925,0.05042652435180887,1.057500000000001,0.0,148.0288194444446,166.04618055555565,0.8914918665950115,0.49444444444444446
tuna_2379g,0,tuna_main,2026-08-26 11:34:06.000000,26.5,3.166666666666668,2.580971452043531,0.0,3.166666666666668,2379.7,99.8,0.0,405.75,940.0,12.32,2551.0,2253.9,2252.5,125.79999999999973,0.05286380636214638,0.05042652435180887,1.0483333333333351,0.0,148.59236111111127,166.04618055555565,0.8948857517466071,0.49444444444444446
tuna_2379g,0,tuna_main,2026-08-26 11:34:11.000000,26.583333333333332,3.0833333333333357,2.5314710778193814,0.0,3.0833333333333357,2379.7,99.8,0.0,400.5,944.0,12.06,2550.9,2253.8,2252.5,125.89999999999964,0.052905828465772846,0.05042652435180887,1.0491666666666675,0.0,149.14861111111128,166.04618055555565,0.8982357234119529,0.49444444444444446
tuna_2379g,0,tuna_main,2026-08-26 11:34:16.000000,26.666666666666668,3.0,2.489900592216572,0.0,3.0,2379.7,99.9,0.0,394.0,935.0,12.29,2550.6,2253.5,2253.15,126.19999999999982,0.05303189477665245,0.05042652435180887,1.051666666666669,0.0,149.6958333333335,166.04618055555565,0.9015313259990846,0.49444444444444446
tuna_2379g,0,tuna_main,2026-08-26 11:34:21.000000,26.75,2.916666666666668,2.4434427988838707,0.0,2.916666666666668,2379.7,100.0,0.0,388.25,944.0,12.24,2549.3,2252.2000000000003,2253.5,127.49999999999955,0.05357818212379693,0.05042652435180887,1.0625000000000002,0.0,150.2350694444446,166.04618055555565,0.9047788328631806,0.49444444444444446
tuna_2379g,0,tuna_main,2026-08-26 11:34:26.000000,26.833333333333332,2.8333333333333357,2.396840958605654,0.0,2.8333333333333357,2379.7,100.0,0.0,382.5,951.0,12.39,2548.6,2251.5,2253.65,128.19999999999982,0.0538723368491826,0.05042652435180887,1.0683333333333358,0.2999999999983672,150.7663194444446,166.04618055555565,0.9079782440042412,0.49444444444444446
tuna_2379g,0,tuna_main,2026-08-26 11:34:31.000000,26.916666666666668,2.75,2.3420414462081016,0.0,2.75,2379.7,100.0,0.0,378.0,938.0,12.41,2550.6,2253.5,2253.8500000000004,126.19999999999982,0.05303189477665245,0.05042652435180887,1.051666666666669,0.5999999999967344,151.2913194444446,166.04618055555565,0.9111400150142306,0.49444444444444446
tuna_2379g,0,tuna_main,2026-08-26 11:34:36.000000,27.0,2.666666666666668,2.2727323131514647,0.0,2.666666666666668,2379.7,100.0,0.0,375.75,939.0,12.24,2552.9,2255.8,2253.95,123.89999999999964,0.052065386393242694,0.05042652435180887,1.0325000000000009,0.5999999999994501,151.8131944444446,166.04618055555565,0.9142829659586841,0.49444444444444446
tuna_2379g,0,tuna_main,2026-08-26 11:34:41.000000,27.083333333333332,2.5833333333333357,2.200033422459882,0.0,2.5833333333333357,2379.7,100.0,0.0,374.0,950.0,12.21,2552.2,2255.1,2254.55,124.59999999999991,0.05235954111862837,0.05042652435180887,1.0383333333333364,0.6000000000021786,152.33263888888905,166.04618055555565,0.9174112790743878,0.49444444444444446
tuna_2379g,0,tuna_main,2026-08-26 11:34:46.000000,27.166666666666668,2.5,2.1240778001341276,0.0,2.5,2379.7,99.9,0.0,372.75,941.0,12.31,2551.1,2254.0,2255.3,125.69999999999982,0.05282178425851991,0.05042652435180887,1.0475000000000023,0.6000000000021913,152.85034722222238,166.04618055555565,0.9205291365981272,0.49444444444444446
tuna_2379g,0,tuna_main,2026-08-26 11:34:51.000000,27.25,2.416666666666668,2.0450268817204176,0.0,2.416666666666668,2379.7,99.9,0.0,372.0,921.0,12.55,2553.2,2256.1,2255.6000000000004,123.59999999999991,0.05193932008236329,0.05042652435180887,1.0300000000000031,0.8999999999978301,153.36701388888906,166.04618055555565,0.9236407207666881,0.49444444444444446
tuna_2379g,0,tuna_main,2026-08-26 11:34:56.000000,27.333333333333332,2.3333333333333357,1.9575788061703432,0.0,2.3333333333333357,2379.7,99.9,0.0,372.75,940.0,12.85,2555.0,2257.9,2255.75,121.79999999999973,0.05118292221708608,0.05042652435180887,1.0150000000000015,1.4999999999945643,153.8847222222224,166.04618055555565,0.9267585782904275,0.49444444444444446
tuna_2379g,0,tuna_main,2026-08-26 11:35:01.000000,27.416666666666668,2.25,1.8755592841163184,0.0,2.25,2379.7,99.9,0.0,372.5,937.0,12.39,2553.4,2256.3,2255.8500000000004,123.39999999999964,0.05185527587511016,0.05042652435180887,1.0283333333333342,1.4999999999999956,154.4020833333335,166.04618055555565,0.9298743446957741,0.49444444444444446
tuna_2379g,0,tuna_main,2026-08-26 11:35:06.000000,27.5,2.166666666666668,1.7998090745732118,0.0,2.166666666666668,2379.7,99.8,0.0,371.0,928.0,12.48,2552.6,2255.5,2256.0,124.19999999999982,0.052191452704122294,0.05042652435180887,1.0350000000000024,1.79999999999566,154.9173611111113,166.04618055555565,0.9329775643907636,0.49444444444444446
tuna_2379g,0,tuna_main,2026-08-26 11:35:11.000000,27.583333333333332,2.0833333333333357,1.7286861148801314,0.0,2.0833333333333357,2379.7,99.8,0.0,368.5,939.0,12.53,2552.8,2255.7000000000003,2256.1,123.99999999999955,0.052107408496869165,0.05042652435180887,1.0333333333333334,1.4999999999999956,155.42916666666684,166.04618055555565,0.9360598729018246,0.49444444444444446
tuna_2379g,0,tuna_main,2026-08-26 11:35:16.000000,27.666666666666668,2.0,1.6643232738911624,0.0,2.0,2379.7,99.7,0.0,364.5,945.0,12.21,2553.0,2255.9,2256.2,123.79999999999973,0.05202336428961623,0.05042652435180887,1.0316666666666683,1.4999999999999956,155.93541666666684,166.04618055555565,0.9391087235186,0.49444444444444446
tuna_2379g,0,tuna_main,2026-08-26 11:35:21.000000,27.75,1.9166666666666679,1.6017939814814686,0.0,1.9166666666666679,2379.7,99.7,0.0,360.0,939.0,12.36,2554.0,2256.9,2256.3500000000004,122.79999999999973,0.05160314325335115,0.05042652435180887,1.0233333333333348,1.79999999999566,156.43541666666684,166.04618055555565,0.942119934004304,0.49444444444444446
tuna_2379g,0,tuna_main,2026-08-26 11:35:26.000000,27.833333333333332,1.8333333333333357,1.5375966268446812,0.0,1.8333333333333357,2379.7,99.6,0.0,355.75,935.0,12.36,2553.2,2256.1,2256.6000000000004,123.59999999999991,0.05193932008236329,0.05042652435180887,1.0300000000000031,1.7999999999983884,156.92951388888906,166.04618055555565,0.9450955954773297,0.49444444444444446
tuna_2379g,0,tuna_main,2026-08-26 11:35:31.000000,27.916666666666668,1.75,1.47507122507121,0.0,1.75,2379.7,99.5,0.0,351.0,935.0,12.41,2553.9,2256.8,2256.6000000000004,122.89999999999964,0.05164516535697762,0.05042652435180887,1.0241666666666676,1.7999999999983884,157.41701388888907,166.04618055555565,0.9480315257008912,0.49444444444444446
tuna_2379g,0,tuna_main,2026-08-26 11:35:36.000000,28.0,1.6666666666666679,1.4130539499036456,0.0,1.6666666666666679,2379.7,99.4,0.0,346.0,929.0,12.5,2555.0,2257.9,2256.8500000000004,121.79999999999973,0.05118292221708608,0.05042652435180887,1.0150000000000015,1.8000000000038454,157.89756944444463,166.04618055555565,0.9509256335565957,0.49444444444444446
tuna_2379g,0,tuna_main,2026-08-26 11:35:41.000000,28.083333333333332,1.5833333333333357,1.3546568627450815,0.0,1.5833333333333357,2379.7,99.3,0.0,340.0,935.0,12.34,2554.5,2257.4,2257.1000000000004,122.29999999999973,0.05139303273521861,0.05042652435180887,1.019166666666668,2.1000000000022125,158.36979166666686,166.04618055555565,0.9537695545708718,0.49444444444444446
tuna_2379g,0,tuna_main,2026-08-26 11:35:46.000000,28.166666666666668,1.5,1.2925690814040163,0.0,1.5,2379.7,99.1,0.0,334.75,970.0,11.97,2553.5,2256.4,2257.3500000000004,123.29999999999973,0.05181325377148369,0.05042652435180887,1.0275000000000016,2.1000000000022125,158.8347222222224,166.04618055555565,0.956569562098898,0.49444444444444446
tuna_2379g,0,tuna_main,2026-08-26 11:35:51.000000,28.25,1.4166666666666679,1.2318262411347347,0.0,1.4166666666666679,2379.7,99.5,0.0,329.0,958.0,11.99,2554.4,2257.3,2257.65,122.39999999999964,0.051435054838845085,0.05042652435180887,1.020000000000001,2.1000000000022125,159.29166666666686,166.04618055555565,0.9593214739038886,0.49444444444444446
tuna_2379g,0,tuna_main,2026-08-26 11:35:56.000000,28.333333333333332,1.3333333333333357,1.1675025720164456,0.0,1.3333333333333357,2379.7,99.4,0.0,324.0,958.0,11.99,2555.4,2258.3,2258.1000000000004,121.39999999999964,0.051014833802580005,0.05042652435180887,1.0116666666666674,2.400000000000529,159.74166666666684,166.04618055555565,0.9620315633410222,0.49444444444444446
tuna_2379g,0,tuna_main,2026-08-26 11:36:01.000000,28.416666666666668,1.25,1.104330193615895,0.0,1.25,2379.7,99.2,0.0,318.5,955.0,12.04,2555.5,2258.4,2258.3500000000004,121.29999999999973,0.05097281169895354,0.05042652435180887,1.0108333333333348,2.7000000000015603,160.18402777777794,166.04618055555565,0.964695648173513,0.49444444444444446
tuna_2379g,0,tuna_main,2026-08-26 11:36:06.000000,28.5,1.1666666666666679,1.0368232484076318,0.0,1.1666666666666679,2379.7,99.0,0.0,314.0,973.0,11.75,2555.9,2258.8,2258.6000000000004,120.89999999999964,0.05080472328444747,0.05042652435180887,1.0075000000000007,2.9999999999999147,160.62013888888904,166.04618055555565,0.9673220928749326,0.49444444444444446
tuna_2379g,0,tuna_main,2026-08-26 11:36:11.000000,28.583333333333332,1.0833333333333357,0.9702669902912489,0.0,1.0833333333333357,2379.7,98.7,0.0,309.0,976.0,11.72,2556.3,2259.2000000000003,2259.0,120.49999999999955,0.0506366348699414,0.05042652435180887,1.0041666666666667,2.9999999999999787,161.04930555555572,166.04618055555565,0.9699067152084954,0.49444444444444446
tuna_2379g,0,tuna_main,2026-08-26 11:36:16.000000,28.666666666666668,1.0,0.9028919956140227,1.999999999998181,1.999999999998181,2379.7,98.5,0.0,304.0,1002.0,11.32,2556.9,2259.8,2259.0,119.89999999999964,0.050384502248182396,0.05042652435180887,0.9991666666666674,2.9999999999999147,161.47152777777794,166.04618055555565,0.972449515174201,0.49444444444444446
tuna_2379g,0,tuna_main,2026-08-26 11:36:21.000000,28.75,0.9166666666666679,0.8338902812586885,11.999999999998181,11.999999999998181,2379.7,98.2,0.0,299.25,990.0,11.5,2557.4,2260.3,2259.0,119.39999999999964,0.05017439173004986,0.05042652435180887,0.9950000000000008,2.7000000000015603,161.88715277777794,166.04618055555565,0.9749525838904426,0.49444444444444446
tuna_2379g,0,tuna_main,2026-08-26 11:36:26.000000,28.833333333333332,0.8333333333333357,0.7640067911714654,10.0,10.0,2379.7,98.0,0.0,294.5,986.0,11.62,2557.3,2260.2000000000003,2259.0,119.49999999999955,0.050216413833676324,0.05042652435180887,0.9958333333333332,2.7000000000015603,162.2961805555557,166.04618055555565,0.9774159213572199,0.49444444444444446
tuna_2379g,0,tuna_main,2026-08-26 11:36:31.000000,28.916666666666668,0.75,0.6938687392055142,13.999999999996362,13.999999999996362,2379.7,98.3,0.0,289.5,979.0,11.72,2557.5,2260.4,2259.0,119.29999999999973,0.05013236962642339,0.05042652435180887,0.9941666666666681,2.4000000000032444,162.69826388888904,166.04618055555565,0.9798374364561402,0.49444444444444446
tuna_2379g,0,tuna_main,2026-08-26 11:36:36.000000,29.0,0.6666666666666679,0.6221100380450589,5.999999999994543,0.0,2379.7,98.0,0.0,284.75,979.0,11.72,2557.1,2260.0,2259.0,119.69999999999982,0.050300458040929454,0.05042652435180887,0.9975000000000022,2.4000000000032444,163.09375000000014,166.04618055555565,0.9822192203055964,0.49444444444444446
tuna_2379g,0,tuna_main,2026-08-26 11:36:41.000000,29.083333333333332,0.5833333333333357,0.5487659827534856,0.0,0.0,2379.7,97.7,0.0,280.25,975.0,11.72,2555.5,2258.4,2259.4,121.29999999999973,0.05097281169895354,0.05042652435180887,1.0108333333333348,2.4000000000032444,163.48298611111125,166.04618055555565,0.9845633640239811,0.49444444444444446
tuna_2379g,0,tuna_main,2026-08-26 11:36:46.000000,29.166666666666668,0.5,0.4743880326382515,0.0,0.0,2379.7,97.4,0.0,275.75,969.0,11.86,2555.7,2258.6,2259.7,121.09999999999991,0.0508887674917006,0.05042652435180887,1.0091666666666697,2.4000000000032444,163.86597222222235,166.04618055555565,0.9868698676112948,0.49444444444444446
tuna_2379g,0,tuna_main,2026-08-26 11:36:51.000000,29.25,0.41666666666666785,0.3980374118368534,0.0,0.0,2379.7,97.0,0.0,271.75,958.0,11.99,2554.9,2257.8,2259.65,121.89999999999964,0.05122494432071255,0.05042652435180887,1.015833333333334,1.800000000001117,164.2434027777779,166.04618055555565,0.9891429133043227,0.49444444444444446
tuna_2379g,0,tuna_main,2026-08-26 11:36:56.000000,29.333333333333332,0.3333333333333357,0.32065048241518435,0.0,0.0,2379.7,97.4,0.0,267.75,950.0,12.07,2555.3,2258.2000000000003,2259.6,121.49999999999955,0.051056855906206476,0.05042652435180887,1.0125,1.800000000001117,164.6152777777779,166.04618055555565,0.991382501103065,0.49444444444444446
tuna_2379g,0,tuna_main,2026-08-26 11:37:01.000000,29.416666666666668,0.25,0.2424889310562919,0.0,0.0,2379.7,97.0,0.0,263.5,949.0,12.19,2555.8,2258.7000000000003,2259.15,120.99999999999955,0.05084674538807394,0.05042652435180887,1.0083333333333333,1.800000000001117,164.9812500000001,166.04618055555565,0.9935865398891289,0.49444444444444446
tuna_2379g,0,tuna_main,2026-08-26 11:37:06.000000,29.5,0.16666666666666785,0.1631308261009329,0.0,0.0,2379.7,96.6,0.0,259.25,949.0,12.14,2556.7,2259.6,2258.7000000000003,120.09999999999991,0.050468546455435526,0.05042652435180887,1.0008333333333364,1.5000000000027498,165.34131944444454,166.04618055555565,0.9957550296625144,0.49444444444444446
tuna_2379g,0,tuna_main,2026-08-26 11:37:11.000000,29.583333333333332,0.0833333333333357,0.08202997719126737,7.999999999992724,0.0,2379.7,96.3,0.0,255.75,945.0,12.24,2557.2,2260.1,2258.65,119.59999999999991,0.05025843593730299,0.05042652435180887,0.9966666666666697,1.500000000002724,165.69652777777787,166.04618055555565,0.9978942437784,0.49444444444444446
tuna_2379g,0,tuna_main,2026-08-26 11:37:16.000000,29.666666666666668,0.0,0.0,0.0,0.0,2379.7,96.4,0.0,251.75,943.0,12.24,2556.8,2259.7000000000003,2258.7000000000003,119.99999999999955,0.05042652435180887,0.05042652435180887,1.0,1.2000000000043698,166.04618055555565,166.04618055555565,1.0,0.49444444444444446
tuna_synth_800g,1,synth,2099-01-01 00:00:00.000000,0.0,12.402892314209602,52.06482042007655,2400.0,2400.0,800.0,32.0,81.8,32.0,1088.0,10.12,800.0,800.0,798.1000000000004,0.0,0.0,0.15,0.0,0.0,0.0,69.41976056010206,0.0,0.20671487190349336
tuna_synth_800g,1,synth,2099-01-01 00:00:02.090375,0.03483958515227416,12.368052729057327,52.05088458601564,2364.0000000000055,2364.0000000000055,800.0,32.1,81.7,32.0,1072.0,10.35,798.2000000000003,798.2000000000003,798.1000000000004,1.7999999999997272,0.002249999999999659,0.15,0.014999999999997727,0.0,0.018581112081212887,69.41976056010206,0.000267663154284806,0.20671487190349336
tuna_synth_800g,1,synth,2099-01-01 00:00:04.180750,0.06967917030454832,12.333213143905054,52.03683987825112,2362.0000000000073,2362.0000000000073,800.0,32.1,81.7,32.25,1072.0,10.57,798.1000000000004,798.1000000000004,798.1000000000004,1.8999999999996362,0.0023749999999995454,0.15,0.015833333333330302,0.0,0.03730738910056025,69.41976056010206,0.000537417426962462,0.20671487190349336
tuna_synth_800g,1,synth,2099-01-01 00:00:06.271125,0.10451875545682249,12.298373558752779,52.02268629678301,2362.0000000000073,2362.0000000000073,800.0,32.1,81.7,32.5,1041.0,10.76,798.1000000000004,798.1000000000004,798.1000000000004,1.8999999999996362,0.0023749999999995454,0.15,0.015833333333330302,0.0,0.056178831058042084,69.41976056010206,0.000809262818032968,0.20671487190349336
tuna_synth_800g,1,synth,2099-01-01 00:00:08.361500,0.13935834060909663,12.263533973600506,52.008968210129304,2362.0000000000073,2362.0000000000073,800.0,32.2,81.7,31.5,1023.0,11.01,798.1000000000004,798.1000000000004,798.1000000000004,1.8999999999996362,0.0023749999999995454,0.15,0.015833333333330302,0.0,0.07446961326298603,69.41976056010206,0.001072743735532074,0.20671487190349336
tuna_synth_800g,1,synth,2099-01-01 00:00:10.451876,0.17419792576137083,12.22869438844823,51.995358997179196,2362.0000000000073,2362.0000000000073,800.0,32.2,81.6,31.25,1011.0,11.19,798.1000000000004,798.1000000000004,798.1000000000004,1.8999999999996362,0.0023749999999995454,0.15,0.015833333333330302,0.0,0.09261523052979548,69.41976056010206,0.0013341335346383296,0.20671487190349336
tuna_synth_800g,1,synth,2099-01-01 00:00:12.542251,0.20903751091364497,12.193854803295958,51.98142316311829,2358.000000000002,2358.000000000002,800.0,32.3,81.6,32.0,1001.0,11.33,797.9000000000001,797.9000000000001,798.0000000000002,2.099999999999909,0.002624999999999886,0.15,0.017499999999999242,0.0,0.11119634261100837,69.41976056010206,0.0016017966889231357,0.20671487190349336
tuna_synth_800g,1,synth,2099-01-01 00:00:14.632626,0.24387709606591915,12.159015218143683,51.967813950168185,2358.000000000002,2358.000000000002,800.0,32.4,81.5,31.25,991.0,11.52,797.9000000000001,797.9000000000001,797.9000000000001,2.099999999999909,0.002624999999999886,0.15,0.017499999999999242,0.0,0.12934195987781782,69.41976056010206,0.0018631864880293914,0.20671487190349336
tuna_synth_800g,1,synth,2099-01-01 00:00:16.723001,0.27871668121819326,12.124175632991408,51.954095863514475,2358.000000000002,2358.000000000002,800.0,32.4,81.5,31.5,981.0,11.69,797.9000000000001,797.9000000000001,797.9000000000001,2.099999999999909,0.002624999999999886,0.15,0.017499999999999242,0.0,0.14763274208276178,69.41976056010206,0.0021266674055284976,0.20671487190349336
tuna_synth_800g,1,synth,2099-01-01 00:00:18.813376,0.31355626637046746,12.089336047839135,51.94026890315717,2358.000000000002,2358.000000000002,800.0,32.5,81.4,31.75,972.0,11.8,797.9000000000001,797.9000000000001,797.9000000000001,2.099999999999909,0.002624999999999886,0.15,0.017499999999999242,0.0,0.1660686892258402,69.41976056010206,0.0023922394414204536,0.20671487190349336
tuna_synth_800g,1,synth,2099-01-01 00:00:20.903751,0.34839585152274166,12.05449646268686,51.92644194279986,2358.000000000002,2358.000000000002,800.0,32.5,81.3,31.75,963.0,11.97,797.9000000000001,797.9000000000001,797.9000000000001,2.099999999999909,0.002624999999999886,0.15,0.017499999999999242,0.0,0.1845046363689186,69.41976056010206,0.002657811477312409,0.20671487190349336
tuna_synth_800g,1,synth,2099-01-01 00:00:22.994126,0.38323543667501575,12.019656877534587,51.91261498244254,2358.000000000002,2358.000000000002,800.0,32.5,81.1,31.75,950.0,12.12,797.9000000000001,797.9000000000001,797.9000000000001,2.099999999999909,0.002624999999999886,0.15,0.017499999999999242,0.0,0.202940583511997,69.41976056010206,0.002923383513204365,0.20671487190349336
tuna_synth_800g,1,synth,2099-01-01 00:00:25.084501,0.41807502182728995,11.984817292382312,51.89867914838164,2358.000000000002,2358.000000000002,800.0,32.6,81.0,32.0,945.0,12.24,797.9000000000001,797.9000000000001,797.9000000000001,2.099999999999909,0.002624999999999886,0.15,0.017499999999999242,0.0,0.2215216955932099,69.41976056010206,0.003191046667489171,0.20671487190349336
tuna_synth_800g,1,synth,2099-01-01 00:00:27.174876,0.4529146069795641,11.949977707230039,51.884961061727935,2358.000000000002,2358.000000000002,800.0,32.6,80.9,31.5,942.0,12.34,797.9000000000001,797.9000000000001,797.9000000000001,2.099999999999909,0.002624999999999886,0.15,0.017499999999999242,0.0,0.2398124777981538,69.41976056010206,0.0034545275849882768,0.20671487190349336
tuna_synth_800g,1,synth,2099-01-01 00:00:29.265252,0.4877541921318383,11.915138122077764,51.871242975074225,2358.000000000002,2358.000000000002,800.0,32.7,80.8,31.5,932.0,12.48,797.9000000000001,797.9000000000001,797.9000000000001,2.099999999999909,0.002624999999999886,0.15,0.017499999999999242,0.0,0.25810326000309775,69.41976056010206,0.003718008502487383,0.20671487190349336
tuna_synth_800g,1,synth,2099-01-01 00:00:31.355627,0.5225937772841125,11.880298536925489,51.85741601471692,2358.000000000002,2358.000000000002,800.0,32.7,80.6,31.75,926.0,12.55,797.9000000000001,797.9000000000001,797.9000000000001,2.099999999999909,0.002624999999999886,0.15,0.017499999999999242,0.0,0.27653920714617614,69.41976056010206,0.003983580538379338,0.20671487190349336
tuna_synth_800g,1,synth,2099-01-01 00:00:33.446002,0.5574333624363865,11.845458951773216,51.843589054359605,2358.000000000002,2358.000000000002,800.0,32.8,80.5,31.75,918.0,12.71,797.9000000000001,797.9000000000001,797.9000000000001,2.099999999999909,0.002624999999999886,0.15,0.017499999999999242,0.0,0.2949751542892545,69.41976056010206,0.004249152574271294,0.20671487190349336
tuna_synth_800g,1,synth,2099-01-01 00:00:35.536377,0.5922729475886608,11.81061936662094,51.829653220298695,2358.000000000002,2358.000000000002,800.0,32.8,80.3,32.0,909.0,12.8,797.9000000000001,797.9000000000001,797.9000000000001,2.099999999999909,0.002624999999999886,0.15,0.017499999999999242,0.0,0.3135562663704674,69.41976056010206,0.0045168157285560995,0.20671487190349336
tuna_synth_800g,1,synth,2099-01-01 00:00:37.626752,0.6271125327409349,11.775779781468668,51.81571738623779,2358.000000000002,2358.000000000002,800.0,32.9,80.2,32.0,891.0,12.92,797.9000000000001,797.9000000000001,797.9000000000001,2.099999999999909,0.002624999999999886,0.15,0.017499999999999242,0.0,0.3321373784516803,69.41976056010206,0.004784478882840905,0.20671487190349336
tuna_synth_800g,1,synth,2099-01-01 00:00:39.717127,0.6619521178932091,11.740940196316393,51.80178155217688,2358.000000000002,2358.000000000002,800.0,32.9,80.0,32.0,902.0,13.0,797.9000000000001,797.9000000000001,797.9000000000001,2.099999999999909,0.002624999999999886,0.15,0.017499999999999242,0.0,0.35071849053289317,69.41976056010206,0.005052142037125711,0.20671487190349336
tuna_synth_800g,1,synth,2099-01-01 00:00:41.807502,0.6967917030454833,11.706100611164118,51.78795459181957,2358.000000000002,2358.000000000002,800.0,33.0,79.7,31.75,894.0,13.13,797.9000000000001,797.9000000000001,797.9000000000001,2.099999999999909,0.002624999999999886,0.15,0.017499999999999242,0.0,0.36915443767597156,69.41976056010206,0.005317714073017667,0.20671487190349336
tuna_synth_800g,1,synth,2099-01-01 00:00:43.897877,0.7316312881977574,11.671261026011845,51.77423650516586,2358.000000000002,2358.000000000002,800.0,33.0,79.6,31.5,886.0,13.26,797.9000000000001,797.9000000000001,797.9000000000001,2.099999999999909,0.002624999999999886,0.15,0.017499999999999242,0.0,0.38744521988091546,69.41976056010206,0.005581194990516773,0.20671487190349336
tuna_synth_800g,1,synth,2099-01-01 00:00:45.988252,0.7664708733500315,11.63642144085957,51.76040954480855,2358.000000000002,2358.000000000002,800.0,33.1,79.5,31.75,880.0,13.15,797.9000000000001,797.9000000000001,797.9000000000001,2.099999999999909,0.002624999999999886,0.15,0.017499999999999242,0.0,0.4058811670239939,69.41976056010206,0.0058467670264087295,0.20671487190349336
tuna_synth_800g,1,synth,2099-01-01 00:00:48.078628,0.8013104585023058,11.601581855707296,51.74636483704404,2358.000000000002,2358.000000000002,800.0,33.1,79.5,32.25,881.0,13.4,797.9000000000001,797.9000000000001,797.9000000000001,2.099999999999909,0.002624999999999886,0.15,0.017499999999999242,0.0,0.4246074440433413,69.41976056010206,0.006116521299086386,0.20671487190349336
tuna_synth_800g,1,synth,2099-01-01 00:00:50.169003,0.8361500436545799,11.566742270555022,51.73232012927953,2358.000000000002,2358.000000000002,800.0,33.1,79.4,32.25,871.0,13.45,797.9000000000001,797.9000000000001,797.9000000000001,2.099999999999909,0.002624999999999886,0.15,0.017499999999999242,0.0,0.4433337210626886,69.41976056010206,0.006386275571764041,0.20671487190349336
tuna_synth_800g,1,synth,2099-01-01 00:00:52.259378,0.8709896288068542,11.531902685402748,51.71838429521861,2358.000000000002,2358.000000000002,800.0,33.2,79.3,32.0,879.0,13.4,797.9000000000001,797.9000000000001,797.9000000000001,2.099999999999909,0.002624999999999886,0.15,0.017499999999999242,0.0,0.46191483314390147,69.41976056010206,0.006653938726048847,0.20671487190349336
tuna_synth_800g,1,synth,2099-01-01 00:00:54.349753,0.9058292139591282,11.497063100250474,51.704557334861306,2358.000000000002,2358.000000000002,800.0,33.2,79.3,31.75,881.0,13.4,797.9000000000001,797.9000000000001,797.9000000000001,2.099999999999909,0.002624999999999886,0.15,0.017499999999999242,0.0,0.4803507802869799,69.41976056010206,0.006919510761940803,0.20671487190349336
tuna_synth_800g,1,synth,2099-01-01 00:00:56.440128,0.9406687991114024,11.462223515098199,51.69073037450401,2358.000000000002,2358.000000000002,800.0,33.3,79.1,31.75,880.0,13.49,797.9000000000001,797.9000000000001,797.9000000000001,2.099999999999909,0.002624999999999886,0.15,0.017499999999999242,0.0,0.4987867274300583,69.41976056010206,0.007185082797832759,0.20671487190349336
tuna_synth_800g,1,synth,2099-01-01 00:00:58.530503,0.9755083842636766,11.427383929945925,51.67592355081428,2358.000000000002,2358.000000000002,800.0,33.3,79.0,34.0,867.0,13.59,797.9000000000001,797.9000000000001,797.9000000000001,2.099999999999909,0.002624999999999886,0.15,0.017499999999999242,0.0,0.518529159016347,69.41976056010206,0.007469474899260364,0.20671487190349336
tuna_synth_800g,1,synth,2099-01-01 00:01:00.620878,1.0103479694159507,11.39254434479365,51.65937474786695,2358.000000000002,2358.000000000002,800.0,33.4,78.9,38.0,871.0,13.51,797.9000000000001,797.9000000000001,797.9000000000001,2.099999999999909,0.002624999999999886,0.15,0.017499999999999242,0.0,0.5405942296127874,69.41976056010206,0.007787324894973573,0.20671487190349336
tuna_synth_800g,1,synth,2099-01-01 00:01:02.711253,1.045187554568225,11.357704759641377,51.64173720788362,2358.000000000002,2358.000000000002,800.0,33.4,78.8,40.5,865.0,13.4,797.9000000000001,797.9000000000001,797.9000000000001,2.099999999999909,0.002624999999999886,0.15,0.017499999999999242,0.0,0.5641109495905724,69.41976056010206,0.00812608607461528,0.20671487190349336
tuna_synth_800g,1,synth,2099-01-01 00:01:04.801628,1.080027139720499,11.322865174489102,51.62311980456787,2358.000000000002,2358.000000000002,800.0,33.5,78.7,42.75,855.0,13.81,797.9000000000001,797.9000000000001,797.9000000000001,2.099999999999909,0.002624999999999886,0.15,0.017499999999999242,0.0,0.5889341540115677,69.41976056010206,0.008483667319792637,0.20671487190349336
tuna_synth_800g,1,synth,2099-01-01 00:01:06.892003,1.114866724872773,11.28802558933683,51.60341366421612,1862.000000000005,1862.000000000005,800.0,33.5,78.6,45.25,855.0,13.94,773.1000000000003,773.1000000000003,785.5000000000002,26.89999999999975,0.03362499999999969,0.15,0.2241666666666646,0.0,0.6152090078139079,69.41976056010206,0.008862159748898497,0.20671487190349336
tuna_synth_800g,1,synth,2099-01-01 00:01:08.982379,1.1497063100250473,11.253186004184554,51.58294540793916,1862.000000000005,1862.000000000005,800.0,33.6,78.4,47.0,847.0,14.04,773.1000000000003,773.1000000000003,773.1000000000003,26.89999999999975,0.03362499999999969,0.15,0.2241666666666646,0.0,0.6425000161831892,69.41976056010206,0.009255290006754305,0.20671487190349336
tuna_synth_800g,1,synth,2099-01-01 00:01:11.072754,1.1845458951773216,11.21834641903228,51.56160616203339,1824.0000000000032,1824.0000000000032,800.0,33.6,78.4,49.0,855.0,14.02,771.2000000000002,771.2000000000002,772.1500000000002,28.79999999999984,0.0359999999999998,0.15,0.2399999999999987,0.0,0.6709523440575464,69.41976056010206,0.009665149211752913,0.20671487190349336
tuna_synth_800g,1,synth,2099-01-01 00:01:13.163129,1.2193854803295956,11.183506833880006,51.538633810573614,1824.0000000000032,1824.0000000000032,800.0,33.6,78.3,52.75,848.0,14.02,771.2000000000002,771.2000000000002,771.2000000000002,28.79999999999984,0.0359999999999998,0.15,0.2399999999999987,0.0,0.7015821460039208,69.41976056010206,0.010106375192644273,0.20671487190349336
tuna_synth_800g,1,synth,2099-01-01 00:01:15.253504,1.2542250654818698,11.148667248727731,51.51370173244901,1824.0000000000032,1824.0000000000032,800.0,33.7,78.1,57.25,843.0,14.15,771.2000000000002,771.2000000000002,771.2000000000002,28.79999999999984,0.0359999999999998,0.15,0.2399999999999987,0.0,0.7348249168367157,69.41976056010206,0.010585241304606934,0.20671487190349336
tuna_synth_800g,1,synth,2099-01-01 00:01:17.343879,1.289064650634144,11.113827663575458,51.48583006432719,1790.0000000000068,1790.0000000000068,800.0,33.7,78.1,64.0,838.0,14.23,769.5000000000003,769.5000000000003,770.3500000000003,30.49999999999966,0.038124999999999576,0.15,0.2541666666666639,0.0,0.7719871409991415,69.41976056010206,0.011120567613176546,0.20671487190349336
tuna_synth_800g,1,synth,2099-01-01 00:01:19.434254,1.3239042357864181,11.078988078423183,51.45490993250455,1790.0000000000068,1790.0000000000068,800.0,33.8,77.9,71.0,837.0,14.32,769.5000000000003,769.5000000000003,769.5000000000003,30.49999999999966,0.038124999999999576,0.15,0.2541666666666639,0.0,0.8132139834293326,69.41976056010206,0.011714445236745958,0.20671487190349336
tuna_synth_800g,1,synth,2099-01-01 00:01:21.524629,1.3587438209386924,11.04414849327091,51.42039696846307,1786.0000000000014,1786.0000000000014,800.0,33.9,77.8,79.25,838.0,14.02,769.3000000000001,769.3000000000001,769.4000000000002,30.699999999999932,0.038374999999999916,0.15,0.2558333333333328,0.0,0.8592312688179613,69.41976056010206,0.012377329767279423,0.20671487190349336
tuna_synth_800g,1,synth,2099-01-01 00:01:23.615004,1.3935834060909666,11.009308908118635,47.384546668185436,1777.9999999999995,1777.9999999999995,800.0,34.0,77.7,86.75,831.0,14.36,768.9,768.9,769.1,31.100000000000023,0.03887500000000003,0.15,0.2591666666666669,0.0,0.9096035023506244,69.41976056010206,0.013102947849598388,0.20671487190349336
tuna_synth_800g,1,synth,2099-01-01 00:01:25.705379,1.4284229912432407,10.97446932296636,43.12116486067541,1777.9999999999995,1777.9999999999995,800.0,34.0,77.5,95.25,831.0,14.42,768.9,768.9,768.9,31.100000000000023,0.03887500000000003,0.15,0.2591666666666669,0.0,0.9649113437798597,69.41976056010206,0.013899663957274258,0.20671487190349336
tuna_synth_800g,1,synth,2099-01-01 00:01:27.795755,1.4632625763955147,10.939629737814087,39.175575240426085,1777.9999999999995,1777.9999999999995,800.0,34.0,77.2,104.75,830.0,14.49,768.9,768.9,768.9,31.100000000000023,0.03887500000000003,0.15,0.2591666666666669,0.0,1.0257354528582048,69.41976056010206,0.014775842563878424,0.20671487190349336
tuna_synth_800g,1,synth,2099-01-01 00:01:29.886130,1.498102161547789,10.904790152661812,35.96201573444976,1777.9999999999995,1777.9999999999995,800.0,34.1,77.0,114.0,824.0,14.71,768.9,768.9,768.9,31.100000000000023,0.03887500000000003,0.15,0.2591666666666669,0.0,1.0919306646475258,69.41976056010206,0.015729392551018045,0.20671487190349336
tuna_synth_800g,1,synth,2099-01-01 00:01:31.976505,1.532941746700063,10.86995056750954,33.093805212643865,1727.9999999999995,1727.9999999999995,800.0,34.2,76.9,123.75,827.0,14.51,766.4,766.4,767.65,33.60000000000002,0.04200000000000003,0.15,0.2800000000000002,0.0,1.163787309024091,69.41976056010206,0.016764496155478818,0.20671487190349336
tuna_synth_800g,1,synth,2099-01-01 00:01:34.066880,1.5677813318523373,10.835110982357264,30.757328798792678,1727.9999999999995,1727.9999999999995,800.0,34.3,76.7,133.0,830.0,14.6,766.4,766.4,766.4,33.60000000000002,0.04200000000000003,0.15,0.2800000000000002,0.0,1.2410150561116322,69.41976056010206,0.017876971140475043,0.20671487190349336
tuna_synth_800g,1,synth,2099-01-01 00:01:36.157255,1.6026209170046115,10.800271397204991,28.874875822900208,59.92408646183021,59.92408646183021,800.0,34.4,76.6,141.5,897.0,14.42,766.0000000000003,766.0000000000003,766.2000000000002,33.99999999999966,0.04249999999999957,0.15,0.2833333333333305,-1.435149120792683,1.3231784110957456,69.41976056010206,0.01906054415082817,0.20671487190349336
tuna_synth_800g,1,synth,2099-01-01 00:01:38.247630,1.6374605021568855,10.765431812052716,27.06827768808407,19.62629963578422,27.06827768808407,800.0,34.4,76.5,150.75,822.0,14.62,764.5000000000003,764.5000000000003,765.2500000000003,35.49999999999966,0.044374999999999575,0.15,0.2958333333333305,-4.305447362371522,1.4107128687908344,69.41976056010206,0.02032148854171675,0.20671487190349336
tuna_synth_800g,1,synth,2099-01-01 00:01:40.338005,1.6723000873091598,10.730592226900441,25.428766414714644,14.684885141688572,25.428766414714644,800.0,34.6,76.4,160.25,823.0,14.58,764.3000000000001,764.3000000000001,764.4000000000002,35.69999999999993,0.044624999999999915,0.15,0.29749999999999943,-5.740596483160961,1.5037635941350334,69.41976056010206,0.02166189543153363,0.20671487190349336
tuna_synth_800g,1,synth,2099-01-01 00:01:42.428380,1.7071396724614338,10.695752641748168,24.00622128775641,11.510998934306183,24.00622128775641,800.0,34.7,76.3,169.5,819.0,14.6,762.6000000000003,762.6000000000003,763.4500000000002,37.39999999999975,0.04674999999999969,0.15,0.3116666666666646,-7.175745603956908,1.6021854221902077,69.41976056010206,0.023079673701885958,0.20671487190349336
tuna_synth_800g,1,synth,2099-01-01 00:01:44.518755,1.7419792576137083,10.660913056595893,22.79295569268622,5.004782145352432,22.79295569268622,800.0,34.8,76.2,178.25,819.0,14.71,762.6000000000003,762.6000000000003,762.6000000000003,37.39999999999975,0.04674999999999969,0.15,0.3116666666666646,-16.504214889094566,1.705688023080089,69.41976056010206,0.024570641115988046,0.20671487190349336
tuna_synth_800g,1,synth,2099-01-01 00:01:46.609131,1.7768188427659823,10.62607347144362,21.749848630511632,5.004782145352432,21.749848630511632,800.0,34.9,76.0,186.5,819.0,14.49,762.6000000000003,762.6000000000003,762.6000000000003,37.39999999999975,0.04674999999999969,0.15,0.3116666666666646,-16.504214889094566,1.813981066928408,69.41976056010206,0.02613061543705418,0.20671487190349336
tuna_synth_800g,1,synth,2099-01-01 00:01:48.699506,1.8116584279182564,10.591233886291345,20.847254466793256,5.004782145352432,20.847254466793256,800.0,35.1,75.5,194.25,819.0,14.6,762.6000000000003,762.6000000000003,762.6000000000003,37.39999999999975,0.04674999999999969,0.15,0.3116666666666646,-16.504214889094566,1.9267742238588954,69.41976056010206,0.027755414428298666,0.20671487190349336
tuna_synth_800g,1,synth,2099-01-01 00:01:50.789881,1.8464980130705306,10.556394301139072,19.93842394221932,3.531862944812026,19.93842394221932,800.0,35.2,75.4,202.75,821.0,14.6,761.1000000000003,761.1000000000003,761.8500000000003,38.89999999999975,0.04862499999999969,0.15,0.3241666666666646,-22.96238593265022,2.0445029886859554,69.41976056010206,0.029451311444900055,0.20671487190349336
tuna_synth_800g,1,synth,2099-01-01 00:01:52.880256,1.8813375982228049,10.521554715986797,19.16950936632025,3.531862944812026,19.16950936632025,800.0,35.4,75.3,210.5,821.0,14.71,761.1000000000003,761.1000000000003,761.1000000000003,38.89999999999975,0.04862499999999969,0.15,0.3241666666666646,-22.96238593265022,2.166731866595184,69.41976056010206,0.031212033131679796,0.20671487190349336
tuna_synth_800g,1,synth,2099-01-01 00:01:54.970631,1.916177183375079,10.486715130834522,18.453965553956145,3.2216369329047847,18.453965553956145,800.0,35.6,75.1,218.25,822.0,14.67,758.6000000000003,758.6000000000003,759.8500000000003,41.39999999999975,0.051749999999999685,0.15,0.3449999999999979,-24.39753505343964,2.293460857586581,69.41976056010206,0.033037579488637885,0.20671487190349336
tuna_synth_800g,1,synth,2099-01-01 00:01:57.061006,1.9510167685273532,10.451875545682249,17.806037412194033,3.2216369329047847,17.806037412194033,800.0,35.8,75.0,225.75,825.0,14.67,758.6000000000003,758.6000000000003,758.6000000000003,41.39999999999975,0.051749999999999685,0.15,0.3449999999999979,-24.39753505343964,2.4245447967220124,69.41976056010206,0.03492585939738147,0.20671487190349336
tuna_synth_800g,1,synth,2099-01-01 00:01:59.151381,1.9858563536796272,10.417035960529974,17.23567790487051,3.388149656058878,17.23567790487051,800.0,35.9,74.8,232.75,817.0,14.71,757.8000000000001,757.8000000000001,758.2000000000002,42.19999999999993,0.052749999999999915,0.15,0.35166666666666613,-22.96238593265022,2.5596933541252094,69.41976056010206,0.036872690621124866,0.20671487190349336
tuna_synth_800g,1,synth,2099-01-01 00:02:01.241756,2.0206959388319015,10.382196375377701,16.68017721634194,3.2966957450341567,16.68017721634194,800.0,36.1,74.4,240.0,816.0,14.73,755.7000000000002,755.7000000000002,756.7500000000001,44.29999999999984,0.0553749999999998,0.15,0.36916666666666537,-22.96238593265022,2.6990516947343055,69.41976056010206,0.03888016427826091,0.20671487190349336
tuna_synth_800g,1,synth,2099-01-01 00:02:03.332131,2.0555355239841755,10.347356790225426,16.156232333642734,3.2966957450341567,16.156232333642734,800.0,36.3,74.3,247.25,818.0,14.8,755.7000000000002,755.7000000000002,755.7000000000002,44.29999999999984,0.0553749999999998,0.15,0.36916666666666537,-22.96238593265022,2.842619818549302,69.41976056010206,0.04094828036878961,0.20671487190349336
tuna_synth_800g,1,synth,2099-01-01 00:02:05.422507,2.09037510913645,10.312517205073153,15.738619228246208,3.274921004313984,15.738619228246208,800.0,36.5,74.1,253.25,822.0,14.67,755.2000000000002,755.2000000000002,755.4500000000002,44.79999999999984,0.0559999999999998,0.15,0.373333333333332,-22.96238593265022,2.989671900879526,69.41976056010206,0.043066583300746704,0.20671487190349336
tuna_synth_800g,1,synth,2099-01-01 00:02:07.512882,2.125214694288724,10.277677619920878,15.324718486344263,3.3311138835917395,15.324718486344263,800.0,36.7,73.9,259.5,821.0,14.62,754.1000000000003,754.1000000000003,754.6500000000002,45.89999999999975,0.05737499999999969,0.15,0.38249999999999795,-22.24481137225566,3.140353106663112,69.41976056010206,0.045237164192525055,0.20671487190349336
tuna_synth_800g,1,synth,2099-01-01 00:02:09.603257,2.160054279440998,10.242838034768603,14.957674824673692,3.1827646822981674,14.957674824673692,800.0,37.0,73.3,265.25,822.0,14.67,750.8,750.8,752.45,49.200000000000045,0.061500000000000055,0.15,0.41000000000000036,-22.24481137225566,3.2943731060237904,69.41976056010206,0.04745584080733895,0.20671487190349336
tuna_synth_800g,1,synth,2099-01-01 00:02:11.693632,2.194893864593272,10.20799844961633,14.591974229574717,2.9898698530681456,14.591974229574717,800.0,37.2,73.2,271.25,817.0,14.73,750.8,750.8,750.8,49.200000000000045,0.061500000000000055,0.15,0.41000000000000036,-23.679960493045,3.4518770638996963,69.41976056010206,0.04972470426358125,0.20671487190349336
tuna_synth_800g,1,synth,2099-01-01 00:02:13.784007,2.229733449745546,10.173158864464057,14.228486576188777,2.9898698530681456,14.228486576188777,800.0,37.4,72.9,277.5,816.0,14.73,750.8,750.8,750.8,49.200000000000045,0.061500000000000055,0.15,0.41000000000000036,-23.679960493045,3.613010145228964,69.41976056010206,0.05204584567964479,0.20671487190349336
tuna_synth_800g,1,synth,2099-01-01 00:02:15.874382,2.2645730348978206,10.138319279311782,13.904807457715814,2.9898698530681456,13.904807457715814,800.0,37.7,72.7,283.25,795.0,14.6,750.8,750.8,750.8,49.200000000000045,0.061500000000000055,0.15,0.41000000000000036,-23.679960493045,3.7774820201353254,69.41976056010206,0.0544150828187439,0.20671487190349336
tuna_synth_800g,1,synth,2099-01-01 00:02:17.964757,2.2994126200500946,10.103479694159507,13.64063511067413,2.7830680374580723,13.64063511067413,800.0,37.9,72.4,288.0,822.0,14.58,747.8999999999999,747.8999999999999,749.3499999999999,52.100000000000136,0.06512500000000017,0.15,0.4341666666666678,-24.3975350534429,3.9447120288662414,69.41976056010206,0.05682405120730716,0.20671487190349336
tuna_synth_800g,1,synth,2099-01-01 00:02:20.055132,2.3342522052023686,10.068640109007234,13.361589781852498,2.6245820814713827,13.361589781852498,800.0,38.2,71.8,293.25,823.0,14.62,747.8,747.8,747.8499999999999,52.200000000000045,0.06525000000000006,0.15,0.4350000000000004,-25.83268417423249,4.1149905012979815,69.41976056010206,0.059276933082120266,0.20671487190349336
tuna_synth_800g,1,synth,2099-01-01 00:02:22.145507,2.369091790354643,10.033800523854959,13.124811812087843,2.7789692627342792,13.124811812087843,800.0,38.5,71.4,297.75,823.0,14.67,747.8,747.8,747.8,52.200000000000045,0.06525000000000006,0.15,0.4350000000000004,-24.3975350534429,4.287881942616142,69.41976056010206,0.06176745508800467,0.20671487190349336
tuna_synth_800g,1,synth,2099-01-01 00:02:24.235883,2.403931375506917,9.998960938702684,12.883880140630058,2.6805986693631505,12.883880140630058,800.0,38.9,71.0,302.5,823.0,14.67,745.3999999999999,745.3999999999999,746.5999999999999,54.600000000000136,0.06825000000000017,0.15,0.4550000000000012,-24.3975350534429,4.463531517758858,69.41976056010206,0.06429770834335323,0.20671487190349336
tuna_synth_800g,1,synth,2099-01-01 00:02:26.326258,2.438770960659191,9.96412135355041,12.670535288655687,2.5007080009299676,12.670535288655687,800.0,39.1,70.1,306.75,823.0,14.51,744.6000000000001,744.6000000000001,745.0,55.399999999999864,0.06924999999999983,0.15,0.4616666666666655,-25.83268417423249,4.641648896849859,69.41976056010206,0.06686351061138024,0.20671487190349336
tuna_synth_800g,1,synth,2099-01-01 00:02:28.416633,2.4736105458114657,9.929281768398136,12.462545301648795,2.6437096968489935,12.462545301648795,800.0,39.4,69.8,311.0,814.0,14.62,744.5000000000002,744.5000000000002,744.5500000000002,55.49999999999977,0.06937499999999971,0.15,0.46249999999999813,-24.3975350534429,4.822234079889148,69.41976056010206,0.0694648618920857,0.20671487190349336
tuna_synth_800g,1,synth,2099-01-01 00:02:30.507008,2.5084501309637397,9.894442183245863,12.26945117298352,2.7238221119053136,12.26945117298352,800.0,39.7,69.6,315.0,818.0,14.67,744.5000000000002,744.5000000000002,744.5000000000002,55.49999999999977,0.06937499999999971,0.15,0.46249999999999813,-23.679960493045,5.005141901938587,69.41976056010206,0.07209967106707676,0.20671487190349336
tuna_synth_800g,1,synth,2099-01-01 00:02:32.597383,2.5432897161160137,9.859602598093588,12.071275119592624,2.877075419026604,12.071275119592624,800.0,40.0,69.1,319.25,819.0,14.62,744.0000000000002,744.0000000000002,744.2500000000002,55.99999999999977,0.06999999999999972,0.15,0.4666666666666648,-22.24481137225566,5.190517527936312,69.41976056010206,0.07477002925474627,0.20671487190349336
tuna_synth_800g,1,synth,2099-01-01 00:02:34.687758,2.578129301268288,9.824763012941315,11.905530924313085,2.737717078417487,11.905530924313085,800.0,40.3,68.8,322.75,821.0,14.62,740.8999999999999,740.8999999999999,742.45,59.100000000000136,0.07387500000000018,0.15,0.4925000000000012,-22.24481137225566,5.37792546306792,69.41976056010206,0.07746966309991568,0.20671487190349336
tuna_synth_800g,1,synth,2099-01-01 00:02:36.778133,2.6129688864205622,9.78992342778904,11.733950938039298,2.229733449745649,11.733950938039298,800.0,40.7,68.5,326.5,782.0,14.62,739.2,739.2,740.05,60.799999999999955,0.07599999999999994,0.15,0.5066666666666663,-26.55025873462728,5.567510872271546,69.41976056010206,0.08020066372097784,0.20671487190349336
tuna_synth_800g,1,synth,2099-01-01 00:02:38.868508,2.6478084715728363,9.755083842636765,11.583462101791868,2.1710562536997604,11.583462101791868,800.0,41.0,68.2,329.75,823.0,14.62,739.2,739.2,739.2,60.799999999999955,0.07599999999999994,0.15,0.5066666666666663,-27.267833295021994,5.75898342567092,69.41976056010206,0.08295884888114706,0.20671487190349336
tuna_synth_800g,1,synth,2099-01-01 00:02:40.958883,2.6826480567251108,9.720244257484492,11.452819446624774,2.0510689105030666,11.452819446624774,800.0,41.3,67.6,332.5,823.0,14.67,737.3999999999999,737.3999999999999,738.3,62.600000000000136,0.07825000000000017,0.15,0.5216666666666678,-27.98540785541981,5.952052793389772,69.41976056010206,0.08574003634363761,0.20671487190349336
tuna_synth_800g,1,synth,2099-01-01 00:02:43.049259,2.717487641877385,9.685404672332217,11.298679658903492,2.0510689105030546,11.298679658903492,800.0,41.6,67.2,336.0,822.0,14.58,737.3999999999999,737.3999999999999,737.3999999999999,62.600000000000136,0.07825000000000017,0.15,0.5216666666666678,-27.98540785541997,6.147154470242507,69.41976056010206,0.08855049946362807,0.20671487190349336
tuna_synth_800g,1,synth,2099-01-01 00:02:45.139634,2.752327227029659,9.650565087179944,11.1638517581857,2.218120254694568,11.1638517581857,800.0,42.0,66.4,339.0,822.0,14.53,737.3,737.3,737.3499999999999,62.700000000000045,0.07837500000000006,0.15,0.5225000000000004,-25.832684174235666,6.343998126352856,69.41976056010206,0.09138605600433274,0.20671487190349336
tuna_synth_800g,1,synth,2099-01-01 00:02:47.230009,2.7871668121819333,9.615725502027669,11.047285586223868,2.1445700193731043,11.047285586223868,800.0,42.4,65.8,341.5,819.0,14.6,735.3999999999999,735.3999999999999,736.3499999999999,64.60000000000014,0.08075000000000017,0.15,0.5383333333333344,-25.832684174235666,6.54229343184455,69.41976056010206,0.09424252372896591,0.20671487190349336
tuna_synth_800g,1,synth,2099-01-01 00:02:49.320384,2.8220063973342073,9.580885916875395,10.924196079903501,2.086608667498199,10.924196079903501,800.0,42.7,65.2,344.25,816.0,14.6,735.3999999999999,735.3999999999999,735.3999999999999,64.60000000000014,0.08075000000000017,0.15,0.5383333333333344,-26.550258734630546,6.742185551655723,69.41976056010206,0.09712199375592041,0.20671487190349336
tuna_synth_800g,1,synth,2099-01-01 00:02:51.410759,2.8568459824864814,9.54604633172312,10.810595167570957,2.0150462763748758,10.810595167570957,800.0,43.0,64.4,346.75,816.0,14.73,733.5000000000002,733.5000000000002,734.45,66.49999999999977,0.08312499999999971,0.15,0.5541666666666648,-26.55025873462728,6.943529320848241,69.41976056010206,0.10002237496680344,0.20671487190349336
tuna_synth_800g,1,synth,2099-01-01 00:02:53.501134,2.8916855676387554,9.511206746570846,10.706059768301104,2.0150462763748758,10.706059768301104,800.0,43.4,63.6,349.0,816.0,14.76,733.5000000000002,733.5000000000002,733.5000000000002,66.49999999999977,0.08312499999999971,0.15,0.5541666666666648,-26.55025873462728,7.146179574483968,69.41976056010206,0.10294157624322209,0.20671487190349336
tuna_synth_800g,1,synth,2099-01-01 00:02:55.591509,2.9265251527910294,9.476367161418572,10.617804346813758,2.0150462763748758,10.617804346813758,800.0,43.7,62.7,350.75,807.0,14.73,733.5000000000002,733.5000000000002,733.5000000000002,66.49999999999977,0.08312499999999971,0.15,0.5541666666666648,-26.55025873462728,7.349845982686637,69.41976056010206,0.10587541534839069,0.20671487190349336
tuna_synth_800g,1,synth,2099-01-01 00:02:57.681884,2.961364737943304,9.441527576266298,10.507821064939517,1.8189930774243448,10.507821064939517,800.0,44.1,61.4,353.25,817.0,14.73,729.6000000000001,729.6000000000001,731.5500000000002,70.39999999999986,0.08799999999999983,0.15,0.5866666666666656,-27.267833295018733,7.554964040270652,69.41976056010206,0.10883016563748782,0.20671487190349336
tuna_synth_800g,1,synth,2099-01-01 00:02:59.772259,2.996204323095578,9.406687991114024,10.428550946743101,1.8189930774243448,10.428550946743101,800.0,44.6,60.3,354.75,815.0,14.76,729.6000000000001,729.6000000000001,729.6000000000001,70.39999999999986,0.08799999999999983,0.15,0.5866666666666656,-27.267833295018733,7.760953087483473,69.41976056010206,0.11179746263694204,0.20671487190349336
tuna_synth_800g,1,synth,2099-01-01 00:03:01.862634,3.031043908247852,9.37184840596175,10.320733398352598,1.8681550524896018,10.320733398352598,800.0,45.0,59.5,357.25,816.0,14.83,729.6000000000001,729.6000000000001,729.6000000000001,70.39999999999986,0.08799999999999983,0.15,0.5866666666666656,-26.55025873462728,7.968393784077638,69.41976056010206,0.11478567082032475,0.20671487190349336
tuna_synth_800g,1,synth,2099-01-01 00:03:03.953010,3.065883493400126,9.337008820809476,10.257085066798782,1.7456465823669076,10.257085066798782,800.0,45.2,58.8,358.25,813.0,14.78,727.6,727.6,728.6000000000001,72.39999999999998,0.09049999999999997,0.15,0.6033333333333332,-27.267833295018733,8.176415140424341,69.41976056010206,0.11778224347727885,0.20671487190349336
tuna_synth_800g,1,synth,2099-01-01 00:03:06.043385,3.1007230785524005,9.302169235657201,10.165301220345752,1.7089733348379907,10.165301220345752,800.0,45.6,58.0,360.25,809.0,14.89,726.6000000000001,726.6000000000001,727.1000000000001,73.39999999999986,0.09174999999999983,0.15,0.6116666666666656,-27.267833295021994,8.385597816276121,69.41976056010206,0.12079554508137579,0.20671487190349336
tuna_synth_800g,1,synth,2099-01-01 00:03:08.133760,3.1355626637046745,9.267329650504927,10.081319985647607,1.7089733348381952,10.081319985647607,800.0,46.0,57.1,362.0,813.0,14.87,726.6000000000001,726.6000000000001,726.6000000000001,73.39999999999986,0.09174999999999983,0.15,0.6116666666666656,-27.267833295018733,8.59579664669484,69.41976056010206,0.12382348451422262,0.20671487190349336
tuna_synth_800g,1,synth,2099-01-01 00:03:10.224135,3.1704022488569485,9.232490065352653,10.004879355162535,1.7438624784328274,10.004879355162535,800.0,46.4,56.1,363.5,813.0,14.85,726.3,726.3,726.45,73.70000000000005,0.09212500000000005,0.15,0.6141666666666671,-26.55025873462728,8.806866466742369,69.41976056010206,0.1268639706574266,0.20671487190349336
tuna_synth_800g,1,synth,2099-01-01 00:03:12.314510,3.205241834009223,9.197650480200378,9.922104003079298,1.709964503690065,9.922104003079298,800.0,46.8,55.2,365.25,811.0,14.85,725.3999999999997,725.3999999999997,725.8499999999999,74.60000000000025,0.09325000000000032,0.15,0.6216666666666688,-26.55025873462728,9.018952441356838,69.41976056010206,0.12991909462938053,0.20671487190349336
tuna_synth_800g,1,synth,2099-01-01 00:03:14.404885,3.240081419161497,9.162810895048105,9.860173348976636,1.661000762394985,9.860173348976636,800.0,47.2,54.0,366.25,814.0,14.85,724.1,724.1,724.7499999999999,75.89999999999998,0.09487499999999997,0.15,0.6324999999999998,-26.55025873462728,9.231619075723845,69.41976056010206,0.13298258307490585,0.20671487190349336
tuna_synth_800g,1,synth,2099-01-01 00:03:16.495260,3.274921004313771,9.12797130989583,9.791795759236006,1.7071396724612666,9.791795759236006,800.0,47.5,53.2,367.5,810.0,14.73,724.1,724.1,724.1,75.89999999999998,0.09487499999999997,0.15,0.6324999999999998,-25.832684174235666,9.445011534781525,69.41976056010206,0.13605652711239544,0.20671487190349336
tuna_synth_800g,1,synth,2099-01-01 00:03:18.585635,3.3097605894660456,9.093131724743557,9.730384136745235,1.7071396724612666,9.730384136745235,800.0,48.0,52.1,368.5,784.0,14.85,724.1,724.1,724.1,75.89999999999998,0.09487499999999997,0.15,0.6324999999999998,-25.832684174235666,9.658984653591741,69.41976056010206,0.13913883562345639,0.20671487190349336
tuna_synth_800g,1,synth,2099-01-01 00:03:20.676010,3.3446001746183196,9.058292139591282,9.649553539467899,1.536708188338215,9.649553539467899,800.0,48.4,50.7,370.25,838.0,14.73,720.8,720.8,722.45,79.20000000000005,0.09900000000000006,0.15,0.6600000000000005,-26.55025873462728,9.8739739269689,69.41976056010206,0.1422357819632673,0.20671487190349336
tuna_synth_800g,1,synth,2099-01-01 00:03:22.766386,3.379439759770594,9.023452554439007,9.582245739176097,1.4962684991716326,9.582245739176097,800.0,48.8,49.6,371.5,816.0,14.56,720.8,720.8,720.8,79.20000000000005,0.09900000000000006,0.15,0.6600000000000005,-27.267833295018733,10.08968902503673,69.41976056010206,0.14534318389504247,0.20671487190349336
tuna_synth_800g,1,synth,2099-01-01 00:03:24.856761,3.4142793449228677,8.988612969286734,9.50887165373223,1.536708188338215,9.50887165373223,800.0,49.1,48.5,373.0,814.0,14.8,720.8,720.8,720.8,79.20000000000005,0.09900000000000006,0.15,0.6600000000000005,-26.55025873462728,10.306275112733367,69.41976056010206,0.14846313253717472,0.20671487190349336
tuna_synth_800g,1,synth,2099-01-01 00:03:26.947136,3.449118930075142,8.95377338413446,9.442272310217456,1.5406838767337439,9.442272310217456,800.0,49.5,47.8,374.25,807.0,14.85,719.7999999999998,719.7999999999998,720.3,80.20000000000016,0.1002500000000002,0.15,0.6683333333333347,-25.832684174235666,10.523587025120678,69.41976056010206,0.15159353677127124,0.20671487190349336
tuna_synth_800g,1,synth,2099-01-01 00:03:29.037511,3.4839585152274166,8.918933798982184,9.401129472521646,1.5406838767337439,9.401129472521646,800.0,49.9,46.8,374.5,811.0,14.87,719.7999999999998,719.7999999999998,719.7999999999998,80.20000000000016,0.1002500000000002,0.15,0.6683333333333347,-25.832684174235666,10.741044102446123,69.41976056010206,0.15472603212376063,0.20671487190349336
tuna_synth_800g,1,synth,2099-01-01 00:03:31.127886,3.51879810037969,8.884094213829911,9.341253590505133,1.386050522814856,9.341253590505133,800.0,50.3,45.7,375.5,816.0,14.78,716.7999999999998,716.7999999999998,718.2999999999998,83.20000000000016,0.1040000000000002,0.15,0.6933333333333347,-26.55025873462728,10.959081839524105,69.41976056010206,0.1578668919498214,0.20671487190349336
tuna_synth_800g,1,synth,2099-01-01 00:03:33.218261,3.5536376855319647,8.849254628677638,9.281603238844214,1.345908184303894,9.281603238844214,800.0,50.8,44.6,376.5,816.0,14.73,716.6999999999999,716.6999999999999,716.7499999999999,83.30000000000007,0.10412500000000008,0.15,0.6941666666666673,-27.267833295018733,11.177700236354626,69.41976056010206,0.16101611624945358,0.20671487190349336
tuna_synth_800g,1,synth,2099-01-01 00:03:35.308636,3.588477270684239,8.814415043525363,9.209931894807635,1.345908184303894,9.209931894807635,800.0,51.1,43.8,378.0,822.0,14.78,716.6999999999999,716.6999999999999,716.6999999999999,83.30000000000007,0.10412500000000008,0.15,0.6941666666666673,-27.267833295018733,11.397189622813952,69.41976056010206,0.16417788725944282,0.20671487190349336
tuna_synth_800g,1,synth,2099-01-01 00:03:37.399011,3.6233168558365128,8.779575458373088,9.14473656840682,1.2285537922120078,9.14473656840682,800.0,51.6,42.8,379.25,827.0,14.73,713.5000000000001,713.5000000000001,715.1,86.49999999999989,0.10812499999999986,0.15,0.7208333333333324,-27.267833295018733,11.617404833963953,69.41976056010206,0.16735011386139637,0.20671487190349336
tuna_synth_800g,1,synth,2099-01-01 00:03:39.489386,3.6581564409887872,8.744735873220815,9.109896983254547,1.2285537922120078,9.109896983254547,800.0,52.0,42.1,379.25,797.0,15.49,713.5000000000001,713.5000000000001,713.5000000000001,86.49999999999989,0.10812499999999986,0.15,0.7208333333333324,-27.267833295018733,11.837620045113953,69.41976056010206,0.17052234046334988,0.20671487190349336
tuna_synth_800g,1,synth,2099-01-01 00:03:41.579762,3.6929960261410613,8.70989628806854,9.069056148442684,1.4589076282517703,9.069056148442684,800.0,52.3,41.3,379.5,815.0,14.76,713.5000000000001,713.5000000000001,713.5000000000001,86.49999999999989,0.10812499999999986,0.15,0.7208333333333324,-22.96238593264718,12.057980421202087,69.41976056010206,0.17369665818369626,0.20671487190349336
tuna_synth_800g,1,synth,2099-01-01 00:03:43.670137,3.7278356112933353,8.675056702916267,9.016328878579477,1.8228070951669846,9.016328878579477,800.0,52.7,40.4,380.25,816.0,14.73,712.6999999999999,712.6999999999999,713.1,87.30000000000007,0.10912500000000008,0.15,0.7275000000000006,-17.93936400988407,12.278776292104624,69.41976056010206,0.1768772492592212,0.20671487190349336
tuna_synth_800g,1,synth,2099-01-01 00:03:45.760512,3.7626751964456098,8.640217117763992,8.957839906204699,1.811658427918267,8.957839906204699,800.0,53.0,39.6,381.25,818.0,14.73,712.5000000000001,712.5000000000001,712.6,87.49999999999989,0.10937499999999986,0.15,0.7291666666666657,-17.93936400988407,12.5001528227597,69.41976056010206,0.1800662048083175,0.20671487190349336
tuna_synth_800g,1,synth,2099-01-01 00:03:47.850887,3.797514781597884,8.605377532611719,8.89956581508459,1.7280434235528088,8.89956581508459,800.0,53.5,38.6,382.25,817.0,14.62,711.0000000000001,711.0000000000001,711.7500000000001,88.99999999999989,0.11124999999999986,0.15,0.7416666666666658,-17.93936400988407,12.722110013167313,69.41976056010206,0.18326352483098524,0.20671487190349336
tuna_synth_800g,1,synth,2099-01-01 00:03:49.941262,3.832354366750158,8.570537947459444,8.847298881730454,1.7224690899284247,8.847298881730454,800.0,53.9,37.5,383.0,816.0,14.73,710.8999999999997,710.8999999999997,710.9499999999999,89.10000000000025,0.11137500000000031,0.15,0.742500000000002,-17.93936400988407,12.94450269838933,69.41976056010206,0.1864671182088315,0.20671487190349336
tuna_synth_800g,1,synth,2099-01-01 00:03:52.031637,3.867193951902432,8.53569836230717,8.812459296578181,1.7224690899284247,8.812459296578181,800.0,54.2,36.9,383.0,810.0,14.85,710.8999999999997,710.8999999999997,710.8999999999997,89.10000000000025,0.11137500000000031,0.15,0.742500000000002,-17.93936400988407,13.166895383611347,69.41976056010206,0.18967071158667778,0.20671487190349336
tuna_synth_800g,1,synth,2099-01-01 00:03:54.122012,3.9020335370547063,8.500858777154896,8.7546705986744,1.957351238554596,8.7546705986744,800.0,54.7,35.9,384.0,813.0,14.94,710.8999999999997,710.8999999999997,710.8999999999997,89.10000000000025,0.11137500000000031,0.15,0.742500000000002,-15.786640328701466,13.3898687285859,69.41976056010206,0.19288266943809543,0.20671487190349336
tuna_synth_800g,1,synth,2099-01-01 00:03:56.212387,3.93687312220698,8.466019192002623,8.714135066483301,1.767317137724051,8.714135066483301,800.0,55.0,35.2,384.25,811.0,14.73,707.8999999999997,707.8999999999997,709.3999999999997,92.10000000000025,0.11512500000000031,0.15,0.7675000000000021,-15.786640328701466,13.61298723849859,69.41976056010206,0.19609671840790596,0.20671487190349336
tuna_synth_800g,1,synth,2099-01-01 00:03:58.302762,3.9717127073592544,8.431179606850348,8.662319893539177,1.5552390811975083,8.662319893539177,800.0,55.5,34.4,385.0,814.0,14.8,707.8999999999997,707.8999999999997,707.8999999999997,92.10000000000025,0.11512500000000031,0.15,0.7675000000000021,-17.93936400988407,13.836541243225684,69.41976056010206,0.19931704073289505,0.20671487190349336
tuna_synth_800g,1,synth,2099-01-01 00:04:00.393138,4.006552292511529,8.396340021698073,8.627480308386902,1.5552390811975083,8.627480308386902,800.0,55.9,33.6,385.0,810.0,14.94,707.8999999999997,707.8999999999997,707.8999999999997,92.10000000000025,0.11512500000000031,0.15,0.7675000000000021,-17.93936400988407,14.060095247952775,69.41976056010206,0.2025373630578841,0.20671487190349336
tuna_synth_800g,1,synth,2099-01-01 00:04:02.483513,4.041391877663803,8.3615004365458,8.581450735804813,1.2157813853137929,8.581450735804813,800.0,56.2,32.9,385.5,804.0,14.99,705.2999999999998,705.2999999999998,706.5999999999998,94.70000000000016,0.1183750000000002,0.15,0.789166666666668,-20.8096622514663,14.283939582556139,69.41976056010206,0.2057618676196589,0.20671487190349336
tuna_synth_800g,1,synth,2099-01-01 00:04:04.573888,4.076231462816077,8.326660851393525,8.524408173328336,1.2157813853137929,8.524408173328336,800.0,56.6,32.4,386.5,802.0,15.06,705.2999999999998,705.2999999999998,705.2999999999998,94.70000000000016,0.1183750000000002,0.15,0.789166666666668,-20.8096622514663,14.508364576912037,69.41976056010206,0.20899473665500506,0.20671487190349336
tuna_synth_800g,1,synth,2099-01-01 00:04:06.664263,4.111071047968351,8.29182126624125,8.484058304935383,1.3560638528497404,8.484058304935383,800.0,57.1,31.7,386.75,807.0,15.06,705.2999999999998,705.2999999999998,705.2999999999998,94.70000000000016,0.1183750000000002,0.15,0.789166666666668,-18.6569385702837,14.73293473620607,69.41976056010206,0.21222969680874407,0.20671487190349336
tuna_synth_800g,1,synth,2099-01-01 00:04:08.754638,4.145910633120625,8.256981681088977,8.432797961773556,1.3560638528497404,8.432797961773556,800.0,57.3,31.3,387.5,805.0,15.03,705.2999999999998,705.2999999999998,705.2999999999998,94.70000000000016,0.1183750000000002,0.15,0.789166666666668,-18.6569385702837,14.957940390314507,69.41976056010206,0.21547093031766162,0.20671487190349336
tuna_synth_800g,1,synth,2099-01-01 00:04:10.845013,4.1807502182729,8.222142095936702,8.387091368938586,1.7628830087048768,8.387091368938586,800.0,57.7,30.7,388.0,798.0,15.17,705.2999999999998,705.2999999999998,705.2999999999998,94.70000000000016,0.1183750000000002,0.15,0.789166666666668,-14.351491207908794,15.183236374299213,69.41976056010206,0.2187163460633649,0.20671487190349336
tuna_synth_800g,1,synth,2099-01-01 00:04:12.935388,4.215589803425174,8.187302510784427,8.336070900116333,1.7071396724614571,8.336070900116333,800.0,58.0,30.3,388.75,795.0,15.24,704.5000000000001,704.5000000000001,704.9,95.49999999999989,0.11937499999999986,0.15,0.7958333333333324,-14.351491207907161,15.408967853098325,69.41976056010206,0.22196803516424676,0.20671487190349336
tuna_synth_800g,1,synth,2099-01-01 00:04:15.025763,4.250429388577448,8.152462925632154,8.301231314964058,1.7071396724614571,8.301231314964058,800.0,58.4,29.9,388.75,806.0,15.03,704.5000000000001,704.5000000000001,704.5000000000001,95.49999999999989,0.11937499999999986,0.15,0.7958333333333324,-14.351491207907161,15.634699331897435,69.41976056010206,0.2252197242651286,0.20671487190349336
tuna_synth_800g,1,synth,2099-01-01 00:04:17.116138,4.285268973729722,8.11762334047988,8.245092868195455,1.834884818019588,8.245092868195455,800.0,58.8,28.5,389.75,799.0,15.03,703.6999999999999,703.6999999999999,704.1,96.30000000000007,0.12037500000000008,0.15,0.8025000000000005,-12.916342087117823,15.861011470449084,69.41976056010206,0.22847977783958182,0.20671487190349336
tuna_synth_800g,1,synth,2099-01-01 00:04:19.206514,4.320108558881996,8.082783755327606,8.21025328304318,1.6181051770721027,8.21025328304318,800.0,59.1,27.5,389.75,796.0,15.27,700.8999999999996,700.8999999999996,702.2999999999997,99.10000000000036,0.12387500000000046,0.15,0.8258333333333364,-12.916342087117823,16.08732360900073,69.41976056010206,0.23173983141403504,0.20671487190349336
tuna_synth_800g,1,synth,2099-01-01 00:04:21.296889,4.35494814403427,8.047944170175331,8.180683436840228,1.6181051770721027,8.180683436840228,800.0,59.6,26.2,389.5,797.0,15.2,700.8999999999996,700.8999999999996,700.8999999999996,99.10000000000036,0.12387500000000046,0.15,0.8258333333333364,-12.916342087117823,16.313490582614246,69.41976056010206,0.23499779387009545,0.20671487190349336
tuna_synth_800g,1,synth,2099-01-01 00:04:23.387264,4.389787729186544,8.013104585023058,8.13012184636411,1.8203683242058726,8.13012184636411,800.0,60.0,25.0,390.25,795.0,15.22,700.8999999999996,700.8999999999996,700.8999999999996,99.10000000000036,0.12387500000000046,0.15,0.8258333333333364,-11.481192966328486,16.540093051042163,69.41976056010206,0.23826202968133436,0.20671487190349336
tuna_synth_800g,1,synth,2099-01-01 00:04:25.477639,4.424627314338819,7.978264999870783,8.084879034281109,1.8203683242058726,8.084879034281109,800.0,60.3,24.3,390.75,791.0,15.13,700.8999999999996,700.8999999999996,700.8999999999996,99.10000000000036,0.12387500000000046,0.15,0.8258333333333364,-11.481192966328486,16.766985849346344,69.41976056010206,0.24153044772935894,0.20671487190349336
tuna_synth_800g,1,synth,2099-01-01 00:04:27.568014,4.459466899491092,7.94342541471851,8.050039449128834,1.8116584279183388,8.050039449128834,800.0,60.6,23.4,390.75,793.0,15.36,700.7999999999998,700.7999999999998,700.8499999999997,99.20000000000016,0.1240000000000002,0.15,0.826666666666668,-11.481192966325223,16.99387864765053,69.41976056010206,0.24479886577738355,0.20671487190349336
tuna_synth_800g,1,synth,2099-01-01 00:04:29.658389,4.494306484643367,7.908585829566235,7.9844157743049395,1.7768188427665499,7.9844157743049395,800.0,61.1,22.4,392.25,787.0,15.36,700.3999999999996,700.3999999999996,700.5999999999997,99.60000000000036,0.12450000000000046,0.15,0.8300000000000031,-11.48119296632196,17.221642435583522,69.41976056010206,0.2480798305357653,0.20671487190349336
tuna_synth_800g,1,synth,2099-01-01 00:04:31.748764,4.529146069795641,7.873746244413961,7.949576189152664,1.7245594650376388,7.949576189152664,800.0,61.3,21.7,392.25,787.0,15.36,699.7999999999997,699.7999999999997,700.0999999999997,100.20000000000027,0.12525000000000033,0.15,0.8350000000000023,-11.481192966325223,17.449406223516515,69.41976056010206,0.251360795294147,0.20671487190349336
tuna_synth_800g,1,synth,2099-01-01 00:04:33.839139,4.563985654947915,7.838906659261687,7.924882840361786,1.6374605021569488,7.924882840361786,800.0,61.7,20.9,391.75,785.0,15.46,698.7999999999997,698.7999999999997,699.2999999999997,101.20000000000027,0.12650000000000033,0.15,0.8433333333333356,-11.481192966325223,17.67687968157324,69.41976056010206,0.2546375778157431,0.20671487190349336
tuna_synth_800g,1,synth,2099-01-01 00:04:35.929514,4.598825240100189,7.804067074109413,7.87490016697952,1.5677813318524205,7.87490016697952,800.0,62.2,20.2,392.5,784.0,15.39,698.0,698.0,698.3999999999999,102.0,0.1275,0.15,0.8500000000000001,-11.481192966325223,17.904788634444365,69.41976056010206,0.2579206336925176,0.20671487190349336
tuna_synth_800g,1,synth,2099-01-01 00:04:38.019890,4.633664825252464,7.769227488957138,7.830041624871803,1.4545526801075077,7.830041624871803,800.0,62.6,19.1,393.0,785.0,15.49,696.6999999999998,696.6999999999998,697.3499999999999,103.30000000000018,0.12912500000000024,0.15,0.860833333333335,-11.481192966325223,18.13298791719176,69.41976056010206,0.26120787180607785,0.20671487190349336
tuna_synth_800g,1,synth,2099-01-01 00:04:40.110265,4.668504410404737,7.734387903804865,7.775328837625944,1.4545526801075077,7.775328837625944,800.0,63.0,18.0,394.0,778.0,15.71,696.6999999999998,696.6999999999998,696.6999999999998,103.30000000000018,0.12912500000000024,0.15,0.860833333333335,-11.481192966325223,18.361767859691696,69.41976056010206,0.2645034743932096,0.20671487190349336
tuna_synth_800g,1,synth,2099-01-01 00:04:42.200640,4.703343995557012,7.69954831865259,7.745425969195972,1.2952128127196312,7.745425969195972,800.0,63.2,17.1,393.75,783.0,15.46,695.7999999999998,695.7999999999998,696.2499999999998,104.20000000000016,0.1302500000000002,0.15,0.8683333333333347,-12.198767526723035,18.590402637253494,69.41976056010206,0.2677969858619484,0.20671487190349336
tuna_synth_800g,1,synth,2099-01-01 00:04:44.291015,4.738183580709286,7.664708733500316,7.681191978088495,1.2232565453465447,7.681191978088495,800.0,63.6,16.0,395.25,784.0,15.44,695.7999999999998,695.7999999999998,695.7999999999998,104.20000000000016,0.1302500000000002,0.15,0.8683333333333347,-12.916342087116117,18.8199084044441,69.41976056010206,0.2711030440410443,0.20671487190349336
tuna_synth_800g,1,synth,2099-01-01 00:04:46.381390,4.77302316586156,7.629869148348042,7.651213906846403,1.2706201643770283,7.651213906846403,800.0,64.0,15.0,395.0,783.0,15.56,695.5000000000001,695.5000000000001,695.65,104.49999999999989,0.13062499999999985,0.15,0.8708333333333323,-12.198767526721568,19.049269006696573,69.41976056010206,0.2744070111017474,0.20671487190349336
tuna_synth_800g,1,synth,2099-01-01 00:04:48.471765,4.807862751013834,7.595029563195768,7.6067014848966,1.1886446699010822,7.6067014848966,800.0,64.4,14.0,395.5,784.0,15.51,694.5,694.5,695.0,105.5,0.131875,0.15,0.8791666666666667,-12.198767526721568,19.27891993882531,69.41976056010206,0.27771516039923616,0.20671487190349336
tuna_synth_800g,1,synth,2099-01-01 00:04:50.562140,4.842702336166109,7.560189978043493,7.5766732226316735,1.1226088549066504,7.5766732226316735,800.0,64.8,13.1,395.25,784.0,15.51,694.5,694.5,694.5,105.5,0.131875,0.15,0.8791666666666667,-12.916342087116117,19.508425706015917,69.41976056010206,0.28102121857833207,0.20671487190349336
tuna_synth_800g,1,synth,2099-01-01 00:04:52.652515,4.877541921318382,7.5253503928912195,7.517947530220155,1.1558544721107096,7.5253503928912195,800.0,65.2,12.9,396.5,782.0,15.49,694.1,694.1,694.3,105.89999999999998,0.13237499999999996,0.15,0.8824999999999998,-12.198767526721568,19.7386572978972,69.41976056010206,0.2843377323493923,0.20671487190349336
tuna_synth_800g,1,synth,2099-01-01 00:04:54.742890,4.912381506470657,7.490510807738945,7.4878511296295365,1.2280953766177314,7.490510807738945,800.0,65.5,12.1,396.25,784.0,15.49,694.1,694.1,694.1,105.89999999999998,0.13237499999999996,0.15,0.8824999999999998,-11.481192966325223,19.96874372484034,69.41976056010206,0.2876521550020596,0.20671487190349336
tuna_synth_800g,1,synth,2099-01-01 00:04:56.833265,4.947221091622931,7.455671222586671,7.448290326867155,1.2280953766177314,7.455671222586671,800.0,65.9,11.5,396.5,779.0,15.61,694.1,694.1,694.1,105.89999999999998,0.13237499999999996,0.15,0.8824999999999998,-11.481192966325223,20.19897531672162,69.41976056010206,0.2909686687731197,0.20671487190349336
tuna_synth_800g,1,synth,2099-01-01 00:04:58.923641,4.982060676775205,7.4208316374343966,7.413450741714881,1.1584162063128343,7.4208316374343966,800.0,66.3,11.2,396.5,779.0,16.43,693.2999999999998,693.2999999999998,693.6999999999999,106.70000000000016,0.1333750000000002,0.15,0.889166666666668,-11.481192966328486,20.429206908602897,69.41976056010206,0.2942851825441799,0.20671487190349336
tuna_synth_800g,1,synth,2099-01-01 00:05:01.014016,5.016900261927479,7.3859920522821225,7.378611156562605,1.0820765270823496,7.3859920522821225,800.0,66.7,10.7,396.5,784.0,15.49,693.1999999999998,693.1999999999998,693.2499999999998,106.80000000000018,0.13350000000000023,0.15,0.8900000000000016,-12.198767526721568,20.65943850048418,69.41976056010206,0.29760169631524014,0.20671487190349336
tuna_synth_800g,1,synth,2099-01-01 00:05:03.104391,5.051739847079753,7.3511524671298485,7.325209027620237,1.0820765270823496,7.3511524671298485,800.0,67.0,10.5,397.5,784.0,15.63,693.1999999999998,693.1999999999998,693.1999999999998,106.80000000000018,0.13350000000000023,0.15,0.8900000000000016,-12.198767526721568,20.890250752117996,69.41976056010206,0.3009265745598717,0.20671487190349336
tuna_synth_800g,1,synth,2099-01-01 00:05:05.194766,5.0865794322320275,7.3163128819775745,7.290369442467962,1.0820765270823496,7.3163128819775745,800.0,67.4,10.1,397.5,775.0,15.71,693.1999999999998,693.1999999999998,693.1999999999998,106.80000000000018,0.13350000000000023,0.15,0.8900000000000016,-12.198767526721568,21.12106300375181,69.41976056010206,0.3042514528045033,0.20671487190349336
tuna_synth_800g,1,synth,2099-01-01 00:05:07.285141,5.1214190173843015,7.2814732968253,7.250947601223628,0.929055604060685,7.2814732968253,800.0,67.9,9.4,397.75,709.0,15.71,692.0000000000001,692.0000000000001,692.5999999999999,107.99999999999989,0.13499999999999987,0.15,0.8999999999999991,-12.916342087116117,21.35202042032376,69.41976056010206,0.3075784221675277,0.20671487190349336
tuna_synth_800g,1,synth,2099-01-01 00:05:09.375516,5.156258602536576,7.2466337116730255,7.211553400743952,0.929055604060685,7.2466337116730255,800.0,68.2,9.4,398.0,777.0,15.58,692.0000000000001,692.0000000000001,692.0000000000001,107.99999999999989,0.13499999999999987,0.15,0.8999999999999991,-12.916342087116117,21.583123001833847,69.41976056010206,0.31090748264894497,0.20671487190349336
tuna_synth_800g,1,synth,2099-01-01 00:05:11.465891,5.19109818768885,7.211794126520752,7.176713815591678,0.9837059337112498,7.211794126520752,800.0,68.5,9.1,398.0,784.0,15.49,692.0000000000001,692.0000000000001,692.0000000000001,107.99999999999989,0.13499999999999987,0.15,0.8999999999999991,-12.198767526721568,21.81422558334393,69.41976056010206,0.3142365431303622,0.20671487190349336
tuna_synth_800g,1,synth,2099-01-01 00:05:13.556266,5.2259377728411245,7.176954541368477,7.150901543414991,0.9837059337112498,7.176954541368477,800.0,68.9,8.8,397.5,784.0,15.49,692.0000000000001,692.0000000000001,692.0000000000001,107.99999999999989,0.13499999999999987,0.15,0.8999999999999991,-12.198767526721568,22.045037834977748,69.41976056010206,0.3175614213749938,0.20671487190349336
tuna_synth_800g,1,synth,2099-01-01 00:05:15.646641,5.2607773579933985,7.142114956216203,7.098117412357032,0.9837059337112498,7.142114956216203,800.0,69.1,8.6,398.5,784.0,15.49,692.0000000000001,692.0000000000001,692.0000000000001,107.99999999999989,0.13499999999999987,0.15,0.8999999999999991,-12.198767526721568,22.276430746364106,69.41976056010206,0.32089466409319684,0.20671487190349336
tuna_synth_800g,1,synth,2099-01-01 00:05:17.737017,5.2956169431456726,7.107275371063929,7.067733644789414,0.9837059337112498,7.107275371063929,800.0,69.3,8.6,398.25,774.0,15.76,692.0000000000001,692.0000000000001,692.0000000000001,107.99999999999989,0.13499999999999987,0.15,0.8999999999999991,-12.198767526721568,22.507678492812325,69.41976056010206,0.32422581569300696,0.20671487190349336
tuna_synth_800g,1,synth,2099-01-01 00:05:19.827392,5.330456528297947,7.072435785911655,7.028460098755842,0.9837059337112498,7.072435785911655,800.0,69.8,8.3,398.5,778.0,15.83,692.0000000000001,692.0000000000001,692.0000000000001,107.99999999999989,0.13499999999999987,0.15,0.8999999999999991,-12.198767526721568,22.73907140419868,69.41976056010206,0.3275590584112099,0.20671487190349336
tuna_synth_800g,1,synth,2099-01-01 00:05:21.917767,5.3652961134502215,7.03759620075938,6.989213955547921,1.3935834060906458,7.03759620075938,800.0,70.1,8.5,398.75,756.0,15.49,692.0000000000001,692.0000000000001,692.0000000000001,107.99999999999989,0.13499999999999987,0.15,0.8999999999999991,-8.610894724746437,22.97060948052317,69.41976056010206,0.33089439224780576,0.20671487190349336
tuna_synth_800g,1,synth,2099-01-01 00:05:24.008142,5.400135698602495,7.002756615607107,6.949995163656581,2.090375109136581,7.002756615607107,800.0,70.5,8.3,399.0,786.0,15.58,692.0000000000001,692.0000000000001,692.0000000000001,107.99999999999989,0.13499999999999987,0.15,0.8999999999999991,-5.74059648316261,23.202292721785792,69.41976056010206,0.33423181720279443,0.20671487190349336
tuna_synth_800g,1,synth,2099-01-01 00:05:26.098517,5.43497528375477,6.967917030454832,6.910803671701768,2.3890001247288164,6.967917030454832,800.0,70.9,8.1,399.25,768.0,15.86,692.0000000000001,692.0000000000001,692.0000000000001,107.99999999999989,0.13499999999999987,0.15,0.8999999999999991,-5.02302192276456,23.43412112798655,69.41976056010206,0.337571333276176,0.20671487190349336
tuna_synth_800g,1,synth,2099-01-01 00:05:28.188892,5.469814868907044,6.933077445302558,6.880294164038029,4.180750218276725,6.933077445302558,800.0,71.1,8.3,399.0,769.0,15.76,692.0000000000001,692.0000000000001,692.0000000000001,107.99999999999989,0.13499999999999987,0.15,0.8999999999999991,-2.8702982415788583,23.665804369249173,69.41976056010206,0.3409087582311646,0.20671487190349336
tuna_synth_800g,1,synth,2099-01-01 00:05:30.279267,5.504654454059318,6.898237860150284,6.8411463170422735,3.9717127073627645,6.898237860150284,800.0,71.4,8.2,399.25,779.0,15.63,691.3999999999997,691.3999999999997,691.6999999999999,108.60000000000025,0.13575000000000031,0.15,0.9050000000000021,-2.8702982415788583,23.89763277544993,69.41976056010206,0.3442482743045462,0.20671487190349336
tuna_synth_800g,1,synth,2099-01-01 00:05:32.369642,5.539494039211592,6.86339827499801,6.8063067318899995,3.9717127073627645,6.86339827499801,800.0,71.6,8.0,399.25,779.0,15.56,691.3999999999997,691.3999999999997,691.3999999999997,108.60000000000025,0.13575000000000031,0.15,0.9050000000000021,-2.8702982415788583,24.12946118165069,69.41976056010206,0.3475877903779277,0.20671487190349336
tuna_synth_800g,1,synth,2099-01-01 00:05:34.460017,5.574333624363867,6.828558689845735,6.762953942570259,3.727835611296648,6.828558689845735,800.0,71.9,7.8,399.75,784.0,15.49,690.6999999999998,690.6999999999998,691.0499999999997,109.30000000000018,0.13662500000000022,0.15,0.9108333333333348,-2.8702982415788583,24.361579917727717,69.41976056010206,0.35093148868809493,0.20671487190349336
tuna_synth_800g,1,synth,2099-01-01 00:05:36.550393,5.60917320951614,6.793719104693462,6.711238614579382,2.9822684890360236,6.793719104693462,800.0,72.3,8.0,400.75,784.0,15.53,690.6999999999998,690.6999999999998,690.6999999999998,109.30000000000018,0.13662500000000022,0.15,0.9108333333333348,-3.587872801975131,24.594279313557283,69.41976056010206,0.3542835514718336,0.20671487190349336
tuna_synth_800g,1,synth,2099-01-01 00:05:38.640768,5.644012794668415,6.758879519541187,6.663862469125901,2.7592951440613445,6.758879519541187,800.0,72.6,7.9,401.5,784.0,15.49,689.8999999999997,689.8999999999997,690.2999999999997,110.10000000000025,0.1376250000000003,0.15,0.9175000000000021,-3.587872801975131,24.82741420420125,69.41976056010206,0.3576418876107508,0.20671487190349336
tuna_synth_800g,1,synth,2099-01-01 00:05:40.731143,5.678852379820689,6.724039934388913,6.624876112057554,2.7592951440613445,6.724039934388913,800.0,72.9,7.9,401.75,793.0,15.29,689.8999999999997,689.8999999999997,689.8999999999997,110.10000000000025,0.1376250000000003,0.15,0.9175000000000021,-3.587872801975131,25.060694259783354,69.41976056010206,0.3610023148680608,0.20671487190349336
tuna_synth_800g,1,synth,2099-01-01 00:05:42.821518,5.713691964972963,6.689200349236639,6.585916579074398,13.796475720312715,13.796475720312715,800.0,73.2,8.1,402.0,791.0,14.8,689.8999999999997,689.8999999999997,689.8999999999997,110.10000000000025,0.1376250000000003,0.15,0.9175000000000021,-0.7175745603947146,25.29411948030359,69.41976056010206,0.3643648332437637,0.20671487190349336
tuna_synth_800g,1,synth,2099-01-01 00:05:44.911893,5.748531550125237,6.654360764084365,6.551076993922125,13.099684017266442,13.099684017266442,800.0,73.5,8.0,402.0,794.0,15.34,689.3999999999996,689.3999999999996,689.6499999999996,110.60000000000036,0.13825000000000046,0.15,0.9216666666666697,-0.7175745603947146,25.527544700823825,69.41976056010206,0.3677273516194665,0.20671487190349336
tuna_synth_800g,1,synth,2099-01-01 00:05:47.002268,5.783371135277511,6.619521178932091,6.516237408769852,2.1832806695427522,6.619521178932091,800.0,73.8,7.9,402.0,795.0,15.32,689.3999999999996,689.3999999999996,689.3999999999996,110.60000000000036,0.13825000000000046,0.15,0.9216666666666697,-4.305447362371551,25.76096992134406,69.41976056010206,0.37108986999516935,0.20671487190349336
tuna_synth_800g,1,synth,2099-01-01 00:05:49.092643,5.818210720429785,6.584681593779817,6.4733031187619625,2.5084501309660117,6.584681593779817,800.0,74.1,8.1,402.5,789.0,15.27,689.0,689.0,689.1999999999998,111.0,0.13875,0.15,0.9250000000000002,-3.587872801973573,25.994685471740567,69.41976056010206,0.37445657060765797,0.20671487190349336
tuna_synth_800g,1,synth,2099-01-01 00:05:51.183018,5.853050305582059,6.549842008627543,6.426423912186077,2.5084501309660117,6.549842008627543,800.0,74.4,8.0,403.25,778.0,15.22,689.0,689.0,689.0,111.0,0.13875,0.15,0.9250000000000002,-3.587872801973573,26.228836516951475,69.41976056010206,0.3778295445753251,0.20671487190349336
tuna_synth_800g,1,synth,2099-01-01 00:05:53.273393,5.887889890734334,6.515002423475268,6.387602651747441,3.1355626637075145,6.515002423475268,800.0,74.6,7.9,403.5,799.0,15.1,689.0,689.0,689.0,111.0,0.13875,0.15,0.9250000000000002,-2.8702982415788583,26.463132727100522,69.41976056010206,0.3812046096613851,0.20671487190349336
tuna_synth_800g,1,synth,2099-01-01 00:05:55.363769,5.922729475886608,6.480162838322994,6.34880789467458,3.1355626637075145,6.480162838322994,800.0,74.9,7.9,403.75,810.0,14.83,689.0,689.0,689.0,111.0,0.13875,0.15,0.9250000000000002,-2.8702982415788583,26.697574102187698,69.41976056010206,0.38458176586583787,0.20671487190349336
tuna_synth_800g,1,synth,2099-01-01 00:05:57.454144,5.957569061038882,6.44532325317072,6.3100395917657,2.8916855676412796,6.44532325317072,800.0,75.3,8.2,404.0,814.0,14.76,688.2999999999997,688.2999999999997,688.6499999999999,111.70000000000027,0.13962500000000033,0.15,0.9308333333333356,-2.8702982415788583,26.932160642213013,69.41976056010206,0.3879610131886836,0.20671487190349336
tuna_synth_800g,1,synth,2099-01-01 00:05:59.544519,5.992408646191156,6.410483668018446,6.271297693940721,2.856845982489045,6.410483668018446,800.0,75.7,8.1,404.25,823.0,14.53,688.1999999999999,688.1999999999999,688.2499999999998,111.80000000000007,0.1397500000000001,0.15,0.9316666666666673,-2.8702982415788583,27.16689234717646,69.41976056010206,0.39134235162992215,0.20671487190349336
tuna_synth_800g,1,synth,2099-01-01 00:06:01.634894,6.02724823134343,6.375644082866172,6.2287109837804895,1.149706310026073,6.375644082866172,800.0,76.1,8.1,404.75,827.0,14.58,686.5999999999999,686.5999999999999,687.3999999999999,113.40000000000009,0.14175000000000013,0.15,0.9450000000000008,-5.7405964831577165,27.401914382016177,69.41976056010206,0.3947278723079463,0.20671487190349336
tuna_synth_800g,1,synth,2099-01-01 00:06:03.725269,6.062087816495704,6.340804497713898,6.20157543200333,1.0219611644671038,6.340804497713898,800.0,76.3,8.3,404.25,833.0,14.15,686.5999999999999,686.5999999999999,686.5999999999999,113.40000000000009,0.14175000000000013,0.15,0.9450000000000008,-6.458171043555694,27.636646086979624,69.41976056010206,0.39810921074918487,0.20671487190349336
tuna_synth_800g,1,synth,2099-01-01 00:06:05.815644,6.096927401647979,6.305964912561623,6.162902981936345,1.0219611644671038,6.305964912561623,800.0,76.5,8.3,404.5,831.0,14.4,686.5999999999999,686.5999999999999,686.5999999999999,113.40000000000009,0.14175000000000013,0.15,0.9450000000000008,-6.458171043555694,27.871522956881204,69.41976056010206,0.4014926403088162,0.20671487190349336
tuna_synth_800g,1,synth,2099-01-01 00:06:07.906019,6.131766986800252,6.27112532740935,6.120454874584149,1.0219611644671038,6.27112532740935,800.0,76.8,8.2,405.0,833.0,14.36,686.5999999999999,686.5999999999999,686.5999999999999,113.40000000000009,0.14175000000000013,0.15,0.9450000000000008,-6.458171043555694,28.106690156659056,69.41976056010206,0.4048802521052333,0.20671487190349336
tuna_synth_800g,1,synth,2099-01-01 00:06:09.996394,6.166606571952527,6.236285742257075,6.078068489339909,1.0219611644671038,6.236285742257075,800.0,77.0,8.5,405.5,843.0,14.15,686.5999999999999,686.5999999999999,686.5999999999999,113.40000000000009,0.14175000000000013,0.15,0.9450000000000008,-6.458171043555694,28.342147686313176,69.41976056010206,0.4082720461384361,0.20671487190349336
tuna_synth_800g,1,synth,2099-01-01 00:06:12.086769,6.201446157104801,6.201446157104801,6.046978483761564,1.0219611644671038,6.201446157104801,800.0,77.2,8.4,405.25,839.0,14.1,686.5999999999999,686.5999999999999,686.5999999999999,113.40000000000009,0.14175000000000013,0.15,0.9450000000000008,-6.458171043555694,28.57746005102916,69.41976056010206,0.411661749053246,0.20671487190349336
tuna_synth_800g,1,synth,2099-01-01 00:06:14.177145,6.236285742257075,6.166606571952527,6.008410798434345,1.0064769043994344,6.166606571952527,800.0,77.5,8.4,405.5,841.0,14.25,686.5,686.5,686.55,113.5,0.141875,0.15,0.9458333333333334,-6.458171043555694,28.812917580683283,69.41976056010206,0.4150535430864488,0.20671487190349336
tuna_synth_800g,1,synth,2099-01-01 00:06:16.267520,6.271125327409349,6.131766986800253,5.97357121328207,0.8361500436543866,6.131766986800253,800.0,77.7,8.4,405.5,833.0,14.36,686.0,686.0,686.25,114.0,0.1425,0.15,0.95,-7.175745603955304,29.048375110337403,69.41976056010206,0.4184453371196516,0.20671487190349336
tuna_synth_800g,1,synth,2099-01-01 00:06:18.357895,6.305964912561624,6.096927401647978,5.927703496659122,0.8361500436543866,6.096927401647978,800.0,77.9,8.3,406.25,846.0,13.98,686.0,686.0,686.0,114.0,0.1425,0.15,0.95,-7.175745603955304,29.284268134805927,69.41976056010206,0.421843404508033,0.20671487190349336
tuna_synth_800g,1,synth,2099-01-01 00:06:20.448270,6.340804497713897,6.062087816495705,5.892863911506848,0.8222142095936269,6.062087816495705,800.0,78.2,8.8,406.25,848.0,14.06,685.8999999999996,685.8999999999996,685.9499999999998,114.10000000000036,0.14262500000000045,0.15,0.9508333333333363,-7.1757456039535805,29.52016115927445,69.41976056010206,0.4252414718964143,0.20671487190349336
tuna_synth_800g,1,synth,2099-01-01 00:06:22.538645,6.375644082866172,6.02724823134343,5.861652937137522,0.8980870839256372,6.02724823134343,800.0,78.6,8.8,406.0,838.0,14.23,685.7999999999998,685.7999999999998,685.8499999999997,114.20000000000016,0.1427500000000002,0.15,0.9516666666666681,-6.458171043555603,29.755909018804836,69.41976056010206,0.4286374481664027,0.20671487190349336
tuna_synth_800g,1,synth,2099-01-01 00:06:24.629020,6.410483668018446,5.992408646191156,5.819603446773515,0.8206657835872181,5.992408646191156,800.0,78.9,8.7,406.5,846.0,14.04,685.2999999999998,685.2999999999998,685.5499999999998,114.70000000000016,0.1433750000000002,0.15,0.9558333333333346,-6.458171043555603,29.991947208211496,69.41976056010206,0.4320376066731769,0.20671487190349336
tuna_synth_800g,1,synth,2099-01-01 00:06:26.719395,6.44532325317072,5.957569061038882,5.777614471637491,0.8206657835872181,5.957569061038882,800.0,79.1,9.0,407.0,854.0,13.9,685.2999999999998,685.2999999999998,685.2999999999998,114.70000000000016,0.1433750000000002,0.15,0.9558333333333346,-6.458171043555603,30.22827572749442,69.41976056010206,0.4354419474167368,0.20671487190349336
tuna_synth_800g,1,synth,2099-01-01 00:06:28.809770,6.480162838322994,5.922729475886608,5.746325970979155,0.905829213959917,5.922729475886608,800.0,79.4,8.9,406.75,854.0,13.98,685.1999999999998,685.1999999999998,685.2499999999998,114.80000000000018,0.14350000000000024,0.15,0.9566666666666683,-5.7405964831577165,30.46445908183921,69.41976056010206,0.43884419704190375,0.20671487190349336
tuna_synth_800g,1,synth,2099-01-01 00:06:30.900145,6.515002423475269,5.887889890734333,5.7114863858268805,0.8361500436552897,5.887889890734333,800.0,79.7,8.9,406.75,847.0,14.94,684.7999999999997,684.7999999999997,684.9999999999998,115.20000000000027,0.14400000000000035,0.15,0.9600000000000024,-5.7405964831577165,30.700642436184,69.41976056010206,0.4422464466670708,0.20671487190349336
tuna_synth_800g,1,synth,2099-01-01 00:06:32.990521,6.549842008627542,5.85305030558206,5.669634539918528,0.7122759631134419,5.85305030558206,800.0,80.0,8.9,407.25,846.0,14.04,684.5999999999999,684.5999999999999,684.6999999999998,115.40000000000009,0.1442500000000001,0.15,0.9616666666666673,-6.458171043555603,30.937116120405058,69.41976056010206,0.44565287852902347,0.20671487190349336
tuna_synth_800g,1,synth,2099-01-01 00:06:35.080896,6.584681593779817,5.818210720429785,5.638277531264975,0.5419491023689514,5.818210720429785,800.0,80.1,9.2,407.0,855.0,13.94,683.5000000000001,683.5000000000001,684.05,116.49999999999989,0.14562499999999987,0.15,0.9708333333333324,-6.458171043555603,31.173444639687986,69.41976056010206,0.44905721927258335,0.20671487190349336
tuna_synth_800g,1,synth,2099-01-01 00:06:37.171271,6.619521178932091,5.783371135277511,5.603437946112701,0.5419491023689514,5.783371135277511,800.0,80.3,9.2,407.0,848.0,14.04,683.5000000000001,683.5000000000001,683.5000000000001,116.49999999999989,0.14562499999999987,0.15,0.9708333333333324,-6.458171043555603,31.409773158970914,69.41976056010206,0.45246156001614324,0.20671487190349336
tuna_synth_800g,1,synth,2099-01-01 00:06:39.261646,6.654360764084365,5.748531550125237,5.561722976977466,0.5109805822335239,5.748531550125237,800.0,80.5,9.2,407.5,855.0,13.96,683.2999999999997,683.2999999999997,683.3999999999999,116.70000000000027,0.14587500000000034,0.15,0.9725000000000023,-6.458171043555603,31.64639200813011,69.41976056010206,0.45587008299648885,0.20671487190349336
tuna_synth_800g,1,synth,2099-01-01 00:06:41.352021,6.689200349236639,5.713691964972963,5.5337159753349905,0.48001206209794195,5.713691964972963,800.0,80.7,9.2,407.0,848.0,14.02,683.0999999999999,683.0999999999999,683.1999999999998,116.90000000000009,0.14612500000000012,0.15,0.9741666666666675,-6.458171043558866,31.88272052741304,69.41976056010206,0.45927442374004873,0.20671487190349336
tuna_synth_800g,1,synth,2099-01-01 00:06:43.442396,6.724039934388913,5.678852379820689,5.488697881337834,0.3762675196445438,5.678852379820689,800.0,80.9,9.2,407.75,862.0,13.9,682.6999999999998,682.6999999999998,682.8999999999999,117.30000000000018,0.14662500000000023,0.15,0.9775000000000016,-7.175745603953489,32.11948454151037,69.41976056010206,0.46268503783878717,0.20671487190349336
tuna_synth_800g,1,synth,2099-01-01 00:06:45.532771,6.758879519541188,5.644012794668414,5.463972604320703,0.3762675196445438,5.644012794668414,800.0,81.1,9.4,407.0,861.0,13.71,682.6999999999998,682.6999999999998,682.6999999999998,117.30000000000018,0.14662500000000023,0.15,0.9775000000000016,-7.175745603953489,32.355813060793295,69.41976056010206,0.46608937858234706,0.20671487190349336
tuna_synth_800g,1,synth,2099-01-01 00:06:47.623146,6.793719104693461,5.609173209516141,5.419082793654656,0.3561379815565018,5.609173209516141,800.0,81.4,9.4,407.75,849.0,14.02,682.2999999999997,682.2999999999997,682.4999999999998,117.70000000000027,0.14712500000000034,0.15,0.9808333333333357,-6.458171043558939,32.59257707489063,69.41976056010206,0.4694999926810855,0.20671487190349336
tuna_synth_800g,1,synth,2099-01-01 00:06:49.713521,6.828558689845735,5.574333624363867,5.3809226920847015,0.34065372148884004,5.574333624363867,800.0,81.7,9.4,408.0,859.0,13.87,682.1999999999998,682.1999999999998,682.2499999999998,117.80000000000018,0.14725000000000021,0.15,0.9816666666666681,-6.458171043558939,32.82948625392609,69.41976056010206,0.47291269789821677,0.20671487190349336
tuna_synth_800g,1,synth,2099-01-01 00:06:51.803896,6.86339827499801,5.539494039211592,5.355992725149894,0.3309760589464605,5.539494039211592,800.0,82.0,9.4,407.25,821.0,14.04,681.8999999999996,681.8999999999996,682.0499999999997,118.10000000000036,0.14762500000000045,0.15,0.9841666666666697,-5.740596483164316,33.06595993814715,69.41976056010206,0.4763191297601695,0.20671487190349336
tuna_synth_800g,1,synth,2099-01-01 00:06:53.894272,6.898237860150284,5.504654454059318,5.311307565135214,0.33097605894646887,5.504654454059318,800.0,82.0,9.6,408.0,851.0,13.85,681.8999999999996,681.8999999999996,681.8999999999996,118.10000000000036,0.14762500000000045,0.15,0.9841666666666697,-5.74059648316417,33.30286911718261,69.41976056010206,0.4797318349773007,0.20671487190349336
tuna_synth_800g,1,synth,2099-01-01 00:06:55.984647,6.933077445302557,5.4698148689070445,5.273215495252299,0.33097605894646887,5.4698148689070445,800.0,82.3,9.6,408.25,835.0,14.15,681.8999999999996,681.8999999999996,681.8999999999996,118.10000000000036,0.14762500000000045,0.15,0.9841666666666697,-5.74059648316417,33.539923461156214,69.41976056010206,0.48314663131282487,0.20671487190349336
tuna_synth_800g,1,synth,2099-01-01 00:06:58.075022,6.967917030454833,5.434975283754769,5.244842146145705,0.33097605894646887,5.434975283754769,800.0,82.6,9.6,407.75,839.0,14.29,681.8999999999996,681.8999999999996,681.8999999999996,118.10000000000036,0.14762500000000045,0.15,0.9841666666666697,-5.74059648316417,33.776687475253546,69.41976056010206,0.48655724541156337,0.20671487190349336
tuna_synth_800g,1,synth,2099-01-01 00:07:00.165397,7.002756615607106,5.4001356986024955,5.2100025609934315,0.2438770960657963,5.4001356986024955,800.0,82.9,9.6,407.75,847.0,14.1,681.3999999999996,681.3999999999996,681.6499999999996,118.60000000000036,0.14825000000000046,0.15,0.9883333333333365,-5.740596483164316,34.01345148935087,69.41976056010206,0.4899678595103017,0.20671487190349336
tuna_synth_800g,1,synth,2099-01-01 00:07:02.255772,7.03759620075938,5.3652961134502215,5.165597487663078,0.21677964094740526,5.3652961134502215,800.0,83.1,9.6,408.5,842.0,14.19,681.3999999999996,681.3999999999996,681.3999999999996,118.60000000000036,0.14825000000000046,0.15,0.9883333333333365,-6.458171043558939,34.25065099826261,69.41976056010206,0.49338474696421875,0.20671487190349336
tuna_synth_800g,1,synth,2099-01-01 00:07:04.346147,7.072435785911655,5.330456528297947,5.127598515668196,0.21677964094740526,5.330456528297947,800.0,83.2,10.0,408.75,848.0,14.04,681.3999999999996,681.3999999999996,681.3999999999996,118.60000000000036,0.14825000000000046,0.15,0.9883333333333365,-6.458171043558939,34.487995672112476,69.41976056010206,0.4968037255365286,0.20671487190349336
tuna_synth_800g,1,synth,2099-01-01 00:07:06.436522,7.107275371063929,5.2956169431456726,5.105334279420076,0.2438770960657963,5.2956169431456726,800.0,83.4,10.0,407.75,841.0,14.17,681.3999999999996,681.3999999999996,681.3999999999996,118.60000000000036,0.14825000000000046,0.15,0.9883333333333365,-5.740596483164316,34.7247596862098,69.41976056010206,0.500214339635267,0.20671487190349336
tuna_synth_800g,1,synth,2099-01-01 00:07:08.526897,7.1421149562162025,5.260777357993399,5.061121375517335,0.2438770960658025,5.260777357993399,800.0,83.7,9.9,408.5,836.0,14.36,681.3999999999996,681.3999999999996,681.3999999999996,118.60000000000036,0.14825000000000046,0.15,0.9883333333333365,-5.74059648316417,34.96195919512154,69.41976056010206,0.503631227089184,0.20671487190349336
tuna_synth_800g,1,synth,2099-01-01 00:07:10.617272,7.176954541368478,5.225937772841124,5.023186303285234,0.2438770960658025,5.225937772841124,800.0,83.9,10.0,408.75,848.0,14.04,681.3999999999996,681.3999999999996,681.3999999999996,118.60000000000036,0.14825000000000046,0.15,0.9883333333333365,-5.74059648316417,35.199303868971406,69.41976056010206,0.5070502056614937,0.20671487190349336
tuna_synth_800g,1,synth,2099-01-01 00:07:12.707648,7.2117941265207515,5.1910981876888505,4.991420883557248,0.2438770960658025,5.1910981876888505,800.0,84.0,10.0,408.5,819.0,14.15,681.3999999999996,681.3999999999996,681.3999999999996,118.60000000000036,0.14825000000000046,0.15,0.9883333333333365,-5.74059648316417,35.436503377883135,69.41976056010206,0.5104670931154107,0.20671487190349336
tuna_synth_800g,1,synth,2099-01-01 00:07:14.798023,7.2466337116730255,5.156258602536576,4.953528441595458,0.24387709606580563,5.156258602536576,800.0,84.5,10.0,408.75,843.0,14.15,681.3999999999996,681.3999999999996,681.3999999999996,118.60000000000036,0.14825000000000046,0.15,0.9883333333333365,-5.740596483164096,35.673848051733,69.41976056010206,0.5138860716877205,0.20671487190349336
tuna_synth_800g,1,synth,2099-01-01 00:07:16.888398,7.2814732968253,5.1214190173843015,4.912636897443067,0.174197925761434,5.1214190173843015,800.0,84.9,10.0,409.25,839.0,13.94,681.0,681.0,681.1999999999998,119.0,0.14875,0.15,0.9916666666666667,-5.740596483160833,35.911483055459136,69.41976056010206,0.517309232496816,0.20671487190349336
tuna_synth_800g,1,synth,2099-01-01 00:07:18.978773,7.3163128819775745,5.0865794322320275,4.880800146580183,0.17419792576143178,5.0865794322320275,800.0,85.3,10.0,409.0,853.0,13.94,681.0,681.0,681.0,119.0,0.14875,0.15,0.9916666666666667,-5.740596483160907,36.148972894247144,69.41976056010206,0.5207303021875188,0.20671487190349336
tuna_synth_800g,1,synth,2099-01-01 00:07:21.069148,7.351152467129848,5.051739847079754,4.842979009719553,0.12193854803303987,5.051739847079754,800.0,85.1,10.4,409.25,852.0,14.04,680.6999999999998,680.6999999999998,680.8499999999999,119.30000000000018,0.14912500000000023,0.15,0.9941666666666682,-5.740596483157644,36.38660789797328,69.41976056010206,0.5241534629966143,0.20671487190349336
tuna_synth_800g,1,synth,2099-01-01 00:07:23.159523,7.3859920522821225,5.016900261927479,4.802229749143582,0.13935834060909663,5.016900261927479,800.0,85.3,10.4,409.75,866.0,13.73,680.6999999999998,680.6999999999998,680.6999999999998,119.30000000000018,0.14912500000000023,0.15,0.9941666666666682,-5.0230219227662465,36.62453323157568,69.41976056010206,0.5275808060424955,0.20671487190349336
tuna_synth_800g,1,synth,2099-01-01 00:07:25.249898,7.4208316374343966,4.982060676775205,4.776196208763575,0.16258473071046925,4.982060676775205,800.0,85.5,10.4,409.0,859.0,13.85,680.6999999999998,680.6999999999998,680.6999999999998,119.30000000000018,0.14912500000000023,0.15,0.9941666666666682,-4.305447362374869,36.86202307036369,69.41976056010206,0.5310018757331982,0.20671487190349336
tuna_synth_800g,1,synth,2099-01-01 00:07:27.340273,7.455671222586671,4.947221091622931,4.741356623611302,0.16258473071047339,4.947221091622931,800.0,85.7,10.4,409.0,855.0,13.85,680.6999999999998,680.6999999999998,680.6999999999998,119.30000000000018,0.14912500000000023,0.15,0.9941666666666682,-4.305447362374759,37.09951290915169,69.41976056010206,0.5344229454239009,0.20671487190349336
tuna_synth_800g,1,synth,2099-01-01 00:07:29.430648,7.4905108077389455,4.912381506470656,4.694952754011194,0.16258473071047339,4.912381506470656,800.0,86.0,10.4,410.0,866.0,13.65,680.6999999999998,680.6999999999998,680.6999999999998,119.30000000000018,0.14912500000000023,0.15,0.9941666666666682,-4.305447362374759,37.337583407692236,69.41976056010206,0.537852379588175,0.20671487190349336
tuna_synth_800g,1,synth,2099-01-01 00:07:31.521024,7.5253503928912195,4.877541921318382,4.66297769158864,0.32516946142095093,4.877541921318382,800.0,86.1,10.4,409.75,858.0,13.81,680.6999999999998,680.6999999999998,680.6999999999998,119.30000000000018,0.14912500000000023,0.15,0.9941666666666682,-2.152723681187352,37.57550874129464,69.41976056010206,0.5412797226340562,0.20671487190349336
tuna_synth_800g,1,synth,2099-01-01 00:07:33.611399,7.560189978043493,4.842702336166109,4.619618658765985,13.999999999996362,13.999999999996362,800.0,86.2,0.0,410.5,864.0,13.51,680.6999999999998,680.6999999999998,680.6999999999998,119.30000000000018,0.14912500000000023,0.15,0.9941666666666682,0.0,37.81386956971145,69.41976056010206,0.544713339035116,0.20671487190349336
tuna_synth_800g,1,synth,2099-01-01 00:07:35.701774,7.595029563195768,4.807862751013834,4.5932347514515985,0.0,4.807862751013834,800.0,86.4,0.0,409.75,865.0,13.69,680.0,680.0,680.3499999999999,120.0,0.15,0.15,1.0,0.0,38.051794903313855,69.41976056010206,0.5481406820809972,0.20671487190349336
tuna_synth_800g,1,synth,2099-01-01 00:07:37.792149,7.629869148348042,4.77302316586156,4.5527970739758,0.0,4.77302316586156,800.0,86.6,0.0,410.25,880.0,13.32,680.0,680.0,680.0,120.0,0.15,0.15,1.0,0.0,38.29001056679253,69.41976056010206,0.5515722073636642,0.20671487190349336
tuna_synth_800g,1,synth,2099-01-01 00:07:39.882524,7.664708733500316,4.738183580709286,4.5179574888235265,0.0,4.738183580709286,800.0,86.9,0.0,410.25,871.0,13.57,680.0,680.0,680.0,120.0,0.15,0.15,1.0,0.0,38.5282262302712,69.41976056010206,0.5550037326463311,0.20671487190349336
tuna_synth_800g,1,synth,2099-01-01 00:07:41.972899,7.699548318652591,4.703343995557011,4.485872755798584,0.0,4.703343995557011,800.0,87.1,0.0,410.0,880.0,13.4,680.0,680.0,680.0,120.0,0.15,0.15,1.0,0.0,38.76629672881174,69.41976056010206,0.5584331668106051,0.20671487190349336
tuna_synth_800g,1,synth,2099-01-01 00:07:44.063274,7.734387903804864,4.668504410404738,4.440118638393758,0.0,4.668504410404738,800.0,87.0,0.0,411.0,897.0,13.45,680.0,680.0,680.0,120.0,0.15,0.15,1.0,0.0,39.00494788710482,69.41976056010206,0.5618709654484506,0.20671487190349336
tuna_synth_800g,1,synth,2099-01-01 00:07:46.153649,7.769227488957138,4.633664825252464,4.407981499156514,0.0,4.633664825252464,800.0,87.2,0.0,410.75,879.0,13.4,680.0,680.0,680.0,120.0,0.15,0.15,1.0,0.0,39.24345388045976,69.41976056010206,0.5653066729679032,0.20671487190349336
tuna_synth_800g,1,synth,2099-01-01 00:07:48.244024,7.804067074109413,4.598825240100189,4.37314191400424,0.0,4.598825240100189,800.0,87.4,0.0,410.75,880.0,13.4,680.0,680.0,680.0,120.0,0.15,0.15,1.0,0.0,39.48195987381471,69.41976056010206,0.5687423804873559,0.20671487190349336
tuna_synth_800g,1,synth,2099-01-01 00:07:50.334400,7.838906659261687,4.563985654947915,4.335642266860478,0.0,4.563985654947915,800.0,87.6,0.0,411.0,883.0,13.34,680.0,680.0,680.0,120.0,0.15,0.15,1.0,0.0,39.72061103210779,69.41976056010206,0.5721801791252014,0.20671487190349336
tuna_synth_800g,1,synth,2099-01-01 00:07:52.424775,7.87374624441396,4.529146069795642,4.298167032913759,0.0,4.529146069795642,800.0,87.8,0.0,411.25,885.0,13.32,680.0,680.0,680.0,120.0,0.15,0.15,1.0,0.0,39.959407355339,69.41976056010206,0.5756200688814398,0.20671487190349336
tuna_synth_800g,1,synth,2099-01-01 00:07:54.515150,7.908585829566236,4.494306484643366,4.265941904594158,0.0,4.494306484643366,800.0,88.0,0.0,411.0,883.0,13.75,680.0,680.0,680.0,120.0,0.15,0.15,1.0,0.0,40.198058513632084,69.41976056010206,0.5790578675192852,0.20671487190349336
tuna_synth_800g,1,synth,2099-01-01 00:07:56.605525,7.943425414718509,4.459466899491093,4.231102319441883,0.0,4.459466899491093,800.0,88.1,0.0,411.0,879.0,13.42,680.0,680.0,680.0,120.0,0.15,0.15,1.0,0.0,40.436709671925165,69.41976056010206,0.5824956661571308,0.20671487190349336
tuna_synth_800g,1,synth,2099-01-01 00:07:58.695900,7.978264999870783,4.424627314338819,4.198837963942343,0.0,4.424627314338819,800.0,88.3,0.0,410.75,879.0,13.4,680.0,680.0,680.0,120.0,0.15,0.15,1.0,0.0,40.675215665280106,69.41976056010206,0.5859313736765833,0.20671487190349336
tuna_synth_800g,1,synth,2099-01-01 00:08:00.786275,8.013104585023058,4.389787729186544,4.161444341099106,0.0,4.389787729186544,800.0,88.6,0.0,411.0,871.0,13.4,680.0,680.0,680.0,120.0,0.15,0.15,1.0,0.0,40.91386682357319,69.41976056010206,0.5893691723144289,0.20671487190349336
tuna_synth_800g,1,synth,2099-01-01 00:08:02.876650,8.047944170175331,4.354948144034271,4.126604755946832,0.0,4.354948144034271,800.0,88.9,0.0,411.0,882.0,13.4,680.0,680.0,680.0,120.0,0.15,0.15,1.0,0.0,41.15251798186627,69.41976056010206,0.5928069709522744,0.20671487190349336
tuna_synth_800g,1,synth,2099-01-01 00:08:04.967025,8.082783755327606,4.320108558881996,4.089256596474832,0.0,4.320108558881996,800.0,89.3,0.0,411.25,880.0,13.73,680.0,680.0,680.0,120.0,0.15,0.15,1.0,0.0,41.39131430509748,69.41976056010206,0.5962468607085127,0.20671487190349336
tuna_synth_800g,1,synth,2099-01-01 00:08:07.057400,8.11762334047988,4.285268973729721,4.059394803892826,0.0,4.285268973729721,800.0,89.0,0.0,410.75,878.0,13.42,680.0,680.0,680.0,120.0,0.15,0.15,1.0,0.0,41.62982029845242,69.41976056010206,0.5996825682279653,0.20671487190349336
tuna_synth_800g,1,synth,2099-01-01 00:08:09.147776,8.152462925632154,4.250429388577448,4.024555218740552,0.0,4.250429388577448,800.0,89.1,0.0,410.75,879.0,13.49,680.0,680.0,680.0,120.0,0.15,0.15,1.0,0.0,41.868326291807364,69.41976056010206,0.6031182757474179,0.20671487190349336
tuna_synth_800g,1,synth,2099-01-01 00:08:11.238151,8.187302510784427,4.215589803425175,3.9848225573344904,0.0,4.215589803425175,800.0,89.3,0.0,411.25,878.0,13.38,680.0,680.0,680.0,120.0,0.15,0.15,1.0,0.0,42.10712261503858,69.41976056010206,0.6065581655036563,0.20671487190349336
tuna_synth_800g,1,synth,2099-01-01 00:08:13.328526,8.222142095936702,4.1807502182729,3.942729047623961,0.0,4.1807502182729,800.0,89.5,0.0,412.0,886.0,13.3,680.0,680.0,680.0,120.0,0.15,0.15,1.0,0.0,42.346354433084194,69.41976056010206,0.6100043286150731,0.20671487190349336
tuna_synth_800g,1,synth,2099-01-01 00:08:15.418901,8.256981681088977,4.145910633120625,3.910283347746504,0.0,4.145910633120625,800.0,89.6,0.0,411.75,893.0,13.22,680.0,680.0,680.0,120.0,0.15,0.15,1.0,0.0,42.58544108619168,69.41976056010206,0.6134484006080972,0.20671487190349336
tuna_synth_800g,1,synth,2099-01-01 00:08:17.509276,8.29182126624125,4.111071047968352,3.8778193903875144,0.0,4.111071047968352,800.0,89.8,0.0,411.5,880.0,13.34,680.0,680.0,680.0,120.0,0.15,0.15,1.0,0.0,42.824382574361024,69.41976056010206,0.6168903814827283,0.20671487190349336
tuna_synth_800g,1,synth,2099-01-01 00:08:19.599651,8.326660851393525,4.076231462816077,3.842979805235241,0.0,4.076231462816077,800.0,89.9,0.0,411.5,877.0,13.4,680.0,680.0,680.0,120.0,0.15,0.15,1.0,0.0,43.06332406253037,69.41976056010206,0.6203323623573596,0.20671487190349336
tuna_synth_800g,1,synth,2099-01-01 00:08:21.690026,8.3615004365458,4.041391877663802,3.798823905403609,0.0,4.041391877663802,800.0,90.1,0.0,412.5,880.0,13.4,680.0,680.0,680.0,120.0,0.15,0.15,1.0,0.0,43.30284621045225,69.41976056010206,0.6237827077055621,0.20671487190349336
tuna_synth_800g,1,synth,2099-01-01 00:08:23.780401,8.396340021698073,4.006552292511529,3.768594543437504,0.0,4.006552292511529,800.0,90.1,0.0,412.0,882.0,13.19,680.0,680.0,680.0,120.0,0.15,0.15,1.0,0.0,43.54207802849787,69.41976056010206,0.627228870816979,0.20671487190349336
tuna_synth_800g,1,synth,2099-01-01 00:08:25.870776,8.431179606850348,3.971712707359254,3.731469576512375,0.0,3.971712707359254,800.0,90.4,0.0,412.25,880.0,13.4,680.0,680.0,680.0,120.0,0.15,0.15,1.0,0.0,43.78145501148162,69.41976056010206,0.6306771250467887,0.20671487190349336
tuna_synth_800g,1,synth,2099-01-01 00:08:27.961152,8.466019192002621,3.936873122206981,3.7011612233898665,0.0,3.936873122206981,800.0,90.7,0.0,411.75,866.0,13.67,680.0,680.0,680.0,120.0,0.15,0.15,1.0,0.0,44.0205416645891,69.41976056010206,0.6341211970398127,0.20671487190349336
tuna_synth_800g,1,synth,2099-01-01 00:08:30.051527,8.500858777154896,3.902033537054706,3.6640757879806807,0.0,3.902033537054706,800.0,91.0,0.0,412.0,862.0,13.73,680.0,680.0,680.0,120.0,0.15,0.15,1.0,0.0,44.25977348263472,69.41976056010206,0.6375673601512296,0.20671487190349336
tuna_synth_800g,1,synth,2099-01-01 00:08:32.141902,8.535698362307171,3.867193951902431,3.62257828195382,0.0,3.867193951902431,800.0,91.3,0.0,412.75,858.0,13.81,680.0,680.0,680.0,120.0,0.15,0.15,1.0,0.0,44.49944079549474,69.41976056010206,0.6410197966178252,0.20671487190349336
tuna_synth_800g,1,synth,2099-01-01 00:08:34.232277,8.570537947459444,3.832354366750158,3.5899341987906093,0.0,3.832354366750158,800.0,91.5,0.0,412.5,865.0,13.63,680.0,680.0,680.0,120.0,0.15,0.15,1.0,0.0,44.738962943416624,69.41976056010206,0.6444701419660277,0.20671487190349336
tuna_synth_800g,1,synth,2099-01-01 00:08:36.322652,8.605377532611717,3.7975147815978847,3.5507484463274506,0.0,3.7975147815978847,800.0,91.1,0.0,413.0,875.0,13.49,680.0,680.0,680.0,120.0,0.15,0.15,1.0,0.0,44.97877542121478,69.41976056010206,0.6479246695510159,0.20671487190349336
tuna_synth_800g,1,synth,2099-01-01 00:08:38.413027,8.640217117763992,3.7626751964456098,3.5202127986858756,0.0,3.7626751964456098,800.0,91.2,0.0,412.5,870.0,13.57,680.0,680.0,680.0,120.0,0.15,0.15,1.0,0.0,45.218297569136666,69.41976056010206,0.6513750148992186,0.20671487190349336
tuna_synth_800g,1,synth,2099-01-01 00:08:40.503402,8.675056702916267,3.727835611293335,3.483241043455658,0.0,3.727835611293335,800.0,91.4,0.0,412.75,858.0,13.9,680.0,680.0,680.0,120.0,0.15,0.15,1.0,0.0,45.45796488199668,69.41976056010206,0.6548274513658139,0.20671487190349336
tuna_synth_800g,1,synth,2099-01-01 00:08:42.593777,8.70989628806854,3.6929960261410617,3.4399827488327963,0.0,3.6929960261410617,800.0,91.5,0.0,413.75,871.0,13.53,680.0,680.0,680.0,120.0,0.15,0.15,1.0,0.0,45.69821285460924,69.41976056010206,0.6582882523059808,0.20671487190349336
tuna_synth_800g,1,synth,2099-01-01 00:08:44.684152,8.744735873220815,3.658156440988787,3.4093052722695507,0.0,3.658156440988787,800.0,91.6,0.0,413.25,878.0,13.42,680.0,680.0,680.0,120.0,0.15,0.15,1.0,0.0,45.93817049734553,69.41976056010206,0.661744871009362,0.20671487190349336
tuna_synth_800g,1,synth,2099-01-01 00:08:46.774528,8.779575458373088,3.6233168558365136,3.380664423975949,0.0,3.6233168558365136,800.0,91.7,0.0,412.5,871.0,13.53,680.0,680.0,680.0,120.0,0.15,0.15,1.0,0.0,46.17769264526741,69.41976056010206,0.6651952163575645,0.20671487190349336
tuna_synth_800g,1,synth,2099-01-01 00:08:48.864903,8.814415043525363,3.5884772706842387,3.339689331702121,0.0,3.5884772706842387,800.0,91.9,0.0,413.25,865.0,13.96,680.0,680.0,680.0,120.0,0.15,0.15,1.0,0.0,46.417650288003706,69.41976056010206,0.6686518350609457,0.20671487190349336
tuna_synth_800g,1,synth,2099-01-01 00:08:50.955278,8.849254628677638,3.553637685531964,3.3028305873408375,0.0,3.553637685531964,800.0,92.0,0.0,413.5,867.0,13.61,680.0,680.0,680.0,120.0,0.15,0.15,1.0,0.0,46.657753095678125,69.41976056010206,0.6721105448827196,0.20671487190349336
tuna_synth_800g,1,synth,2099-01-01 00:08:53.045653,8.884094213829911,3.5187981003796907,3.269989084818533,0.0,3.5187981003796907,800.0,92.1,0.0,413.25,863.0,13.75,680.0,680.0,680.0,120.0,0.15,0.15,1.0,0.0,46.89771073841442,69.41976056010206,0.6755671635861008,0.20671487190349336
tuna_synth_800g,1,synth,2099-01-01 00:08:55.136028,8.918933798982184,3.4839585152274175,3.2272557420686288,0.0,3.4839585152274175,800.0,92.3,0.0,414.25,867.0,13.65,680.0,680.0,680.0,120.0,0.15,0.15,1.0,0.0,47.13824904090324,69.41976056010206,0.6790321467630532,0.20671487190349336
tuna_synth_800g,1,synth,2099-01-01 00:08:57.226403,8.953773384134461,3.449118930075141,3.192416156916354,0.0,3.449118930075141,800.0,92.6,0.0,414.25,878.0,13.42,680.0,680.0,680.0,120.0,0.15,0.15,1.0,0.0,47.37878734339207,69.41976056010206,0.6824971299400059,0.20671487190349336
tuna_synth_800g,1,synth,2099-01-01 00:08:59.316778,8.988612969286734,3.4142793449228677,3.1575765717640802,0.0,3.4142793449228677,800.0,92.9,0.0,414.25,878.0,13.42,680.0,680.0,680.0,120.0,0.15,0.15,1.0,0.0,47.61932564588089,69.41976056010206,0.6859621131169583,0.20671487190349336
tuna_synth_800g,1,synth,2099-01-01 00:09:01.407153,9.023452554439007,3.3794397597705945,3.124643735749344,0.0,3.3794397597705945,800.0,93.1,0.0,414.0,919.0,13.38,680.0,680.0,680.0,120.0,0.15,0.15,1.0,0.0,47.85971878343159,69.41976056010206,0.6894250051755181,0.20671487190349336
tuna_synth_800g,1,synth,2099-01-01 00:09:03.497528,9.058292139591282,3.3446001746183196,3.084153800261176,0.0,3.3446001746183196,800.0,93.3,0.0,414.75,878.0,13.44,680.0,680.0,680.0,120.0,0.15,0.15,1.0,0.0,48.10054741579668,69.41976056010206,0.6928941705892563,0.20671487190349336
tuna_synth_800g,1,synth,2099-01-01 00:09:05.587903,9.093131724743557,3.3097605894660447,3.0530367906071056,0.0,3.3097605894660447,800.0,93.0,0.0,414.25,867.0,13.49,680.0,680.0,680.0,120.0,0.15,0.15,1.0,0.0,48.341085718285505,69.41976056010206,0.6963591537662087,0.20671487190349336
tuna_synth_800g,1,synth,2099-01-01 00:09:07.678279,9.12797130989583,3.2749210043137715,3.0126796690862645,0.0,3.2749210043137715,800.0,93.3,0.0,415.0,873.0,13.47,680.0,680.0,680.0,120.0,0.15,0.15,1.0,0.0,48.58205951558873,69.41976056010206,0.6998304102983398,0.20671487190349336
tuna_synth_800g,1,synth,2099-01-01 00:09:09.768654,9.162810895048105,3.2400814191614966,2.97784008393399,0.0,3.2400814191614966,800.0,93.5,0.0,415.0,882.0,13.38,680.0,680.0,680.0,120.0,0.15,0.15,1.0,0.0,48.823033312891965,69.41976056010206,0.7033016668304709,0.20671487190349336
tuna_synth_800g,1,synth,2099-01-01 00:09:11.859029,9.197650480200378,3.2052418340092235,2.9412076992128213,0.0,3.2052418340092235,800.0,93.7,0.0,415.25,874.0,13.34,680.0,680.0,680.0,120.0,0.15,0.15,1.0,0.0,49.06415227513333,69.41976056010206,0.7067750144809949,0.20671487190349336
tuna_synth_800g,1,synth,2099-01-01 00:09:13.949404,9.232490065352653,3.1704022488569485,2.9063681140605464,0.0,3.1704022488569485,800.0,93.9,0.0,415.25,866.0,13.4,680.0,680.0,680.0,120.0,0.15,0.15,1.0,0.0,49.3052712373747,69.41976056010206,0.7102483621315188,0.20671487190349336
tuna_synth_800g,1,synth,2099-01-01 00:09:16.039779,9.267329650504928,3.1355626637046736,2.8732793530733693,0.0,3.1355626637046736,800.0,94.1,0.0,415.0,873.0,13.63,680.0,680.0,680.0,120.0,0.15,0.15,1.0,0.0,49.54624503467792,69.41976056010206,0.7137196186636499,0.20671487190349336
tuna_synth_800g,1,synth,2099-01-01 00:09:18.130154,9.302169235657201,3.1007230785524005,2.8349821513710673,0.0,3.1007230785524005,800.0,94.4,0.0,415.5,868.0,13.67,680.0,680.0,680.0,120.0,0.15,0.15,1.0,0.0,49.78750916185742,69.41976056010206,0.7171950574325666,0.20671487190349336
tuna_synth_800g,1,synth,2099-01-01 00:09:20.220529,9.337008820809475,3.0658834934001273,2.7967351357483947,0.0,3.0658834934001273,800.0,94.0,0.0,416.0,874.0,14.49,680.0,680.0,680.0,120.0,0.15,0.15,1.0,0.0,50.02906361891319,69.41976056010206,0.7206746784382692,0.20671487190349336
tuna_synth_800g,1,synth,2099-01-01 00:09:22.310904,9.37184840596175,3.0310439082478524,2.7585381254631693,0.0,3.0310439082478524,800.0,94.2,0.0,416.5,872.0,13.42,680.0,680.0,680.0,120.0,0.15,0.15,1.0,0.0,50.270908405845226,69.41976056010206,0.7241584816807572,0.20671487190349336
tuna_synth_800g,1,synth,2099-01-01 00:09:24.401279,9.406687991114024,2.9962043230955775,2.7236985403108958,0.0,2.9962043230955775,800.0,94.4,0.0,416.5,885.0,13.22,680.0,680.0,680.0,120.0,0.15,0.15,1.0,0.0,50.51275319277726,69.41976056010206,0.7276422849232455,0.20671487190349336
tuna_synth_800g,1,synth,2099-01-01 00:09:26.491655,9.441527576266298,2.9613647379433043,2.6888589551586217,0.0,2.9613647379433043,800.0,94.7,0.0,416.5,890.0,13.24,680.0,680.0,680.0,120.0,0.15,0.15,1.0,0.0,50.754597979709295,69.41976056010206,0.7311260881657335,0.20671487190349336
tuna_synth_800g,1,synth,2099-01-01 00:09:28.582030,9.476367161418572,2.9265251527910294,2.6588699874840844,0.0,2.9265251527910294,800.0,94.9,0.0,415.75,883.0,13.36,680.0,680.0,680.0,120.0,0.15,0.15,1.0,0.0,50.996007271826926,69.41976056010206,0.7346036180530432,0.20671487190349336
tuna_synth_800g,1,synth,2099-01-01 00:09:30.672405,9.511206746570846,2.8916855676387563,2.6256302037683232,0.0,2.8916855676387563,800.0,95.1,0.0,415.5,878.0,13.51,680.0,680.0,680.0,120.0,0.15,0.15,1.0,0.0,51.237271399006424,69.41976056010206,0.73807905682196,0.20671487190349336
tuna_synth_800g,1,synth,2099-01-01 00:09:32.762780,9.54604633172312,2.8568459824864814,2.587634813082673,0.0,2.8568459824864814,800.0,95.3,0.0,416.0,874.0,13.47,680.0,680.0,680.0,120.0,0.15,0.15,1.0,0.0,51.478825856062194,69.41976056010206,0.7415586778276625,0.20671487190349336
tuna_synth_800g,1,synth,2099-01-01 00:09:34.853155,9.580885916875395,2.8220063973342064,2.551241092907527,0.0,2.8220063973342064,800.0,95.5,0.0,416.25,879.0,13.45,680.0,680.0,680.0,120.0,0.15,0.15,1.0,0.0,51.720525478056096,69.41976056010206,0.7450403899517578,0.20671487190349336
tuna_synth_800g,1,synth,2099-01-01 00:09:36.943530,9.615725502027669,2.7871668121819333,2.5164015077552526,0.0,2.7871668121819333,800.0,95.1,0.0,416.25,882.0,13.38,680.0,680.0,680.0,120.0,0.15,0.15,1.0,0.0,51.96222510005,69.41976056010206,0.7485221020758531,0.20671487190349336
tuna_synth_800g,1,synth,2099-01-01 00:09:39.033905,9.650565087179942,2.75232722702966,2.47854284460927,0.0,2.75232722702966,800.0,95.3,0.0,416.75,887.0,13.19,680.0,680.0,680.0,120.0,0.15,0.15,1.0,0.0,52.20421505192017,69.41976056010206,0.7520079964367342,0.20671487190349336
tuna_synth_800g,1,synth,2099-01-01 00:09:41.124280,9.685404672332218,2.7174876418773835,2.443703259456996,0.0,2.7174876418773835,800.0,95.5,0.0,416.75,893.0,13.13,680.0,680.0,680.0,120.0,0.15,0.15,1.0,0.0,52.44620500379035,69.41976056010206,0.7554938907976153,0.20671487190349336
tuna_synth_800g,1,synth,2099-01-01 00:09:43.214655,9.720244257484492,2.6826480567251103,2.4059353300752946,0.0,2.6826480567251103,800.0,95.8,0.0,417.25,891.0,13.11,680.0,680.0,680.0,120.0,0.15,0.15,1.0,0.0,52.688485285536785,69.41976056010206,0.758983967395282,0.20671487190349336
tuna_synth_800g,1,synth,2099-01-01 00:09:45.305031,9.755083842636765,2.647808471572837,2.3710957449230206,0.0,2.647808471572837,800.0,96.0,0.0,417.25,890.0,13.2,680.0,680.0,680.0,120.0,0.15,0.15,1.0,0.0,52.930765567283224,69.41976056010206,0.7624740439929487,0.20671487190349336
tuna_synth_800g,1,synth,2099-01-01 00:09:47.395406,9.78992342778904,2.6129688864205622,2.3391009057154655,0.0,2.6129688864205622,800.0,96.1,0.0,416.75,882.0,13.26,680.0,680.0,680.0,120.0,0.15,0.15,1.0,0.0,53.17275551915339,69.41976056010206,0.7659599383538297,0.20671487190349336
tuna_synth_800g,1,synth,2099-01-01 00:09:49.485781,9.824763012941315,2.5781293012682873,2.3042613205631914,0.0,2.5781293012682873,800.0,96.3,0.0,416.75,880.0,13.38,680.0,680.0,680.0,120.0,0.15,0.15,1.0,0.0,53.414745471023565,69.41976056010206,0.7694458327147107,0.20671487190349336
tuna_synth_800g,1,synth,2099-01-01 00:09:51.576156,9.859602598093588,2.543289716116014,2.2708048454472687,0.0,2.543289716116014,800.0,96.5,0.0,416.5,880.0,13.38,680.0,680.0,680.0,120.0,0.15,0.15,1.0,0.0,53.65659025795561,69.41976056010206,0.772929635957199,0.20671487190349336
tuna_synth_800g,1,synth,2099-01-01 00:09:53.666531,9.894442183245863,2.5084501309637393,2.2359652602949946,0.0,2.5084501309637393,800.0,96.1,0.0,416.5,880.0,13.75,680.0,680.0,680.0,120.0,0.15,0.15,1.0,0.0,53.89843504488764,69.41976056010206,0.7764134391996871,0.20671487190349336
tuna_synth_800g,1,synth,2099-01-01 00:09:55.756906,9.929281768398136,2.473610545811466,2.2011256751427206,0.0,2.473610545811466,800.0,96.3,0.0,416.5,880.0,13.4,680.0,680.0,680.0,120.0,0.15,0.15,1.0,0.0,54.140279831819676,69.41976056010206,0.7798972424421753,0.20671487190349336
tuna_synth_800g,1,synth,2099-01-01 00:09:57.847281,9.96412135355041,2.438770960659191,2.1623296028571755,0.0,2.438770960659191,800.0,96.5,0.0,417.25,889.0,13.26,680.0,680.0,680.0,120.0,0.15,0.15,1.0,0.0,54.38256011356612,69.41976056010206,0.783387319039842,0.20671487190349336
tuna_synth_800g,1,synth,2099-01-01 00:09:59.937656,9.998960938702686,2.4039313755069163,2.1261952095594783,0.0,2.4039313755069163,800.0,96.7,0.0,417.5,918.0,13.05,680.0,680.0,680.0,120.0,0.15,0.15,1.0,0.0,54.62498556025069,69.41976056010206,0.7868794867559016,0.20671487190349336
tuna_synth_800g,1,synth,2099-01-01 00:10:02.028031,10.033800523854959,2.369091790354643,2.090083215544511,0.0,2.369091790354643,800.0,96.9,0.0,417.75,897.0,13.07,680.0,680.0,680.0,120.0,0.15,0.15,1.0,0.0,54.8675561718734,69.41976056010206,0.7903737455903541,0.20671487190349336
tuna_synth_800g,1,synth,2099-01-01 00:10:04.118407,10.068640109007232,2.33425220520237,2.0577482238200906,0.0,2.33425220520237,800.0,97.1,0.0,417.25,895.0,13.07,680.0,680.0,680.0,120.0,0.15,0.15,1.0,0.0,55.10983645361985,69.41976056010206,0.7938638221880209,0.20671487190349336
tuna_synth_800g,1,synth,2099-01-01 00:10:06.208782,10.103479694159507,2.299412620050095,2.0266140676422824,0.0,2.299412620050095,800.0,97.3,0.0,416.5,892.0,13.09,680.0,680.0,680.0,120.0,0.15,0.15,1.0,0.0,55.35168124055188,69.41976056010206,0.7973476254305091,0.20671487190349336
tuna_synth_800g,1,synth,2099-01-01 00:10:08.299157,10.138319279311782,2.26457303489782,1.9881316770958046,0.0,2.26457303489782,800.0,97.5,0.0,417.25,885.0,13.22,680.0,680.0,680.0,120.0,0.15,0.15,1.0,0.0,55.59396152229832,69.41976056010206,0.8008377020281757,0.20671487190349336
tuna_synth_800g,1,synth,2099-01-01 00:10:10.389532,10.173158864464055,2.229733449745547,1.954484017409414,0.0,2.229733449745547,800.0,97.1,0.0,417.0,883.0,13.2,680.0,680.0,680.0,120.0,0.15,0.15,1.0,0.0,55.836096639106636,69.41976056010206,0.8043256875074497,0.20671487190349336
tuna_synth_800g,1,synth,2099-01-01 00:10:12.479907,10.20799844961633,2.194893864593272,1.9196444322571398,0.0,2.194893864593272,800.0,97.2,0.0,417.0,883.0,13.34,680.0,680.0,680.0,120.0,0.15,0.15,1.0,0.0,56.07823175591494,69.41976056010206,0.8078136729867236,0.20671487190349336
tuna_synth_800g,1,synth,2099-01-01 00:10:14.570282,10.242838034768603,2.160054279440999,1.885956403452951,0.0,2.160054279440999,800.0,97.4,0.0,416.75,887.0,13.26,680.0,680.0,680.0,120.0,0.15,0.15,1.0,0.0,56.32022170778511,69.41976056010206,0.8112995673476046,0.20671487190349336
tuna_synth_800g,1,synth,2099-01-01 00:10:16.660657,10.277677619920878,2.125214694288724,1.848856834593722,0.0,2.125214694288724,800.0,97.5,0.0,417.25,892.0,13.13,680.0,680.0,680.0,120.0,0.15,0.15,1.0,0.0,56.562501989531555,69.41976056010206,0.8147896439452714,0.20671487190349336
tuna_synth_800g,1,synth,2099-01-01 00:10:18.751032,10.312517205073153,2.090375109136449,1.8118043747142258,0.0,2.090375109136449,800.0,97.7,0.0,417.75,893.0,13.11,680.0,680.0,680.0,120.0,0.15,0.15,1.0,0.0,56.805072601154265,69.41976056010206,0.8182839027797238,0.20671487190349336
tuna_synth_800g,1,synth,2099-01-01 00:10:20.841407,10.347356790225426,2.055535523984176,1.7780497023611823,0.0,2.055535523984176,800.0,97.9,0.0,417.5,895.0,13.07,680.0,680.0,680.0,120.0,0.15,0.15,1.0,0.0,57.047498047838836,69.41976056010206,0.8217760704957834,0.20671487190349336
tuna_synth_800g,1,synth,2099-01-01 00:10:22.931783,10.3821963753777,2.020695938831903,1.7432101172089076,0.0,2.020695938831903,800.0,98.1,0.0,417.5,905.0,12.92,680.0,680.0,680.0,120.0,0.15,0.15,1.0,0.0,57.289923494523414,69.41976056010206,0.825268238211843,0.20671487190349336
tuna_synth_800g,1,synth,2099-01-01 00:10:25.022158,10.417035960529976,1.985856353679626,1.707327318341966,0.0,1.985856353679626,800.0,98.2,0.0,417.75,906.0,12.91,680.0,680.0,680.0,120.0,0.15,0.15,1.0,0.0,57.532494106146125,69.41976056010206,0.8287624970462955,0.20671487190349336
tuna_synth_800g,1,synth,2099-01-01 00:10:27.112533,10.451875545682249,1.951016768527353,1.6724877331896926,0.0,1.951016768527353,800.0,98.4,0.0,417.75,912.0,12.85,680.0,680.0,680.0,120.0,0.15,0.15,1.0,0.0,57.77506471776883,69.41976056010206,0.8322567558807478,0.20671487190349336
tuna_synth_800g,1,synth,2099-01-01 00:10:29.202908,10.486715130834522,1.9161771833750798,1.6376481480374183,0.0,1.9161771833750798,800.0,98.5,0.0,417.75,911.0,12.82,680.0,680.0,680.0,120.0,0.15,0.15,1.0,0.0,58.01763532939154,69.41976056010206,0.8357510147152003,0.20671487190349336
tuna_synth_800g,1,synth,2099-01-01 00:10:31.293283,10.521554715986797,1.8813375982228049,1.603789190518699,0.0,1.8813375982228049,800.0,98.1,0.0,417.5,915.0,12.82,680.0,680.0,680.0,120.0,0.15,0.15,1.0,0.0,58.260060776076116,69.41976056010206,0.83924318243126,0.20671487190349336
tuna_synth_800g,1,synth,2099-01-01 00:10:33.383658,10.556394301139072,1.84649801307053,1.5679898272751516,0.0,1.84649801307053,800.0,98.3,0.0,417.75,912.0,12.83,680.0,680.0,680.0,120.0,0.15,0.15,1.0,0.0,58.50263138769882,69.41976056010206,0.8427374412657123,0.20671487190349336
tuna_synth_800g,1,synth,2099-01-01 00:10:35.474033,10.591233886291345,1.8116584279182568,1.5359703677115006,0.0,1.8116584279182568,800.0,98.5,0.0,417.0,912.0,12.8,680.0,680.0,680.0,120.0,0.15,0.15,1.0,0.0,58.74476650450713,69.41976056010206,0.8462254267449862,0.20671487190349336
tuna_synth_800g,1,synth,2099-01-01 00:10:37.564408,10.62607347144362,1.776818842765982,1.5002104887499317,0.0,1.776818842765982,800.0,98.5,0.0,417.25,906.0,13.13,680.0,680.0,680.0,120.0,0.15,0.15,1.0,0.0,58.98704678625358,69.41976056010206,0.8497155033426531,0.20671487190349336
tuna_synth_800g,1,synth,2099-01-01 00:10:39.654783,10.660913056595893,1.7419792576137088,1.468072363061193,0.0,1.7419792576137088,800.0,98.7,0.0,416.5,883.0,13.11,680.0,680.0,680.0,120.0,0.15,0.15,1.0,0.0,59.228891573185614,69.41976056010206,0.8531993065851412,0.20671487190349336
tuna_synth_800g,1,synth,2099-01-01 00:10:41.745159,10.695752641748168,1.7071396724614338,1.4323521106245398,0.0,1.7071396724614338,800.0,98.9,0.0,416.75,898.0,13.05,680.0,680.0,680.0,120.0,0.15,0.15,1.0,0.0,59.47088152505578,69.41976056010206,0.8566852009460222,0.20671487190349336
tuna_synth_800g,1,synth,2099-01-01 00:10:43.835534,10.730592226900443,1.672300087309159,1.398372280640708,0.0,1.672300087309159,800.0,99.0,0.0,416.5,891.0,13.04,680.0,680.0,680.0,120.0,0.15,0.15,1.0,0.0,59.712726311987815,69.41976056010206,0.8601690041885103,0.20671487190349336
tuna_synth_800g,1,synth,2099-01-01 00:10:45.925909,10.765431812052716,1.6374605021568858,1.3618559901159628,0.0,1.6374605021568858,800.0,99.2,0.0,417.0,910.0,12.98,680.0,680.0,680.0,120.0,0.15,0.15,1.0,0.0,59.95486142879612,69.41976056010206,0.8636569896677843,0.20671487190349336
tuna_synth_800g,1,synth,2099-01-01 00:10:48.016284,10.80027139720499,1.6026209170046126,1.3270164049636874,0.0,1.6026209170046126,800.0,99.3,0.0,417.0,911.0,12.8,680.0,680.0,680.0,120.0,0.15,0.15,1.0,0.0,60.196996545604435,69.41976056010206,0.8671449751470582,0.20671487190349336
tuna_synth_800g,1,synth,2099-01-01 00:10:50.106659,10.835110982357264,1.5677813318523377,1.291381723103825,0.0,1.5677813318523377,800.0,99.5,0.0,417.25,930.0,12.51,680.0,680.0,680.0,120.0,0.15,0.15,1.0,0.0,60.43927682735088,69.41976056010206,0.870635051744725,0.20671487190349336
tuna_synth_800g,1,synth,2099-01-01 00:10:52.197034,10.86995056750954,1.5329417467000628,1.2580914861496362,0.0,1.5329417467000628,800.0,99.0,0.0,416.75,929.0,12.5,680.0,680.0,680.0,120.0,0.15,0.15,1.0,0.0,60.68126677922105,69.41976056010206,0.874120946105606,0.20671487190349336
tuna_synth_800g,1,synth,2099-01-01 00:10:54.287409,10.904790152661812,1.4981021615477896,1.2232519009973626,0.0,1.4981021615477896,800.0,99.1,0.0,416.75,929.0,12.48,680.0,680.0,680.0,120.0,0.15,0.15,1.0,0.0,60.923256731091215,69.41976056010206,0.877606840466487,0.20671487190349336
tuna_synth_800g,1,synth,2099-01-01 00:10:56.377784,10.939629737814087,1.4632625763955147,1.187678951396049,0.0,1.4632625763955147,800.0,99.3,0.0,417.0,940.0,12.29,680.0,680.0,680.0,120.0,0.15,0.15,1.0,0.0,61.16539184789952,69.41976056010206,0.8810948259457608,0.20671487190349336
tuna_synth_800g,1,synth,2099-01-01 00:10:58.468159,10.97446932296636,1.4284229912432416,1.1521277551284979,0.0,1.4284229912432416,800.0,99.5,0.0,417.25,944.0,12.24,680.0,680.0,680.0,120.0,0.15,0.15,1.0,0.0,61.40767212964597,69.41976056010206,0.8845849025434277,0.20671487190349336
tuna_synth_800g,1,synth,2099-01-01 00:11:00.558534,11.009308908118635,1.3935834060909666,1.1242328821831467,0.0,1.3935834060909666,800.0,99.6,0.0,414.75,946.0,12.09,680.0,680.0,680.0,120.0,0.15,0.15,1.0,0.0,61.64850076201106,69.41976056010206,0.8880540679571659,0.20671487190349336
tuna_synth_800g,1,synth,2099-01-01 00:11:02.648910,11.04414849327091,1.3587438209386917,1.0996508963208655,0.0,1.3587438209386917,800.0,99.7,0.0,411.0,974.0,12.24,680.0,680.0,680.0,120.0,0.15,0.15,1.0,0.0,61.887151920304134,69.41976056010206,0.8914918665950113,0.20671487190349336
tuna_synth_800g,1,synth,2099-01-01 00:11:04.739285,11.078988078423183,1.3239042357864186,1.0790396961487125,0.0,1.3239042357864186,800.0,99.8,0.0,405.75,940.0,12.32,680.0,680.0,680.0,120.0,0.15,0.15,1.0,0.0,62.122754614896394,69.41976056010206,0.894885751746607,0.20671487190349336
tuna_synth_800g,1,synth,2099-01-01 00:11:06.829660,11.113827663575456,1.2890646506341454,1.0583448261144914,0.0,1.2890646506341454,800.0,99.8,0.0,400.5,944.0,12.06,680.0,680.0,680.0,120.0,0.15,0.15,1.0,0.0,62.35530884578783,69.41976056010206,0.8982357234119529,0.20671487190349336
tuna_synth_800g,1,synth,2099-01-01 00:11:08.920035,11.148667248727733,1.2542250654818687,1.0409652444387265,0.0,1.2542250654818687,800.0,99.9,0.0,394.0,935.0,12.29,680.0,680.0,680.0,120.0,0.15,0.15,1.0,0.0,62.58408878828776,69.41976056010206,0.9015313259990845,0.20671487190349336
tuna_synth_800g,1,synth,2099-01-01 00:11:11.010410,11.183506833880006,1.2193854803295956,1.0215424014771097,0.0,1.2193854803295956,800.0,100.0,0.0,388.25,944.0,12.24,680.0,680.0,680.0,120.0,0.15,0.15,1.0,0.0,62.8095299372106,69.41976056010206,0.9047788328631806,0.20671487190349336
tuna_synth_800g,1,synth,2099-01-01 00:11:13.100785,11.21834641903228,1.1845458951773224,1.0020593360856027,0.0,1.1845458951773224,800.0,100.0,0.0,382.5,951.0,12.39,680.0,680.0,680.0,120.0,0.15,0.15,1.0,0.0,63.031632292556345,69.41976056010206,0.9079782440042411,0.20671487190349336
tuna_synth_800g,1,synth,2099-01-01 00:11:15.191160,11.253186004184554,1.1497063100250475,0.9791490287438711,0.0,1.1497063100250475,800.0,100.0,0.0,378.0,938.0,12.41,680.0,680.0,680.0,120.0,0.15,0.15,1.0,0.0,63.251121679015675,69.41976056010206,0.9111400150142305,0.20671487190349336
tuna_synth_800g,1,synth,2099-01-01 00:11:17.281535,11.28802558933683,1.1148667248727726,0.9501726114283864,0.0,1.1148667248727726,800.0,100.0,0.0,375.75,939.0,12.24,680.0,680.0,680.0,120.0,0.15,0.15,1.0,0.0,63.46930458103179,69.41976056010206,0.9142829659586841,0.20671487190349336
tuna_synth_800g,1,synth,2099-01-01 00:11:19.371910,11.322865174489102,1.0800271397204995,0.9197790211156833,0.0,1.0800271397204995,800.0,100.0,0.0,374.0,950.0,12.21,680.0,680.0,680.0,120.0,0.15,0.15,1.0,0.0,63.68647132848097,69.41976056010206,0.9174112790743878,0.20671487190349336
tuna_synth_800g,1,synth,2099-01-01 00:11:21.462286,11.357704759641377,1.0451875545682245,0.8880238726539383,0.0,1.0451875545682245,800.0,99.9,0.0,372.75,941.0,12.31,680.0,680.0,680.0,120.0,0.15,0.15,1.0,0.0,63.90291225123947,69.41976056010206,0.9205291365981272,0.20671487190349336
tuna_synth_800g,1,synth,2099-01-01 00:11:23.552661,11.39254434479365,1.0103479694159514,0.8549746582126582,0.0,1.0103479694159514,800.0,99.9,0.0,372.0,921.0,12.55,680.0,680.0,680.0,120.0,0.15,0.15,1.0,0.0,64.11891767918358,69.41976056010206,0.9236407207666881,0.20671487190349336
tuna_synth_800g,1,synth,2099-01-01 00:11:25.643036,11.427383929945925,0.9755083842636765,0.8184148021183077,0.0,0.9755083842636765,800.0,99.9,0.0,372.75,940.0,12.85,680.0,680.0,680.0,120.0,0.15,0.15,1.0,0.0,64.33535860194208,69.41976056010206,0.9267585782904275,0.20671487190349336
tuna_synth_800g,1,synth,2099-01-01 00:11:27.733411,11.4622235150982,0.9406687991114016,0.7841244886453065,0.0,0.9406687991114016,800.0,99.9,0.0,372.5,937.0,12.39,680.0,680.0,680.0,120.0,0.15,0.15,1.0,0.0,64.55165435976245,69.41976056010206,0.9298743446957741,0.20671487190349336
tuna_synth_800g,1,synth,2099-01-01 00:11:29.823786,11.497063100250474,0.9058292139591284,0.7524552181371521,0.0,0.9058292139591284,800.0,99.8,0.0,371.0,928.0,12.48,680.0,680.0,680.0,120.0,0.15,0.15,1.0,0.0,64.767079127954,69.41976056010206,0.9329775643907635,0.20671487190349336
tuna_synth_800g,1,synth,2099-01-01 00:11:31.914161,11.531902685402747,0.8709896288068553,0.722720485211046,0.0,0.8709896288068553,800.0,99.8,0.0,368.5,939.0,12.53,680.0,680.0,680.0,120.0,0.15,0.15,1.0,0.0,64.98105224676422,69.41976056010206,0.9360598729018245,0.20671487190349336
tuna_synth_800g,1,synth,2099-01-01 00:11:34.004536,11.566742270555022,0.8361500436545803,0.6958119890597153,0.0,0.8361500436545803,800.0,99.7,0.0,364.5,945.0,12.21,680.0,680.0,680.0,120.0,0.15,0.15,1.0,0.0,65.19270272656429,69.41976056010206,0.9391087235185999,0.20671487190349336
tuna_synth_800g,1,synth,2099-01-01 00:11:36.094911,11.601581855707296,0.8013104585023054,0.6696700537706874,0.0,0.8013104585023054,800.0,99.7,0.0,360.0,939.0,12.36,680.0,680.0,680.0,120.0,0.15,0.15,1.0,0.0,65.40174023747794,69.41976056010206,0.9421199340043039,0.20671487190349336
tuna_synth_800g,1,synth,2099-01-01 00:11:38.185286,11.63642144085957,0.7664708733500323,0.6428307433296592,0.0,0.7664708733500323,800.0,99.6,0.0,355.75,935.0,12.36,680.0,680.0,680.0,120.0,0.15,0.15,1.0,0.0,65.60830994444329,69.41976056010206,0.9450955954773295,0.20671487190349336
tuna_synth_800g,1,synth,2099-01-01 00:11:40.275662,11.671261026011845,0.7316312881977574,0.6166904346184546,0.0,0.7316312881977574,800.0,99.5,0.0,351.0,935.0,12.41,680.0,680.0,680.0,120.0,0.15,0.15,1.0,0.0,65.8121215175841,69.41976056010206,0.9480315257008911,0.20671487190349336
tuna_synth_800g,1,synth,2099-01-01 00:11:42.366037,11.706100611164118,0.6967917030454842,0.5907625609491048,0.0,0.6967917030454842,800.0,99.4,0.0,346.0,929.0,12.5,680.0,680.0,680.0,120.0,0.15,0.15,1.0,0.0,66.01302979196223,69.41976056010206,0.9509256335565957,0.20671487190349336
tuna_synth_800g,1,synth,2099-01-01 00:11:44.456412,11.740940196316393,0.6619521178932093,0.5663481974606379,0.0,0.6619521178932093,800.0,99.3,0.0,340.0,935.0,12.34,680.0,680.0,680.0,120.0,0.15,0.15,1.0,0.0,66.21045410782511,69.41976056010206,0.9537695545708718,0.20671487190349336
tuna_synth_800g,1,synth,2099-01-01 00:11:46.546787,11.775779781468668,0.6271125327409344,0.5403908469212656,0.0,0.6271125327409344,800.0,99.1,0.0,334.75,970.0,11.97,680.0,680.0,680.0,120.0,0.15,0.15,1.0,0.0,66.40482995998717,69.41976056010206,0.9565695620988979,0.20671487190349336
tuna_synth_800g,1,synth,2099-01-01 00:11:48.637162,11.81061936662094,0.5922729475886612,0.5149957826498347,0.0,0.5922729475886612,800.0,99.5,0.0,329.0,958.0,11.99,680.0,680.0,680.0,120.0,0.15,0.15,1.0,0.0,66.59586701857214,69.41976056010206,0.9593214739038884,0.20671487190349336
tuna_synth_800g,1,synth,2099-01-01 00:11:50.727537,11.845458951773216,0.5574333624363863,0.48810366327919413,0.0,0.5574333624363863,800.0,99.4,0.0,324.0,958.0,11.99,680.0,680.0,680.0,120.0,0.15,0.15,1.0,0.0,66.78400077839441,69.41976056010206,0.9620315633410221,0.20671487190349336
tuna_synth_800g,1,synth,2099-01-01 00:11:52.817912,11.88029853692549,0.5225937772841114,0.4616928698005005,0.0,0.5225937772841114,800.0,99.2,0.0,318.5,955.0,12.04,680.0,680.0,680.0,120.0,0.15,0.15,1.0,0.0,66.96894090957774,69.41976056010206,0.964695648173513,0.20671487190349336
tuna_synth_800g,1,synth,2099-01-01 00:11:54.908287,11.915138122077764,0.48775419213183824,0.43346990220906445,0.0,0.48775419213183824,800.0,99.0,0.0,314.0,973.0,11.75,680.0,680.0,680.0,120.0,0.15,0.15,1.0,0.0,67.15126807187463,69.41976056010206,0.9673220928749325,0.20671487190349336
tuna_synth_800g,1,synth,2099-01-01 00:11:56.998662,11.949977707230037,0.4529146069795651,0.405644393144313,0.0,0.4529146069795651,800.0,98.7,0.0,309.0,976.0,11.72,680.0,680.0,680.0,120.0,0.15,0.15,1.0,0.0,67.33069193540885,69.41976056010206,0.9699067152084954,0.20671487190349336
tuna_synth_800g,1,synth,2099-01-01 00:11:59.089038,11.984817292382312,0.41807502182729017,0.3774765907740178,0.0,0.41807502182729017,800.0,98.5,0.0,304.0,1002.0,11.32,680.0,680.0,680.0,120.0,0.15,0.15,1.0,0.0,67.50721250018037,69.41976056010206,0.972449515174201,0.20671487190349336
tuna_synth_800g,1,synth,2099-01-01 00:12:01.179413,12.019656877534587,0.38323543667501525,0.34862869753879194,0.0,0.38323543667501525,800.0,98.2,0.0,299.25,990.0,11.5,680.0,680.0,680.0,120.0,0.15,0.15,1.0,0.0,67.68097493112734,69.41976056010206,0.9749525838904425,0.20671487190349336
tuna_synth_800g,1,synth,2099-01-01 00:12:03.269788,12.05449646268686,0.3483958515227421,0.31941215589520877,0.0,0.3483958515227421,800.0,98.0,0.0,294.5,986.0,11.62,680.0,680.0,680.0,120.0,0.15,0.15,1.0,0.0,67.85197922824975,69.41976056010206,0.9774159213572198,0.20671487190349336
tuna_synth_800g,1,synth,2099-01-01 00:12:05.360163,12.089336047839135,0.3135562663704672,0.2900891882886212,0.0,0.3135562663704672,800.0,98.3,0.0,289.5,979.0,11.72,680.0,680.0,680.0,120.0,0.15,0.15,1.0,0.0,68.02008022660947,69.41976056010206,0.9798374364561401,0.20671487190349336
tuna_synth_800g,1,synth,2099-01-01 00:12:07.450538,12.124175632991408,0.27871668121819404,0.26008866773466577,0.0,0.0,800.0,98.0,0.0,284.75,979.0,11.72,680.0,680.0,680.0,120.0,0.15,0.15,1.0,0.0,68.18542309114463,69.41976056010206,0.9822192203055963,0.20671487190349336
tuna_synth_800g,1,synth,2099-01-01 00:12:09.540913,12.159015218143683,0.24387709606591912,0.22942535021773758,0.0,0.0,800.0,97.7,0.0,280.25,975.0,11.72,680.0,680.0,680.0,120.0,0.15,0.15,1.0,0.0,68.34815298679338,69.41976056010206,0.9845633640239811,0.20671487190349336
tuna_synth_800g,1,synth,2099-01-01 00:12:11.631288,12.193854803295958,0.2090375109136442,0.19832978709984456,0.0,0.0,800.0,97.4,0.0,275.75,969.0,11.86,680.0,680.0,680.0,120.0,0.15,0.15,1.0,0.0,68.5082699135557,69.41976056010206,0.9868698676112946,0.20671487190349336
tuna_synth_800g,1,synth,2099-01-01 00:12:13.721663,12.22869438844823,0.17419792576137105,0.1664094996417708,0.0,0.0,800.0,97.0,0.0,271.75,958.0,11.99,680.0,680.0,680.0,120.0,0.15,0.15,1.0,0.0,68.66606420130788,69.41976056010206,0.9891429133043227,0.20671487190349336
tuna_synth_800g,1,synth,2099-01-01 00:12:15.812038,12.263533973600504,0.1393583406090979,0.13405595743466195,0.0,0.0,800.0,97.4,0.0,267.75,950.0,12.07,680.0,680.0,680.0,120.0,0.15,0.15,1.0,0.0,68.82153585004988,69.41976056010206,0.9913825011030649,0.20671487190349336
tuna_synth_800g,1,synth,2099-01-01 00:12:17.902414,12.29837355875278,0.10451875545682121,0.1013785651442356,0.0,0.0,800.0,97.0,0.0,263.5,949.0,12.19,680.0,680.0,680.0,120.0,0.15,0.15,1.0,0.0,68.97453969484363,69.41976056010206,0.9935865398891289,0.20671487190349336
tuna_synth_800g,1,synth,2099-01-01 00:12:19.992789,12.333213143905054,0.06967917030454807,0.06820092368285363,0.0,0.0,800.0,96.6,0.0,259.25,949.0,12.14,680.0,680.0,680.0,120.0,0.15,0.15,1.0,0.0,69.12507573568907,69.41976056010206,0.9957550296625143,0.20671487190349336
tuna_synth_800g,1,synth,2099-01-01 00:12:22.083164,12.368052729057327,0.03483958515227492,0.03429468450473327,0.0,0.0,800.0,96.3,0.0,255.75,945.0,12.24,680.0,680.0,680.0,120.0,0.15,0.15,1.0,0.0,69.27357946740064,69.41976056010206,0.9978942437783999,0.20671487190349336
tuna_synth_800g,1,synth,2099-01-01 00:12:24.173539,12.402892314209602,0.0,0.0,0.0,0.0,800.0,96.4,0.0,251.75,943.0,12.24,680.0,680.0,680.0,120.0,0.15,0.15,1.0,0.0,69.41976056010206,69.41976056010206,1.0,0.20671487190349336
tuna_synth_6000g,1,synth,2099-01-01 00:00:00.000000,0.0,62.16872830766906,260.97168249820356,18000.0,18000.0,6000.0,32.0,81.8,32.0,1088.0,10.12,6000.0,6000.0,5985.750000000003,0.0,0.0,0.15,0.0,0.0,0.0,347.9622433309381,0.0,1.0361454717944845
tuna_synth_6000g,1,synth,2099-01-01 00:00:10.477876,0.1746312592912052,61.99409704837786,260.9018299944871,17730.000000000036,17730.000000000036,6000.0,32.1,81.7,32.0,1072.0,10.35,5986.500000000002,5986.500000000002,5985.750000000003,13.499999999998181,0.0022499999999996967,0.15,0.014999999999997978,0.0,0.0931366716219761,347.9622433309381,0.00026766315428480603,1.0361454717944845
tuna_synth_6000g,1,synth,2099-01-01 00:00:20.955751,0.3492625185824104,61.81946578908665,260.8314317680853,17715.000000000055,17715.000000000055,6000.0,32.1,81.7,32.25,1072.0,10.57,5985.750000000003,5985.750000000003,5985.750000000003,14.249999999997272,0.0023749999999995454,0.15,0.015833333333330302,0.0,0.18700097349099887,347.9622433309381,0.000537417426962462,1.0361454717944845
tuna_synth_6000g,1,synth,2099-01-01 00:00:31.433627,0.5238937778736157,61.644834529795446,260.76048781899834,17715.000000000055,17715.000000000055,6000.0,32.1,81.7,32.5,1041.0,10.76,5985.750000000003,5985.750000000003,5985.750000000003,14.249999999997272,0.0023749999999995454,0.15,0.015833333333330302,0.0,0.2815929056070683,347.9622433309381,0.0008092628180329679,1.0361454717944845
tuna_synth_6000g,1,synth,2099-01-01 00:00:41.911502,0.6985250371648208,61.47020327050424,260.6917267606524,17715.000000000055,17715.000000000055,6000.0,32.2,81.7,31.5,1023.0,11.01,5985.750000000003,5985.750000000003,5985.750000000003,14.249999999997272,0.0023749999999995454,0.15,0.015833333333330302,0.0,0.3732743167349511,347.9622433309381,0.0010727437355320742,1.0361454717944845
tuna_synth_6000g,1,synth,2099-01-01 00:00:52.389378,0.8731562964560262,61.29557201121304,260.62351142499176,17715.000000000055,17715.000000000055,6000.0,32.2,81.6,31.25,1011.0,11.19,5985.750000000003,5985.750000000003,5985.750000000003,14.249999999997272,0.0023749999999995454,0.15,0.015833333333330302,0.0,0.46422809761578704,347.9622433309381,0.0013341335346383296,1.0361454717944845
tuna_synth_6000g,1,synth,2099-01-01 00:01:02.867253,1.0477875557472314,61.12094075192183,260.55365892127526,17685.00000000002,17685.00000000002,6000.0,32.3,81.6,32.0,1001.0,11.33,5984.250000000001,5984.250000000001,5985.000000000002,15.74999999999909,0.0026249999999998484,0.15,0.01749999999999899,0.0,0.5573647692377631,347.9622433309381,0.0016017966889231357,1.0361454717944845
tuna_synth_6000g,1,synth,2099-01-01 00:01:13.345129,1.2224188150384367,60.946309492630625,260.4854435856147,17685.00000000002,17685.00000000002,6000.0,32.4,81.5,31.25,991.0,11.52,5984.250000000001,5984.250000000001,5984.250000000001,15.74999999999909,0.0026249999999998484,0.15,0.01749999999999899,0.0,0.6483185501185992,347.9622433309381,0.0018631864880293916,1.0361454717944845
tuna_synth_6000g,1,synth,2099-01-01 00:01:23.823004,1.3970500743296417,60.77167823333942,260.41668252726873,17685.00000000002,17685.00000000002,6000.0,32.4,81.5,31.5,981.0,11.69,5984.250000000001,5984.250000000001,5984.250000000001,15.74999999999909,0.0026249999999998484,0.15,0.01749999999999899,0.0,0.7399999612464819,347.9622433309381,0.0021266674055284976,1.0361454717944845
tuna_synth_6000g,1,synth,2099-01-01 00:01:34.300880,1.571681333620847,60.59704697404822,260.3473757462375,17685.00000000002,17685.00000000002,6000.0,32.5,81.4,31.75,972.0,11.8,5984.250000000001,5984.250000000001,5984.250000000001,15.74999999999909,0.0026249999999998484,0.15,0.01749999999999899,0.0,0.8324090026214115,347.9622433309381,0.002392239441420454,1.0361454717944845
tuna_synth_6000g,1,synth,2099-01-01 00:01:44.778756,1.7463125929120524,60.42241571475701,260.27806896520633,17685.00000000002,17685.00000000002,6000.0,32.5,81.3,31.75,963.0,11.97,5984.250000000001,5984.250000000001,5984.250000000001,15.74999999999909,0.0026249999999998484,0.15,0.01749999999999899,0.0,0.9248180439963408,347.9622433309381,0.0026578114773124096,1.0361454717944845
tuna_synth_6000g,1,synth,2099-01-01 00:01:55.256631,1.9209438522032574,60.247784455465805,260.20876218417516,17685.00000000002,17685.00000000002,6000.0,32.5,81.1,31.75,950.0,12.12,5984.250000000001,5984.250000000001,5984.250000000001,15.74999999999909,0.0026249999999998484,0.15,0.01749999999999899,0.0,1.0172270853712702,347.9622433309381,0.0029233835132043656,1.0361454717944845
tuna_synth_6000g,1,synth,2099-01-01 00:02:05.734507,2.0955751114944627,60.0731531961746,260.13890968045865,17685.00000000002,17685.00000000002,6000.0,32.6,81.0,32.0,945.0,12.24,5984.250000000001,5984.250000000001,5984.250000000001,15.74999999999909,0.0026249999999998484,0.15,0.01749999999999899,0.0,1.110363756993246,347.9622433309381,0.003191046667489171,1.0361454717944845
tuna_synth_6000g,1,synth,2099-01-01 00:02:16.212382,2.270206370785668,59.8985219368834,260.07014862211275,17685.00000000002,17685.00000000002,6000.0,32.6,80.9,31.5,942.0,12.34,5984.250000000001,5984.250000000001,5984.250000000001,15.74999999999909,0.0026249999999998484,0.15,0.01749999999999899,0.0,1.2020451681211288,347.9622433309381,0.0034545275849882768,1.0361454717944845
tuna_synth_6000g,1,synth,2099-01-01 00:02:26.690258,2.4448376300768735,59.72389067759219,260.0013875637668,17685.00000000002,17685.00000000002,6000.0,32.7,80.8,31.5,932.0,12.48,5984.250000000001,5984.250000000001,5984.250000000001,15.74999999999909,0.0026249999999998484,0.15,0.01749999999999899,0.0,1.2937265792490114,347.9622433309381,0.003718008502487382,1.0361454717944845
tuna_synth_6000g,1,synth,2099-01-01 00:02:37.168133,2.619468889368078,59.549259418300984,259.9320807827357,17685.00000000002,17685.00000000002,6000.0,32.7,80.6,31.75,926.0,12.55,5984.250000000001,5984.250000000001,5984.250000000001,15.74999999999909,0.0026249999999998484,0.15,0.01749999999999899,0.0,1.3861356206239408,347.9622433309381,0.003983580538379338,1.0361454717944845
tuna_synth_6000g,1,synth,2099-01-01 00:02:47.646009,2.7941001486592834,59.37462815900978,259.86277400170445,17685.00000000002,17685.00000000002,6000.0,32.8,80.5,31.75,918.0,12.71,5984.250000000001,5984.250000000001,5984.250000000001,15.74999999999909,0.0026249999999998484,0.15,0.01749999999999899,0.0,1.4785446619988702,347.9622433309381,0.0042491525742712945,1.0361454717944845
tuna_synth_6000g,1,synth,2099-01-01 00:02:58.123884,2.968731407950489,59.19999689971858,259.79292149798795,17685.00000000002,17685.00000000002,6000.0,32.8,80.3,32.0,909.0,12.8,5984.250000000001,5984.250000000001,5984.250000000001,15.74999999999909,0.0026249999999998484,0.15,0.01749999999999899,0.0,1.5716813336208464,347.9622433309381,0.0045168157285561,1.0361454717944845
tuna_synth_6000g,1,synth,2099-01-01 00:03:08.601760,3.143362667241694,59.02536564042737,259.7230689942715,17685.00000000002,17685.00000000002,6000.0,32.9,80.2,32.0,891.0,12.92,5984.250000000001,5984.250000000001,5984.250000000001,15.74999999999909,0.0026249999999998484,0.15,0.01749999999999899,0.0,1.6648180052428223,347.9622433309381,0.004784478882840906,1.0361454717944845
tuna_synth_6000g,1,synth,2099-01-01 00:03:19.079636,3.3179939265328993,58.850734381136164,259.653216490555,17685.00000000002,17685.00000000002,6000.0,32.9,80.0,32.0,902.0,13.0,5984.250000000001,5984.250000000001,5984.250000000001,15.74999999999909,0.0026249999999998484,0.15,0.01749999999999899,0.0,1.7579546768647982,347.9622433309381,0.005052142037125711,1.0361454717944845
tuna_synth_6000g,1,synth,2099-01-01 00:03:29.557511,3.492625185824105,58.67610312184496,259.58390970952377,17685.00000000002,17685.00000000002,6000.0,33.0,79.7,31.75,894.0,13.13,5984.250000000001,5984.250000000001,5984.250000000001,15.74999999999909,0.0026249999999998484,0.15,0.01749999999999899,0.0,1.8503637182397277,347.9622433309381,0.005317714073017668,1.0361454717944845
tuna_synth_6000g,1,synth,2099-01-01 00:03:40.035387,3.66725644511531,58.50147186255376,259.5151486511779,17685.00000000002,17685.00000000002,6000.0,33.0,79.6,31.5,886.0,13.26,5984.250000000001,5984.250000000001,5984.250000000001,15.74999999999909,0.0026249999999998484,0.15,0.01749999999999899,0.0,1.9420451293676102,347.9622433309381,0.005581194990516773,1.0361454717944845
tuna_synth_6000g,1,synth,2099-01-01 00:03:50.513262,3.8418877044065147,58.326840603262546,259.44584187014664,17685.00000000002,17685.00000000002,6000.0,33.1,79.5,31.75,880.0,13.15,5984.250000000001,5984.250000000001,5984.250000000001,15.74999999999909,0.0026249999999998484,0.15,0.01749999999999899,0.0,2.0344541707425394,347.9622433309381,0.005846767026408729,1.0361454717944845
tuna_synth_6000g,1,synth,2099-01-01 00:04:00.991138,4.01651896369772,58.15220934397134,259.3754436437449,17685.00000000002,17685.00000000002,6000.0,33.1,79.5,32.25,881.0,13.4,5984.250000000001,5984.250000000001,5984.250000000001,15.74999999999909,0.0026249999999998484,0.15,0.01749999999999899,0.0,2.1283184726115625,347.9622433309381,0.006116521299086385,1.0361454717944845
tuna_synth_6000g,1,synth,2099-01-01 00:04:11.469013,4.1911502229889255,57.97757808468014,259.30504541734314,17685.00000000002,17685.00000000002,6000.0,33.1,79.4,32.25,871.0,13.45,5984.250000000001,5984.250000000001,5984.250000000001,15.74999999999909,0.0026249999999998484,0.15,0.01749999999999899,0.0,2.222182774480585,347.9622433309381,0.006386275571764041,1.0361454717944845
tuna_synth_6000g,1,synth,2099-01-01 00:04:21.946889,4.365781482280131,57.80294682538893,259.2351929136267,17685.00000000002,17685.00000000002,6000.0,33.2,79.3,32.0,879.0,13.4,5984.250000000001,5984.250000000001,5984.250000000001,15.74999999999909,0.0026249999999998484,0.15,0.01749999999999899,0.0,2.3153194461025612,347.9622433309381,0.006653938726048847,1.0361454717944845
tuna_synth_6000g,1,synth,2099-01-01 00:04:32.424764,4.540412741571336,57.628315566097726,259.16588613259546,17685.00000000002,17685.00000000002,6000.0,33.2,79.3,31.75,881.0,13.4,5984.250000000001,5984.250000000001,5984.250000000001,15.74999999999909,0.0026249999999998484,0.15,0.01749999999999899,0.0,2.4077284874774905,347.9622433309381,0.006919510761940802,1.0361454717944845
tuna_synth_6000g,1,synth,2099-01-01 00:04:42.902640,4.715044000862541,57.45368430680652,259.0965793515643,17685.00000000002,17685.00000000002,6000.0,33.3,79.1,31.75,880.0,13.49,5984.250000000001,5984.250000000001,5984.250000000001,15.74999999999909,0.0026249999999998484,0.15,0.01749999999999899,0.0,2.50013752885242,347.9622433309381,0.007185082797832759,1.0361454717944845
tuna_synth_6000g,1,synth,2099-01-01 00:04:53.380516,4.889675260153747,57.27905304751532,259.02236106636553,17685.00000000002,17685.00000000002,6000.0,33.3,79.0,34.0,867.0,13.59,5984.250000000001,5984.250000000001,5984.250000000001,15.74999999999909,0.0026249999999998484,0.15,0.01749999999999899,0.0,2.59909524245077,347.9622433309381,0.007469474899260365,1.0361454717944845
tuna_synth_6000g,1,synth,2099-01-01 00:05:03.858391,5.064306519444951,57.104421788224116,258.93941121820217,17685.00000000002,17685.00000000002,6000.0,33.4,78.9,38.0,871.0,13.51,5984.250000000001,5984.250000000001,5984.250000000001,15.74999999999909,0.0026249999999998484,0.15,0.01749999999999899,0.0,2.7096950400018667,347.9622433309381,0.0077873248949735735,1.0361454717944845
tuna_synth_6000g,1,synth,2099-01-01 00:05:14.336267,5.238937778736156,56.929790528932905,258.851004143186,17685.00000000002,17685.00000000002,6000.0,33.4,78.8,40.5,865.0,13.4,5984.250000000001,5984.250000000001,5984.250000000001,15.74999999999909,0.0026249999999998484,0.15,0.01749999999999899,0.0,2.82757114002343,347.9622433309381,0.00812608607461528,1.0361454717944845
tuna_synth_6000g,1,synth,2099-01-01 00:05:24.814142,5.4135690380273624,56.7551592696417,258.75768556400226,17685.00000000002,17685.00000000002,6000.0,33.5,78.7,42.75,855.0,13.81,5984.250000000001,5984.250000000001,5984.250000000001,15.74999999999909,0.0026249999999998484,0.15,0.01749999999999899,0.0,2.9519959122684134,347.9622433309381,0.008483667319792637,1.0361454717944845
tuna_synth_6000g,1,synth,2099-01-01 00:05:35.292018,5.588200297318567,56.5805280103505,258.6589097579657,13965.000000000036,13965.000000000036,6000.0,33.5,78.6,45.25,855.0,13.94,5798.250000000002,5798.250000000002,5891.250000000002,201.74999999999818,0.0336249999999997,0.15,0.22416666666666465,0.0,3.083696986983864,347.9622433309381,0.008862159748898497,1.0361454717944845
tuna_synth_6000g,1,synth,2099-01-01 00:05:45.769893,5.762831556609773,56.40589675105929,258.55631389313214,13965.000000000036,13965.000000000036,6000.0,33.6,78.4,47.0,847.0,14.04,5798.250000000002,5798.250000000002,5798.250000000002,201.74999999999818,0.0336249999999997,0.15,0.22416666666666465,0.0,3.2204914734286416,347.9622433309381,0.009255290006754305,1.0361454717944845
tuna_synth_6000g,1,synth,2099-01-01 00:05:56.247769,5.937462815900978,56.231265491768085,258.4493522468162,13680.000000000018,13680.000000000018,6000.0,33.6,78.4,49.0,855.0,14.02,5784.000000000001,5784.000000000001,5791.125000000002,215.9999999999991,0.03599999999999985,0.15,0.23999999999999902,0.0,3.363107001849792,347.9622433309381,0.009665149211752913,1.0361454717944845
tuna_synth_6000g,1,synth,2099-01-01 00:06:06.725645,6.112094075192183,56.05663423247688,258.3342047602211,13680.000000000018,13680.000000000018,6000.0,33.6,78.3,52.75,848.0,14.02,5784.000000000001,5784.000000000001,5784.000000000001,215.9999999999991,0.03599999999999985,0.15,0.23999999999999902,0.0,3.5166369839766434,347.9622433309381,0.010106375192644273,1.0361454717944845
tuna_synth_6000g,1,synth,2099-01-01 00:06:17.203520,6.286725334483388,55.88200297318568,258.20923426529083,13680.000000000018,13680.000000000018,6000.0,33.7,78.1,57.25,843.0,14.15,5784.000000000001,5784.000000000001,5784.000000000001,215.9999999999991,0.03599999999999985,0.15,0.23999999999999902,0.0,3.6832643105503347,347.9622433309381,0.010585241304606934,1.0361454717944845
tuna_synth_6000g,1,synth,2099-01-01 00:06:27.681396,6.461356593774593,55.70737171389447,258.0695292578579,13425.000000000055,13425.000000000055,6000.0,33.7,78.1,64.0,838.0,14.23,5771.250000000003,5771.250000000003,5777.625000000002,228.74999999999727,0.03812499999999955,0.15,0.25416666666666365,0.0,3.869537653794287,347.9622433309381,0.011120567613176546,1.0361454717944845
tuna_synth_6000g,1,synth,2099-01-01 00:06:38.159271,6.6359878530657985,55.532740454603264,257.9145440152369,13425.000000000055,13425.000000000055,6000.0,33.8,77.9,71.0,837.0,14.32,5771.250000000003,5771.250000000003,5771.250000000003,228.74999999999727,0.03812499999999955,0.15,0.25416666666666365,0.0,4.076184643955546,347.9622433309381,0.011714445236745958,1.0361454717944845
tuna_synth_6000g,1,synth,2099-01-01 00:06:48.637147,6.810619112357004,55.35810919531206,257.74154992400156,13395.0,13395.0,6000.0,33.9,77.8,79.25,838.0,14.02,5769.75,5769.75,5770.500000000002,230.25,0.038375,0.15,0.25583333333333336,0.0,4.306843432269346,347.9622433309381,0.012377329767279423,1.0361454717944845
tuna_synth_6000g,1,synth,2099-01-01 00:06:59.115022,6.98525037164821,55.18347793602085,237.51210065909643,13335.0,13335.0,6000.0,34.0,77.7,86.75,831.0,14.36,5766.75,5766.75,5768.25,233.25,0.038875,0.15,0.25916666666666666,0.0,4.559331127994547,347.9622433309381,0.013102947849598388,1.0361454717944845
tuna_synth_6000g,1,synth,2099-01-01 00:07:09.592898,7.159881630939414,55.00884667672965,216.14216382917718,13335.0,13335.0,6000.0,34.0,77.5,95.25,831.0,14.42,5766.75,5766.75,5766.75,233.25,0.038875,0.15,0.25916666666666666,0.0,4.836558252119335,347.9622433309381,0.013899663957274258,1.0361454717944845
tuna_synth_6000g,1,synth,2099-01-01 00:07:20.070773,7.33451289023062,54.83421541743844,196.3651406235644,13335.0,13335.0,6000.0,34.0,77.2,104.75,830.0,14.49,5766.75,5766.75,5766.75,233.25,0.038875,0.15,0.25916666666666666,0.0,5.141435325631898,347.9622433309381,0.014775842563878427,1.0361454717944845
tuna_synth_6000g,1,synth,2099-01-01 00:07:30.548649,7.509144149521825,54.65958415814724,180.25737295402786,13335.0,13335.0,6000.0,34.1,77.0,114.0,824.0,14.71,5766.75,5766.75,5766.75,233.25,0.038875,0.15,0.25916666666666666,0.0,5.4732347182851875,347.9622433309381,0.01572939255101805,1.0361454717944845
tuna_synth_6000g,1,synth,2099-01-01 00:07:41.026525,7.6837754088130295,54.48495289885604,165.88064564381324,12960.0,12960.0,6000.0,34.2,76.9,123.75,827.0,14.51,5748.0,5748.0,5757.375,252.0,0.042,0.15,0.28,0.0,5.833411690573298,347.9622433309381,0.01676449615547882,1.0361454717944845
tuna_synth_6000g,1,synth,2099-01-01 00:07:51.504400,7.8584066681042355,54.310321639564826,154.1692025634298,12960.0,12960.0,6000.0,34.3,76.7,133.0,830.0,14.6,5748.0,5748.0,5748.0,252.0,0.042,0.15,0.28,0.0,6.2205109820021365,347.9622433309381,0.017876971140475047,1.0361454717944845
tuna_synth_6000g,1,synth,2099-01-01 00:08:01.982276,8.03303792739544,54.13569038027362,144.7335238003283,300.3657659805099,300.3657659805099,6000.0,34.4,76.6,141.5,897.0,14.42,5745.000000000003,5745.000000000003,5746.500000000002,254.99999999999727,0.042499999999999545,0.15,0.28333333333333033,-2.1473818692169315,6.632349701830562,347.9622433309381,0.01906054415082817,1.0361454717944845
tuna_synth_6000g,1,synth,2099-01-01 00:08:12.460151,8.207669186686646,53.96105912098242,135.67806272244314,98.37560940075242,135.67806272244314,6000.0,34.4,76.5,150.75,822.0,14.62,5733.750000000003,5733.750000000003,5739.375000000003,266.24999999999727,0.04437499999999955,0.15,0.29583333333333034,-6.442145607640378,7.071110740799715,347.9622433309381,0.02032148854171675,1.0361454717944845
tuna_synth_6000g,1,synth,2099-01-01 00:08:22.938027,8.382300445977851,53.78642786169121,127.46011417227388,73.60707579128753,127.46011417227388,6000.0,34.6,76.4,160.25,823.0,14.58,5732.250000000001,5732.250000000001,5733.000000000002,267.7499999999991,0.044624999999999845,0.15,0.297499999999999,-8.589527476852123,7.537521729156642,347.9622433309381,0.02166189543153363,1.0361454717944845
tuna_synth_6000g,1,synth,2099-01-01 00:08:33.415902,8.556931705269056,53.611796602400005,120.3296949714279,57.69816806978642,120.3296949714279,6000.0,34.7,76.3,169.5,819.0,14.6,5719.500000000002,5719.500000000002,5725.875000000002,280.4999999999982,0.046749999999999695,0.15,0.31166666666666465,-10.736909346076835,8.030855036654296,347.9622433309381,0.02307967370188596,1.0361454717944845
tuna_synth_6000g,1,synth,2099-01-01 00:08:43.893778,8.731562964560261,53.4371653431088,114.2482764414495,25.086160030351454,114.2482764414495,6000.0,34.8,76.2,178.25,819.0,14.71,5719.500000000002,5719.500000000002,5719.500000000002,280.4999999999982,0.046749999999999695,0.15,0.31166666666666465,-24.694891495967337,8.549655402798585,347.9622433309381,0.024570641115988046,1.0361454717944845
tuna_synth_6000g,1,synth,2099-01-01 00:08:54.371653,8.906194223851466,53.2625340838176,109.01976700177246,25.086160030351454,109.01976700177246,6000.0,34.9,76.0,186.5,819.0,14.49,5719.500000000002,5719.500000000002,5719.500000000002,280.4999999999982,0.046749999999999695,0.15,0.31166666666666465,-24.694891495967337,9.092467567095415,347.9622433309381,0.02613061543705418,1.0361454717944845
tuna_synth_6000g,1,synth,2099-01-01 00:09:04.849529,9.080825483142672,53.087902824526395,104.49556974884554,25.086160030351454,104.49556974884554,6000.0,35.1,75.5,194.25,819.0,14.6,5719.500000000002,5719.500000000002,5719.500000000002,280.4999999999982,0.046749999999999695,0.15,0.31166666666666465,-24.694891495967337,9.65783626905069,347.9622433309381,0.027755414428298663,1.0361454717944845
tuna_synth_6000g,1,synth,2099-01-01 00:09:15.327405,9.255456742433879,52.913271565235185,99.9401131240047,17.7032439106474,99.9401131240047,6000.0,35.2,75.4,202.75,821.0,14.6,5708.250000000002,5708.250000000002,5713.875000000002,291.7499999999982,0.048624999999999696,0.15,0.32416666666666466,-34.35810990742647,10.247944399405556,347.9622433309381,0.029451311444900055,1.0361454717944845
tuna_synth_6000g,1,synth,2099-01-01 00:09:25.805280,9.430088001725082,52.73864030594398,96.08597651216701,17.703243910647235,96.08597651216701,6000.0,35.4,75.3,210.5,821.0,14.71,5708.250000000002,5708.250000000002,5708.250000000002,291.7499999999982,0.048624999999999696,0.15,0.32416666666666466,-34.358109907426794,10.860609067418867,347.9622433309381,0.031212033131679796,1.0361454717944845
tuna_synth_6000g,1,synth,2099-01-01 00:09:36.283156,9.604719261016287,52.56400904665278,92.49935754167629,16.148255270930264,92.49935754167629,6000.0,35.6,75.1,218.25,822.0,14.67,5689.500000000002,5689.500000000002,5698.875000000002,310.4999999999982,0.0517499999999997,0.15,0.34499999999999803,-36.50549177663836,11.495830273090625,347.9622433309381,0.033037579488637885,1.0361454717944845
tuna_synth_6000g,1,synth,2099-01-01 00:09:46.761031,9.779350520307494,52.38937778736157,89.25165792551877,16.148255270930264,89.25165792551877,6000.0,35.8,75.0,225.75,825.0,14.67,5689.500000000002,5689.500000000002,5689.500000000002,310.4999999999982,0.0517499999999997,0.15,0.34499999999999803,-36.50549177663836,12.152880386173786,347.9622433309381,0.03492585939738148,1.0361454717944845
tuna_synth_6000g,1,synth,2099-01-01 00:09:57.238907,9.953981779598697,52.214746528070364,86.39276627749015,16.98288996607091,86.39276627749015,6000.0,35.9,74.8,232.75,817.0,14.71,5683.5,5683.5,5686.500000000001,316.5,0.05275,0.15,0.3516666666666667,-34.358109907426794,12.830304146174251,347.9622433309381,0.036872690621124866,1.0361454717944845
tuna_synth_6000g,1,synth,2099-01-01 00:10:07.716782,10.128613038889902,52.04011526877916,83.60835353689976,16.52448291043149,83.60835353689976,6000.0,36.1,74.4,240.0,816.0,14.73,5667.750000000001,5667.750000000001,5675.625,332.2499999999991,0.05537499999999985,0.15,0.36916666666666564,-34.358109907426794,13.52882918333907,347.9622433309381,0.03888016427826091,1.0361454717944845
tuna_synth_6000g,1,synth,2099-01-01 00:10:18.194658,10.30324429818111,51.86548400948796,80.98211231545477,16.52448291043149,80.98211231545477,6000.0,36.3,74.3,247.25,818.0,14.8,5667.750000000001,5667.750000000001,5667.750000000001,332.2499999999991,0.05537499999999985,0.15,0.36916666666666564,-34.358109907426794,14.248455497668244,347.9622433309381,0.0409482803687896,1.0361454717944845
tuna_synth_6000g,1,synth,2099-01-01 00:10:28.672533,10.477875557472313,51.690852750196754,78.8888525314144,16.415338373374478,78.8888525314144,6000.0,36.5,74.1,253.25,822.0,14.67,5664.000000000001,5664.000000000001,5665.875000000001,335.9999999999991,0.05599999999999985,0.15,0.37333333333333235,-34.358109907426794,14.98554493792654,347.9622433309381,0.043066583300746704,1.0361454717944845
tuna_synth_6000g,1,synth,2099-01-01 00:10:39.150409,10.652506816763518,51.516221490905544,76.81420073909297,16.69700169481199,76.81420073909297,6000.0,36.7,73.9,259.5,821.0,14.62,5655.750000000002,5655.750000000002,5659.875000000002,344.2499999999982,0.0573749999999997,0.15,0.382499999999998,-33.28441897281964,15.740825134361003,347.9622433309381,0.045237164192525055,1.0361454717944845
tuna_synth_6000g,1,synth,2099-01-01 00:10:49.628285,10.827138076054725,51.34159023161434,74.97441715463765,15.953410526217072,74.97441715463765,6000.0,37.0,73.3,265.25,822.0,14.67,5631.0,5631.0,5643.375000000001,369.0,0.0615,0.15,0.41000000000000003,-33.28441897281964,16.512840826477536,347.9622433309381,0.047455840807338945,1.0361454717944845
tuna_synth_6000g,1,synth,2099-01-01 00:11:00.106160,11.00176933534593,51.16695897232313,73.14136560805491,14.9865371609918,73.14136560805491,6000.0,37.2,73.2,271.25,817.0,14.73,5631.0,5631.0,5631.0,369.0,0.0615,0.15,0.41000000000000003,-35.431800842033795,17.302319644523195,347.9622433309381,0.04972470426358125,1.0361454717944845
tuna_synth_6000g,1,synth,2099-01-01 00:11:10.584036,11.176400594637133,50.992327713031926,71.31940629452825,14.9865371609918,71.31940629452825,6000.0,37.4,72.9,277.5,816.0,14.73,5631.0,5631.0,5631.0,369.0,0.0615,0.15,0.41000000000000003,-35.431800842033795,18.109989218745017,347.9622433309381,0.0520458456796448,1.0361454717944845
tuna_synth_6000g,1,synth,2099-01-01 00:11:21.061911,11.35103185392834,50.81769645374072,69.69698479271793,14.9865371609918,69.69698479271793,6000.0,37.7,72.7,283.25,795.0,14.6,5631.0,5631.0,5631.0,369.0,0.0615,0.15,0.41000000000000003,-35.431800842033795,18.934394288648914,347.9622433309381,0.054415082818743896,1.0361454717944845
tuna_synth_6000g,1,synth,2099-01-01 00:11:31.539787,11.525663113219546,50.64306519444952,68.37283729118572,13.949955889261133,68.37283729118572,6000.0,37.9,72.4,288.0,822.0,14.58,5609.249999999999,5609.249999999999,5620.125,390.7500000000009,0.06512500000000015,0.15,0.4341666666666677,-36.50549177664617,19.7726243332467,347.9622433309381,0.05682405120730715,1.0361454717944845
tuna_synth_6000g,1,synth,2099-01-01 00:11:42.017662,11.700294372510749,50.468433935158316,66.97413989113159,13.15555486660412,66.97413989113159,6000.0,38.2,71.8,293.25,823.0,14.62,5608.5,5608.5,5608.875,391.5,0.06525,0.15,0.43500000000000005,-38.652873645857895,20.62613461303247,347.9622433309381,0.05927693308212027,1.0361454717944845
tuna_synth_6000g,1,synth,2099-01-01 00:11:52.495538,11.874925631801956,50.293802675867106,65.78730500628171,13.9294110352269,65.78730500628171,6000.0,38.5,71.4,297.75,823.0,14.67,5608.5,5608.5,5608.5,391.5,0.06525,0.15,0.43500000000000005,-36.50549177664617,21.492742237265077,347.9622433309381,0.06176745508800468,1.0361454717944845
tuna_synth_6000g,1,synth,2099-01-01 00:12:02.973413,12.049556891093161,50.1191714165759,64.57964994937122,13.436334538404685,64.57964994937122,6000.0,38.9,71.0,302.5,823.0,14.67,5590.499999999999,5590.499999999999,5599.5,409.5000000000009,0.06825000000000016,0.15,0.45500000000000107,-36.50549177664617,22.37317483619157,347.9622433309381,0.06429770834335324,1.0361454717944845
tuna_synth_6000g,1,synth,2099-01-01 00:12:13.451289,12.224188150384366,49.9445401572847,63.51027211376436,12.534643722457638,63.51027211376436,6000.0,39.1,70.1,306.75,823.0,14.51,5584.500000000001,5584.500000000001,5587.5,415.4999999999991,0.06924999999999985,0.15,0.4616666666666657,-38.652873645857895,23.265977149317855,347.9622433309381,0.06686351061138024,1.0361454717944845
tuna_synth_6000g,1,synth,2099-01-01 00:12:23.929165,12.398819409675571,49.76990889799349,62.46773520661624,13.251430852096437,62.46773520661624,6000.0,39.4,69.8,311.0,814.0,14.62,5583.750000000002,5583.750000000002,5584.125000000002,416.2499999999982,0.0693749999999997,0.15,0.462499999999998,-36.50549177664617,24.171149176643937,347.9622433309381,0.0694648618920857,1.0361454717944845
tuna_synth_6000g,1,synth,2099-01-01 00:12:34.407040,12.573450668966776,49.595277638702285,61.49986286533625,13.652989362768004,61.49986286533625,6000.0,39.7,69.6,315.0,818.0,14.67,5583.750000000002,5583.750000000002,5583.750000000002,416.2499999999982,0.0693749999999997,0.15,0.462499999999998,-35.431800842033795,25.087963287922765,347.9622433309381,0.07209967106707676,1.0361454717944845
tuna_synth_6000g,1,synth,2099-01-01 00:12:44.884916,12.748081928257982,49.42064637941108,60.506517691627884,14.421162057597407,60.506517691627884,6000.0,40.0,69.1,319.25,819.0,14.62,5580.000000000002,5580.000000000002,5581.875000000002,419.9999999999982,0.0699999999999997,0.15,0.4666666666666647,-33.28441897281964,26.017147113401386,347.9622433309381,0.07477002925474628,1.0361454717944845
tuna_synth_6000g,1,synth,2099-01-01 00:12:55.362791,12.922713187549187,49.24601512011988,59.67573519478224,13.722637020432453,59.67573519478224,6000.0,40.3,68.8,322.75,821.0,14.62,5556.749999999999,5556.749999999999,5568.375,443.2500000000009,0.07387500000000015,0.15,0.492500000000001,-33.28441897281964,26.956517762338656,347.9622433309381,0.07746966309991568,1.0361454717944845
tuna_synth_6000g,1,synth,2099-01-01 00:13:05.840667,13.097344446840392,49.071383860828675,58.81570115760304,11.17640059463866,58.81570115760304,6000.0,40.7,68.5,326.5,782.0,14.62,5544.0,5544.0,5550.375,456.0,0.076,0.15,0.5066666666666667,-39.72656458045962,27.906802864981632,347.9622433309381,0.08020066372097784,1.0361454717944845
tuna_synth_6000g,1,synth,2099-01-01 00:13:16.318542,13.271975706131597,48.896752601537464,58.06138520153484,10.882284789515856,58.06138520153484,6000.0,41.0,68.2,329.75,823.0,14.62,5544.0,5544.0,5544.0,456.0,0.076,0.15,0.5066666666666667,-40.80025551506939,28.866547160836216,347.9622433309381,0.08295884888114706,1.0361454717944845
tuna_synth_6000g,1,synth,2099-01-01 00:13:26.796418,13.446606965422804,48.72212134224626,57.406546996967776,10.280855675195774,57.406546996967776,6000.0,41.3,67.6,332.5,823.0,14.67,5530.499999999999,5530.499999999999,5537.25,469.5000000000009,0.07825000000000015,0.15,0.5216666666666677,-41.87394644967635,29.83429538940831,347.9622433309381,0.08574003634363762,1.0361454717944845
tuna_synth_6000g,1,synth,2099-01-01 00:13:37.274293,13.621238224714007,48.54749008295506,56.63393087312483,10.280855675195038,56.63393087312483,6000.0,41.6,67.2,336.0,822.0,14.58,5530.499999999999,5530.499999999999,5530.499999999999,469.5000000000009,0.07825000000000015,0.15,0.5216666666666677,-41.87394644967935,30.81223044143906,347.9622433309381,0.08855049946362809,1.0361454717944845
tuna_synth_6000g,1,synth,2099-01-01 00:13:47.752169,13.795869484005213,48.37285882366385,55.95811438486792,11.118190174872623,55.95811438486792,6000.0,42.0,66.4,339.0,822.0,14.53,5529.749999999999,5529.749999999999,5530.124999999999,470.2500000000009,0.07837500000000015,0.15,0.5225000000000011,-38.652873645860495,31.798897056434367,347.9622433309381,0.09138605600433274,1.0361454717944845
tuna_synth_6000g,1,synth,2099-01-01 00:13:58.230045,13.97050074329642,48.198227564372644,55.3738336791282,10.749524183035659,55.3738336791282,6000.0,42.4,65.8,341.5,819.0,14.6,5515.499999999999,5515.499999999999,5522.624999999999,484.5000000000009,0.08075000000000015,0.15,0.5383333333333344,-38.652873645860495,32.79283997390014,347.9622433309381,0.0942425237289659,1.0361454717944845
tuna_synth_6000g,1,synth,2099-01-01 00:14:08.707920,14.145132002587623,48.02359630508144,54.75685516459341,10.458996502412985,54.75685516459341,6000.0,42.7,65.2,344.25,816.0,14.6,5515.499999999999,5515.499999999999,5515.499999999999,484.5000000000009,0.08075000000000015,0.15,0.5383333333333344,-39.726564580468064,33.79478682408343,347.9622433309381,0.09712199375592041,1.0361454717944845
tuna_synth_6000g,1,synth,2099-01-01 00:14:19.185796,14.319763261878828,47.84896504579024,54.187437638794684,10.100294456302109,54.187437638794684,6000.0,43.0,64.4,346.75,816.0,14.73,5501.250000000001,5501.250000000001,5508.375,498.7499999999991,0.08312499999999985,0.15,0.5541666666666657,-39.72656458046525,34.80400997673719,347.9622433309381,0.10002237496680344,1.0361454717944845
tuna_synth_6000g,1,synth,2099-01-01 00:14:29.663671,14.494394521170035,47.67433378649903,53.663460434840765,10.100294456302162,53.663460434840765,6000.0,43.4,63.6,349.0,816.0,14.76,5501.250000000001,5501.250000000001,5501.250000000001,498.7499999999991,0.08312499999999985,0.15,0.5541666666666657,-39.726564580465045,35.81978180161436,347.9622433309381,0.10294157624322209,1.0361454717944845
tuna_synth_6000g,1,synth,2099-01-01 00:14:40.141547,14.66902578046124,47.49970252720782,53.22108560958812,10.100294456302162,53.22108560958812,6000.0,43.7,62.7,350.75,807.0,14.73,5501.250000000001,5501.250000000001,5501.250000000001,498.7499999999991,0.08312499999999985,0.15,0.5541666666666657,-39.726564580465045,36.840647038220865,347.9622433309381,0.1058754153483907,1.0361454717944845
tuna_synth_6000g,1,synth,2099-01-01 00:14:50.619422,14.843657039752443,47.32507126791662,52.66980123204082,9.117589958784153,52.66980123204082,6000.0,44.1,61.4,353.25,817.0,14.73,5472.000000000001,5472.000000000001,5486.625000000001,527.9999999999991,0.08799999999999984,0.15,0.5866666666666657,-40.80025551506681,37.86878857729784,347.9622433309381,0.10883016563748783,1.0361454717944845
tuna_synth_6000g,1,synth,2099-01-01 00:15:01.097298,15.01828829904365,47.15044000862541,52.27246468212787,9.117589958784153,52.27246468212787,6000.0,44.6,60.3,354.75,815.0,14.76,5472.000000000001,5472.000000000001,5472.000000000001,527.9999999999991,0.08799999999999984,0.15,0.5866666666666657,-40.80025551506681,38.90129589785709,347.9622433309381,0.11179746263694204,1.0361454717944845
tuna_synth_6000g,1,synth,2099-01-01 00:15:11.575174,15.192919558334856,46.975808749334206,51.73203590931583,9.364011309020324,51.73203590931583,6000.0,45.0,59.5,357.25,816.0,14.83,5472.000000000001,5472.000000000001,5472.000000000001,527.9999999999991,0.08799999999999984,0.15,0.5866666666666657,-39.726564580465045,39.9410795208868,347.9622433309381,0.11478567082032475,1.0361454717944845
tuna_synth_6000g,1,synth,2099-01-01 00:15:22.053049,15.367550817626059,46.801177490043,51.413002595846486,8.749945202381568,51.413002595846486,6000.0,45.2,58.8,358.25,813.0,14.78,5457.000000000001,5457.000000000001,5464.500000000001,542.9999999999991,0.09049999999999984,0.15,0.6033333333333323,-40.80025551506681,40.98377366490471,347.9622433309381,0.11778224347727888,1.0361454717944845
tuna_synth_6000g,1,synth,2099-01-01 00:15:32.530925,15.542182076917266,46.6265462307518,50.95294175934031,8.566122824179642,50.95294175934031,6000.0,45.6,58.0,360.25,809.0,14.89,5449.500000000001,5449.500000000001,5453.250000000001,550.4999999999991,0.09174999999999985,0.15,0.6116666666666657,-40.80025551506982,42.032288850898986,347.9622433309381,0.12079554508137579,1.0361454717944845
tuna_synth_6000g,1,synth,2099-01-01 00:15:43.008800,15.716813336208471,46.451914971460596,50.531991030218045,8.566122824180274,50.531991030218045,6000.0,46.0,57.1,362.0,813.0,14.87,5449.500000000001,5449.500000000001,5449.500000000001,550.4999999999991,0.09174999999999985,0.15,0.6116666666666657,-40.80025551506681,43.08589744862258,347.9622433309381,0.12382348451422262,1.0361454717944845
tuna_synth_6000g,1,synth,2099-01-01 00:15:53.486676,15.891444595499674,46.27728371216939,50.148837111930064,8.741002492089493,50.148837111930064,6000.0,46.4,56.1,363.5,813.0,14.85,5447.249999999999,5447.249999999999,5448.375,552.7500000000009,0.09212500000000015,0.15,0.6141666666666677,-39.726564580465045,44.14387182782847,347.9622433309381,0.1268639706574266,1.0361454717944845
tuna_synth_6000g,1,synth,2099-01-01 00:16:03.964551,16.06607585479088,46.10265245287818,49.733930794607716,8.57109099656289,49.733930794607716,6000.0,46.8,55.2,365.25,811.0,14.85,5440.499999999998,5440.499999999998,5443.874999999998,559.5000000000018,0.0932500000000003,0.15,0.6216666666666687,-39.726564580465045,45.206939618763684,347.9622433309381,0.12991909462938053,1.0361454717944845
tuna_synth_6000g,1,synth,2099-01-01 00:16:14.442427,16.240707114082085,45.92802119358698,49.42350723280563,8.325663280802324,49.42350723280563,6000.0,47.2,54.0,366.25,814.0,14.85,5430.75,5430.75,5435.624999999999,569.25,0.094875,0.15,0.6325000000000001,-39.726564580465045,46.272917930687086,347.9622433309381,0.13298258307490585,1.0361454717944845
tuna_synth_6000g,1,synth,2099-01-01 00:16:24.920302,16.41533837337329,45.75338993429577,49.0807688060559,8.556931705268477,49.0807688060559,6000.0,47.5,53.2,367.5,810.0,14.73,5430.75,5430.75,5430.75,569.25,0.094875,0.15,0.6325000000000001,-38.652873645860495,47.34253439384572,347.9622433309381,0.13605652711239544,1.0361454717944845
tuna_synth_6000g,1,synth,2099-01-01 00:16:35.398178,16.5899696326645,45.578758675004565,48.772946858010144,8.556931705268477,48.772946858010144,6000.0,48.0,52.1,368.5,784.0,14.85,5430.75,5430.75,5430.75,569.25,0.094875,0.15,0.6325000000000001,-38.652873645860495,48.41506137799254,347.9622433309381,0.13913883562345639,1.0361454717944845
tuna_synth_6000g,1,synth,2099-01-01 00:16:45.876054,16.764600891955702,45.40412741571336,48.36778850350889,7.702654463871514,48.36778850350889,6000.0,48.4,50.7,370.25,838.0,14.73,5405.999999999999,5405.999999999999,5418.375,594.0000000000009,0.09900000000000016,0.15,0.660000000000001,-39.726564580465045,49.49268177386868,347.9622433309381,0.1422357819632673,1.0361454717944845
tuna_synth_6000g,1,synth,2099-01-01 00:16:56.353929,16.93923215124691,45.22949615642216,48.03041233000668,7.499953030612731,48.03041233000668,6000.0,48.8,49.6,371.5,816.0,14.56,5405.999999999999,5405.999999999999,5405.999999999999,594.0000000000009,0.09900000000000016,0.15,0.660000000000001,-40.80025551506681,50.57394032098006,347.9622433309381,0.14534318389504247,1.0361454717944845
tuna_synth_6000g,1,synth,2099-01-01 00:17:06.831805,17.113863410538112,45.054864897130955,47.66262927850366,7.702654463871514,47.66262927850366,6000.0,49.1,48.5,373.0,814.0,14.8,5405.999999999999,5405.999999999999,5405.999999999999,594.0000000000009,0.09900000000000016,0.15,0.660000000000001,-39.726564580465045,51.65956464957372,347.9622433309381,0.14846313253717475,1.0361454717944845
tuna_synth_6000g,1,synth,2099-01-01 00:17:17.309680,17.28849466982932,44.880233637839744,47.32880420064697,7.72258235532164,47.32880420064697,6000.0,49.5,47.8,374.25,807.0,14.85,5398.499999999999,5398.499999999999,5402.249999999999,601.5000000000009,0.10025000000000016,0.15,0.6683333333333344,-38.652873645860495,52.748827129402606,347.9622433309381,0.15159353677127127,1.0361454717944845
tuna_synth_6000g,1,synth,2099-01-01 00:17:27.787556,17.463125929120523,44.70560237854854,47.12257827900554,7.72258235532164,47.12257827900554,6000.0,49.9,46.8,374.5,811.0,14.87,5398.499999999999,5398.499999999999,5398.499999999999,601.5000000000009,0.10025000000000016,0.15,0.6683333333333344,-38.652873645860495,53.838817239478544,347.9622433309381,0.15472603212376063,1.0361454717944845
tuna_synth_6000g,1,synth,2099-01-01 00:17:38.265431,17.637757188411726,44.53097111925734,46.822454134816844,6.947492261531168,46.822454134816844,6000.0,50.3,45.7,375.5,816.0,14.78,5375.999999999999,5375.999999999999,5387.249999999999,624.0000000000009,0.10400000000000015,0.15,0.6933333333333344,-39.726564580465045,54.93171787054267,347.9622433309381,0.1578668919498214,1.0361454717944845
tuna_synth_6000g,1,synth,2099-01-01 00:17:48.743307,17.812388447702933,44.35633985996613,46.52346044754472,6.746281279987452,46.52346044754472,6000.0,50.8,44.6,376.5,816.0,14.73,5375.25,5375.25,5375.625,624.75,0.104125,0.15,0.6941666666666667,-40.80025551506681,56.02752902259498,347.9622433309381,0.16101611624945358,1.0361454717944845
tuna_synth_6000g,1,synth,2099-01-01 00:17:59.221182,17.98701970699414,44.181708600674924,46.164212281715635,6.746281279987452,46.164212281715635,6000.0,51.1,43.8,378.0,822.0,14.78,5375.25,5375.25,5375.25,624.75,0.104125,0.15,0.6941666666666667,-40.80025551506681,57.127705956129574,347.9622433309381,0.16417788725944285,1.0361454717944845
tuna_synth_6000g,1,synth,2099-01-01 00:18:09.699058,18.161650966285343,44.00707734138372,45.83742475254403,6.1580496697433365,45.83742475254403,6000.0,51.6,42.8,379.25,827.0,14.73,5351.250000000001,5351.250000000001,5363.25,648.7499999999991,0.10812499999999985,0.15,0.7208333333333323,-40.80025551506681,58.2315210408994,347.9622433309381,0.16735011386139637,1.0361454717944845
tuna_synth_6000g,1,synth,2099-01-01 00:18:20.176934,18.33628222557655,43.83244608209252,45.66279349325283,6.1580496697433365,45.66279349325283,6000.0,52.0,42.1,379.25,797.0,15.49,5351.250000000001,5351.250000000001,5351.250000000001,648.7499999999991,0.10812499999999985,0.15,0.7208333333333323,-40.80025551506681,59.33533612566923,347.9622433309381,0.17052234046334988,1.0361454717944845
tuna_synth_6000g,1,synth,2099-01-01 00:18:30.654809,18.510913484867757,43.657814822801306,45.458081342332335,7.312683982820425,45.458081342332335,6000.0,52.3,41.3,379.5,815.0,14.76,5351.250000000001,5351.250000000001,5351.250000000001,648.7499999999991,0.10812499999999985,0.15,0.7208333333333323,-34.35810990742368,60.439878840686106,347.9622433309381,0.17369665818369626,1.0361454717944845
tuna_synth_6000g,1,synth,2099-01-01 00:18:41.132685,18.685544744158957,43.48318356351011,45.193789173095695,9.13670748611506,45.193789173095695,6000.0,52.7,40.4,380.25,816.0,14.73,5345.25,5345.25,5348.25,654.75,0.109125,0.15,0.7275,-26.842273365181423,61.546604446444114,347.9622433309381,0.1768772492592212,1.0361454717944845
tuna_synth_6000g,1,synth,2099-01-01 00:18:51.610560,18.860176003450164,43.3085523042189,44.900616827448836,9.080825483141913,44.900616827448836,6000.0,53.0,39.6,381.25,818.0,14.73,5343.750000000001,5343.750000000001,5344.5,656.2499999999991,0.10937499999999985,0.15,0.7291666666666656,-26.842273365181423,62.65624057319032,347.9622433309381,0.1800662048083175,1.0361454717944845
tuna_synth_6000g,1,synth,2099-01-01 00:19:02.088436,19.03480726274137,43.13392104492769,44.60852156076077,8.661710460843057,44.60852156076077,6000.0,53.5,38.6,382.25,817.0,14.62,5332.500000000001,5332.500000000001,5338.125000000001,667.4999999999991,0.11124999999999985,0.15,0.7416666666666657,-26.842273365181423,63.76878722092471,347.9622433309381,0.18326352483098524,1.0361454717944845
tuna_synth_6000g,1,synth,2099-01-01 00:19:12.566311,19.209438522032574,42.959289785636486,44.346536799718734,8.633769459356365,44.346536799718734,6000.0,53.9,37.5,383.0,816.0,14.73,5331.749999999998,5331.749999999998,5332.125,668.2500000000018,0.11137500000000031,0.15,0.742500000000002,-26.842273365181423,64.88351675940022,347.9622433309381,0.1864671182088315,1.0361454717944845
tuna_synth_6000g,1,synth,2099-01-01 00:19:23.044187,19.38406978132378,42.78465852634528,44.171905540427524,8.633769459356365,44.171905540427524,6000.0,54.2,36.9,383.0,810.0,14.85,5331.749999999998,5331.749999999998,5331.749999999998,668.2500000000018,0.11137500000000031,0.15,0.742500000000002,-26.842273365181423,65.99824629787575,347.9622433309381,0.18967071158667775,1.0361454717944845
tuna_synth_6000g,1,synth,2099-01-01 00:19:33.522062,19.558701040614988,42.61002726705408,43.882243277124786,9.811101658358204,43.882243277124786,6000.0,54.7,35.9,384.0,813.0,14.94,5331.749999999998,5331.749999999998,5331.749999999998,668.2500000000018,0.11137500000000031,0.15,0.742500000000002,-23.621200561362787,67.11588635733946,347.9622433309381,0.19288266943809543,1.0361454717944845
tuna_synth_6000g,1,synth,2099-01-01 00:19:43.999938,19.73333229990619,42.435396007762876,43.67906143665133,8.858567516770021,43.67906143665133,6000.0,55.0,35.2,384.25,811.0,14.73,5309.249999999998,5309.249999999998,5320.499999999998,690.7500000000018,0.1151250000000003,0.15,0.767500000000002,-23.621200561362787,68.23425404705023,347.9622433309381,0.19609671840790596,1.0361454717944845
tuna_synth_6000g,1,synth,2099-01-01 00:19:54.477814,19.907963559197395,42.26076474847167,43.41934109663937,7.795539414758653,43.41934109663937,6000.0,55.5,34.4,385.0,814.0,14.8,5309.249999999998,5309.249999999998,5309.249999999998,690.7500000000018,0.1151250000000003,0.15,0.767500000000002,-26.842273365181423,69.35480462750212,347.9622433309381,0.19931704073289502,1.0361454717944845
tuna_synth_6000g,1,synth,2099-01-01 00:20:04.955689,20.0825948184886,42.08613348918046,43.244709837348175,7.795539414758653,43.244709837348175,6000.0,55.9,33.6,385.0,810.0,14.94,5309.249999999998,5309.249999999998,5309.249999999998,690.7500000000018,0.1151250000000003,0.15,0.767500000000002,-26.842273365181423,70.47535520795402,347.9622433309381,0.20253736305788408,1.0361454717944845
tuna_synth_6000g,1,synth,2099-01-01 00:20:15.433565,20.257226077779805,41.91150222988926,43.01398946023939,6.094028772506818,43.01398946023939,6000.0,56.2,32.9,385.5,804.0,14.99,5289.749999999998,5289.749999999998,5299.499999999998,710.2500000000018,0.1183750000000003,0.15,0.7891666666666687,-31.13703710360778,71.59736104890003,347.9622433309381,0.2057618676196589,1.0361454717944845
tuna_synth_6000g,1,synth,2099-01-01 00:20:25.911440,20.431857337071012,41.73687097059805,42.72806715447927,6.094028772506818,42.72806715447927,6000.0,56.6,32.4,386.5,802.0,15.06,5289.749999999998,5289.749999999998,5289.749999999998,710.2500000000018,0.1183750000000003,0.15,0.7891666666666687,-31.13703710360778,72.7222774108342,347.9622433309381,0.20899473665500504,1.0361454717944845
tuna_synth_6000g,1,synth,2099-01-01 00:20:36.389316,20.60648859636222,41.562239711306844,42.5258159422763,6.797185938564601,42.5258159422763,6000.0,57.1,31.7,386.75,807.0,15.06,5289.749999999998,5289.749999999998,5289.749999999998,710.2500000000018,0.1183750000000003,0.15,0.7891666666666687,-27.915964299789145,73.84792140301542,347.9622433309381,0.21222969680874404,1.0361454717944845
tuna_synth_6000g,1,synth,2099-01-01 00:20:46.867191,20.781119855653422,41.38760845201564,42.26887665212908,6.797185938564601,42.26887665212908,6000.0,57.3,31.3,387.5,805.0,15.03,5289.749999999998,5289.749999999998,5289.749999999998,710.2500000000018,0.1183750000000003,0.15,0.7891666666666687,-27.915964299789145,74.97574828593778,347.9622433309381,0.21547093031766162,1.0361454717944845
tuna_synth_6000g,1,synth,2099-01-01 00:20:57.345067,20.955751114944626,41.21297719272444,42.03977519096658,8.836341720134895,42.03977519096658,6000.0,57.7,30.7,388.0,798.0,15.17,5289.749999999998,5289.749999999998,5289.749999999998,710.2500000000018,0.1183750000000003,0.15,0.7891666666666687,-21.473818692143276,76.10503042935426,347.9622433309381,0.21871634606336493,1.0361454717944845
tuna_synth_6000g,1,synth,2099-01-01 00:21:07.822942,21.130382374235833,41.038345933433234,41.78403825606579,8.556931705269182,41.78403825606579,6000.0,58.0,30.3,388.75,795.0,15.24,5283.750000000001,5283.750000000001,5286.75,716.2499999999991,0.11937499999999984,0.15,0.7958333333333323,-21.473818692143055,77.23649546351186,347.9622433309381,0.22196803516424676,1.0361454717944845
tuna_synth_6000g,1,synth,2099-01-01 00:21:18.300818,21.305013633527036,40.86371467414203,41.60940699677458,8.556931705269182,41.60940699677458,6000.0,58.4,29.9,388.75,806.0,15.03,5283.750000000001,5283.750000000001,5283.750000000001,716.2499999999991,0.11937499999999984,0.15,0.7958333333333323,-21.473818692143055,78.36796049766946,347.9622433309381,0.22521972426512857,1.0361454717944845
tuna_synth_6000g,1,synth,2099-01-01 00:21:28.778694,21.479644892818243,40.68908341485082,41.328016514913074,9.197246322668779,41.328016514913074,6000.0,58.8,28.5,389.75,799.0,15.03,5277.749999999999,5277.749999999999,5280.75,722.2500000000009,0.12037500000000015,0.15,0.802500000000001,-19.326436822931704,79.50233605281525,347.9622433309381,0.22847977783958182,1.0361454717944845
tuna_synth_6000g,1,synth,2099-01-01 00:21:39.256569,21.65427615210945,40.51445215555961,41.15338525562188,8.110651820412452,41.15338525562188,6000.0,59.1,27.5,389.75,796.0,15.27,5256.749999999997,5256.749999999997,5267.249999999998,743.2500000000027,0.12387500000000046,0.15,0.8258333333333364,-19.326436822931704,80.63671160796105,347.9622433309381,0.23173983141403506,1.0361454717944845
tuna_synth_6000g,1,synth,2099-01-01 00:21:49.734445,21.828907411400653,40.33982089626841,41.005168235904236,8.110651820412452,41.005168235904236,6000.0,59.6,26.2,389.5,797.0,15.2,5256.749999999997,5256.749999999997,5256.749999999997,743.2500000000027,0.12387500000000046,0.15,0.8258333333333364,-19.326436822931704,81.77035953285979,347.9622433309381,0.23499779387009542,1.0361454717944845
tuna_synth_6000g,1,synth,2099-01-01 00:22:00.212320,22.00353867069186,40.1651896369772,40.75173140024679,9.12448329796245,40.75173140024679,6000.0,60.0,25.0,390.25,795.0,15.22,5256.749999999997,5256.749999999997,5256.749999999997,743.2500000000027,0.12387500000000046,0.15,0.8258333333333364,-17.17905495372,82.90619034849966,347.9622433309381,0.23826202968133434,1.0361454717944845
tuna_synth_6000g,1,synth,2099-01-01 00:22:10.690196,22.178169929983063,39.990558377686,40.524954611332745,9.12448329796245,40.524954611332745,6000.0,60.3,24.3,390.75,791.0,15.13,5256.749999999997,5256.749999999997,5256.749999999997,743.2500000000027,0.12387500000000046,0.15,0.8258333333333364,-17.17905495372,84.04347642463364,347.9622433309381,0.24153044772935897,1.0361454717944845
tuna_synth_6000g,1,synth,2099-01-01 00:22:21.168071,22.352801189274267,39.8159271183948,40.350323352041535,9.080825483142615,40.350323352041535,6000.0,60.6,23.4,390.75,793.0,15.36,5255.999999999999,5255.999999999999,5256.374999999998,744.0000000000009,0.12400000000000015,0.15,0.8266666666666677,-17.17905495371462,85.1807625007676,347.9622433309381,0.24479886577738355,1.0361454717944845
tuna_synth_6000g,1,synth,2099-01-01 00:22:31.645947,22.527432448565474,39.64129585910359,40.02138875297197,8.906194223855355,40.02138875297197,6000.0,61.1,22.4,392.25,787.0,15.36,5252.999999999997,5252.999999999997,5254.499999999998,747.0000000000027,0.12450000000000046,0.15,0.8300000000000031,-17.179054953706807,86.32241435838387,347.9622433309381,0.24807983053576532,1.0361454717944845
tuna_synth_6000g,1,synth,2099-01-01 00:22:42.123822,22.70206370785668,39.46666459981238,39.84675749368077,8.64424733491455,39.84675749368077,6000.0,61.3,21.7,392.25,787.0,15.36,5248.499999999998,5248.499999999998,5250.749999999998,751.5000000000018,0.1252500000000003,0.15,0.8350000000000021,-17.17905495371462,87.46406621600012,347.9622433309381,0.25136079529414707,1.0361454717944845
tuna_synth_6000g,1,synth,2099-01-01 00:22:52.601698,22.876694967147884,39.29203334052118,39.722983614726104,8.207669186686536,39.722983614726104,6000.0,61.7,20.9,391.75,785.0,15.46,5240.999999999998,5240.999999999998,5244.749999999998,759.0000000000018,0.1265000000000003,0.15,0.8433333333333354,-17.17905495371462,88.60426281312228,347.9622433309381,0.25463757781574303,1.0361454717944845
tuna_synth_6000g,1,synth,2099-01-01 00:23:03.079574,23.05132622643909,39.11740208122997,39.47244856508829,7.858406668104232,39.47244856508829,6000.0,62.2,20.2,392.5,784.0,15.39,5235.0,5235.0,5237.999999999999,765.0,0.1275,0.15,0.8500000000000001,-17.17905495371462,89.74664230098557,347.9622433309381,0.2579206336925176,1.0361454717944845
tuna_synth_6000g,1,synth,2099-01-01 00:23:13.557449,23.225957485730298,38.942770821938765,39.24759790558705,7.290855075407762,39.24759790558705,6000.0,62.6,19.1,393.0,785.0,15.49,5225.249999999999,5225.249999999999,5230.125,774.7500000000009,0.12912500000000016,0.15,0.8608333333333344,-17.17905495371462,90.89047704934296,347.9622433309381,0.26120787180607785,1.0361454717944845
tuna_synth_6000g,1,synth,2099-01-01 00:23:24.035325,23.400588745021498,38.76813956264756,38.97335345364206,7.290855075407762,38.97335345364206,6000.0,63.0,18.0,394.0,778.0,15.71,5225.249999999999,5225.249999999999,5225.249999999999,774.7500000000009,0.12912500000000016,0.15,0.8608333333333344,-17.17905495371462,92.03722231868855,347.9622433309381,0.2645034743932096,1.0361454717944845
tuna_synth_6000g,1,synth,2099-01-01 00:23:34.513200,23.575220004312705,38.59350830335636,38.82346718067063,6.49217387482507,38.82346718067063,6000.0,63.2,17.1,393.75,783.0,15.46,5218.499999999999,5218.499999999999,5221.874999999999,781.5000000000009,0.13025000000000014,0.15,0.8683333333333343,-18.2527458883242,93.18323995778708,347.9622433309381,0.2677969858619484,1.0361454717944845
tuna_synth_6000g,1,synth,2099-01-01 00:23:44.991076,23.74985126360391,38.418877044065155,38.50149828502015,6.131497548446775,38.50149828502015,6000.0,63.6,16.0,395.25,784.0,15.44,5218.499999999999,5218.499999999999,5218.499999999999,781.5000000000009,0.13025000000000014,0.15,0.8683333333333343,-19.32643682292875,94.33362337836789,347.9622433309381,0.2711030440410443,1.0361454717944845
tuna_synth_6000g,1,synth,2099-01-01 00:23:55.468951,23.924482522895115,38.24424578477395,38.351235062618194,6.36890475061963,38.351235062618194,6000.0,64.0,15.0,395.0,783.0,15.56,5216.250000000001,5216.250000000001,5217.375,783.7499999999991,0.13062499999999985,0.15,0.8708333333333323,-18.2527458883242,95.48327916870167,347.9622433309381,0.2744070111017474,1.0361454717944845
tuna_synth_6000g,1,synth,2099-01-01 00:24:05.946827,24.099113782186322,38.06961452548274,38.128119308936824,5.958007669934446,38.128119308936824,6000.0,64.4,14.0,395.5,784.0,15.51,5208.75,5208.75,5212.5,791.25,0.131875,0.15,0.8791666666666667,-18.2527458883242,96.63439021952954,347.9622433309381,0.2777151603992362,1.0361454717944845
tuna_synth_6000g,1,synth,2099-01-01 00:24:16.424702,24.27374504147753,37.89498326619153,37.97760450714653,5.627007243827779,37.97760450714653,6000.0,64.8,13.1,395.25,784.0,15.51,5208.75,5208.75,5208.75,791.25,0.131875,0.15,0.8791666666666667,-19.32643682292875,97.78477364011034,347.9622433309381,0.2810212185783321,1.0361454717944845
tuna_synth_6000g,1,synth,2099-01-01 00:24:26.902578,24.448376300768732,37.72035200690033,37.68324561700051,5.793648837660392,37.72035200690033,6000.0,65.2,12.9,396.5,782.0,15.49,5205.75,5205.75,5207.25,794.25,0.132375,0.15,0.8825,-18.2527458883242,98.93879521192639,347.9622433309381,0.28433773234939225,1.0361454717944845
tuna_synth_6000g,1,synth,2099-01-01 00:24:37.380454,24.623007560059936,37.545720747609124,37.532389276079655,6.155751890014981,37.545720747609124,6000.0,65.5,12.1,396.25,784.0,15.49,5205.75,5205.75,5205.75,794.25,0.132375,0.15,0.8825,-17.17905495371462,100.0920891534954,347.9622433309381,0.2876521550020596,1.0361454717944845
tuna_synth_6000g,1,synth,2099-01-01 00:24:47.858329,24.797638819351143,37.37108948831792,37.334093206400006,6.155751890014981,37.37108948831792,6000.0,65.9,11.5,396.5,779.0,15.61,5205.75,5205.75,5205.75,794.25,0.132375,0.15,0.8825,-17.17905495371462,101.24611072531144,347.9622433309381,0.2909686687731198,1.0361454717944845
tuna_synth_6000g,1,synth,2099-01-01 00:24:58.336205,24.972270078642346,37.19645822902672,37.159461947108795,5.806489371430705,37.19645822902672,6000.0,66.3,11.2,396.5,779.0,16.43,5199.749999999998,5199.749999999998,5202.749999999999,800.2500000000018,0.1333750000000003,0.15,0.8891666666666687,-17.179054953719827,102.4001322971275,347.9622433309381,0.29428518254417996,1.0361454717944845
tuna_synth_6000g,1,synth,2099-01-01 00:25:08.814080,25.146901337933553,37.021826969735514,36.98483068781759,5.423841465043669,37.021826969735514,6000.0,66.7,10.7,396.5,784.0,15.49,5198.999999999999,5198.999999999999,5199.374999999998,801.0000000000009,0.13350000000000015,0.15,0.890000000000001,-18.252745888324377,103.55415386894354,347.9622433309381,0.29760169631524014,1.0361454717944845
tuna_synth_6000g,1,synth,2099-01-01 00:25:19.291956,25.32153259722476,36.8471957104443,36.71715582931175,5.423841465043669,36.8471957104443,6000.0,67.0,10.5,397.5,784.0,15.63,5198.999999999999,5198.999999999999,5198.999999999999,801.0000000000009,0.13350000000000015,0.15,0.890000000000001,-18.252745888324377,104.71108596174778,347.9622433309381,0.30092657455987176,1.0361454717944845
tuna_synth_6000g,1,synth,2099-01-01 00:25:29.769831,25.496163856515963,36.6725644511531,36.54252457002055,5.423841465043669,36.6725644511531,6000.0,67.4,10.1,397.5,775.0,15.71,5198.999999999999,5198.999999999999,5198.999999999999,801.0000000000009,0.13350000000000015,0.15,0.890000000000001,-18.252745888324377,105.86801805455202,347.9622433309381,0.30425145280450333,1.0361454717944845
tuna_synth_6000g,1,synth,2099-01-01 00:25:40.247707,25.67079511580717,36.49793319186189,36.344925036329585,4.6568335810988986,36.49793319186189,6000.0,67.9,9.4,397.75,709.0,15.71,5190.000000000001,5190.000000000001,5194.5,809.9999999999991,0.13499999999999984,0.15,0.899999999999999,-19.32643682292875,107.02567777760328,347.9622433309381,0.3075784221675277,1.0361454717944845
tuna_synth_6000g,1,synth,2099-01-01 00:25:50.725583,25.845426375098373,36.323301932570686,36.14746405025676,4.6568335810988986,36.323301932570686,6000.0,68.2,9.4,398.0,777.0,15.58,5190.000000000001,5190.000000000001,5190.000000000001,809.9999999999991,0.13499999999999984,0.15,0.899999999999999,-19.32643682292875,108.18406513090162,347.9622433309381,0.31090748264894497,1.0361454717944845
tuna_synth_6000g,1,synth,2099-01-01 00:26:01.203458,26.020057634389577,36.14867067327948,35.97283279096555,4.930764968221612,36.14867067327948,6000.0,68.5,9.1,398.0,784.0,15.49,5190.000000000001,5190.000000000001,5190.000000000001,809.9999999999991,0.13499999999999984,0.15,0.899999999999999,-18.252745888324377,109.34245248419994,347.9622433309381,0.31423654313036226,1.0361454717944845
tuna_synth_6000g,1,synth,2099-01-01 00:26:11.681334,26.194688893680784,35.97403941398828,35.843450377952294,4.930764968221612,35.97403941398828,6000.0,68.9,8.8,397.5,784.0,15.49,5190.000000000001,5190.000000000001,5190.000000000001,809.9999999999991,0.13499999999999984,0.15,0.899999999999999,-18.252745888324377,110.49938457700418,347.9622433309381,0.3175614213749938,1.0361454717944845
tuna_synth_6000g,1,synth,2099-01-01 00:26:22.159209,26.36932015297199,35.799408154697076,35.57887319550437,4.930764968221612,35.799408154697076,6000.0,69.1,8.6,398.5,784.0,15.49,5190.000000000001,5190.000000000001,5190.000000000001,809.9999999999991,0.13499999999999984,0.15,0.899999999999999,-18.252745888324377,111.6592271907966,347.9622433309381,0.3208946640931968,1.0361454717944845
tuna_synth_6000g,1,synth,2099-01-01 00:26:32.637085,26.543951412263194,35.62477689540587,35.426576445438215,4.930764968221612,35.62477689540587,6000.0,69.3,8.6,398.25,774.0,15.76,5190.000000000001,5190.000000000001,5190.000000000001,809.9999999999991,0.13499999999999984,0.15,0.899999999999999,-18.252745888324377,112.81834217434198,347.9622433309381,0.32422581569300696,1.0361454717944845
tuna_synth_6000g,1,synth,2099-01-01 00:26:43.114960,26.7185826715544,35.45014563611466,35.22972023229165,4.930764968221612,35.45014563611466,6000.0,69.8,8.3,398.5,778.0,15.83,5190.000000000001,5190.000000000001,5190.000000000001,809.9999999999991,0.13499999999999984,0.15,0.899999999999999,-18.252745888324377,113.97818478813441,347.9622433309381,0.32755905841120997,1.0361454717944845
tuna_synth_6000g,1,synth,2099-01-01 00:26:53.592836,26.893213930845608,35.27551437682345,35.03300137410873,6.985250371646795,35.27551437682345,6000.0,70.1,8.5,398.75,756.0,15.49,5190.000000000001,5190.000000000001,5190.000000000001,809.9999999999991,0.13499999999999984,0.15,0.899999999999999,-12.884291215288698,115.13875503217388,347.9622433309381,0.33089439224780576,1.0361454717944845
tuna_synth_6000g,1,synth,2099-01-01 00:27:04.070711,27.067845190136808,35.100883117532256,34.836419612703416,10.47787555747231,35.100883117532256,6000.0,70.5,8.3,399.0,786.0,15.58,5190.000000000001,5190.000000000001,5190.000000000001,809.9999999999991,0.13499999999999984,0.15,0.899999999999999,-8.589527476857397,116.3000529064604,347.9622433309381,0.33423181720279443,1.0361454717944845
tuna_synth_6000g,1,synth,2099-01-01 00:27:14.548587,27.242476449428015,34.926251858241045,34.63997469053638,11.974714922829646,34.926251858241045,6000.0,70.9,8.1,399.25,768.0,15.86,5190.000000000001,5190.000000000001,5190.000000000001,809.9999999999991,0.13499999999999984,0.15,0.899999999999999,-7.515836542247618,117.46207841099395,347.9622433309381,0.337571333276176,1.0361454717944845
tuna_synth_6000g,1,synth,2099-01-01 00:27:25.026463,27.41710770871922,34.75162059894984,34.48704767603874,20.955751114970134,34.75162059894984,6000.0,71.1,8.3,399.0,769.0,15.76,5190.000000000001,5190.000000000001,5190.000000000001,809.9999999999991,0.13499999999999984,0.15,0.899999999999999,-4.294763738423469,118.62337628528047,347.9622433309381,0.3409087582311647,1.0361454717944845
tuna_synth_6000g,1,synth,2099-01-01 00:27:35.504338,27.591738968010425,34.57698933965864,34.290821521521465,19.907963559221002,34.57698933965864,6000.0,71.4,8.2,399.25,779.0,15.63,5185.499999999998,5185.499999999998,5187.75,814.5000000000018,0.13575000000000031,0.15,0.9050000000000021,-4.294763738423469,119.78540178981405,347.9622433309381,0.34424827430454624,1.0361454717944845
tuna_synth_6000g,1,synth,2099-01-01 00:27:45.982214,27.766370227301632,34.402358080367435,34.116190262230255,19.907963559221002,34.402358080367435,6000.0,71.6,8.0,399.25,779.0,15.56,5185.499999999998,5185.499999999998,5185.499999999998,814.5000000000018,0.13575000000000031,0.15,0.9050000000000021,-4.294763738423469,120.9474272943476,347.9622433309381,0.34758779037792775,1.0361454717944845
tuna_synth_6000g,1,synth,2099-01-01 00:27:56.460089,27.94100148659284,34.227726821076224,33.8988870951689,18.685544744181303,34.227726821076224,6000.0,71.9,7.8,399.75,784.0,15.49,5180.249999999999,5180.249999999999,5182.874999999998,819.7500000000009,0.13662500000000016,0.15,0.9108333333333345,-4.294763738423469,122.11090805937526,347.9622433309381,0.350931488688095,1.0361454717944845
tuna_synth_6000g,1,synth,2099-01-01 00:28:06.937965,28.115632745884042,34.05309556178502,33.6396672217912,14.948435795334152,34.05309556178502,6000.0,72.3,8.0,400.75,784.0,15.53,5180.249999999999,5180.249999999999,5180.249999999999,819.7500000000009,0.13662500000000016,0.15,0.9108333333333345,-5.368454673033247,123.2772993453911,347.9622433309381,0.3542835514718336,1.0361454717944845
tuna_synth_6000g,1,synth,2099-01-01 00:28:17.415840,28.290264005175246,33.87846430249382,33.40219723169963,13.830795735869735,33.87846430249382,6000.0,72.6,7.9,401.5,784.0,15.49,5174.249999999998,5174.249999999998,5177.249999999998,825.7500000000018,0.1376250000000003,0.15,0.9175000000000021,-5.368454673033247,124.44587352214809,347.9622433309381,0.3576418876107508,1.0361454717944845
tuna_synth_6000g,1,synth,2099-01-01 00:28:27.893716,28.464895264466453,33.70383304320261,33.206780535425416,13.830795735869735,33.70383304320261,6000.0,72.9,7.9,401.75,793.0,15.29,5174.249999999998,5174.249999999998,5174.249999999998,825.7500000000018,0.1376250000000003,0.15,0.9175000000000021,-5.368454673033247,125.61517532915212,347.9622433309381,0.36100231486806084,1.0361454717944845
tuna_synth_6000g,1,synth,2099-01-01 00:28:38.371591,28.639526523757656,33.529201783911404,33.011498293214174,69.15397867948397,69.15397867948397,6000.0,73.2,8.1,402.0,791.0,14.8,5174.249999999998,5174.249999999998,5174.249999999998,825.7500000000018,0.1376250000000003,0.15,0.9175000000000021,-1.0736909346045487,126.78520476640318,347.9622433309381,0.3643648332437637,1.0361454717944845
tuna_synth_6000g,1,synth,2099-01-01 00:28:48.849467,28.814157783048863,33.3545705246202,32.836867033922964,65.66135349365052,65.66135349365052,6000.0,73.5,8.0,402.0,794.0,15.34,5170.499999999997,5170.499999999997,5172.374999999998,829.5000000000027,0.13825000000000046,0.15,0.9216666666666697,-1.0736909346045487,127.95523420365426,347.9622433309381,0.3677273516194665,1.0361454717944845
tuna_synth_6000g,1,synth,2099-01-01 00:28:59.327343,28.98878904234007,33.179939265329,32.66223577463177,10.943558915586301,33.179939265329,6000.0,73.8,7.9,402.0,795.0,15.32,5170.499999999997,5170.499999999997,5170.499999999997,829.5000000000027,0.13825000000000046,0.15,0.9216666666666697,-6.442145607640312,129.1252636409053,347.9622433309381,0.37108986999516935,1.0361454717944845
tuna_synth_6000g,1,synth,2099-01-01 00:29:09.805218,29.163420301631273,33.005308006037794,32.44703030940934,12.573450668978893,33.005308006037794,6000.0,74.1,8.1,402.5,789.0,15.27,5167.5,5167.5,5168.999999999998,832.5,0.13875,0.15,0.9250000000000002,-5.368454673030643,130.29674833865047,347.9622433309381,0.3744565706076579,1.0361454717944845
tuna_synth_6000g,1,synth,2099-01-01 00:29:20.283094,29.33805156092248,32.83067674674658,32.212051194613956,12.573450668985197,32.83067674674658,6000.0,74.4,8.0,403.25,778.0,15.22,5167.5,5167.5,5167.5,832.5,0.13875,0.15,0.9250000000000002,-5.368454673027951,131.4704159271368,347.9622433309381,0.3778295445753251,1.0361454717944845
tuna_synth_6000g,1,synth,2099-01-01 00:29:30.760969,29.512682820213683,32.65604548745538,32.01746203495435,15.716813336227682,32.65604548745538,6000.0,74.6,7.9,403.5,799.0,15.1,5167.5,5167.5,5167.5,832.5,0.13875,0.15,0.9250000000000002,-4.294763738423403,132.64481114587014,347.9622433309381,0.38120460966138503,1.0361454717944845
tuna_synth_6000g,1,synth,2099-01-01 00:29:41.238845,29.687314079504887,32.48141422816418,31.82300572177153,15.716813336227682,32.48141422816418,6000.0,74.9,7.9,403.75,810.0,14.83,5167.5,5167.5,5167.5,832.5,0.13875,0.15,0.9250000000000002,-4.294763738423403,133.81993399485054,347.9622433309381,0.38458176586583787,1.0361454717944845
tuna_synth_6000g,1,synth,2099-01-01 00:29:51.716720,29.861945338796094,32.306782968872966,31.628682008444574,14.494394521187328,32.306782968872966,6000.0,75.3,8.2,404.0,814.0,14.76,5162.249999999998,5162.249999999998,5164.874999999999,837.7500000000018,0.1396250000000003,0.15,0.9308333333333354,-4.294763738423403,134.995784474078,347.9622433309381,0.38796101318868353,1.0361454717944845
tuna_synth_6000g,1,synth,2099-01-01 00:30:02.194596,30.0365765980873,32.13215170958176,31.434490648962615,14.31976326189612,32.13215170958176,6000.0,75.7,8.1,404.25,823.0,14.53,5161.499999999999,5161.499999999999,5161.874999999998,838.5000000000009,0.13975000000000015,0.15,0.9316666666666678,-4.294763738423403,136.1723625835525,347.9622433309381,0.39134235162992215,1.0361454717944845
tuna_synth_6000g,1,synth,2099-01-01 00:30:12.672471,30.211207857378504,31.95752045029056,31.221027406164357,5.762831556615011,31.95752045029056,6000.0,76.1,8.1,404.75,827.0,14.58,5149.5,5149.5,5155.5,850.5,0.14175,0.15,0.945,-8.589527476849497,137.3503959535211,347.9622433309381,0.3947278723079463,1.0361454717944845
tuna_synth_6000g,1,synth,2099-01-01 00:30:23.150347,30.38583911666971,31.782889190999352,31.08501213624379,5.122516939210071,31.782889190999352,6000.0,76.3,8.3,404.25,833.0,14.15,5149.5,5149.5,5149.5,850.5,0.14175,0.15,0.945,-9.663218411461859,138.5269740629956,347.9622433309381,0.3981092107491849,1.0361454717944845
tuna_synth_6000g,1,synth,2099-01-01 00:30:33.628223,30.560470375960914,31.60825793170815,30.89116887934057,5.122516939210071,31.60825793170815,6000.0,76.5,8.3,404.5,831.0,14.4,5149.5,5149.5,5149.5,850.5,0.14175,0.15,0.945,-9.663218411461859,139.70427980271714,347.9622433309381,0.40149264030881626,1.0361454717944845
tuna_synth_6000g,1,synth,2099-01-01 00:30:44.106098,30.735101635252118,31.433626672416946,30.678400374519317,5.122516939210071,31.433626672416946,6000.0,76.8,8.2,405.0,833.0,14.36,5149.5,5149.5,5149.5,850.5,0.14175,0.15,0.945,-9.663218411461859,140.88304080293275,347.9622433309381,0.40488025210523326,1.0361454717944845
tuna_synth_6000g,1,synth,2099-01-01 00:30:54.583974,30.909732894543325,31.25899541312574,30.465941247935234,5.122516939210071,31.25899541312574,6000.0,77.0,8.5,405.5,843.0,14.15,5149.5,5149.5,5149.5,850.5,0.14175,0.15,0.945,-9.663218411461859,142.0632570636425,347.9622433309381,0.40827204613843615,1.0361454717944845
tuna_synth_6000g,1,synth,2099-01-01 00:31:05.061849,31.08436415383453,31.08436415383453,30.31010452365201,5.122516939210071,31.08436415383453,6000.0,77.2,8.4,405.25,839.0,14.1,5149.5,5149.5,5149.5,850.5,0.14175,0.15,0.945,-9.663218411461859,143.24274569410517,347.9622433309381,0.411661749053246,1.0361454717944845
tuna_synth_6000g,1,synth,2099-01-01 00:31:15.539725,31.258995413125735,30.90973289454333,30.116786393507745,5.044903046191736,30.90973289454333,6000.0,77.5,8.4,405.5,841.0,14.25,5148.75,5148.75,5149.125,851.25,0.141875,0.15,0.9458333333333334,-9.663218411461859,144.42296195481492,347.9622433309381,0.4150535430864488,1.0361454717944845
tuna_synth_6000g,1,synth,2099-01-01 00:31:26.017600,31.433626672416942,30.73510163525212,29.94215513421654,4.191150222987949,30.73510163525212,6000.0,77.7,8.4,405.5,833.0,14.36,5145.0,5145.0,5146.875,855.0,0.1425,0.15,0.95,-10.736909346074132,145.60317821552465,347.9622433309381,0.4184453371196516,1.0361454717944845
tuna_synth_6000g,1,synth,2099-01-01 00:31:36.495476,31.60825793170815,30.560470375960914,29.712246050062166,4.191150222987949,30.560470375960914,6000.0,77.9,8.3,406.25,846.0,13.98,5145.0,5145.0,5145.0,855.0,0.1425,0.15,0.95,-10.736909346074132,146.78557736697553,347.9622433309381,0.421843404508033,1.0361454717944845
tuna_synth_6000g,1,synth,2099-01-01 00:31:46.973351,31.78288919099935,30.385839116669715,29.53761479077096,4.1212977192722295,30.385839116669715,6000.0,78.2,8.8,406.25,848.0,14.06,5144.249999999997,5144.249999999997,5144.624999999998,855.7500000000027,0.14262500000000045,0.15,0.9508333333333363,-10.736909346071528,147.9679765184264,347.9622433309381,0.4252414718964143,1.0361454717944845
tuna_synth_6000g,1,synth,2099-01-01 00:31:57.451227,31.957520450290556,30.211207857378508,29.381171717927277,4.501605795063207,30.211207857378508,6000.0,78.6,8.8,406.0,838.0,14.23,5143.499999999998,5143.499999999998,5143.874999999998,856.5000000000018,0.1427500000000003,0.15,0.9516666666666687,-9.663218411461859,149.14964803963022,347.9622433309381,0.42863744816640276,1.0361454717944845
tuna_synth_6000g,1,synth,2099-01-01 00:32:07.929103,32.13215170958176,30.0365765980873,29.170401256030996,4.113536329971535,30.0365765980873,6000.0,78.9,8.7,406.5,846.0,14.04,5139.749999999998,5139.749999999998,5141.624999999998,860.2500000000018,0.1433750000000003,0.15,0.9558333333333354,-9.663218411461859,150.33277482132812,347.9622433309381,0.4320376066731769,1.0361454717944845
tuna_synth_6000g,1,synth,2099-01-01 00:32:18.406978,32.306782968872966,29.861945338796097,28.959934122960885,4.113536329971535,29.861945338796097,6000.0,79.1,9.0,407.0,854.0,13.9,5139.749999999998,5139.749999999998,5139.749999999998,860.2500000000018,0.1433750000000003,0.15,0.9558333333333354,-9.663218411461859,151.51735686352012,347.9622433309381,0.43544194741673675,1.0361454717944845
tuna_synth_6000g,1,synth,2099-01-01 00:32:28.884854,32.48141422816417,29.687314079504894,28.803102454402907,4.5404127415753575,29.687314079504894,6000.0,79.4,8.9,406.75,854.0,13.98,5138.999999999999,5138.999999999999,5139.374999999998,861.0000000000009,0.14350000000000016,0.15,0.9566666666666678,-8.589527476849497,152.70121127546508,347.9622433309381,0.4388441970419038,1.0361454717944845
tuna_synth_6000g,1,synth,2099-01-01 00:32:39.362729,32.65604548745538,29.512682820213683,28.628471195111707,4.1911502229925235,29.512682820213683,6000.0,79.7,8.9,406.75,847.0,14.94,5135.999999999998,5135.999999999998,5137.499999999998,864.0000000000018,0.1440000000000003,0.15,0.960000000000002,-8.589527476849497,153.88506568741002,347.9622433309381,0.44224644666707075,1.0361454717944845
tuna_synth_6000g,1,synth,2099-01-01 00:32:49.840605,32.83067674674658,29.33805156092248,28.418691413788444,3.570239078843329,29.33805156092248,6000.0,80.0,8.9,407.25,846.0,14.04,5134.499999999999,5134.499999999999,5135.249999999998,865.5000000000009,0.14425000000000016,0.15,0.9616666666666678,-9.663218411461749,155.07037535984907,347.9622433309381,0.44565287852902347,1.0361454717944845
tuna_synth_6000g,1,synth,2099-01-01 00:33:00.318480,33.00530800603779,29.163420301631277,28.261516353154352,2.716486255641829,29.163420301631277,6000.0,80.1,9.2,407.0,855.0,13.94,5126.250000000001,5126.250000000001,5130.375,873.7499999999991,0.14562499999999984,0.15,0.9708333333333323,-9.663218411461749,156.2549574020411,347.9622433309381,0.4490572192725834,1.0361454717944845
tuna_synth_6000g,1,synth,2099-01-01 00:33:10.796356,33.179939265329,28.988789042340066,28.08688509386315,2.716486255641829,28.988789042340066,6000.0,80.3,9.2,407.0,848.0,14.04,5126.250000000001,5126.250000000001,5126.250000000001,873.7499999999991,0.14562499999999984,0.15,0.9708333333333323,-9.663218411461749,157.4395394442331,347.9622433309381,0.45246156001614324,1.0361454717944845
tuna_synth_6000g,1,synth,2099-01-01 00:33:21.274231,33.3545705246202,28.814157783048863,27.87779139887395,2.5612584696055896,28.814157783048863,6000.0,80.5,9.2,407.5,855.0,13.96,5124.749999999998,5124.749999999998,5125.5,875.2500000000018,0.1458750000000003,0.15,0.9725000000000021,-9.663218411459058,158.62557674691922,347.9622433309381,0.4558700829964889,1.0361454717944845
tuna_synth_6000g,1,synth,2099-01-01 00:33:31.752107,33.529201783911404,28.63952652375766,27.73740804056416,2.406030683567097,28.63952652375766,6000.0,80.7,9.2,407.0,848.0,14.02,5123.25,5123.25,5123.999999999999,876.75,0.146125,0.15,0.9741666666666667,-9.663218411466957,159.81015878911123,347.9622433309381,0.45927442374004873,1.0361454717944845
tuna_synth_6000g,1,synth,2099-01-01 00:33:42.229983,33.70383304320261,28.464895264466456,27.51175763711496,1.8860176003448847,28.464895264466456,6000.0,80.9,9.2,407.75,862.0,13.9,5120.249999999998,5120.249999999998,5121.749999999999,879.7500000000018,0.1466250000000003,0.15,0.9775000000000021,-10.736909346071418,160.9969237220444,347.9622433309381,0.4626850378387872,1.0361454717944845
tuna_synth_6000g,1,synth,2099-01-01 00:33:52.707858,33.87846430249382,28.290264005175246,27.387823719906887,1.8860176003448847,28.290264005175246,6000.0,81.1,9.4,407.0,861.0,13.71,5120.249999999998,5120.249999999998,5120.249999999998,879.7500000000018,0.1466250000000003,0.15,0.9775000000000021,-10.736909346071418,162.1815057642364,347.9622433309381,0.46608937858234706,1.0361454717944845
tuna_synth_6000g,1,synth,2099-01-01 00:34:03.185734,34.05309556178502,28.115632745884042,27.162816328696785,1.785119539420467,28.115632745884042,6000.0,81.4,9.4,407.75,849.0,14.02,5117.249999999997,5117.249999999997,5118.749999999998,882.7500000000027,0.14712500000000045,0.15,0.9808333333333363,-9.663218411466957,163.36827069716955,347.9622433309381,0.46949999268108555,1.0361454717944845
tuna_synth_6000g,1,synth,2099-01-01 00:34:13.663609,34.227726821076224,27.94100148659284,26.97154118685123,1.707505646402362,27.94100148659284,6000.0,81.7,9.4,408.0,859.0,13.87,5116.499999999999,5116.499999999999,5116.874999999998,883.5000000000009,0.14725000000000016,0.15,0.9816666666666678,-9.663218411466957,164.55576326034975,347.9622433309381,0.4729126978982168,1.0361454717944845
tuna_synth_6000g,1,synth,2099-01-01 00:34:24.141485,34.402358080367435,27.76637022730163,26.846581274128816,1.6589969632651425,27.76637022730163,6000.0,82.0,9.4,407.25,821.0,14.04,5114.249999999997,5114.249999999997,5115.374999999998,885.7500000000027,0.14762500000000045,0.15,0.9841666666666697,-8.589527476862429,165.7410729327888,347.9622433309381,0.47631912976016955,1.0361454717944845
tuna_synth_6000g,1,synth,2099-01-01 00:34:34.619360,34.57698933965864,27.591738968010425,26.62259968161311,1.6589969632656454,27.591738968010425,6000.0,82.0,9.6,408.0,851.0,13.85,5114.249999999997,5114.249999999997,5114.249999999997,885.7500000000027,0.14762500000000045,0.15,0.9841666666666697,-8.589527476859825,166.92856549596897,347.9622433309381,0.4797318349773007,1.0361454717944845
tuna_synth_6000g,1,synth,2099-01-01 00:34:45.097236,34.751620598949835,27.41710770871923,26.431665544378475,1.6589969632656454,27.41710770871923,6000.0,82.3,9.6,408.25,835.0,14.15,5114.249999999997,5114.249999999997,5114.249999999997,885.7500000000027,0.14762500000000045,0.15,0.9841666666666697,-8.589527476859825,168.11678568939624,347.9622433309381,0.4831466313128249,1.0361454717944845
tuna_synth_6000g,1,synth,2099-01-01 00:34:55.575111,34.926251858241045,27.24247644942802,26.28944589213127,1.6589969632656454,27.24247644942802,6000.0,82.6,9.6,407.75,839.0,14.29,5114.249999999997,5114.249999999997,5114.249999999997,885.7500000000027,0.14762500000000045,0.15,0.9841666666666697,-8.589527476859825,169.30355062232937,347.9622433309381,0.4865572454115633,1.0361454717944845
tuna_synth_6000g,1,synth,2099-01-01 00:35:06.052987,35.10088311753225,27.067845190136815,26.114814632840062,1.2224188150373898,27.067845190136815,6000.0,82.9,9.6,407.75,847.0,14.1,5110.499999999997,5110.499999999997,5112.374999999997,889.5000000000027,0.14825000000000046,0.15,0.9883333333333365,-8.589527476862429,170.49031555526253,347.9622433309381,0.48996785951030175,1.0361454717944845
tuna_synth_6000g,1,synth,2099-01-01 00:35:16.530863,35.27551437682345,26.89321393084561,25.892236957454294,1.0865945022558259,26.89321393084561,6000.0,83.1,9.6,408.5,842.0,14.19,5110.499999999997,5110.499999999997,5110.499999999997,889.5000000000027,0.14825000000000046,0.15,0.9883333333333365,-9.663218411466957,171.6792633789368,347.9622433309381,0.49338474696421875,1.0361454717944845
tuna_synth_6000g,1,synth,2099-01-01 00:35:27.008738,35.45014563611466,26.7185826715544,25.70176946760807,1.0865945022558259,26.7185826715544,6000.0,83.2,10.0,408.75,848.0,14.04,5110.499999999997,5110.499999999997,5110.499999999997,889.5000000000027,0.14825000000000046,0.15,0.9883333333333365,-9.663218411466957,172.86893883285813,347.9622433309381,0.4968037255365285,1.0361454717944845
tuna_synth_6000g,1,synth,2099-01-01 00:35:37.486614,35.624776895405866,26.543951412263198,25.590171364583224,1.2224188150373898,26.543951412263198,6000.0,83.4,10.0,407.75,841.0,14.17,5110.499999999997,5110.499999999997,5110.499999999997,889.5000000000027,0.14825000000000046,0.15,0.9883333333333365,-8.589527476862429,174.0557037657913,347.9622433309381,0.500214339635267,1.0361454717944845
tuna_synth_6000g,1,synth,2099-01-01 00:35:47.964489,35.79940815469707,26.369320152971994,25.368556926532076,1.2224188150377604,26.369320152971994,6000.0,83.7,9.9,408.5,836.0,14.36,5110.499999999997,5110.499999999997,5110.499999999997,889.5000000000027,0.14825000000000046,0.15,0.9883333333333365,-8.589527476859825,175.24465158946558,347.9622433309381,0.503631227089184,1.0361454717944845
tuna_synth_6000g,1,synth,2099-01-01 00:35:58.442365,35.97403941398828,26.194688893680784,25.17840973028275,1.2224188150377604,26.194688893680784,6000.0,83.9,10.0,408.75,848.0,14.04,5110.499999999997,5110.499999999997,5110.499999999997,889.5000000000027,0.14825000000000046,0.15,0.9883333333333365,-8.589527476859825,176.4343270433869,347.9622433309381,0.5070502056614937,1.0361454717944845
tuna_synth_6000g,1,synth,2099-01-01 00:36:08.920240,36.14867067327948,26.02005763438958,25.019187534473964,1.2224188150377604,26.02005763438958,6000.0,84.0,10.0,408.5,819.0,14.15,5110.499999999997,5110.499999999997,5110.499999999997,889.5000000000027,0.14825000000000046,0.15,0.9883333333333365,-8.589527476859825,177.6232748670612,347.9622433309381,0.5104670931154108,1.0361454717944845
tuna_synth_6000g,1,synth,2099-01-01 00:36:19.398116,36.323301932570686,25.845426375098377,24.829254019809994,1.222418815038131,25.845426375098377,6000.0,84.5,10.0,408.75,843.0,14.15,5110.499999999997,5110.499999999997,5110.499999999997,889.5000000000027,0.14825000000000046,0.15,0.9883333333333365,-8.58952747685722,178.81295032098254,347.9622433309381,0.5138860716877206,1.0361454717944845
tuna_synth_6000g,1,synth,2099-01-01 00:36:29.875992,36.4979331918619,25.670795115807167,24.62428769146588,0.8731562964563172,25.670795115807167,6000.0,84.9,10.0,409.25,839.0,13.94,5107.5,5107.5,5108.999999999998,892.5,0.14875,0.15,0.9916666666666667,-8.589527476854443,180.00408103539795,347.9622433309381,0.517309232496816,1.0361454717944845
tuna_synth_6000g,1,synth,2099-01-01 00:36:40.353867,36.6725644511531,25.496163856515963,24.464707952768475,0.8731562964563172,25.496163856515963,6000.0,85.3,10.0,409.0,853.0,13.94,5107.5,5107.5,5107.5,892.5,0.14875,0.15,0.9916666666666667,-8.589527476854443,181.19448411956634,347.9622433309381,0.5207303021875187,1.0361454717944845
tuna_synth_6000g,1,synth,2099-01-01 00:36:50.831743,36.8471957104443,25.32153259722476,24.275131850500625,0.6112094075196742,25.32153259722476,6000.0,85.1,10.4,409.25,852.0,14.04,5105.249999999999,5105.249999999999,5106.375,894.7500000000009,0.14912500000000015,0.15,0.9941666666666676,-8.58952747684941,182.38561483398178,347.9622433309381,0.5241534629966143,1.0361454717944845
tuna_synth_6000g,1,synth,2099-01-01 00:37:01.309618,37.021826969735514,25.14690133793355,24.070878709756705,0.6985250371649345,25.14690133793355,6000.0,85.3,10.4,409.75,866.0,13.73,5105.249999999999,5105.249999999999,5105.249999999999,894.7500000000009,0.14912500000000015,0.15,0.9941666666666676,-7.515836542247618,183.5782008088913,347.9622433309381,0.5275808060424956,1.0361454717944845
tuna_synth_6000g,1,synth,2099-01-01 00:37:11.787494,37.19645822902671,24.972270078642353,23.940387203600746,0.814945876691499,24.972270078642353,6000.0,85.5,10.4,409.0,859.0,13.85,5105.249999999999,5105.249999999999,5105.249999999999,894.7500000000009,0.14912500000000015,0.15,0.9941666666666676,-6.442145607648125,184.7686038930597,347.9622433309381,0.5310018757331982,1.0361454717944845
tuna_synth_6000g,1,synth,2099-01-01 00:37:22.265369,37.371089488317914,24.79763881935115,23.76575594430954,0.8149458766918284,24.79763881935115,6000.0,85.7,10.4,409.0,855.0,13.85,5105.249999999999,5105.249999999999,5105.249999999999,894.7500000000009,0.14912500000000015,0.15,0.9941666666666676,-6.442145607645521,185.95900697722809,347.9622433309381,0.5344229454239009,1.0361454717944845
tuna_synth_6000g,1,synth,2099-01-01 00:37:32.743245,37.545720747609124,24.62300756005994,23.53315942661758,0.8149458766918284,24.62300756005994,6000.0,86.0,10.4,410.0,866.0,13.65,5105.249999999999,5105.249999999999,5105.249999999999,894.7500000000009,0.14912500000000015,0.15,0.9941666666666676,-6.442145607645521,187.15232058238465,347.9622433309381,0.537852379588175,1.0361454717944845
tuna_synth_6000g,1,synth,2099-01-01 00:37:43.221120,37.72035200690033,24.448376300768736,23.37288640980753,1.6298917533842825,24.448376300768736,6000.0,86.1,10.4,409.75,858.0,13.81,5105.249999999999,5105.249999999999,5105.249999999999,894.7500000000009,0.14912500000000015,0.15,0.9941666666666676,-3.221072803821524,188.3449065572942,347.9622433309381,0.5412797226340563,1.0361454717944845
tuna_synth_6000g,1,synth,2099-01-01 00:37:53.698996,37.89498326619153,24.273745041477532,23.155551947575145,104.99999999998181,104.99999999998181,6000.0,86.2,0.0,410.5,864.0,13.51,5105.249999999999,5105.249999999999,5105.249999999999,894.7500000000009,0.14912500000000015,0.15,0.9941666666666676,0.0,189.53967542294484,347.9622433309381,0.544713339035116,1.0361454717944845
tuna_synth_6000g,1,synth,2099-01-01 00:38:04.176872,38.06961452548274,24.099113782186322,23.023304248895727,0.0,24.099113782186322,6000.0,86.4,0.0,409.75,865.0,13.69,5100.0,5100.0,5102.625,900.0,0.15,0.15,1.0,0.0,190.7322613978544,347.9622433309381,0.5481406820809973,1.0361454717944845
tuna_synth_6000g,1,synth,2099-01-01 00:38:14.654747,38.244245784773945,23.92448252289512,22.820612899112266,0.0,23.92448252289512,6000.0,86.6,0.0,410.25,880.0,13.32,5100.0,5100.0,5100.0,900.0,0.15,0.15,1.0,0.0,191.926302633258,347.9622433309381,0.5515722073636642,1.0361454717944845
tuna_synth_6000g,1,synth,2099-01-01 00:38:25.132623,38.41887704406515,23.749851263603915,22.645981639821063,0.0,23.749851263603915,6000.0,86.9,0.0,410.25,871.0,13.57,5100.0,5100.0,5100.0,900.0,0.15,0.15,1.0,0.0,193.1203438686616,347.9622433309381,0.5550037326463311,1.0361454717944845
tuna_synth_6000g,1,synth,2099-01-01 00:38:35.610498,38.59350830335636,23.575220004312705,22.485158905919995,0.0,23.575220004312705,6000.0,87.1,0.0,410.0,880.0,13.4,5100.0,5100.0,5100.0,900.0,0.15,0.15,1.0,0.0,194.31365747381815,347.9622433309381,0.5584331668106052,1.0361454717944845
tuna_synth_6000g,1,synth,2099-01-01 00:38:46.088374,38.76813956264756,23.4005887450215,22.2558192307993,0.0,23.4005887450215,6000.0,87.0,0.0,411.0,897.0,13.45,5100.0,5100.0,5100.0,900.0,0.15,0.15,1.0,0.0,195.5098815999629,347.9622433309381,0.5618709654484506,1.0361454717944845
tuna_synth_6000g,1,synth,2099-01-01 00:38:56.566249,38.942770821938765,23.225957485730298,22.094733814010105,0.0,23.225957485730298,6000.0,87.2,0.0,410.75,879.0,13.4,5100.0,5100.0,5100.0,900.0,0.15,0.15,1.0,0.0,196.70537809586062,347.9622433309381,0.5653066729679033,1.0361454717944845
tuna_synth_6000g,1,synth,2099-01-01 00:39:07.044125,39.117402081229976,23.051326226439087,21.9201025547189,0.0,23.051326226439087,6000.0,87.4,0.0,410.75,880.0,13.4,5100.0,5100.0,5100.0,900.0,0.15,0.15,1.0,0.0,197.90087459175834,347.9622433309381,0.5687423804873559,1.0361454717944845
tuna_synth_6000g,1,synth,2099-01-01 00:39:17.522000,39.29203334052118,22.876694967147884,21.732137899713145,0.0,22.876694967147884,6000.0,87.6,0.0,411.0,883.0,13.34,5100.0,5100.0,5100.0,900.0,0.15,0.15,1.0,0.0,199.0970987179031,347.9622433309381,0.5721801791252014,1.0361454717944845
tuna_synth_6000g,1,synth,2099-01-01 00:39:27.999876,39.46666459981238,22.70206370785668,21.544295614343085,0.0,22.70206370785668,6000.0,87.8,0.0,411.25,885.0,13.32,5100.0,5100.0,5100.0,900.0,0.15,0.15,1.0,0.0,200.2940504742949,347.9622433309381,0.5756200688814397,1.0361454717944845
tuna_synth_6000g,1,synth,2099-01-01 00:39:38.477752,39.641295859103586,22.527432448565477,21.382769157737,0.0,22.527432448565477,6000.0,88.0,0.0,411.0,883.0,13.75,5100.0,5100.0,5100.0,900.0,0.15,0.15,1.0,0.0,201.49027460043968,347.9622433309381,0.5790578675192852,1.0361454717944845
tuna_synth_6000g,1,synth,2099-01-01 00:39:48.955627,39.81592711839479,22.352801189274274,21.208137898445795,0.0,22.352801189274274,6000.0,88.1,0.0,411.0,879.0,13.42,5100.0,5100.0,5100.0,900.0,0.15,0.15,1.0,0.0,202.68649872658443,347.9622433309381,0.5824956661571308,1.0361454717944845
tuna_synth_6000g,1,synth,2099-01-01 00:39:59.433503,39.99055837768599,22.17816992998307,21.04641481803374,0.0,22.17816992998307,6000.0,88.3,0.0,410.75,879.0,13.4,5100.0,5100.0,5100.0,900.0,0.15,0.15,1.0,0.0,203.88199522248215,347.9622433309381,0.5859313736765834,1.0361454717944845
tuna_synth_6000g,1,synth,2099-01-01 00:40:09.911378,40.1651896369772,22.00353867069186,20.858981603257114,0.0,22.00353867069186,6000.0,88.6,0.0,411.0,871.0,13.4,5100.0,5100.0,5100.0,900.0,0.15,0.15,1.0,0.0,205.0782193486269,347.9622433309381,0.5893691723144289,1.0361454717944845
tuna_synth_6000g,1,synth,2099-01-01 00:40:20.389254,40.33982089626841,21.828907411400657,20.684350343965903,0.0,21.828907411400657,6000.0,88.9,0.0,411.0,882.0,13.4,5100.0,5100.0,5100.0,900.0,0.15,0.15,1.0,0.0,206.2744434747717,347.9622433309381,0.5928069709522744,1.0361454717944845
tuna_synth_6000g,1,synth,2099-01-01 00:40:30.867129,40.51445215555961,21.654276152109453,20.497145011517272,0.0,21.654276152109453,6000.0,89.3,0.0,411.25,880.0,13.73,5100.0,5100.0,5100.0,900.0,0.15,0.15,1.0,0.0,207.47139523116348,347.9622433309381,0.5962468607085127,1.0361454717944845
tuna_synth_6000g,1,synth,2099-01-01 00:40:41.345005,40.68908341485082,21.479644892818243,20.347464628685614,0.0,21.479644892818243,6000.0,89.0,0.0,410.75,878.0,13.42,5100.0,5100.0,5100.0,900.0,0.15,0.15,1.0,0.0,208.6668917270612,347.9622433309381,0.5996825682279654,1.0361454717944845
tuna_synth_6000g,1,synth,2099-01-01 00:40:51.822880,40.863714674142024,21.30501363352704,20.172833369394407,0.0,21.30501363352704,6000.0,89.1,0.0,410.75,879.0,13.49,5100.0,5100.0,5100.0,900.0,0.15,0.15,1.0,0.0,209.8623882229589,347.9622433309381,0.603118275747418,1.0361454717944845
tuna_synth_6000g,1,synth,2099-01-01 00:41:02.300756,41.03834593343323,21.130382374235836,19.97367586892461,0.0,21.130382374235836,6000.0,89.3,0.0,411.25,878.0,13.38,5100.0,5100.0,5100.0,900.0,0.15,0.15,1.0,0.0,211.0593399793507,347.9622433309381,0.6065581655036564,1.0361454717944845
tuna_synth_6000g,1,synth,2099-01-01 00:41:12.778632,41.21297719272444,20.955751114944626,19.76268476278463,0.0,20.955751114944626,6000.0,89.5,0.0,412.0,886.0,13.3,5100.0,5100.0,5100.0,900.0,0.15,0.15,1.0,0.0,212.25847462648366,347.9622433309381,0.6100043286150733,1.0361454717944845
tuna_synth_6000g,1,synth,2099-01-01 00:41:23.256507,41.38760845201564,20.781119855653422,19.600052704928025,0.0,20.781119855653422,6000.0,89.6,0.0,411.75,893.0,13.22,5100.0,5100.0,5100.0,900.0,0.15,0.15,1.0,0.0,213.45688164336954,347.9622433309381,0.6134484006080972,1.0361454717944845
tuna_synth_6000g,1,synth,2099-01-01 00:41:33.734383,41.562239711306844,20.60648859636222,19.43732913257785,0.0,20.60648859636222,6000.0,89.8,0.0,411.5,880.0,13.34,5100.0,5100.0,5100.0,900.0,0.15,0.15,1.0,0.0,214.65456103000838,347.9622433309381,0.6168903814827283,1.0361454717944845
tuna_synth_6000g,1,synth,2099-01-01 00:41:44.212258,41.736870970598055,20.43185733707101,19.262697873286644,0.0,20.43185733707101,6000.0,89.9,0.0,411.5,877.0,13.4,5100.0,5100.0,5100.0,900.0,0.15,0.15,1.0,0.0,215.85224041664722,347.9622433309381,0.6203323623573596,1.0361454717944845
tuna_synth_6000g,1,synth,2099-01-01 00:41:54.690134,41.91150222988925,20.257226077779812,19.04136916460565,0.0,20.257226077779812,6000.0,90.1,0.0,412.5,880.0,13.4,5100.0,5100.0,5100.0,900.0,0.15,0.15,1.0,0.0,217.05283032427425,347.9622433309381,0.6237827077055621,1.0361454717944845
tuna_synth_6000g,1,synth,2099-01-01 00:42:05.168009,42.086133489180455,20.08259481848861,18.889846363038483,0.0,20.08259481848861,6000.0,90.1,0.0,412.0,882.0,13.19,5100.0,5100.0,5100.0,900.0,0.15,0.15,1.0,0.0,218.2519649714072,347.9622433309381,0.627228870816979,1.0361454717944845
tuna_synth_6000g,1,synth,2099-01-01 00:42:15.645885,42.260764748471665,19.9079635591974,18.703759769385222,0.0,19.9079635591974,6000.0,90.4,0.0,412.25,880.0,13.4,5100.0,5100.0,5100.0,900.0,0.15,0.15,1.0,0.0,219.45182724878717,347.9622433309381,0.6306771250467886,1.0361454717944845
tuna_synth_6000g,1,synth,2099-01-01 00:42:26.123760,42.43539600776287,19.733332299906195,18.551841029546818,0.0,19.733332299906195,6000.0,90.7,0.0,411.75,866.0,13.67,5100.0,5100.0,5100.0,900.0,0.15,0.15,1.0,0.0,220.65023426567308,347.9622433309381,0.6341211970398127,1.0361454717944845
tuna_synth_6000g,1,synth,2099-01-01 00:42:36.601636,42.61002726705407,19.55870104061499,18.365952585164866,0.0,19.55870104061499,6000.0,91.0,0.0,412.0,862.0,13.73,5100.0,5100.0,5100.0,900.0,0.15,0.15,1.0,0.0,221.84936891280603,347.9622433309381,0.6375673601512296,1.0361454717944845
tuna_synth_6000g,1,synth,2099-01-01 00:42:47.079512,42.78465852634528,19.38406978132378,18.157948910516005,0.0,19.38406978132378,6000.0,91.3,0.0,412.75,858.0,13.81,5100.0,5100.0,5100.0,900.0,0.15,0.15,1.0,0.0,223.0506864506801,347.9622433309381,0.641019796617825,1.0361454717944845
tuna_synth_6000g,1,synth,2099-01-01 00:42:57.557387,42.959289785636486,19.209438522032578,17.994322468746322,0.0,19.209438522032578,6000.0,91.5,0.0,412.5,865.0,13.63,5100.0,5100.0,5100.0,900.0,0.15,0.15,1.0,0.0,224.25127635830717,347.9622433309381,0.6444701419660277,1.0361454717944845
tuna_synth_6000g,1,synth,2099-01-01 00:43:08.035263,43.13392104492769,19.034807262741374,17.797906315425156,0.0,19.034807262741374,6000.0,91.1,0.0,413.0,875.0,13.49,5100.0,5100.0,5100.0,900.0,0.15,0.15,1.0,0.0,225.45332152642828,347.9622433309381,0.6479246695510159,1.0361454717944845
tuna_synth_6000g,1,synth,2099-01-01 00:43:18.513138,43.3085523042189,18.860176003450164,17.644848275910228,0.0,18.860176003450164,6000.0,91.2,0.0,412.5,870.0,13.57,5100.0,5100.0,5100.0,900.0,0.15,0.15,1.0,0.0,226.65391143405532,347.9622433309381,0.6513750148992186,1.0361454717944845
tuna_synth_6000g,1,synth,2099-01-01 00:43:28.991014,43.4831835635101,18.68554474415896,17.459529646373163,0.0,18.68554474415896,6000.0,91.4,0.0,412.75,858.0,13.9,5100.0,5100.0,5100.0,900.0,0.15,0.15,1.0,0.0,227.85522897192942,347.9622433309381,0.654827451365814,1.0361454717944845
tuna_synth_6000g,1,synth,2099-01-01 00:43:39.468889,43.657814822801306,18.510913484867757,17.242700128117917,0.0,18.510913484867757,6000.0,91.5,0.0,413.75,871.0,13.53,5100.0,5100.0,5100.0,900.0,0.15,0.15,1.0,0.0,229.05945703079166,347.9622433309381,0.6582882523059808,1.0361454717944845
tuna_synth_6000g,1,synth,2099-01-01 00:43:49.946765,43.83244608209252,18.336282225576547,17.08893117993151,0.0,18.336282225576547,6000.0,91.6,0.0,413.25,878.0,13.42,5100.0,5100.0,5100.0,900.0,0.15,0.15,1.0,0.0,230.26222982915985,347.9622433309381,0.6617448710093619,1.0361454717944845
tuna_synth_6000g,1,synth,2099-01-01 00:44:00.424640,44.00707734138372,18.161650966285343,16.945370704603818,0.0,18.161650966285343,6000.0,91.7,0.0,412.5,871.0,13.53,5100.0,5100.0,5100.0,900.0,0.15,0.15,1.0,0.0,231.46281973678688,347.9622433309381,0.6651952163575645,1.0361454717944845
tuna_synth_6000g,1,synth,2099-01-01 00:44:10.902516,44.181708600674924,17.98701970699414,16.73998559648393,0.0,17.98701970699414,6000.0,91.9,0.0,413.25,865.0,13.96,5100.0,5100.0,5100.0,900.0,0.15,0.15,1.0,0.0,232.66559253515507,347.9622433309381,0.6686518350609456,1.0361454717944845
tuna_synth_6000g,1,synth,2099-01-01 00:44:21.380392,44.35633985996613,17.812388447702936,16.555233426916736,0.0,17.812388447702936,6000.0,92.0,0.0,413.5,867.0,13.61,5100.0,5100.0,5100.0,900.0,0.15,0.15,1.0,0.0,233.8690929637703,347.9622433309381,0.6721105448827196,1.0361454717944845
tuna_synth_6000g,1,synth,2099-01-01 00:44:31.858267,44.53097111925733,17.637757188411733,16.390617432856573,0.0,17.637757188411733,6000.0,92.1,0.0,413.25,863.0,13.75,5100.0,5100.0,5100.0,900.0,0.15,0.15,1.0,0.0,235.0718657621385,347.9622433309381,0.6755671635861008,1.0361454717944845
tuna_synth_6000g,1,synth,2099-01-01 00:44:42.336143,44.705602378548534,17.46312592912053,16.176419203298966,0.0,17.46312592912053,6000.0,92.3,0.0,414.25,867.0,13.65,5100.0,5100.0,5100.0,900.0,0.15,0.15,1.0,0.0,236.27754908149484,347.9622433309381,0.6790321467630533,1.0361454717944845
tuna_synth_6000g,1,synth,2099-01-01 00:44:52.814018,44.880233637839744,17.28849466982932,16.001787944007763,0.0,17.28849466982932,6000.0,92.6,0.0,414.25,878.0,13.42,5100.0,5100.0,5100.0,900.0,0.15,0.15,1.0,0.0,237.4832324008512,347.9622433309381,0.6824971299400058,1.0361454717944845
tuna_synth_6000g,1,synth,2099-01-01 00:45:03.291894,45.05486489713095,17.113863410538116,15.82715668471656,0.0,17.113863410538116,6000.0,92.9,0.0,414.25,878.0,13.42,5100.0,5100.0,5100.0,900.0,0.15,0.15,1.0,0.0,238.68891572020755,347.9622433309381,0.6859621131169583,1.0361454717944845
tuna_synth_6000g,1,synth,2099-01-01 00:45:13.769769,45.22949615642215,16.939232151246912,15.662082887191485,0.0,16.939232151246912,6000.0,93.1,0.0,414.0,919.0,13.38,5100.0,5100.0,5100.0,900.0,0.15,0.15,1.0,0.0,239.8938714093169,347.9622433309381,0.6894250051755181,1.0361454717944845
tuna_synth_6000g,1,synth,2099-01-01 00:45:24.247645,45.40412741571336,16.764600891955702,15.45912959736286,0.0,16.764600891955702,6000.0,93.3,0.0,414.75,878.0,13.44,5100.0,5100.0,5100.0,900.0,0.15,0.15,1.0,0.0,241.10100998916735,347.9622433309381,0.6928941705892563,1.0361454717944845
tuna_synth_6000g,1,synth,2099-01-01 00:45:34.725521,45.578758675004565,16.5899696326645,15.303157516825262,0.0,16.5899696326645,6000.0,93.0,0.0,414.25,867.0,13.49,5100.0,5100.0,5100.0,900.0,0.15,0.15,1.0,0.0,242.3066933085237,347.9622433309381,0.6963591537662088,1.0361454717944845
tuna_synth_6000g,1,synth,2099-01-01 00:45:45.203396,45.75338993429577,16.415338373373295,15.100869948768715,0.0,16.415338373373295,6000.0,93.3,0.0,415.0,873.0,13.47,5100.0,5100.0,5100.0,900.0,0.15,0.15,1.0,0.0,243.51455951862118,347.9622433309381,0.6998304102983398,1.0361454717944845
tuna_synth_6000g,1,synth,2099-01-01 00:45:55.681272,45.92802119358698,16.240707114082085,14.926238689477508,0.0,16.240707114082085,6000.0,93.5,0.0,415.0,882.0,13.38,5100.0,5100.0,5100.0,900.0,0.15,0.15,1.0,0.0,244.7224257287187,347.9622433309381,0.7033016668304709,1.0361454717944845
tuna_synth_6000g,1,synth,2099-01-01 00:46:06.159147,46.10265245287818,16.06607585479088,14.742621133564102,0.0,16.06607585479088,6000.0,93.7,0.0,415.25,874.0,13.34,5100.0,5100.0,5100.0,900.0,0.15,0.15,1.0,0.0,245.93101956906324,347.9622433309381,0.7067750144809948,1.0361454717944845
tuna_synth_6000g,1,synth,2099-01-01 00:46:16.637023,46.277283712169385,15.891444595499678,14.567989874272893,0.0,15.891444595499678,6000.0,93.9,0.0,415.25,866.0,13.4,5100.0,5100.0,5100.0,900.0,0.15,0.15,1.0,0.0,247.13961340940781,347.9622433309381,0.7102483621315189,1.0361454717944845
tuna_synth_6000g,1,synth,2099-01-01 00:46:27.114898,46.451914971460596,15.716813336208467,14.402134512496309,0.0,15.716813336208467,6000.0,94.1,0.0,415.0,873.0,13.63,5100.0,5100.0,5100.0,900.0,0.15,0.15,1.0,0.0,248.34747961950532,347.9622433309381,0.71371961866365,1.0361454717944845
tuna_synth_6000g,1,synth,2099-01-01 00:46:37.592774,46.6265462307518,15.542182076917264,14.210172164742414,0.0,15.542182076917264,6000.0,94.4,0.0,415.5,868.0,13.67,5100.0,5100.0,5100.0,900.0,0.15,0.15,1.0,0.0,249.5568010900969,347.9622433309381,0.7171950574325667,1.0361454717944845
tuna_synth_6000g,1,synth,2099-01-01 00:46:48.070649,46.801177490042996,15.367550817626068,14.018461371599352,0.0,15.367550817626068,6000.0,94.0,0.0,416.0,874.0,14.49,5100.0,5100.0,5100.0,900.0,0.15,0.15,1.0,0.0,250.7675778211826,347.9622433309381,0.7206746784382692,1.0361454717944845
tuna_synth_6000g,1,synth,2099-01-01 00:46:58.548525,46.975808749334206,15.192919558334857,13.827001227108152,0.0,15.192919558334857,6000.0,94.2,0.0,416.5,872.0,13.42,5100.0,5100.0,5100.0,900.0,0.15,0.15,1.0,0.0,251.97980981276237,347.9622433309381,0.7241584816807572,1.0361454717944845
tuna_synth_6000g,1,synth,2099-01-01 00:47:09.026401,47.15044000862541,15.018288299043654,13.652369967816945,0.0,15.018288299043654,6000.0,94.4,0.0,416.5,885.0,13.22,5100.0,5100.0,5100.0,900.0,0.15,0.15,1.0,0.0,253.19204180434215,347.9622433309381,0.7276422849232455,1.0361454717944845
tuna_synth_6000g,1,synth,2099-01-01 00:47:19.504276,47.32507126791661,14.84365703975245,13.47773870852574,0.0,14.84365703975245,6000.0,94.7,0.0,416.5,890.0,13.24,5100.0,5100.0,5100.0,900.0,0.15,0.15,1.0,0.0,254.40427379592194,347.9622433309381,0.7311260881657337,1.0361454717944845
tuna_synth_6000g,1,synth,2099-01-01 00:47:29.982152,47.49970252720782,14.66902578046124,13.327420868432117,0.0,14.66902578046124,6000.0,94.9,0.0,415.75,883.0,13.36,5100.0,5100.0,5100.0,900.0,0.15,0.15,1.0,0.0,255.61432289676057,347.9622433309381,0.7346036180530433,1.0361454717944845
tuna_synth_6000g,1,synth,2099-01-01 00:47:40.460027,47.67433378649903,14.494394521170037,13.160808514597255,0.0,14.494394521170037,6000.0,95.1,0.0,415.5,878.0,13.51,5100.0,5100.0,5100.0,900.0,0.15,0.15,1.0,0.0,256.82364436735213,347.9622433309381,0.73807905682196,1.0361454717944845
tuna_synth_6000g,1,synth,2099-01-01 00:47:50.937903,47.84896504579023,14.319763261878833,12.970358975841393,0.0,14.319763261878833,6000.0,95.3,0.0,416.0,874.0,13.47,5100.0,5100.0,5100.0,900.0,0.15,0.15,1.0,0.0,258.0344210984378,347.9622433309381,0.7415586778276624,1.0361454717944845
tuna_synth_6000g,1,synth,2099-01-01 00:48:01.415778,48.02359630508144,14.145132002587623,12.787937711159291,0.0,14.145132002587623,6000.0,95.5,0.0,416.25,879.0,13.45,5100.0,5100.0,5100.0,900.0,0.15,0.15,1.0,0.0,259.24592545977055,347.9622433309381,0.7450403899517577,1.0361454717944845
tuna_synth_6000g,1,synth,2099-01-01 00:48:11.893654,48.198227564372644,13.97050074329642,12.613306451868084,0.0,13.97050074329642,6000.0,95.1,0.0,416.25,882.0,13.38,5100.0,5100.0,5100.0,900.0,0.15,0.15,1.0,0.0,260.4574298211033,347.9622433309381,0.7485221020758531,1.0361454717944845
tuna_synth_6000g,1,synth,2099-01-01 00:48:22.371529,48.37285882366385,13.795869484005216,12.423542251422868,0.0,13.795869484005216,6000.0,95.3,0.0,416.75,887.0,13.19,5100.0,5100.0,5100.0,900.0,0.15,0.15,1.0,0.0,261.6703894429301,347.9622433309381,0.7520079964367341,1.0361454717944845
tuna_synth_6000g,1,synth,2099-01-01 00:48:32.849405,48.54749008295506,13.621238224714006,12.248910992131655,0.0,13.621238224714006,6000.0,95.5,0.0,416.75,893.0,13.13,5100.0,5100.0,5100.0,900.0,0.15,0.15,1.0,0.0,262.883349064757,347.9622433309381,0.7554938907976153,1.0361454717944845
tuna_synth_6000g,1,synth,2099-01-01 00:48:43.327281,48.72212134224626,13.446606965422802,12.059601589051198,0.0,13.446606965422802,6000.0,95.8,0.0,417.25,891.0,13.11,5100.0,5100.0,5100.0,900.0,0.15,0.15,1.0,0.0,264.0977639470779,347.9622433309381,0.758983967395282,1.0361454717944845
tuna_synth_6000g,1,synth,2099-01-01 00:48:53.805156,48.896752601537464,13.271975706131599,11.884970329759994,0.0,13.271975706131599,6000.0,96.0,0.0,417.25,890.0,13.2,5100.0,5100.0,5100.0,900.0,0.15,0.15,1.0,0.0,265.3121788293988,347.9622433309381,0.7624740439929486,1.0361454717944845
tuna_synth_6000g,1,synth,2099-01-01 00:49:04.283032,49.071383860828675,13.097344446840388,11.724598183041989,0.0,13.097344446840388,6000.0,96.1,0.0,416.75,882.0,13.26,5100.0,5100.0,5100.0,900.0,0.15,0.15,1.0,0.0,266.52513845122564,347.9622433309381,0.7659599383538297,1.0361454717944845
tuna_synth_6000g,1,synth,2099-01-01 00:49:14.760907,49.24601512011987,12.922713187549192,11.549966923750784,0.0,12.922713187549192,6000.0,96.3,0.0,416.75,880.0,13.38,5100.0,5100.0,5100.0,900.0,0.15,0.15,1.0,0.0,267.73809807305247,347.9622433309381,0.7694458327147107,1.0361454717944845
tuna_synth_6000g,1,synth,2099-01-01 00:49:25.238783,49.420646379411075,12.748081928257989,11.382268417715126,0.0,12.748081928257989,6000.0,96.5,0.0,416.5,880.0,13.38,5100.0,5100.0,5100.0,900.0,0.15,0.15,1.0,0.0,268.9503300646323,347.9622433309381,0.772929635957199,1.0361454717944845
tuna_synth_6000g,1,synth,2099-01-01 00:49:35.716658,49.595277638702285,12.573450668966778,11.207637158423925,0.0,12.573450668966778,6000.0,96.1,0.0,416.5,880.0,13.75,5100.0,5100.0,5100.0,900.0,0.15,0.15,1.0,0.0,270.16256205621204,347.9622433309381,0.7764134391996871,1.0361454717944845
tuna_synth_6000g,1,synth,2099-01-01 00:49:46.194534,49.76990889799349,12.398819409675575,11.033005899132725,0.0,12.398819409675575,6000.0,96.3,0.0,416.5,880.0,13.4,5100.0,5100.0,5100.0,900.0,0.15,0.15,1.0,0.0,271.3747940477918,347.9622433309381,0.7798972424421752,1.0361454717944845
tuna_synth_6000g,1,synth,2099-01-01 00:49:56.672409,49.94454015728469,12.224188150384371,10.838542993527913,0.0,12.224188150384371,6000.0,96.5,0.0,417.25,889.0,13.26,5100.0,5100.0,5100.0,900.0,0.15,0.15,1.0,0.0,272.58920893011276,347.9622433309381,0.783387319039842,1.0361454717944845
tuna_synth_6000g,1,synth,2099-01-01 00:50:07.150285,50.1191714165759,12.049556891093161,10.6574215887316,0.0,12.049556891093161,6000.0,96.7,0.0,417.5,918.0,13.05,5100.0,5100.0,5100.0,900.0,0.15,0.15,1.0,0.0,273.80435144268074,347.9622433309381,0.7868794867559016,1.0361454717944845
tuna_synth_6000g,1,synth,2099-01-01 00:50:17.628161,50.293802675867106,11.874925631801958,10.476412458950433,0.0,11.874925631801958,6000.0,96.9,0.0,417.75,897.0,13.07,5100.0,5100.0,5100.0,900.0,0.15,0.15,1.0,0.0,275.02022158549573,347.9622433309381,0.790373745590354,1.0361454717944845
tuna_synth_6000g,1,synth,2099-01-01 00:50:28.106036,50.46843393515831,11.700294372510754,10.314335318843105,0.0,11.700294372510754,6000.0,97.1,0.0,417.25,895.0,13.07,5100.0,5100.0,5100.0,900.0,0.15,0.15,1.0,0.0,276.2346364678167,347.9622433309381,0.7938638221880209,1.0361454717944845
tuna_synth_6000g,1,synth,2099-01-01 00:50:38.583912,50.64306519444952,11.525663113219544,10.158277292418967,0.0,11.525663113219544,6000.0,97.3,0.0,416.5,892.0,13.09,5100.0,5100.0,5100.0,900.0,0.15,0.15,1.0,0.0,277.44686845939646,347.9622433309381,0.797347625430509,1.0361454717944845
tuna_synth_6000g,1,synth,2099-01-01 00:50:49.061787,50.81769645374072,11.35103185392834,9.96538669707188,0.0,11.35103185392834,6000.0,97.5,0.0,417.25,885.0,13.22,5100.0,5100.0,5100.0,900.0,0.15,0.15,1.0,0.0,278.6612833417174,347.9622433309381,0.8008377020281758,1.0361454717944845
tuna_synth_6000g,1,synth,2099-01-01 00:50:59.539663,50.992327713031926,11.176400594637137,9.79672989023695,0.0,11.176400594637137,6000.0,97.1,0.0,417.0,883.0,13.2,5100.0,5100.0,5100.0,900.0,0.15,0.15,1.0,0.0,279.8749705937913,347.9622433309381,0.8043256875074497,1.0361454717944845
tuna_synth_6000g,1,synth,2099-01-01 00:51:10.017538,51.16695897232314,11.001769335345926,9.622098630945741,0.0,11.001769335345926,6000.0,97.2,0.0,417.0,883.0,13.34,5100.0,5100.0,5100.0,900.0,0.15,0.15,1.0,0.0,281.0886578458652,347.9622433309381,0.8078136729867237,1.0361454717944845
tuna_synth_6000g,1,synth,2099-01-01 00:51:20.495414,51.34159023161434,10.827138076054723,9.453239476412154,0.0,10.827138076054723,6000.0,97.4,0.0,416.75,887.0,13.26,5100.0,5100.0,5100.0,900.0,0.15,0.15,1.0,0.0,282.30161746769204,347.9622433309381,0.8112995673476047,1.0361454717944845
tuna_synth_6000g,1,synth,2099-01-01 00:51:30.973289,51.51622149090554,10.652506816763527,9.267280188988641,0.0,10.652506816763527,6000.0,97.5,0.0,417.25,892.0,13.13,5100.0,5100.0,5100.0,900.0,0.15,0.15,1.0,0.0,283.51603235001295,347.9622433309381,0.8147896439452713,1.0361454717944845
tuna_synth_6000g,1,synth,2099-01-01 00:51:41.451165,51.69085275019675,10.477875557472316,9.081557032403609,0.0,10.477875557472316,6000.0,97.7,0.0,417.75,893.0,13.11,5100.0,5100.0,5100.0,900.0,0.15,0.15,1.0,0.0,284.731902492828,347.9622433309381,0.8182839027797238,1.0361454717944845
tuna_synth_6000g,1,synth,2099-01-01 00:51:51.929041,51.86548400948795,10.303244298181113,8.912363831215647,0.0,10.303244298181113,6000.0,97.9,0.0,417.5,895.0,13.07,5100.0,5100.0,5100.0,900.0,0.15,0.15,1.0,0.0,285.9470450053959,347.9622433309381,0.8217760704957834,1.0361454717944845
tuna_synth_6000g,1,synth,2099-01-01 00:52:02.406916,52.040115268779154,10.12861303888991,8.73773257192444,0.0,10.12861303888991,6000.0,98.1,0.0,417.5,905.0,12.92,5100.0,5100.0,5100.0,900.0,0.15,0.15,1.0,0.0,287.1621875179639,347.9622433309381,0.8252682382118429,1.0361454717944845
tuna_synth_6000g,1,synth,2099-01-01 00:52:12.884792,52.214746528070364,9.9539817795987,8.55787226860455,0.0,9.9539817795987,6000.0,98.2,0.0,417.75,906.0,12.91,5100.0,5100.0,5100.0,900.0,0.15,0.15,1.0,0.0,288.37805766077895,347.9622433309381,0.8287624970462955,1.0361454717944845
tuna_synth_6000g,1,synth,2099-01-01 00:52:23.362667,52.38937778736157,9.779350520307496,8.383241009313348,0.0,9.779350520307496,6000.0,98.4,0.0,417.75,912.0,12.85,5100.0,5100.0,5100.0,900.0,0.15,0.15,1.0,0.0,289.59392780359394,347.9622433309381,0.8322567558807479,1.0361454717944845
tuna_synth_6000g,1,synth,2099-01-01 00:52:33.840543,52.56400904665277,9.604719261016292,8.208609750022145,0.0,9.604719261016292,6000.0,98.5,0.0,417.75,911.0,12.82,5100.0,5100.0,5100.0,900.0,0.15,0.15,1.0,0.0,290.80979794640893,347.9622433309381,0.8357510147152002,1.0361454717944845
tuna_synth_6000g,1,synth,2099-01-01 00:52:44.318418,52.73864030594398,9.430088001725082,8.038893825910593,0.0,9.430088001725082,6000.0,98.1,0.0,417.5,915.0,12.82,5100.0,5100.0,5100.0,900.0,0.15,0.15,1.0,0.0,292.0249404589769,347.9622433309381,0.8392431824312598,1.0361454717944845
tuna_synth_6000g,1,synth,2099-01-01 00:52:54.796294,52.913271565235185,9.255456742433879,7.8594517384770075,0.0,9.255456742433879,6000.0,98.3,0.0,417.75,912.0,12.83,5100.0,5100.0,5100.0,900.0,0.15,0.15,1.0,0.0,293.24081060179196,347.9622433309381,0.8427374412657124,1.0361454717944845
tuna_synth_6000g,1,synth,2099-01-01 00:53:05.274169,53.08790282452639,9.080825483142675,7.698956183751405,0.0,9.080825483142675,6000.0,98.5,0.0,417.0,912.0,12.8,5100.0,5100.0,5100.0,900.0,0.15,0.15,1.0,0.0,294.45449785386586,347.9622433309381,0.8462254267449862,1.0361454717944845
tuna_synth_6000g,1,synth,2099-01-01 00:53:15.752045,53.2625340838176,8.906194223851465,7.51971200883183,0.0,8.906194223851465,6000.0,98.5,0.0,417.25,906.0,13.13,5100.0,5100.0,5100.0,900.0,0.15,0.15,1.0,0.0,295.66891273618677,347.9622433309381,0.8497155033426529,1.0361454717944845
tuna_synth_6000g,1,synth,2099-01-01 00:53:26.229921,53.4371653431088,8.731562964560261,7.358621647515708,0.0,8.731562964560261,6000.0,98.7,0.0,416.5,883.0,13.11,5100.0,5100.0,5100.0,900.0,0.15,0.15,1.0,0.0,296.8811447277666,347.9622433309381,0.8531993065851412,1.0361454717944845
tuna_synth_6000g,1,synth,2099-01-01 00:53:36.707796,53.611796602400005,8.556931705269058,7.179576098094028,0.0,8.556931705269058,6000.0,98.9,0.0,416.75,898.0,13.05,5100.0,5100.0,5100.0,900.0,0.15,0.15,1.0,0.0,298.09410434959335,347.9622433309381,0.8566852009460221,1.0361454717944845
tuna_synth_6000g,1,synth,2099-01-01 00:53:47.185672,53.786427861691216,8.382300445977847,7.009254308249454,0.0,8.382300445977847,6000.0,99.0,0.0,416.5,891.0,13.04,5100.0,5100.0,5100.0,900.0,0.15,0.15,1.0,0.0,299.30633634117316,347.9622433309381,0.8601690041885103,1.0361454717944845
tuna_synth_6000g,1,synth,2099-01-01 00:53:57.663547,53.96105912098241,8.207669186686651,6.826218667293678,0.0,8.207669186686651,6000.0,99.2,0.0,417.0,910.0,12.98,5100.0,5100.0,5100.0,900.0,0.15,0.15,1.0,0.0,300.52002359324706,347.9622433309381,0.8636569896677843,1.0361454717944845
tuna_synth_6000g,1,synth,2099-01-01 00:54:08.141423,54.135690380273616,8.033037927395448,6.651587408002469,0.0,8.033037927395448,6000.0,99.3,0.0,417.0,911.0,12.8,5100.0,5100.0,5100.0,900.0,0.15,0.15,1.0,0.0,301.73371084532096,347.9622433309381,0.8671449751470582,1.0361454717944845
tuna_synth_6000g,1,synth,2099-01-01 00:54:18.619298,54.310321639564826,7.858406668104237,6.472970775788549,0.0,7.858406668104237,6000.0,99.5,0.0,417.25,930.0,12.51,5100.0,5100.0,5100.0,900.0,0.15,0.15,1.0,0.0,302.9481257276419,347.9622433309381,0.8706350517447251,1.0361454717944845
tuna_synth_6000g,1,synth,2099-01-01 00:54:29.097174,54.48495289885603,7.683775408813034,6.306105528225952,0.0,7.683775408813034,6000.0,99.0,0.0,416.75,929.0,12.5,5100.0,5100.0,5100.0,900.0,0.15,0.15,1.0,0.0,304.1610853494687,347.9622433309381,0.8741209461056059,1.0361454717944845
tuna_synth_6000g,1,synth,2099-01-01 00:54:39.575049,54.65958415814723,7.5091441495218305,6.131474268934748,0.0,7.5091441495218305,6000.0,99.1,0.0,416.75,929.0,12.48,5100.0,5100.0,5100.0,900.0,0.15,0.15,1.0,0.0,305.3740449712955,347.9622433309381,0.877606840466487,1.0361454717944845
tuna_synth_6000g,1,synth,2099-01-01 00:54:50.052925,54.83421541743844,7.33451289023062,5.953167065837224,0.0,7.33451289023062,6000.0,99.3,0.0,417.0,940.0,12.29,5100.0,5100.0,5100.0,900.0,0.15,0.15,1.0,0.0,306.5877322233694,347.9622433309381,0.8810948259457608,1.0361454717944845
tuna_synth_6000g,1,synth,2099-01-01 00:55:00.530801,55.00884667672965,7.159881630939417,5.7749688999757085,0.0,7.159881630939417,6000.0,99.5,0.0,417.25,944.0,12.24,5100.0,5100.0,5100.0,900.0,0.15,0.15,1.0,0.0,307.8021471056904,347.9622433309381,0.8845849025434277,1.0361454717944845
tuna_synth_6000g,1,synth,2099-01-01 00:55:11.008676,55.18347793602085,6.985250371648213,5.635147579804312,0.0,6.985250371648213,6000.0,99.6,0.0,414.75,946.0,12.09,5100.0,5100.0,5100.0,900.0,0.15,0.15,1.0,0.0,309.0092856855408,347.9622433309381,0.8880540679571659,1.0361454717944845
tuna_synth_6000g,1,synth,2099-01-01 00:55:21.486552,55.35810919531206,6.810619112357003,5.511931900620814,0.0,6.810619112357003,6000.0,99.7,0.0,411.0,974.0,12.24,5100.0,5100.0,5100.0,900.0,0.15,0.15,1.0,0.0,310.20550981168554,347.9622433309381,0.8914918665950113,1.0361454717944845
tuna_synth_6000g,1,synth,2099-01-01 00:55:31.964427,55.532740454603264,6.635987853065799,5.408619538380148,0.0,6.635987853065799,6000.0,99.8,0.0,405.75,940.0,12.32,5100.0,5100.0,5100.0,900.0,0.15,0.15,1.0,0.0,311.38645370264237,347.9622433309381,0.894885751746607,1.0361454717944845
tuna_synth_6000g,1,synth,2099-01-01 00:55:42.442303,55.70737171389447,6.461356593774596,5.304887786146359,0.0,6.461356593774596,6000.0,99.8,0.0,400.5,944.0,12.06,5100.0,5100.0,5100.0,900.0,0.15,0.15,1.0,0.0,312.5521173584112,347.9622433309381,0.8982357234119529,1.0361454717944845
tuna_synth_6000g,1,synth,2099-01-01 00:55:52.920178,55.88200297318568,6.2867253344833856,5.217773711144373,0.0,6.2867253344833856,6000.0,99.9,0.0,394.0,935.0,12.29,5100.0,5100.0,5100.0,900.0,0.15,0.15,1.0,0.0,313.69886262775674,347.9622433309381,0.9015313259990845,1.0361454717944845
tuna_synth_6000g,1,synth,2099-01-01 00:56:03.398054,56.05663423247688,6.112094075192182,5.120417915701409,0.0,6.112094075192182,6000.0,100.0,0.0,388.25,944.0,12.24,5100.0,5100.0,5100.0,900.0,0.15,0.15,1.0,0.0,314.82887240142026,347.9622433309381,0.9047788328631806,1.0361454717944845
tuna_synth_6000g,1,synth,2099-01-01 00:56:13.875930,56.231265491768085,5.937462815900979,5.022760259064541,0.0,5.937462815900979,6000.0,100.0,0.0,382.5,951.0,12.39,5100.0,5100.0,5100.0,900.0,0.15,0.15,1.0,0.0,315.9421466794017,347.9622433309381,0.9079782440042412,1.0361454717944845
tuna_synth_6000g,1,synth,2099-01-01 00:56:24.353805,56.40589675105929,5.762831556609775,4.907923764762197,0.0,5.762831556609775,6000.0,100.0,0.0,378.0,938.0,12.41,5100.0,5100.0,5100.0,900.0,0.15,0.15,1.0,0.0,317.0423236129363,347.9622433309381,0.9111400150142305,1.0361454717944845
tuna_synth_6000g,1,synth,2099-01-01 00:56:34.831681,56.58052801035049,5.588200297318572,4.76268127052945,0.0,5.588200297318572,6000.0,100.0,0.0,375.75,939.0,12.24,5100.0,5100.0,5100.0,900.0,0.15,0.15,1.0,0.0,318.13595187424744,347.9622433309381,0.9142829659586841,1.0361454717944845
tuna_synth_6000g,1,synth,2099-01-01 00:56:45.309556,56.755159269641695,5.413569038027369,4.610335284562917,0.0,5.413569038027369,6000.0,100.0,0.0,374.0,950.0,12.21,5100.0,5100.0,5100.0,900.0,0.15,0.15,1.0,0.0,319.2244867238293,347.9622433309381,0.9174112790743877,1.0361454717944845
tuna_synth_6000g,1,synth,2099-01-01 00:56:55.787432,56.929790528932905,5.238937778736158,4.451164572838994,0.0,5.238937778736158,6000.0,99.9,0.0,372.75,941.0,12.31,5100.0,5100.0,5100.0,900.0,0.15,0.15,1.0,0.0,320.30938342217587,347.9622433309381,0.9205291365981271,1.0361454717944845
tuna_synth_6000g,1,synth,2099-01-01 00:57:06.265307,57.10442178822411,5.064306519444955,4.285507435670444,0.0,5.064306519444955,6000.0,99.9,0.0,372.0,921.0,12.55,5100.0,5100.0,5100.0,900.0,0.15,0.15,1.0,0.0,321.39209722978137,347.9622433309381,0.923640720766688,1.0361454717944845
tuna_synth_6000g,1,synth,2099-01-01 00:57:16.743183,57.27905304751531,4.889675260153751,4.102253424999613,0.0,4.889675260153751,6000.0,99.9,0.0,372.75,940.0,12.85,5100.0,5100.0,5100.0,900.0,0.15,0.15,1.0,0.0,322.476993928128,347.9622433309381,0.9267585782904275,1.0361454717944845
tuna_synth_6000g,1,synth,2099-01-01 00:57:27.221058,57.45368430680652,4.715044000862541,3.930375355926535,0.0,4.715044000862541,6000.0,99.9,0.0,372.5,937.0,12.39,5100.0,5100.0,5100.0,900.0,0.15,0.15,1.0,0.0,323.56116299622755,347.9622433309381,0.929874344695774,1.0361454717944845
tuna_synth_6000g,1,synth,2099-01-01 00:57:37.698934,57.628315566097726,4.540412741571338,3.7716351021175045,0.0,4.540412741571338,6000.0,99.8,0.0,371.0,928.0,12.48,5100.0,5100.0,5100.0,900.0,0.15,0.15,1.0,0.0,324.6409662828449,347.9622433309381,0.9329775643907636,1.0361454717944845
tuna_synth_6000g,1,synth,2099-01-01 00:57:48.176810,57.80294682538893,4.365781482280134,3.6225915979288628,0.0,4.365781482280134,6000.0,99.8,0.0,368.5,939.0,12.53,5100.0,5100.0,5100.0,900.0,0.15,0.15,1.0,0.0,325.7134932669917,347.9622433309381,0.9360598729018246,1.0361454717944845
tuna_synth_6000g,1,synth,2099-01-01 00:57:58.654685,57.97757808468014,4.191150222988924,3.4877144302473004,0.0,4.191150222988924,6000.0,99.7,0.0,364.5,945.0,12.21,5100.0,5100.0,5100.0,900.0,0.15,0.15,1.0,0.0,326.7743781671858,347.9622433309381,0.9391087235186,1.0361454717944845
tuna_synth_6000g,1,synth,2099-01-01 00:58:09.132561,58.15220934397134,4.01651896369772,3.3566796013341884,0.0,4.01651896369772,6000.0,99.7,0.0,360.0,939.0,12.36,5100.0,5100.0,5100.0,900.0,0.15,0.15,1.0,0.0,327.822165722933,347.9622433309381,0.942119934004304,1.0361454717944845
tuna_synth_6000g,1,synth,2099-01-01 00:58:19.610436,58.326840603262546,3.841887704406517,3.2221492227335546,0.0,3.841887704406517,6000.0,99.6,0.0,355.75,935.0,12.36,5100.0,5100.0,5100.0,900.0,0.15,0.15,1.0,0.0,328.8575835644804,347.9622433309381,0.9450955954773296,1.0361454717944845
tuna_synth_6000g,1,synth,2099-01-01 00:58:30.088312,58.50147186255376,3.6672564451153065,3.09112254694088,0.0,3.6672564451153065,6000.0,99.5,0.0,351.0,935.0,12.41,5100.0,5100.0,5100.0,900.0,0.15,0.15,1.0,0.0,329.879176431334,347.9622433309381,0.9480315257008911,1.0361454717944845
tuna_synth_6000g,1,synth,2099-01-01 00:58:40.566187,58.67610312184496,3.492625185824103,2.9611606886170203,0.0,3.492625185824103,6000.0,99.4,0.0,346.0,929.0,12.5,5100.0,5100.0,5100.0,900.0,0.15,0.15,1.0,0.0,330.88621669324664,347.9622433309381,0.9509256335565957,1.0361454717944845
tuna_synth_6000g,1,synth,2099-01-01 00:58:51.044063,58.85073438113616,3.317993926532907,2.838785206183763,0.0,3.317993926532907,6000.0,99.3,0.0,340.0,935.0,12.34,5100.0,5100.0,5100.0,900.0,0.15,0.15,1.0,0.0,331.87579382923013,347.9622433309381,0.9537695545708718,1.0361454717944845
tuna_synth_6000g,1,synth,2099-01-01 00:59:01.521938,59.02536564042737,3.1433626672416963,2.708675596877522,0.0,3.1433626672416963,6000.0,99.1,0.0,334.75,970.0,11.97,5100.0,5100.0,5100.0,900.0,0.15,0.15,1.0,0.0,332.8500907300256,347.9622433309381,0.9565695620988979,1.0361454717944845
tuna_synth_6000g,1,synth,2099-01-01 00:59:11.999814,59.19999689971857,2.968731407950493,2.581384412607733,0.0,2.968731407950493,6000.0,99.5,0.0,329.0,958.0,11.99,5100.0,5100.0,5100.0,900.0,0.15,0.15,1.0,0.0,333.80765213513905,347.9622433309381,0.9593214739038884,1.0361454717944845
tuna_synth_6000g,1,synth,2099-01-01 00:59:22.477690,59.374628159009774,2.7941001486592896,2.4465893325234407,0.0,2.7941001486592896,6000.0,99.4,0.0,324.0,958.0,11.99,5100.0,5100.0,5100.0,900.0,0.15,0.15,1.0,0.0,334.75066093531154,347.9622433309381,0.9620315633410221,1.0361454717944845
tuna_synth_6000g,1,synth,2099-01-01 00:59:32.955565,59.549259418300984,2.619468889368079,2.314206868613334,0.0,2.619468889368079,6000.0,99.2,0.0,318.5,955.0,12.04,5100.0,5100.0,5100.0,900.0,0.15,0.15,1.0,0.0,335.677661870049,347.9622433309381,0.964695648173513,1.0361454717944845
tuna_synth_6000g,1,synth,2099-01-01 00:59:43.433441,59.72389067759219,2.4448376300768757,2.1727409943818814,0.0,2.4448376300768757,6000.0,99.0,0.0,314.0,973.0,11.75,5100.0,5100.0,5100.0,900.0,0.15,0.15,1.0,0.0,336.5915654603396,347.9622433309381,0.9673220928749325,1.0361454717944845
tuna_synth_6000g,1,synth,2099-01-01 00:59:53.911316,59.89852193688339,2.2702063707856723,2.033267356358979,0.0,2.2702063707856723,6000.0,98.7,0.0,309.0,976.0,11.72,5100.0,5100.0,5100.0,900.0,0.15,0.15,1.0,0.0,337.4909164456894,347.9622433309381,0.9699067152084954,1.0361454717944845
tuna_synth_6000g,1,synth,2099-01-01 01:00:04.389192,60.0731531961746,2.095575111494462,1.8920779943763109,0.0,2.095575111494462,6000.0,98.5,0.0,304.0,1002.0,11.32,5100.0,5100.0,5100.0,900.0,0.15,0.15,1.0,0.0,338.37571482609815,347.9622433309381,0.9724495151742011,1.0361454717944845
tuna_synth_6000g,1,synth,2099-01-01 01:00:14.867067,60.247784455465805,1.9209438522032585,1.7474797191228237,0.0,1.9209438522032585,6000.0,98.2,0.0,299.25,990.0,11.5,5100.0,5100.0,5100.0,900.0,0.15,0.15,1.0,0.0,339.24668823181304,347.9622433309381,0.9749525838904426,1.0361454717944845
tuna_synth_6000g,1,synth,2099-01-01 01:00:25.344943,60.42241571475701,1.746312592912055,1.601033616591672,0.0,1.746312592912055,6000.0,98.0,0.0,294.5,986.0,11.62,5100.0,5100.0,5100.0,900.0,0.15,0.15,1.0,0.0,340.103836662834,347.9622433309381,0.9774159213572198,1.0361454717944845
tuna_synth_6000g,1,synth,2099-01-01 01:00:35.822818,60.59704697404822,1.5716813336208446,1.4540540605231196,0.0,1.5716813336208446,6000.0,98.3,0.0,289.5,979.0,11.72,5100.0,5100.0,5100.0,900.0,0.15,0.15,1.0,0.0,340.94643248891407,347.9622433309381,0.9798374364561402,1.0361454717944845
tuna_synth_6000g,1,synth,2099-01-01 01:00:46.300694,60.77167823333942,1.3970500743296412,1.303678312338103,0.0,0.0,6000.0,98.0,0.0,284.75,979.0,11.72,5100.0,5100.0,5100.0,900.0,0.15,0.15,1.0,0.0,341.7752033403002,347.9622433309381,0.9822192203055963,1.0361454717944845
tuna_synth_6000g,1,synth,2099-01-01 01:00:56.778570,60.946309492630625,1.2224188150384379,1.1499803354930056,0.0,0.0,6000.0,97.7,0.0,280.25,975.0,11.72,5100.0,5100.0,5100.0,900.0,0.15,0.15,1.0,0.0,342.59087684723954,347.9622433309381,0.9845633640239811,1.0361454717944845
tuna_synth_6000g,1,synth,2099-01-01 01:01:07.256445,61.12094075192183,1.0477875557472345,0.9941157543875485,0.0,0.0,6000.0,97.4,0.0,275.75,969.0,11.86,5100.0,5100.0,5100.0,900.0,0.15,0.15,1.0,0.0,343.393453009732,347.9622433309381,0.9868698676112947,1.0361454717944845
tuna_synth_6000g,1,synth,2099-01-01 01:01:17.734321,61.29557201121303,0.8731562964560311,0.8341172936889847,0.0,0.0,6000.0,97.0,0.0,271.75,958.0,11.99,5100.0,5100.0,5100.0,900.0,0.15,0.15,1.0,0.0,344.18438708827176,347.9622433309381,0.9891429133043227,1.0361454717944845
tuna_synth_6000g,1,synth,2099-01-01 01:01:28.212196,61.470203270504236,0.6985250371648277,0.6719471704379585,0.0,0.0,6000.0,97.4,0.0,267.75,950.0,12.07,5100.0,5100.0,5100.0,900.0,0.15,0.15,1.0,0.0,344.96367908285873,347.9622433309381,0.991382501103065,1.0361454717944845
tuna_synth_6000g,1,synth,2099-01-01 01:01:38.690072,61.644834529795446,0.5238937778736172,0.5081537687344696,0.0,0.0,6000.0,97.0,0.0,263.5,949.0,12.19,5100.0,5100.0,5100.0,900.0,0.15,0.15,1.0,0.0,345.7306013632459,347.9622433309381,0.9935865398891288,1.0361454717944845
tuna_synth_6000g,1,synth,2099-01-01 01:01:49.167947,61.81946578908665,0.34926251858241386,0.34185289909464306,0.0,0.0,6000.0,96.6,0.0,259.25,949.0,12.14,5100.0,5100.0,5100.0,900.0,0.15,0.15,1.0,0.0,346.48515392943335,347.9622433309381,0.9957550296625144,1.0361454717944845
tuna_synth_6000g,1,synth,2099-01-01 01:01:59.645823,61.99409704837785,0.17463125929121048,0.1718999785984807,0.0,0.0,6000.0,96.3,0.0,255.75,945.0,12.24,5100.0,5100.0,5100.0,900.0,0.15,0.15,1.0,0.0,347.2295196721621,347.9622433309381,0.9978942437784,1.0361454717944845
tuna_synth_6000g,1,synth,2099-01-01 01:02:10.123698,62.16872830766906,0.0,0.0,0.0,0.0,6000.0,96.4,0.0,251.75,943.0,12.24,5100.0,5100.0,5100.0,900.0,0.15,0.15,1.0,0.0,347.9622433309381,347.9622433309381,1.0,1.0361454717944845
tuna_synth_10000g,1,synth,2099-01-01 00:00:00.000000,0.0,93.55154913390189,392.7103841816242,30000.0,30000.0,10000.0,32.0,81.8,32.0,1088.0,10.12,10000.0,10000.0,9976.250000000004,0.0,0.0,0.15,0.0,0.0,0.0,523.6138455754989,0.0,1.5591924855650314
tuna_synth_10000g,1,synth,2099-01-01 00:00:15.767115,0.2627852503761289,93.28876388352576,392.60527008147375,29550.000000000073,29550.000000000073,10000.0,32.1,81.7,32.0,1072.0,10.35,9977.500000000004,9977.500000000004,9976.250000000004,22.499999999996362,0.0022499999999996364,0.15,0.014999999999997576,0.0,0.14015213353393535,523.6138455754989,0.00026766315428480603,1.5591924855650314
tuna_synth_10000g,1,synth,2099-01-01 00:00:31.534230,0.5255705007522578,93.02597863314963,392.4993347774158,29525.000000000073,29525.000000000073,10000.0,32.1,81.7,32.25,1072.0,10.57,9976.250000000004,9976.250000000004,9976.250000000004,23.749999999996362,0.002374999999999636,0.15,0.01583333333333091,0.0,0.28139920561110454,523.6138455754989,0.000537417426962462,1.5591924855650314
tuna_synth_10000g,1,synth,2099-01-01 00:00:47.301345,0.7883557511283866,92.7631933827735,392.3925782694505,29525.000000000073,29525.000000000073,10000.0,32.1,81.7,32.5,1041.0,10.76,9976.250000000004,9976.250000000004,9976.250000000004,23.749999999996362,0.002374999999999636,0.15,0.01583333333333091,0.0,0.4237412162315076,523.6138455754989,0.0008092628180329681,1.5591924855650314
tuna_synth_10000g,1,synth,2099-01-01 00:01:03.068460,1.0511410015045155,92.50040813239737,392.2891065771149,29525.000000000073,29525.000000000073,10000.0,32.2,81.7,31.5,1023.0,11.01,9976.250000000004,9976.250000000004,9976.250000000004,23.749999999996362,0.002374999999999636,0.15,0.01583333333333091,0.0,0.5617034726789752,523.6138455754989,0.001072743735532074,1.5591924855650314
tuna_synth_10000g,1,synth,2099-01-01 00:01:18.835575,1.3139262518806445,92.23762288202124,392.1864560886868,29525.000000000073,29525.000000000073,10000.0,32.2,81.6,31.25,1011.0,11.19,9976.250000000004,9976.250000000004,9976.250000000004,23.749999999996362,0.002374999999999636,0.15,0.01583333333333091,0.0,0.6985707905832089,523.6138455754989,0.0013341335346383299,1.5591924855650314
tuna_synth_10000g,1,synth,2099-01-01 00:01:34.602690,1.5767115022567733,91.97483763164512,392.0813419885363,29475.000000000036,29475.000000000036,10000.0,32.3,81.6,32.0,1001.0,11.33,9973.750000000002,9973.750000000002,9975.000000000004,26.24999999999818,0.002624999999999818,0.15,0.017499999999998787,0.0,0.8387229241171443,523.6138455754989,0.001601796688923136,1.5591924855650314
tuna_synth_10000g,1,synth,2099-01-01 00:01:50.369805,1.8394967526329022,91.71205238126899,391.9786915001082,29475.000000000036,29475.000000000036,10000.0,32.4,81.5,31.25,991.0,11.52,9973.750000000002,9973.750000000002,9973.750000000002,26.24999999999818,0.002624999999999818,0.15,0.017499999999998787,0.0,0.975590242021378,523.6138455754989,0.0018631864880293916,1.5591924855650314
tuna_synth_10000g,1,synth,2099-01-01 00:02:06.136920,2.102282003009031,91.44926713089285,391.8752198077725,29475.000000000036,29475.000000000036,10000.0,32.4,81.5,31.5,981.0,11.69,9973.750000000002,9973.750000000002,9973.750000000002,26.24999999999818,0.002624999999999818,0.15,0.017499999999998787,0.0,1.1135524984688456,523.6138455754989,0.0021266674055284976,1.5591924855650314
tuna_synth_10000g,1,synth,2099-01-01 00:02:21.904035,2.3650672533851598,91.18648188051672,391.7709269115295,29475.000000000036,29475.000000000036,10000.0,32.5,81.4,31.75,972.0,11.8,9973.750000000002,9973.750000000002,9973.750000000002,26.24999999999818,0.002624999999999818,0.15,0.017499999999998787,0.0,1.252609693459547,523.6138455754989,0.0023922394414204536,1.5591924855650314
tuna_synth_10000g,1,synth,2099-01-01 00:02:37.671150,2.627852503761289,90.9236966301406,391.6666340152865,29475.000000000036,29475.000000000036,10000.0,32.5,81.3,31.75,963.0,11.97,9973.750000000002,9973.750000000002,9973.750000000002,26.24999999999818,0.002624999999999818,0.15,0.017499999999998787,0.0,1.3916668884502486,523.6138455754989,0.0026578114773124096,1.5591924855650314
tuna_synth_10000g,1,synth,2099-01-01 00:02:53.438265,2.8906377541374173,90.66091137976447,391.5623411190434,29475.000000000036,29475.000000000036,10000.0,32.5,81.1,31.75,950.0,12.12,9973.750000000002,9973.750000000002,9973.750000000002,26.24999999999818,0.002624999999999818,0.15,0.017499999999998787,0.0,1.5307240834409501,523.6138455754989,0.0029233835132043656,1.5591924855650314
tuna_synth_10000g,1,synth,2099-01-01 00:03:09.205380,3.1534230045135465,90.39812612938834,391.457227018893,29475.000000000036,29475.000000000036,10000.0,32.6,81.0,32.0,945.0,12.24,9973.750000000002,9973.750000000002,9973.750000000002,26.24999999999818,0.002624999999999818,0.15,0.017499999999998787,0.0,1.6708762169748854,523.6138455754989,0.0031910466674891715,1.5591924855650314
tuna_synth_10000g,1,synth,2099-01-01 00:03:24.972495,3.4162082548896753,90.1353408790122,391.3537553265574,29475.000000000036,29475.000000000036,10000.0,32.6,80.9,31.5,942.0,12.34,9973.750000000002,9973.750000000002,9973.750000000002,26.24999999999818,0.002624999999999818,0.15,0.017499999999998787,0.0,1.8088384734223528,523.6138455754989,0.003454527584988277,1.5591924855650314
tuna_synth_10000g,1,synth,2099-01-01 00:03:40.739610,3.6789935052658045,89.87255562863608,391.25028363422183,29475.000000000036,29475.000000000036,10000.0,32.7,80.8,31.5,932.0,12.48,9973.750000000002,9973.750000000002,9973.750000000002,26.24999999999818,0.002624999999999818,0.15,0.017499999999998787,0.0,1.9468007298698202,523.6138455754989,0.0037180085024873825,1.5591924855650314
tuna_synth_10000g,1,synth,2099-01-01 00:03:56.506725,3.9417787556419333,89.60977037825995,391.14599073797876,29475.000000000036,29475.000000000036,10000.0,32.7,80.6,31.75,926.0,12.55,9973.750000000002,9973.750000000002,9973.750000000002,26.24999999999818,0.002624999999999818,0.15,0.017499999999998787,0.0,2.085857924860522,523.6138455754989,0.003983580538379339,1.5591924855650314
tuna_synth_10000g,1,synth,2099-01-01 00:04:12.273840,4.204564006018062,89.34698512788383,391.04169784173575,29475.000000000036,29475.000000000036,10000.0,32.8,80.5,31.75,918.0,12.71,9973.750000000002,9973.750000000002,9973.750000000002,26.24999999999818,0.002624999999999818,0.15,0.017499999999998787,0.0,2.2249151198512234,523.6138455754989,0.0042491525742712945,1.5591924855650314
tuna_synth_10000g,1,synth,2099-01-01 00:04:28.040955,4.467349256394191,89.0841998775077,390.93658374158525,29475.000000000036,29475.000000000036,10000.0,32.8,80.3,32.0,909.0,12.8,9973.750000000002,9973.750000000002,9973.750000000002,26.24999999999818,0.002624999999999818,0.15,0.017499999999998787,0.0,2.3650672533851584,523.6138455754989,0.0045168157285561,1.5591924855650314
tuna_synth_10000g,1,synth,2099-01-01 00:04:43.808070,4.7301345067703195,88.82141462713156,390.83146964143486,29475.000000000036,29475.000000000036,10000.0,32.9,80.2,32.0,891.0,12.92,9973.750000000002,9973.750000000002,9973.750000000002,26.24999999999818,0.002624999999999818,0.15,0.017499999999998787,0.0,2.5052193869190935,523.6138455754989,0.004784478882840906,1.5591924855650314
tuna_synth_10000g,1,synth,2099-01-01 00:04:59.575185,4.992919757146448,88.55862937675543,390.72635554128436,29475.000000000036,29475.000000000036,10000.0,32.9,80.0,32.0,902.0,13.0,9973.750000000002,9973.750000000002,9973.750000000002,26.24999999999818,0.002624999999999818,0.15,0.017499999999998787,0.0,2.6453715204530286,523.6138455754989,0.005052142037125711,1.5591924855650314
tuna_synth_10000g,1,synth,2099-01-01 00:05:15.342300,5.255705007522578,88.29584412637931,390.6220626450414,29475.000000000036,29475.000000000036,10000.0,33.0,79.7,31.75,894.0,13.13,9973.750000000002,9973.750000000002,9973.750000000002,26.24999999999818,0.002624999999999818,0.15,0.017499999999998787,0.0,2.78442871544373,523.6138455754989,0.005317714073017668,1.5591924855650314
tuna_synth_10000g,1,synth,2099-01-01 00:05:31.109415,5.518490257898707,88.03305887600318,390.5185909527057,29475.000000000036,29475.000000000036,10000.0,33.0,79.6,31.5,886.0,13.26,9973.750000000002,9973.750000000002,9973.750000000002,26.24999999999818,0.002624999999999818,0.15,0.017499999999998787,0.0,2.922390971891198,523.6138455754989,0.005581194990516774,1.5591924855650314
tuna_synth_10000g,1,synth,2099-01-01 00:05:46.876530,5.781275508274835,87.77027362562706,390.41429805646277,29475.000000000036,29475.000000000036,10000.0,33.1,79.5,31.75,880.0,13.15,9973.750000000002,9973.750000000002,9973.750000000002,26.24999999999818,0.002624999999999818,0.15,0.017499999999998787,0.0,3.0614481668818994,523.6138455754989,0.0058467670264087295,1.5591924855650314
tuna_synth_10000g,1,synth,2099-01-01 00:06:02.643646,6.044060758650964,87.50748837525092,390.30836275240483,29475.000000000036,29475.000000000036,10000.0,33.1,79.5,32.25,881.0,13.4,9973.750000000002,9973.750000000002,9973.750000000002,26.24999999999818,0.002624999999999818,0.15,0.017499999999998787,0.0,3.202695238959069,523.6138455754989,0.0061165212990863865,1.5591924855650314
tuna_synth_10000g,1,synth,2099-01-01 00:06:18.410761,6.306846009027093,87.24470312487479,390.202427448347,29475.000000000036,29475.000000000036,10000.0,33.1,79.4,32.25,871.0,13.45,9973.750000000002,9973.750000000002,9973.750000000002,26.24999999999818,0.002624999999999818,0.15,0.017499999999998787,0.0,3.3439423110362374,523.6138455754989,0.006386275571764041,1.5591924855650314
tuna_synth_10000g,1,synth,2099-01-01 00:06:34.177876,6.569631259403223,86.98191787449866,390.09731334819656,29475.000000000036,29475.000000000036,10000.0,33.2,79.3,32.0,879.0,13.4,9973.750000000002,9973.750000000002,9973.750000000002,26.24999999999818,0.002624999999999818,0.15,0.017499999999998787,0.0,3.4840944445701734,523.6138455754989,0.0066539387260488485,1.5591924855650314
tuna_synth_10000g,1,synth,2099-01-01 00:06:49.944991,6.8324165097793506,86.71913262412254,389.9930204519535,29475.000000000036,29475.000000000036,10000.0,33.2,79.3,31.75,881.0,13.4,9973.750000000002,9973.750000000002,9973.750000000002,26.24999999999818,0.002624999999999818,0.15,0.017499999999998787,0.0,3.6231516395608745,523.6138455754989,0.006919510761940803,1.5591924855650314
tuna_synth_10000g,1,synth,2099-01-01 00:07:05.712106,7.095201760155479,86.45634737374641,389.8887275557105,29475.000000000036,29475.000000000036,10000.0,33.3,79.1,31.75,880.0,13.49,9973.750000000002,9973.750000000002,9973.750000000002,26.24999999999818,0.002624999999999818,0.15,0.017499999999998787,0.0,3.762208834551576,523.6138455754989,0.00718508279783276,1.5591924855650314
tuna_synth_10000g,1,synth,2099-01-01 00:07:21.479221,7.357987010531609,86.19356212337027,389.7770438243006,29475.000000000036,29475.000000000036,10000.0,33.3,79.0,34.0,867.0,13.59,9973.750000000002,9973.750000000002,9973.750000000002,26.24999999999818,0.002624999999999818,0.15,0.017499999999998787,0.0,3.9111204764313823,523.6138455754989,0.007469474899260366,1.5591924855650314
tuna_synth_10000g,1,synth,2099-01-01 00:07:37.246336,7.620772260907737,85.93077687299414,389.6522208303719,29475.000000000036,29475.000000000036,10000.0,33.4,78.9,38.0,871.0,13.51,9973.750000000002,9973.750000000002,9973.750000000002,26.24999999999818,0.002624999999999818,0.15,0.017499999999998787,0.0,4.077551135002931,523.6138455754989,0.007787324894973574,1.5591924855650314
tuna_synth_10000g,1,synth,2099-01-01 00:07:53.013451,7.8835575112838665,85.66799162261802,389.51918579736906,29475.000000000036,29475.000000000036,10000.0,33.4,78.8,40.5,865.0,13.4,9973.750000000002,9973.750000000002,9973.750000000002,26.24999999999818,0.002624999999999818,0.15,0.017499999999998787,0.0,4.254931179006817,523.6138455754989,0.00812608607461528,1.5591924855650314
tuna_synth_10000g,1,synth,2099-01-01 00:08:08.780566,8.146342761659996,85.40520637224189,389.3787599291993,29475.000000000036,29475.000000000036,10000.0,33.5,78.7,42.75,855.0,13.81,9973.750000000002,9973.750000000002,9973.750000000002,26.24999999999818,0.002624999999999818,0.15,0.017499999999998787,0.0,4.4421656698998095,523.6138455754989,0.008483667319792639,1.5591924855650314
tuna_synth_10000g,1,synth,2099-01-01 00:08:24.547681,8.409128012036124,85.14242112186577,389.2301220219553,23275.000000000073,23275.000000000073,10000.0,33.5,78.6,45.25,855.0,13.94,9663.750000000004,9663.750000000004,9818.750000000004,336.24999999999636,0.033624999999999634,0.15,0.22416666666666424,0.0,4.64034954622514,523.6138455754989,0.008862159748898498,1.5591924855650314
tuna_synth_10000g,1,synth,2099-01-01 00:08:40.314796,8.671913262412254,84.87963587148963,389.07573568735927,23275.000000000073,23275.000000000073,10000.0,33.6,78.4,47.0,847.0,14.04,9663.750000000004,9663.750000000004,9663.750000000004,336.24999999999636,0.033624999999999634,0.15,0.22416666666666424,0.0,4.846197992353107,523.6138455754989,0.009255290006754307,1.5591924855650314
tuna_synth_10000g,1,synth,2099-01-01 00:08:56.081911,8.934698512788382,84.6168506211135,388.914779721504,22800.000000000036,22800.000000000036,10000.0,33.6,78.4,49.0,855.0,14.02,9640.000000000002,9640.000000000002,9651.875000000004,359.9999999999982,0.03599999999999982,0.15,0.2399999999999988,0.0,5.060805946826945,523.6138455754989,0.009665149211752913,1.5591924855650314
tuna_synth_10000g,1,synth,2099-01-01 00:09:11.849026,9.19748376316451,84.35406537073737,388.7415056970372,22800.000000000036,22800.000000000036,10000.0,33.6,78.3,52.75,848.0,14.02,9640.000000000002,9640.000000000002,9640.000000000002,359.9999999999982,0.03599999999999982,0.15,0.2399999999999988,0.0,5.291837979449292,523.6138455754989,0.010106375192644275,1.5591924855650314
tuna_synth_10000g,1,synth,2099-01-01 00:09:27.616141,9.460269013540639,84.09128012036125,388.5534500022368,22800.000000000036,22800.000000000036,10000.0,33.7,78.1,57.25,843.0,14.15,9640.000000000002,9640.000000000002,9640.000000000002,359.9999999999982,0.03599999999999982,0.15,0.2399999999999988,0.0,5.542578905849847,523.6138455754989,0.010585241304606934,1.5591924855650314
tuna_synth_10000g,1,synth,2099-01-01 00:09:43.383256,9.723054263916769,83.82849486998512,388.34322180193584,22375.00000000011,22375.00000000011,10000.0,33.7,78.1,64.0,838.0,14.23,9618.750000000005,9618.750000000005,9629.375000000004,381.24999999999454,0.03812499999999945,0.15,0.25416666666666304,0.0,5.822883172917718,523.6138455754989,0.011120567613176546,1.5591924855650314
tuna_synth_10000g,1,synth,2099-01-01 00:09:59.150371,9.985839514292897,83.565709619609,388.10999989222705,22375.00000000011,22375.00000000011,10000.0,33.8,77.9,71.0,837.0,14.32,9618.750000000005,9618.750000000005,9618.750000000005,381.24999999999454,0.03812499999999945,0.15,0.25416666666666304,0.0,6.133845719196137,523.6138455754989,0.01171444523674596,1.5591924855650314
tuna_synth_10000g,1,synth,2099-01-01 00:10:14.917486,10.248624764669026,83.30292436923285,387.84967825357325,22325.0,22325.0,10000.0,33.9,77.8,79.25,838.0,14.02,9616.25,9616.25,9617.500000000004,383.75,0.038375,0.15,0.25583333333333336,0.0,6.480941237401274,523.6138455754989,0.012377329767279425,1.5591924855650314
tuna_synth_10000g,1,synth,2099-01-01 00:10:30.684601,10.511410015045156,83.04013911885673,357.4083877788557,22225.0,22225.0,10000.0,34.0,77.7,86.75,831.0,14.36,9611.25,9611.25,9613.75,388.75,0.038875,0.15,0.25916666666666666,0.0,6.860884911903427,523.6138455754989,0.01310294784959839,1.5591924855650314
tuna_synth_10000g,1,synth,2099-01-01 00:10:46.451716,10.774195265421284,82.7773538684806,325.25089075818795,22225.0,22225.0,10000.0,34.0,77.5,95.25,831.0,14.42,9611.25,9611.25,9611.25,388.75,0.038875,0.15,0.25916666666666666,0.0,7.278056496875531,523.6138455754989,0.013899663957274258,1.5591924855650314
tuna_synth_10000g,1,synth,2099-01-01 00:11:02.218831,11.036980515797413,82.51456861810448,295.4904113579045,22225.0,22225.0,10000.0,34.0,77.2,104.75,830.0,14.49,9611.25,9611.25,9611.25,388.75,0.038875,0.15,0.25916666666666666,0.0,7.736835746490522,523.6138455754989,0.014775842563878427,1.5591924855650314
tuna_synth_10000g,1,synth,2099-01-01 00:11:17.985946,11.299765766173541,82.25178336772835,271.2514304491019,22225.0,22225.0,10000.0,34.1,77.0,114.0,824.0,14.71,9611.25,9611.25,9611.25,388.75,0.038875,0.15,0.25916666666666666,0.0,8.236127722205167,523.6138455754989,0.01572939255101805,1.5591924855650314
tuna_synth_10000g,1,synth,2099-01-01 00:11:33.753061,11.56255101654967,81.98899811735222,249.61732037546327,21600.0,21600.0,10000.0,34.2,76.9,123.75,827.0,14.51,9580.0,9580.0,9595.625,420.0,0.042,0.15,0.28,0.0,8.778122301105933,523.6138455754989,0.01676449615547882,1.5591924855650314
tuna_synth_10000g,1,synth,2099-01-01 00:11:49.520176,11.825336266925799,81.72621286697608,231.99393201626728,21600.0,21600.0,10000.0,34.3,76.7,133.0,830.0,14.6,9580.0,9580.0,9580.0,420.0,0.042,0.15,0.28,0.0,9.360629606106352,523.6138455754989,0.017876971140475047,1.5591924855650314
tuna_synth_10000g,1,synth,2099-01-01 00:12:05.287291,12.088121517301929,81.46342761659996,217.7951155140306,451.99063064628757,451.99063064628757,10000.0,34.4,76.6,141.5,897.0,14.42,9575.000000000005,9575.000000000005,9577.500000000004,424.99999999999454,0.042499999999999455,0.15,0.2833333333333297,-2.378367884446843,9.980364821576723,523.6138455754989,0.019060544150828175,1.5591924855650314
tuna_synth_10000g,1,synth,2099-01-01 00:12:21.054406,12.350906767678056,81.20064236622383,204.16845087058795,148.03569104529203,204.16845087058795,10000.0,34.4,76.5,150.75,822.0,14.62,9556.250000000004,9556.250000000004,9565.625000000004,443.74999999999636,0.04437499999999964,0.15,0.29583333333333095,-7.135103653326686,10.640612763146745,523.6138455754989,0.02032148854171675,1.5591924855650314
tuna_synth_10000g,1,synth,2099-01-01 00:12:36.821521,12.613692018054186,80.9378571158477,191.80207570900689,110.76398303361887,191.80207570900689,10000.0,34.6,76.4,160.25,823.0,14.58,9553.75,9553.75,9555.000000000002,446.25,0.044625,0.15,0.2975,-9.51347153776664,11.342468369359656,523.6138455754989,0.021661895431533632,1.5591924855650314
tuna_synth_10000g,1,synth,2099-01-01 00:12:52.588636,12.876477268430314,80.67507186547158,181.0722155305581,86.82424672422262,181.0722155305581,10000.0,34.7,76.3,169.5,819.0,14.6,9532.500000000002,9532.500000000002,9543.125,467.4999999999982,0.04674999999999982,0.15,0.3116666666666655,-11.891839422223866,12.08483670167222,523.6138455754989,0.023079673701885964,1.5591924855650314
tuna_synth_10000g,1,synth,2099-01-01 00:13:08.355751,13.139262518806445,80.41228661509544,171.92089235091194,37.74967248880993,171.92089235091194,10000.0,34.8,76.2,178.25,819.0,14.71,9532.500000000002,9532.500000000002,9532.500000000002,467.4999999999982,0.04674999999999982,0.15,0.3116666666666655,-27.351230671102222,12.86552788299797,523.6138455754989,0.02457064111598805,1.5591924855650314
tuna_synth_10000g,1,synth,2099-01-01 00:13:24.122866,13.402047769182573,80.14950136471931,164.05302741209064,37.74967248880993,164.05302741209064,10000.0,34.9,76.0,186.5,819.0,14.49,9532.500000000002,9532.500000000002,9532.500000000002,467.4999999999982,0.04674999999999982,0.15,0.3116666666666655,-27.351230671102222,13.682352036250437,523.6138455754989,0.026130615437054184,1.5591924855650314
tuna_synth_10000g,1,synth,2099-01-01 00:13:39.889981,13.664833019558701,79.88671611434319,157.24501198182415,37.74967248880993,157.24501198182415,10000.0,35.1,75.5,194.25,819.0,14.6,9532.500000000002,9532.500000000002,9532.500000000002,467.4999999999982,0.04674999999999982,0.15,0.3116666666666655,-27.351230671102222,14.533119284343153,523.6138455754989,0.02775541442829867,1.5591924855650314
tuna_synth_10000g,1,synth,2099-01-01 00:13:55.657096,13.92761826993483,79.62393086396706,150.38995742518165,26.639854756885182,150.38995742518165,10000.0,35.2,75.4,202.75,821.0,14.6,9513.750000000004,9513.750000000004,9523.125000000004,486.24999999999636,0.048624999999999634,0.15,0.3241666666666642,-38.053886151087056,15.421114442905822,523.6138455754989,0.02945131144490006,1.5591924855650314
tuna_synth_10000g,1,synth,2099-01-01 00:14:11.424211,14.190403520310959,79.36114561359093,144.59024975178815,26.639854756882674,144.59024975178815,10000.0,35.4,75.3,210.5,821.0,14.71,9513.750000000004,9513.750000000004,9513.750000000004,486.24999999999636,0.048624999999999634,0.15,0.3241666666666642,-38.05388615109064,16.34305269630874,523.6138455754989,0.031212033131679796,1.5591924855650314
tuna_synth_10000g,1,synth,2099-01-01 00:14:27.191326,14.453188770687087,79.0983603632148,139.19310282637719,24.29990668184404,139.19310282637719,10000.0,35.6,75.1,218.25,822.0,14.67,9482.500000000002,9482.500000000002,9498.125000000004,517.4999999999982,0.05174999999999982,0.15,0.3449999999999988,-40.43225403553044,17.298934044551906,523.6138455754989,0.033037579488637885,1.5591924855650314
tuna_synth_10000g,1,synth,2099-01-01 00:14:42.958441,14.715974021063218,78.83557511283867,134.3059620003739,24.29990668184404,134.3059620003739,10000.0,35.8,75.0,225.75,825.0,14.67,9482.500000000002,9482.500000000002,9482.500000000002,517.4999999999982,0.05174999999999982,0.15,0.3449999999999988,-40.43225403553044,18.28766354909209,523.6138455754989,0.03492585939738148,1.5591924855650314
tuna_synth_10000g,1,synth,2099-01-01 00:14:58.725556,14.978759271439346,78.57278986246254,130.00389969735494,25.555865599080946,130.00389969735494,10000.0,35.9,74.8,232.75,817.0,14.71,9472.5,9472.5,9477.5,527.5,0.05275,0.15,0.3516666666666667,-38.05388615109064,19.307051332842825,523.6138455754989,0.03687269062112487,1.5591924855650314
tuna_synth_10000g,1,synth,2099-01-01 00:15:14.492671,15.241544521815474,78.31000461208642,125.81391331028789,24.866054316843588,125.81391331028789,10000.0,36.1,74.4,240.0,816.0,14.73,9446.250000000002,9446.250000000002,9459.375,553.7499999999982,0.05537499999999982,0.15,0.3691666666666655,-38.05388615109064,20.358192334347336,523.6138455754989,0.03888016427826091,1.5591924855650314
tuna_synth_10000g,1,synth,2099-01-01 00:15:30.259786,15.504329772191605,78.04721936171028,121.86194354424102,24.866054316843588,121.86194354424102,10000.0,36.3,74.3,247.25,818.0,14.8,9446.250000000002,9446.250000000002,9446.250000000002,553.7499999999982,0.05537499999999982,0.15,0.3691666666666655,-38.05388615109064,21.441086553605633,523.6138455754989,0.04094828036878961,1.5591924855650314
tuna_synth_10000g,1,synth,2099-01-01 00:15:46.026901,15.767115022567733,77.78443411133415,118.71200464622247,24.701813535358493,118.71200464622247,10000.0,36.5,74.1,253.25,822.0,14.67,9440.000000000002,9440.000000000002,9443.125000000002,559.9999999999982,0.05599999999999982,0.15,0.37333333333333213,-38.05388615109064,22.550259297901544,523.6138455754989,0.043066583300746704,1.5591924855650314
tuna_synth_10000g,1,synth,2099-01-01 00:16:01.794016,16.02990027294386,77.52164886095802,115.59006706814348,25.125660713381997,115.59006706814348,10000.0,36.7,73.9,259.5,821.0,14.62,9426.250000000002,9426.250000000002,9433.125000000002,573.7499999999982,0.057374999999999815,0.15,0.3824999999999988,-36.8647022088728,23.686805505778302,523.6138455754989,0.045237164192525055,1.5591924855650314
tuna_synth_10000g,1,synth,2099-01-01 00:16:17.561131,16.292685523319992,77.2588636105819,112.82155934597914,24.006704163393277,112.82155934597914,10000.0,37.0,73.3,265.25,822.0,14.67,9385.0,9385.0,9405.625,615.0,0.0615,0.15,0.41000000000000003,-36.8647022088728,24.848535300149436,523.6138455754989,0.04745584080733895,1.5591924855650314
tuna_synth_10000g,1,synth,2099-01-01 00:16:33.328246,16.55547077369612,76.99607836020577,110.06318199947076,22.551752395917045,110.06318199947076,10000.0,37.2,73.2,271.25,817.0,14.73,9385.0,9385.0,9385.0,615.0,0.0615,0.15,0.41000000000000003,-39.24307009331247,26.036543619558184,523.6138455754989,0.04972470426358125,1.5591924855650314
tuna_synth_10000g,1,synth,2099-01-01 00:16:49.095361,16.818256024072248,76.73329310982965,107.32149625361104,22.551752395917045,107.32149625361104,10000.0,37.4,72.9,277.5,816.0,14.73,9385.0,9385.0,9385.0,615.0,0.0615,0.15,0.41000000000000003,-39.24307009331247,27.25192540254778,523.6138455754989,0.052045845679644806,1.5591924855650314
tuna_synth_10000g,1,synth,2099-01-01 00:17:04.862476,17.081041274448378,76.4705078594535,104.88007515695685,22.551752395917045,104.88007515695685,10000.0,37.7,72.7,283.25,795.0,14.6,9385.0,9385.0,9385.0,615.0,0.0615,0.15,0.41000000000000003,-39.24307009331247,28.492490772031754,523.6138455754989,0.0544150828187439,1.5591924855650314
tuna_synth_10000g,1,synth,2099-01-01 00:17:20.629591,17.343826524824507,76.20772260907738,102.8874970003462,20.991904118281443,102.8874970003462,10000.0,37.9,72.4,288.0,822.0,14.58,9348.749999999998,9348.749999999998,9366.875,651.2500000000018,0.06512500000000018,0.15,0.4341666666666679,-40.43225403553736,29.753859973837173,523.6138455754989,0.05682405120730716,1.5591924855650314
tuna_synth_10000g,1,synth,2099-01-01 00:17:36.396707,17.606611775200633,75.94493735870125,100.78273610034749,19.796488861666763,100.78273610034749,10000.0,38.2,71.8,293.25,823.0,14.62,9347.5,9347.5,9348.125,652.5,0.06525,0.15,0.43500000000000005,-42.81062191998449,31.038222885050505,523.6138455754989,0.05927693308212027,1.5591924855650314
tuna_synth_10000g,1,synth,2099-01-01 00:17:52.163822,17.869397025576763,75.68215210832513,98.99678607263614,20.96098820647253,98.99678607263614,10000.0,38.5,71.4,297.75,823.0,14.67,9347.5,9347.5,9347.5,652.5,0.06525,0.15,0.43500000000000005,-40.43225403553736,32.342294690042046,523.6138455754989,0.06176745508800468,1.5591924855650314
tuna_synth_10000g,1,synth,2099-01-01 00:18:07.930937,18.132182275952893,75.419366857949,97.17950583434258,20.219006323057528,97.17950583434258,10000.0,38.9,71.0,302.5,823.0,14.67,9317.499999999998,9317.499999999998,9332.5,682.5000000000018,0.06825000000000019,0.15,0.45500000000000124,-40.43225403553736,33.66717032735503,523.6138455754989,0.06429770834335324,1.5591924855650314
tuna_synth_10000g,1,synth,2099-01-01 00:18:23.698052,18.39496752632902,75.15658160757286,95.57030526270825,18.86214130477398,95.57030526270825,10000.0,39.1,70.1,306.75,823.0,14.51,9307.500000000002,9307.500000000002,9312.5,692.4999999999982,0.06924999999999981,0.15,0.46166666666666545,-42.81062191998449,35.01065991990299,523.6138455754989,0.06686351061138025,1.5591924855650314
tuna_synth_10000g,1,synth,2099-01-01 00:18:39.465167,18.657752776705152,74.89379635719673,94.00149494041409,19.94076311677701,94.00149494041409,10000.0,39.4,69.8,311.0,814.0,14.62,9306.250000000002,9306.250000000002,9306.875000000002,693.7499999999982,0.06937499999999981,0.15,0.46249999999999875,-40.43225403553736,36.37276346768593,523.6138455754989,0.06946486189208571,1.5591924855650314
tuna_synth_10000g,1,synth,2099-01-01 00:18:55.232282,18.920538027081278,74.63101110682061,92.54503991301682,20.54502866577193,92.54503991301682,10000.0,39.7,69.6,315.0,818.0,14.67,9306.250000000002,9306.250000000002,9306.250000000002,693.7499999999982,0.06937499999999981,0.15,0.46249999999999875,-39.24307009331247,37.7523860321606,523.6138455754989,0.07209967106707676,1.5591924855650314
tuna_synth_10000g,1,synth,2099-01-01 00:19:10.999397,19.183323277457408,74.36822585644448,91.05025334821525,21.700975514931827,91.05025334821525,10000.0,40.0,69.1,319.25,819.0,14.62,9300.000000000002,9300.000000000002,9303.125000000002,699.9999999999982,0.06999999999999981,0.15,0.46666666666666545,-36.8647022088728,39.150622551870256,523.6138455754989,0.07477002925474628,1.5591924855650314
tuna_synth_10000g,1,synth,2099-01-01 00:19:26.766512,19.446108527833537,74.10544060606836,89.80009122187087,20.64983451342722,89.80009122187087,10000.0,40.3,68.8,322.75,821.0,14.62,9261.249999999998,9261.249999999998,9280.625,738.7500000000018,0.07387500000000018,0.15,0.4925000000000012,-36.8647022088728,40.56418821118517,523.6138455754989,0.07746966309991567,1.5591924855650314
tuna_synth_10000g,1,synth,2099-01-01 00:19:42.533627,19.708893778209667,73.84265535569222,88.50591135562333,16.818256024073587,88.50591135562333,10000.0,40.7,68.5,326.5,782.0,14.62,9240.0,9240.0,9250.625,760.0,0.076,0.15,0.5066666666666667,-43.999805862199196,41.994177948648606,523.6138455754989,0.08020066372097784,1.5591924855650314
tuna_synth_10000g,1,synth,2099-01-01 00:19:58.300742,19.971679028585793,73.57987010531609,87.37081613737524,16.375670339229508,87.37081613737524,10000.0,41.0,68.2,329.75,823.0,14.62,9240.0,9240.0,9240.0,760.0,0.076,0.15,0.5066666666666667,-45.188989804420906,43.43840188717408,523.6138455754989,0.08295884888114705,1.5591924855650314
tuna_synth_10000g,1,synth,2099-01-01 00:20:14.067857,20.234464278961923,73.31708485493996,86.38541511443437,15.470639355477932,86.38541511443437,10000.0,41.3,67.6,332.5,823.0,14.67,9217.499999999998,9217.499999999998,9228.75,782.5000000000018,0.07825000000000018,0.15,0.5216666666666679,-46.378173746642325,44.89467014967513,523.6138455754989,0.08574003634363761,1.5591924855650314
tuna_synth_10000g,1,synth,2099-01-01 00:20:29.834972,20.497249529338053,73.05429960456384,85.22278178994955,15.470639355476777,85.22278178994955,10000.0,41.6,67.2,336.0,822.0,14.58,9217.499999999998,9217.499999999998,9217.499999999998,782.5000000000018,0.07825000000000018,0.15,0.5216666666666679,-46.378173746645786,46.366267551781455,523.6138455754989,0.08855049946362809,1.5591924855650314
tuna_synth_10000g,1,synth,2099-01-01 00:20:45.602087,20.76003477971418,72.79151435418771,84.20581262992785,16.730660940612236,84.20581262992785,10000.0,42.0,66.4,339.0,822.0,14.53,9216.25,9216.25,9216.875,783.75,0.078375,0.15,0.5225000000000001,-42.81062191998434,47.85100421640658,523.6138455754989,0.09138605600433275,1.5591924855650314
tuna_synth_10000g,1,synth,2099-01-01 00:21:01.369202,21.022820030090312,72.52872910381157,83.32658658431066,16.175892078707076,83.32658658431066,10000.0,42.4,65.8,341.5,819.0,14.6,9192.499999999998,9192.499999999998,9204.375,807.5000000000018,0.08075000000000018,0.15,0.5383333333333346,-42.81062191998434,49.34669026646405,523.6138455754989,0.09424252372896592,1.5591924855650314
tuna_synth_10000g,1,synth,2099-01-01 00:21:17.136317,21.285605280466438,72.26594385343545,82.39815685141645,15.738705806308275,82.39815685141645,10000.0,42.7,65.2,344.25,816.0,14.6,9192.499999999998,9192.499999999998,9192.499999999998,807.5000000000018,0.08075000000000018,0.15,0.5383333333333346,-43.9998058622098,50.85442064049708,523.6138455754989,0.09712199375592043,1.5591924855650314
tuna_synth_10000g,1,synth,2099-01-01 00:21:32.903432,21.548390530842568,72.00315860305932,81.54129693015771,15.198930697430242,81.54129693015771,10000.0,43.0,64.4,346.75,816.0,14.73,9168.750000000002,9168.750000000002,9180.625,831.2499999999982,0.08312499999999982,0.15,0.5541666666666655,-43.99980586220257,52.37310039996247,523.6138455754989,0.10002237496680345,1.5591924855650314
tuna_synth_10000g,1,synth,2099-01-01 00:21:48.670547,21.811175781218697,71.74037335268319,80.75281563940091,15.198930697430242,80.75281563940091,10000.0,43.4,63.6,349.0,816.0,14.76,9168.750000000002,9168.750000000002,9168.750000000002,831.2499999999982,0.08312499999999982,0.15,0.5541666666666655,-43.99980586220257,53.90163460631695,523.6138455754989,0.10294157624322212,1.5591924855650314
tuna_synth_10000g,1,synth,2099-01-01 00:22:04.437662,22.073961031594827,71.47758810230707,80.08712966951244,15.198930697430242,80.08712966951244,10000.0,43.7,62.7,350.75,807.0,14.73,9168.750000000002,9168.750000000002,9168.750000000002,831.2499999999982,0.08312499999999982,0.15,0.5541666666666655,-43.99980586220257,55.43783338247406,523.6138455754989,0.10587541534839072,1.5591924855650314
tuna_synth_10000g,1,synth,2099-01-01 00:22:20.204777,22.336746281970953,71.21480285193093,79.25755652338604,13.720156230166385,79.25755652338604,10000.0,44.1,61.4,353.25,817.0,14.73,9120.000000000002,9120.000000000002,9144.375000000002,879.9999999999982,0.08799999999999981,0.15,0.5866666666666654,-45.18898980441734,56.984981544063515,523.6138455754989,0.10883016563748782,1.5591924855650314
tuna_synth_10000g,1,synth,2099-01-01 00:22:35.971892,22.599531532347083,70.9520176015548,78.6596441841161,13.720156230166385,78.6596441841161,10000.0,44.6,60.3,354.75,815.0,14.76,9120.000000000002,9120.000000000002,9120.000000000002,879.9999999999982,0.08799999999999981,0.15,0.5866666666666654,-45.18898980441734,58.53869933691238,523.6138455754989,0.11179746263694205,1.5591924855650314
tuna_synth_10000g,1,synth,2099-01-01 00:22:51.739007,22.862316782723212,70.68923235117867,77.84640656016325,14.090971263411967,77.84640656016325,10000.0,45.0,59.5,357.25,816.0,14.83,9120.000000000002,9120.000000000002,9120.000000000002,879.9999999999982,0.08799999999999981,0.15,0.5866666666666654,-43.99980586220257,60.10336651519357,523.6138455754989,0.11478567082032475,1.5591924855650314
tuna_synth_10000g,1,synth,2099-01-01 00:23:07.506122,23.12510203309934,70.42644710080255,77.36632499000996,13.166924124111251,77.36632499000996,10000.0,45.2,58.8,358.25,813.0,14.78,9095.0,9095.0,9107.5,905.0,0.0905,0.15,0.6033333333333334,-45.18898980441734,61.672413447647706,523.6138455754989,0.11778224347727886,1.5591924855650314
tuna_synth_10000g,1,synth,2099-01-01 00:23:23.273237,23.38788728347547,70.16366185042642,76.67402509708,12.890308071081682,76.67402509708,10000.0,45.6,58.0,360.25,809.0,14.89,9082.500000000002,9082.500000000002,9088.75,917.4999999999982,0.09174999999999982,0.15,0.6116666666666655,-45.188989804424565,63.25021988844771,523.6138455754989,0.12079554508137577,1.5591924855650314
tuna_synth_10000g,1,synth,2099-01-01 00:23:39.040352,23.650672533851598,69.90087660005028,76.04057812316826,12.890308071083743,76.04057812316826,10000.0,46.0,57.1,362.0,813.0,14.87,9082.500000000002,9082.500000000002,9082.500000000002,917.4999999999982,0.09174999999999982,0.15,0.6116666666666655,-45.18898980441734,64.83569089905035,523.6138455754989,0.12382348451422263,1.5591924855650314
tuna_synth_10000g,1,synth,2099-01-01 00:23:54.807467,23.913457784227727,69.63809134967416,75.46400781863875,13.153467126934881,75.46400781863875,10000.0,46.4,56.1,363.5,813.0,14.85,9078.749999999998,9078.749999999998,9080.625,921.2500000000018,0.09212500000000018,0.15,0.6141666666666679,-43.99980586220257,66.4277315409124,523.6138455754989,0.12686397065742663,1.5591924855650314
tuna_synth_10000g,1,synth,2099-01-01 00:24:10.574582,24.176243034603857,69.37530609929803,74.83965648015142,12.89778418062293,74.83965648015142,10000.0,46.8,55.2,365.25,811.0,14.85,9067.499999999996,9067.499999999996,9073.124999999996,932.5000000000036,0.09325000000000036,0.15,0.6216666666666691,-43.99980586220257,68.02743675257709,523.6138455754989,0.12991909462938053,1.5591924855650314
tuna_synth_10000g,1,synth,2099-01-01 00:24:26.341697,24.439028284979987,69.1125208489219,74.37253087078513,12.528464369283586,74.37253087078513,10000.0,47.2,54.0,366.25,814.0,14.85,9051.25,9051.25,9059.374999999998,948.75,0.094875,0.15,0.6325000000000001,-43.99980586220257,69.63152171841472,523.6138455754989,0.13298258307490587,1.5591924855650314
tuna_synth_10000g,1,synth,2099-01-01 00:24:42.108812,24.701813535356113,68.84973559854578,73.85677782833149,12.876477268429312,73.85677782833149,10000.0,47.5,53.2,367.5,810.0,14.73,9051.25,9051.25,9051.25,948.75,0.094875,0.15,0.6325000000000001,-42.81062191998434,71.24108137696851,523.6138455754989,0.13605652711239546,1.5591924855650314
tuna_synth_10000g,1,synth,2099-01-01 00:24:57.875927,24.964598785732242,68.58695034816964,73.39356712930316,12.876477268429312,73.39356712930316,10000.0,48.0,52.1,368.5,784.0,14.85,9051.25,9051.25,9051.25,948.75,0.094875,0.15,0.6325000000000001,-42.81062191998434,72.85502078969523,523.6138455754989,0.1391388356234564,1.5591924855650314
tuna_synth_10000g,1,synth,2099-01-01 00:25:13.643042,25.227384036108372,68.32416509779351,72.78388453260354,11.590960232806584,72.78388453260354,10000.0,48.4,50.7,370.25,838.0,14.73,9010.0,9010.0,9030.625,990.0,0.099,0.15,0.66,-43.99980586220257,74.47662477222458,523.6138455754989,0.1422357819632673,1.5591924855650314
tuna_synth_10000g,1,synth,2099-01-01 00:25:29.410157,25.4901692864845,68.06137984741738,72.2762006128714,11.285934963523928,72.2762006128714,10000.0,48.8,49.6,371.5,816.0,14.56,9010.0,9010.0,9010.0,990.0,0.099,0.15,0.66,-45.18898980441734,76.10370344747011,523.6138455754989,0.14534318389504247,1.5591924855650314
tuna_synth_10000g,1,synth,2099-01-01 00:25:45.177272,25.752954536860628,67.79859459704126,71.72276040024512,11.590960232806584,71.72276040024512,10000.0,49.1,48.5,373.0,814.0,14.8,9010.0,9010.0,9010.0,990.0,0.099,0.15,0.66,-43.99980586220257,77.73735175397505,523.6138455754989,0.14846313253717475,1.5591924855650314
tuna_synth_10000g,1,synth,2099-01-01 00:26:00.944387,26.015739787236758,67.53580934666513,71.22042017191227,11.620947738854529,71.22042017191227,10000.0,49.5,47.8,374.25,807.0,14.85,8997.499999999998,8997.499999999998,9003.75,1002.5000000000018,0.10025000000000019,0.15,0.6683333333333346,-42.81062191998434,79.37647475319615,523.6138455754989,0.15159353677127127,1.5591924855650314
tuna_synth_10000g,1,synth,2099-01-01 00:26:16.711502,26.27852503761289,67.27302409628899,70.91009124985929,11.620947738854529,70.91009124985929,10000.0,49.9,46.8,374.5,811.0,14.87,8997.499999999998,8997.499999999998,8997.499999999998,1002.5000000000018,0.10025000000000019,0.15,0.6683333333333346,-42.81062191998434,81.01669269096048,523.6138455754989,0.15472603212376063,1.5591924855650314
tuna_synth_10000g,1,synth,2099-01-01 00:26:32.478617,26.541310287989013,67.01023884591288,70.45846421186704,10.454591582531387,70.45846421186704,10000.0,50.3,45.7,375.5,816.0,14.78,8959.999999999998,8959.999999999998,8978.749999999998,1040.0000000000018,0.10400000000000018,0.15,0.6933333333333346,-43.99980586220257,82.66129038289775,523.6138455754989,0.1578668919498214,1.5591924855650314
tuna_synth_10000g,1,synth,2099-01-01 00:26:48.245732,26.804095538365146,66.74745359553674,70.00853828629337,10.151809146110985,70.00853828629337,10000.0,50.8,44.6,376.5,816.0,14.73,8958.75,8958.75,8959.375,1041.25,0.104125,0.15,0.6941666666666667,-45.18898980441734,84.31026782900796,523.6138455754989,0.16101611624945356,1.5591924855650314
tuna_synth_10000g,1,synth,2099-01-01 00:27:04.012847,27.066880788741276,66.48466834516061,69.467941376051,10.151809146110985,69.467941376051,10000.0,51.1,43.8,378.0,822.0,14.78,8958.75,8958.75,8958.75,1041.25,0.104125,0.15,0.6941666666666667,-45.18898980441734,85.96581490637757,523.6138455754989,0.16417788725944285,1.5591924855650314
tuna_synth_10000g,1,synth,2099-01-01 00:27:19.779962,27.329666039117402,66.22188309478449,68.97619125627457,9.266637776422874,68.97619125627457,10000.0,51.6,42.8,379.25,827.0,14.73,8918.750000000002,8918.750000000002,8938.75,1081.2499999999982,0.10812499999999982,0.15,0.7208333333333321,-45.18898980441734,87.62683667646336,523.6138455754989,0.16735011386139637,1.5591924855650314
tuna_synth_10000g,1,synth,2099-01-01 00:27:35.547077,27.592451289493532,65.95909784440835,68.71340600589843,9.266637776422874,68.71340600589843,10000.0,52.0,42.1,379.25,797.0,15.49,8918.750000000002,8918.750000000002,8918.750000000002,1081.2499999999982,0.10812499999999982,0.15,0.7208333333333321,-45.18898980441734,89.28785844654914,523.6138455754989,0.1705223404633499,1.5591924855650314
tuna_synth_10000g,1,synth,2099-01-01 00:27:51.314192,27.85523653986966,65.69631259403222,68.40535500716533,11.004132359502417,68.40535500716533,10000.0,52.3,41.3,379.5,815.0,14.76,8918.750000000002,8918.750000000002,8918.750000000002,1081.2499999999982,0.10812499999999982,0.15,0.7208333333333321,-38.053886151087404,90.94997515517815,523.6138455754989,0.17369665818369626,1.5591924855650314
tuna_synth_10000g,1,synth,2099-01-01 00:28:07.081307,28.118021790245788,65.4335273436561,68.00764795204134,13.748924299677407,68.00764795204134,10000.0,52.7,40.4,380.25,816.0,14.73,8908.75,8908.75,8913.75,1091.25,0.109125,0.15,0.7275,-29.729598555545948,92.61537667943686,523.6138455754989,0.1768772492592212,1.5591924855650314
tuna_synth_10000g,1,synth,2099-01-01 00:28:22.848422,28.380807040621917,65.17074209327997,67.56648198572543,13.664833019557117,67.56648198572543,10000.0,53.0,39.6,381.25,818.0,14.73,8906.250000000002,8906.250000000002,8907.5,1093.7499999999982,0.10937499999999982,0.15,0.7291666666666655,-29.729598555545948,94.28515795786852,523.6138455754989,0.1800662048083175,1.5591924855650314
tuna_synth_10000g,1,synth,2099-01-01 00:28:38.615537,28.64359229099805,64.90795684290384,67.12693680863714,13.034148418654484,67.12693680863714,10000.0,53.5,38.6,382.25,817.0,14.62,8887.500000000002,8887.500000000002,8896.875000000002,1112.4999999999982,0.11124999999999982,0.15,0.7416666666666655,-29.729598555545948,95.95931899047312,523.6138455754989,0.18326352483098526,1.5591924855650314
tuna_synth_10000g,1,synth,2099-01-01 00:28:54.382652,28.906377541374173,64.64517159252772,66.7327019431005,12.992102778594123,66.7327019431005,10000.0,53.9,37.5,383.0,816.0,14.73,8886.249999999996,8886.249999999996,8886.875,1113.7500000000036,0.11137500000000036,0.15,0.7425000000000025,-29.729598555545948,97.6367648387074,523.6138455754989,0.18646711820883152,1.5591924855650314
tuna_synth_10000g,1,synth,2099-01-01 00:29:10.149768,29.169162791750306,64.38238634215158,66.46991669272437,12.992102778594123,66.46991669272437,10000.0,54.2,36.9,383.0,810.0,14.85,8886.249999999996,8886.249999999996,8886.249999999996,1113.7500000000036,0.11137500000000036,0.15,0.7425000000000025,-29.729598555545948,99.31421068694169,523.6138455754989,0.18967071158667778,1.5591924855650314
tuna_synth_10000g,1,synth,2099-01-01 00:29:25.916883,29.431948042126436,64.11960109177545,66.03403270096092,14.763753157489377,66.03403270096092,10000.0,54.7,35.9,384.0,813.0,14.94,8886.249999999996,8886.249999999996,8886.249999999996,1113.7500000000036,0.11137500000000036,0.15,0.7425000000000025,-26.162046728887425,100.99603628934892,523.6138455754989,0.19288266943809548,1.5591924855650314
tuna_synth_10000g,1,synth,2099-01-01 00:29:41.683998,29.694733292502562,63.856815841399325,65.72828451453994,13.33037906452923,65.72828451453994,10000.0,55.0,35.2,384.25,811.0,14.73,8848.749999999996,8848.749999999996,8867.499999999996,1151.2500000000036,0.11512500000000037,0.15,0.7675000000000025,-26.162046728887425,102.67895683029937,523.6138455754989,0.196096718407906,1.5591924855650314
tuna_synth_10000g,1,synth,2099-01-01 00:29:57.451113,29.95751854287869,63.5940305910232,65.33745715147315,11.730733576788857,65.33745715147315,10000.0,55.5,34.4,385.0,814.0,14.8,8848.749999999996,8848.749999999996,8848.749999999996,1151.2500000000036,0.11512500000000037,0.15,0.7675000000000025,-29.729598555545948,104.36516218687953,523.6138455754989,0.19931704073289505,1.5591924855650314
tuna_synth_10000g,1,synth,2099-01-01 00:30:13.218228,30.22030379325482,63.331245340647065,65.07467190109702,11.730733576788857,65.07467190109702,10000.0,55.9,33.6,385.0,810.0,14.94,8848.749999999996,8848.749999999996,8848.749999999996,1151.2500000000036,0.11512500000000037,0.15,0.7675000000000025,-29.729598555545948,106.05136754345969,523.6138455754989,0.2025373630578841,1.5591924855650314
tuna_synth_10000g,1,synth,2099-01-01 00:30:28.985343,30.483089043630947,63.06846009027094,64.72748370402687,9.1702990820909,64.72748370402687,10000.0,56.2,32.9,385.5,804.0,14.99,8816.249999999998,8816.249999999998,8832.499999999996,1183.7500000000018,0.11837500000000019,0.15,0.7891666666666679,-34.48633432442977,107.73976277712633,523.6138455754989,0.20576186761965892,1.5591924855650314
tuna_synth_10000g,1,synth,2099-01-01 00:30:44.752458,30.745874294007077,62.805674839894806,64.29722760318752,9.1702990820909,64.29722760318752,10000.0,56.6,32.4,386.5,802.0,15.06,8816.249999999998,8816.249999999998,8816.249999999998,1183.7500000000018,0.11837500000000019,0.15,0.7891666666666679,-34.48633432442977,109.43253776496589,523.6138455754989,0.2089947366550051,1.5591924855650314
tuna_synth_10000g,1,synth,2099-01-01 00:31:00.519573,31.00865954438321,62.54288958951868,63.9928798268882,10.228410514637657,63.9928798268882,10000.0,57.1,31.7,386.75,807.0,15.06,8816.249999999998,8816.249999999998,8816.249999999998,1183.7500000000018,0.11837500000000019,0.15,0.7891666666666679,-30.918782497771247,111.12640769134867,523.6138455754989,0.2122296968087441,1.5591924855650314
tuna_synth_10000g,1,synth,2099-01-01 00:31:16.286688,31.271444794759333,62.280104339142554,63.606237389750355,10.228410514637657,63.606237389750355,10000.0,57.3,31.3,387.5,805.0,15.03,8816.249999999998,8816.249999999998,8816.249999999998,1183.7500000000018,0.11837500000000019,0.15,0.7891666666666679,-30.918782497771247,112.82356243336116,523.6138455754989,0.21547093031766162,1.5591924855650314
tuna_synth_10000g,1,synth,2099-01-01 00:31:32.053803,31.534230045135466,62.01731908876642,63.261485338614236,13.296933669030238,63.261485338614236,10000.0,57.7,30.7,388.0,798.0,15.17,8816.249999999998,8816.249999999998,8816.249999999998,1183.7500000000018,0.11837500000000019,0.15,0.7891666666666679,-23.783678844437123,114.52290705246014,523.6138455754989,0.21871634606336493,1.5591924855650314
tuna_synth_10000g,1,synth,2099-01-01 00:31:47.820918,31.797015295511596,61.75453383839029,62.876652206555896,12.87647726843043,62.876652206555896,10000.0,58.0,30.3,388.75,795.0,15.24,8806.250000000002,8806.250000000002,8811.25,1193.7499999999982,0.11937499999999981,0.15,0.7958333333333322,-23.783678844433823,116.2255364871888,523.6138455754989,0.22196803516424676,1.5591924855650314
tuna_synth_10000g,1,synth,2099-01-01 00:32:03.588033,32.05980054588772,61.49174858801417,62.61386695617976,12.87647726843043,62.61386695617976,10000.0,58.4,29.9,388.75,806.0,15.03,8806.250000000002,8806.250000000002,8806.250000000002,1193.7499999999982,0.11937499999999981,0.15,0.7958333333333322,-23.783678844433823,117.92816592191748,523.6138455754989,0.2252197242651286,1.5591924855650314
tuna_synth_10000g,1,synth,2099-01-01 00:32:19.355148,32.32258579626385,61.228963337638035,62.19043034735289,13.840023186473756,62.19043034735289,10000.0,58.8,28.5,389.75,799.0,15.03,8796.249999999998,8796.249999999998,8801.25,1203.7500000000018,0.12037500000000018,0.15,0.8025000000000012,-21.40531095999403,119.63517511081909,523.6138455754989,0.22847977783958182,1.5591924855650314
tuna_synth_10000g,1,synth,2099-01-01 00:32:35.122263,32.585371046639985,60.9661780872619,61.927645096976754,12.204914961911362,61.927645096976754,10000.0,59.1,27.5,389.75,796.0,15.27,8761.249999999996,8761.249999999996,8778.749999999996,1238.7500000000036,0.12387500000000036,0.15,0.8258333333333358,-21.40531095999403,121.34218429972071,523.6138455754989,0.2317398314140351,1.5591924855650314
tuna_synth_10000g,1,synth,2099-01-01 00:32:50.889378,32.84815629701611,60.703392836885776,61.70460801418533,12.204914961911362,61.70460801418533,10000.0,59.6,26.2,389.5,797.0,15.2,8761.249999999996,8761.249999999996,8761.249999999996,1238.7500000000036,0.12387500000000036,0.15,0.8258333333333358,-21.40531095999403,123.04809855007908,523.6138455754989,0.23499779387009545,1.5591924855650314
tuna_synth_10000g,1,synth,2099-01-01 00:33:06.656493,33.11094154739224,60.44060758650965,61.323236073198984,13.730529332147588,61.323236073198984,10000.0,60.0,25.0,390.25,795.0,15.22,8761.249999999996,8761.249999999996,8761.249999999996,1238.7500000000036,0.12387500000000036,0.15,0.8258333333333358,-19.02694307555398,124.75729761606715,523.6138455754989,0.23826202968133436,1.5591924855650314
tuna_synth_10000g,1,synth,2099-01-01 00:33:22.423608,33.37372679776837,60.17782233613352,60.98198219061146,13.730529332147588,60.98198219061146,10000.0,60.3,24.3,390.75,791.0,15.13,8761.249999999996,8761.249999999996,8761.249999999996,1238.7500000000036,0.12387500000000036,0.15,0.8258333333333358,-19.02694307555398,126.46868655914167,523.6138455754989,0.24153044772935897,1.5591924855650314
tuna_synth_10000g,1,synth,2099-01-01 00:33:38.190723,33.636512048144496,59.91503708575739,60.71919694023534,13.664833019558554,60.71919694023534,10000.0,60.6,23.4,390.75,793.0,15.36,8759.999999999998,8759.999999999998,8760.624999999996,1240.0000000000018,0.12400000000000018,0.15,0.8266666666666679,-19.026943075547187,128.1800755022162,523.6138455754989,0.24479886577738358,1.5591924855650314
tuna_synth_10000g,1,synth,2099-01-01 00:33:53.957838,33.89929729852062,59.652251835381264,60.22421590806099,13.402047769187115,60.22421590806099,10000.0,61.1,22.4,392.25,787.0,15.36,8754.999999999996,8754.999999999996,8757.499999999996,1245.0000000000036,0.12450000000000036,0.15,0.8300000000000024,-19.026943075540395,129.89803407655015,523.6138455754989,0.2480798305357653,1.5591924855650314
tuna_synth_10000g,1,synth,2099-01-01 00:34:09.724953,34.162082548896755,59.38946658500513,59.961430657684865,13.007869893618139,59.961430657684865,10000.0,61.3,21.7,392.25,787.0,15.36,8747.499999999996,8747.499999999996,8751.249999999996,1252.5000000000036,0.12525000000000036,0.15,0.8350000000000024,-19.026943075547187,131.6159926508841,523.6138455754989,0.25136079529414707,1.5591924855650314
tuna_synth_10000g,1,synth,2099-01-01 00:34:25.492068,34.42486779927288,59.126681334629005,59.77517563150489,12.350906767677818,59.77517563150489,10000.0,61.7,20.9,391.75,785.0,15.46,8734.999999999996,8734.999999999996,8741.249999999996,1265.0000000000036,0.12650000000000036,0.15,0.8433333333333358,-19.026943075547187,133.33176134813158,523.6138455754989,0.2546375778157431,1.5591924855650314
tuna_synth_10000g,1,synth,2099-01-01 00:34:41.259183,34.687653049649015,58.86389608425287,59.39817030030422,11.825336266925754,59.39817030030422,10000.0,62.2,20.2,392.5,784.0,15.39,8725.0,8725.0,8729.999999999998,1275.0,0.1275,0.15,0.8500000000000001,-19.026943075547187,135.05081486100875,523.6138455754989,0.25792063369251766,1.5591924855650314
tuna_synth_10000g,1,synth,2099-01-01 00:34:57.026298,34.95043830002514,58.601110833876746,59.05981485870634,10.971284203203243,59.05981485870634,10000.0,62.6,19.1,393.0,785.0,15.49,8708.749999999998,8708.749999999998,8716.875,1291.2500000000018,0.12912500000000018,0.15,0.8608333333333346,-19.026943075547187,136.77205825097238,523.6138455754989,0.2612078718060779,1.5591924855650314
tuna_synth_10000g,1,synth,2099-01-01 00:35:12.793413,35.21322355040127,58.33832558350062,58.6471316010746,10.971284203203243,58.6471316010746,10000.0,63.0,18.0,394.0,778.0,15.71,8708.749999999998,8708.749999999998,8708.749999999998,1291.2500000000018,0.12912500000000018,0.15,0.8608333333333346,-19.026943075547187,138.49768139510897,523.6138455754989,0.2645034743932096,1.5591924855650314
tuna_synth_10000g,1,synth,2099-01-01 00:35:28.560528,35.4760088007774,58.075540333124486,58.42158262473091,9.769428131628601,58.42158262473091,10000.0,63.2,17.1,393.75,783.0,15.46,8697.499999999998,8697.499999999998,8703.124999999998,1302.5000000000018,0.13025000000000017,0.15,0.8683333333333345,-20.21612701777194,140.2222096007023,523.6138455754989,0.2677969858619484,1.5591924855650314
tuna_synth_10000g,1,synth,2099-01-01 00:35:44.327643,35.738794051153526,57.81275508274836,57.93708358830267,9.226682124317357,57.93708358830267,10000.0,63.6,16.0,395.25,784.0,15.44,8697.499999999998,8697.499999999998,8697.499999999998,1302.5000000000018,0.13025000000000017,0.15,0.8683333333333345,-21.405310959990437,141.95330743755505,523.6138455754989,0.2711030440410443,1.5591924855650314
tuna_synth_10000g,1,synth,2099-01-01 00:36:00.094758,36.00157930152965,57.549969832372234,57.7109673781723,9.583932660775071,57.7109673781723,10000.0,64.0,15.0,395.0,783.0,15.56,8693.750000000002,8693.750000000002,8695.625,1306.2499999999982,0.13062499999999982,0.15,0.8708333333333322,-20.21612701777194,143.68331033586458,523.6138455754989,0.2744070111017474,1.5591924855650314
tuna_synth_10000g,1,synth,2099-01-01 00:36:15.861873,36.264364551905786,57.2871845819961,57.375222624157516,8.96561442459595,57.375222624157516,10000.0,64.4,14.0,395.5,784.0,15.51,8681.25,8681.25,8687.5,1318.75,0.131875,0.15,0.8791666666666667,-20.21612701777194,145.41550311126056,523.6138455754989,0.2777151603992362,1.5591924855650314
tuna_synth_10000g,1,synth,2099-01-01 00:36:31.628988,36.52714980228192,57.02439933161997,57.148727837174285,8.467524734341957,57.148727837174285,10000.0,64.8,13.1,395.25,784.0,15.51,8681.25,8681.25,8681.25,1318.75,0.131875,0.15,0.8791666666666667,-21.405310959990437,147.1466009481133,523.6138455754989,0.2810212185783321,1.5591924855650314
tuna_synth_10000g,1,synth,2099-01-01 00:36:47.396103,36.78993505265804,56.76161408124385,56.70577635780327,8.718287130124338,56.76161408124385,10000.0,65.2,12.9,396.5,782.0,15.49,8676.25,8676.25,8678.75,1323.75,0.132375,0.15,0.8825,-20.21612701777194,148.88317347768222,523.6138455754989,0.28433773234939225,1.5591924855650314
tuna_synth_10000g,1,synth,2099-01-01 00:37:03.163218,37.05272030303417,56.498828830867716,56.478767622479396,9.263180075758507,56.498828830867716,10000.0,65.5,12.1,396.25,784.0,15.49,8676.25,8676.25,8676.25,1323.75,0.132375,0.15,0.8825,-19.026943075547187,150.61865106870792,523.6138455754989,0.28765215500205965,1.5591924855650314
tuna_synth_10000g,1,synth,2099-01-01 00:37:18.930333,37.315505553410304,56.23604358049158,56.18037154762503,9.263180075758507,56.23604358049158,10000.0,65.9,11.5,396.5,779.0,15.61,8676.25,8676.25,8676.25,1323.75,0.132375,0.15,0.8825,-19.026943075547187,152.35522359827684,523.6138455754989,0.2909686687731198,1.5591924855650314
tuna_synth_10000g,1,synth,2099-01-01 00:37:34.697448,37.57829080378643,55.973258330115456,55.917586297248896,8.737609575004626,55.973258330115456,10000.0,66.3,11.2,396.5,779.0,16.43,8666.249999999998,8666.249999999998,8671.25,1333.7500000000018,0.1333750000000002,0.15,0.889166666666668,-19.02694307555052,154.09179612784575,523.6138455754989,0.29428518254417996,1.5591924855650314
tuna_synth_10000g,1,synth,2099-01-01 00:37:50.464563,37.841076054162556,55.71047307973933,55.65480104687276,8.16180071756312,55.71047307973933,10000.0,66.7,10.7,396.5,784.0,15.49,8664.999999999998,8664.999999999998,8665.624999999998,1335.0000000000018,0.13350000000000017,0.15,0.8900000000000012,-20.21612701777194,155.82836865741467,523.6138455754989,0.29760169631524014,1.5591924855650314
tuna_synth_10000g,1,synth,2099-01-01 00:38:06.231678,38.10386130453869,55.4476878293632,55.2520037183913,8.16180071756312,55.4476878293632,10000.0,67.0,10.5,397.5,784.0,15.63,8664.999999999998,8664.999999999998,8664.999999999998,1335.0000000000018,0.13350000000000017,0.15,0.8900000000000012,-20.21612701777194,157.56932094115655,523.6138455754989,0.30092657455987176,1.5591924855650314
tuna_synth_10000g,1,synth,2099-01-01 00:38:21.998793,38.366646554914816,55.18490257898707,54.98921846801517,8.16180071756312,55.18490257898707,10000.0,67.4,10.1,397.5,775.0,15.71,8664.999999999998,8664.999999999998,8664.999999999998,1335.0000000000018,0.13350000000000017,0.15,0.8900000000000012,-20.21612701777194,159.3102732248984,523.6138455754989,0.30425145280450333,1.5591924855650314
tuna_synth_10000g,1,synth,2099-01-01 00:38:37.765908,38.62943180529094,54.922117328610945,54.69187054104067,7.007606676696876,54.922117328610945,10000.0,67.9,9.4,397.75,709.0,15.71,8650.000000000002,8650.000000000002,8657.5,1349.9999999999982,0.13499999999999981,0.15,0.8999999999999988,-21.405310959990437,161.05232044718346,523.6138455754989,0.30757842216752773,1.5591924855650314
tuna_synth_10000g,1,synth,2099-01-01 00:38:53.533023,38.892217055667075,54.65933207823481,54.39473110062619,7.007606676696876,54.65933207823481,10000.0,68.2,9.4,398.0,777.0,15.58,8650.000000000002,8650.000000000002,8650.000000000002,1349.9999999999982,0.13499999999999981,0.15,0.8999999999999988,-21.405310959990437,162.79546260801177,523.6138455754989,0.31090748264894497,1.5591924855650314
tuna_synth_10000g,1,synth,2099-01-01 00:39:09.300138,39.1550023060432,54.396546827858685,54.13194585025008,7.4198188341496385,54.396546827858685,10000.0,68.5,9.1,398.0,784.0,15.49,8650.000000000002,8650.000000000002,8650.000000000002,1349.9999999999982,0.13499999999999981,0.15,0.8999999999999988,-20.216127017768734,164.5386047688401,523.6138455754989,0.31423654313036226,1.5591924855650314
tuna_synth_10000g,1,synth,2099-01-01 00:39:25.067253,39.417787556419334,54.13376157748255,53.93725109779878,7.4198188341496385,54.13376157748255,10000.0,68.9,8.8,397.5,784.0,15.49,8650.000000000002,8650.000000000002,8650.000000000002,1349.9999999999982,0.13499999999999981,0.15,0.8999999999999988,-20.216127017768734,166.27955705258196,523.6138455754989,0.3175614213749939,1.5591924855650314
tuna_synth_10000g,1,synth,2099-01-01 00:39:40.834368,39.68057280679546,53.870976327106426,53.53911515457999,7.4198188341496385,53.870976327106426,10000.0,69.1,8.6,398.5,784.0,15.49,8650.000000000002,8650.000000000002,8650.000000000002,1349.9999999999982,0.13499999999999981,0.15,0.8999999999999988,-20.216127017768734,168.02488909049677,523.6138455754989,0.3208946640931969,1.5591924855650314
tuna_synth_10000g,1,synth,2099-01-01 00:39:56.601483,39.94335805717159,53.6081910767303,53.309938890490486,7.4198188341496385,53.6081910767303,10000.0,69.3,8.6,398.25,774.0,15.76,8650.000000000002,8650.000000000002,8650.000000000002,1349.9999999999982,0.13499999999999981,0.15,0.8999999999999988,-20.216127017768734,169.76912618986833,523.6138455754989,0.324225815693007,1.5591924855650314
tuna_synth_10000g,1,synth,2099-01-01 00:40:12.368598,40.20614330754772,53.34540582635417,53.01370951283048,7.4198188341496385,53.34540582635417,10000.0,69.8,8.3,398.5,778.0,15.83,8650.000000000002,8650.000000000002,8650.000000000002,1349.9999999999982,0.13499999999999981,0.15,0.8999999999999988,-20.216127017768734,171.5144582277831,523.6138455754989,0.32755905841120997,1.5591924855650314
tuna_synth_10000g,1,synth,2099-01-01 00:40:28.135713,40.468928557923846,53.08262057597804,52.7176868270231,10.511410015045076,53.08262057597804,10000.0,70.1,8.5,398.75,756.0,15.49,8650.000000000002,8650.000000000002,8650.000000000002,1349.9999999999982,0.13499999999999981,0.15,0.8999999999999988,-14.270207306660616,173.26088520424113,523.6138455754989,0.3308943922478058,1.5591924855650314
tuna_synth_10000g,1,synth,2099-01-01 00:40:43.902828,40.73171380829997,52.819835325601915,52.421870444549846,15.767115022567758,52.819835325601915,10000.0,70.5,8.3,399.0,786.0,15.58,8650.000000000002,8650.000000000002,8650.000000000002,1349.9999999999982,0.13499999999999981,0.15,0.8999999999999988,-9.513471537773658,175.0084071192424,523.6138455754989,0.3342318172027945,1.5591924855650314
tuna_synth_10000g,1,synth,2099-01-01 00:40:59.669944,40.994499058676105,52.55705007522578,52.126259977865296,18.019560025799493,52.55705007522578,10000.0,70.9,8.1,399.25,768.0,15.86,8650.000000000002,8650.000000000002,8650.000000000002,1349.9999999999982,0.13499999999999981,0.15,0.8999999999999988,-8.32428759554836,176.7570239727869,523.6138455754989,0.337571333276176,1.5591924855650314
tuna_synth_10000g,1,synth,2099-01-01 00:41:15.437059,41.25728430905224,52.29426482484965,51.89613529138507,31.534230045158672,52.29426482484965,10000.0,71.1,8.3,399.0,769.0,15.76,8650.000000000002,8650.000000000002,8650.000000000002,1349.9999999999982,0.13499999999999981,0.15,0.8999999999999988,-4.756735768883336,178.50454588778814,523.6138455754989,0.3409087582311647,1.5591924855650314
tuna_synth_10000g,1,synth,2099-01-01 00:41:31.204174,41.52006955942836,52.03147957447353,51.600854026424486,29.95751854289961,52.03147957447353,10000.0,71.4,8.2,399.25,779.0,15.63,8642.499999999996,8642.499999999996,8646.25,1357.5000000000036,0.13575000000000037,0.15,0.9050000000000025,-4.756735768883336,180.25316274133266,523.6138455754989,0.34424827430454624,1.5591924855650314
tuna_synth_10000g,1,synth,2099-01-01 00:41:46.971289,41.78285480980449,51.768694324097396,51.33806877604836,29.95751854289961,51.768694324097396,10000.0,71.6,8.0,399.25,779.0,15.56,8642.499999999996,8642.499999999996,8642.499999999996,1357.5000000000036,0.13575000000000037,0.15,0.9050000000000025,-4.756735768883336,182.00177959487715,523.6138455754989,0.34758779037792775,1.5591924855650314
tuna_synth_10000g,1,synth,2099-01-01 00:42:02.738404,42.045640060180624,51.50590907372126,51.01107080675284,28.11802179026576,51.50590907372126,10000.0,71.9,7.8,399.75,784.0,15.49,8633.749999999998,8633.749999999998,8638.124999999996,1366.2500000000018,0.1366250000000002,0.15,0.9108333333333346,-4.756735768883336,183.7525863255081,523.6138455754989,0.350931488688095,1.5591924855650314
tuna_synth_10000g,1,synth,2099-01-01 00:42:18.505519,42.30842531055675,51.24312382334514,50.620996546253814,22.4944174321967,51.24312382334514,10000.0,72.3,8.0,400.75,784.0,15.53,8633.749999999998,8633.749999999998,8633.749999999998,1366.2500000000018,0.1366250000000002,0.15,0.9108333333333346,-5.945919711108375,185.507772810312,523.6138455754989,0.3542835514718336,1.5591924855650314
tuna_synth_10000g,1,synth,2099-01-01 00:42:34.272634,42.571210560932876,50.98033857296901,50.263651526488665,20.812591829789138,50.98033857296901,10000.0,72.6,7.9,401.5,784.0,15.49,8623.749999999996,8623.749999999996,8628.749999999996,1376.2500000000036,0.13762500000000036,0.15,0.9175000000000024,-5.945919711108375,187.2662441107456,523.6138455754989,0.3576418876107508,1.5591924855650314
tuna_synth_10000g,1,synth,2099-01-01 00:42:50.039749,42.83399581130901,50.71755332259288,49.969588334901275,20.812591829789138,50.71755332259288,10000.0,72.9,7.9,401.75,793.0,15.29,8623.749999999996,8623.749999999996,8623.749999999996,1376.2500000000036,0.13762500000000036,0.15,0.9175000000000024,-5.945919711108375,189.02581034972243,523.6138455754989,0.36100231486806084,1.5591924855650314
tuna_synth_10000g,1,synth,2099-01-01 00:43:05.806864,43.096781061685135,50.45476807221675,49.67572746988901,104.0629591489457,104.0629591489457,10000.0,73.2,8.1,402.0,791.0,14.8,8623.749999999996,8623.749999999996,8623.749999999996,1376.2500000000036,0.13762500000000036,0.15,0.9175000000000024,-1.189183942221675,190.7864715272425,523.6138455754989,0.36436483324376373,1.5591924855650314
tuna_synth_10000g,1,synth,2099-01-01 00:43:21.573979,43.35956631206126,50.191982821840625,49.412942219512885,98.80725414142303,98.80725414142303,10000.0,73.5,8.0,402.0,794.0,15.34,8617.499999999996,8617.499999999996,8620.624999999996,1382.5000000000036,0.13825000000000037,0.15,0.9216666666666692,-1.189183942221675,192.54713270476253,523.6138455754989,0.3677273516194665,1.5591924855650314
tuna_synth_10000g,1,synth,2099-01-01 00:43:37.341094,43.622351562437395,49.92919757146449,49.150156969136766,16.46787569023717,49.92919757146449,10000.0,73.8,7.9,402.0,795.0,15.32,8617.499999999996,8617.499999999996,8617.499999999996,1382.5000000000036,0.13825000000000037,0.15,0.9216666666666692,-7.13510365333005,194.3077938822826,523.6138455754989,0.3710898699951694,1.5591924855650314
tuna_synth_10000g,1,synth,2099-01-01 00:43:53.108209,43.88513681281352,49.666412321088366,48.82631562314679,18.920538027092196,49.666412321088366,10000.0,74.1,8.1,402.5,789.0,15.27,8612.5,8612.5,8614.999999999998,1387.5,0.13875,0.15,0.9250000000000002,-5.945919711105042,196.07064493688912,523.6138455754989,0.37445657060765797,1.5591924855650314
tuna_synth_10000g,1,synth,2099-01-01 00:44:08.875324,44.147922063189654,49.40362707071223,48.472718874401515,18.920538027092608,49.40362707071223,10000.0,74.4,8.0,403.25,778.0,15.22,8612.5,8612.5,8612.5,1387.5,0.13875,0.15,0.9250000000000002,-5.945919711104914,197.83678080712536,523.6138455754989,0.37782954457532514,1.5591924855650314
tuna_synth_10000g,1,synth,2099-01-01 00:44:24.642439,44.41070731356578,49.14084182033611,48.17990096053443,23.650672533869198,49.14084182033611,10000.0,74.6,7.9,403.5,799.0,15.1,8612.5,8612.5,8612.5,1387.5,0.13875,0.15,0.9250000000000002,-4.756735768883239,199.60401161590482,523.6138455754989,0.3812046096613851,1.5591924855650314
tuna_synth_10000g,1,synth,2099-01-01 00:44:40.409554,44.673492563941906,48.87805656995998,47.88728295414559,23.650672533869198,48.87805656995998,10000.0,74.9,7.9,403.75,810.0,14.83,8612.5,8612.5,8612.5,1387.5,0.13875,0.15,0.9250000000000002,-4.756735768883239,201.37233736322753,523.6138455754989,0.3845817658658379,1.5591924855650314
tuna_synth_10000g,1,synth,2099-01-01 00:44:56.176669,44.93627781431804,48.61527131958385,47.59486448411962,21.811175781234162,48.61527131958385,10000.0,75.3,8.2,404.0,814.0,14.76,8603.749999999996,8603.749999999996,8608.124999999998,1396.2500000000036,0.13962500000000036,0.15,0.9308333333333357,-4.756735768883239,203.14175804909348,523.6138455754989,0.38796101318868365,1.5591924855650314
tuna_synth_10000g,1,synth,2099-01-01 00:45:11.943784,45.199063064694165,48.35248606920772,47.30264518025918,21.54839053085822,48.35248606920772,10000.0,75.7,8.1,404.25,823.0,14.53,8602.499999999998,8602.499999999998,8603.124999999996,1397.5000000000018,0.13975000000000018,0.15,0.9316666666666679,-4.756735768883239,204.91227367350265,523.6138455754989,0.39134235162992215,1.5591924855650314
tuna_synth_10000g,1,synth,2099-01-01 00:45:27.710899,45.46184831507029,48.089700818831595,46.98142553188397,8.67191326241859,48.089700818831595,10000.0,76.1,8.1,404.75,827.0,14.58,8582.5,8582.5,8592.5,1417.5,0.14175,0.15,0.945,-9.513471537766605,206.6849791749983,523.6138455754989,0.3947278723079464,1.5591924855650314
tuna_synth_10000g,1,synth,2099-01-01 00:45:43.478014,45.724633565446425,47.82691556845546,46.776749651367936,7.708367344368974,47.82691556845546,10000.0,76.3,8.3,404.25,833.0,14.15,8582.5,8582.5,8582.5,1417.5,0.14175,0.15,0.945,-10.702655479991742,208.45549479940746,523.6138455754989,0.3981092107491849,1.5591924855650314
tuna_synth_10000g,1,synth,2099-01-01 00:45:59.245129,45.98741881582256,47.56413031807933,46.48505417252989,7.708367344368974,47.56413031807933,10000.0,76.5,8.3,404.5,831.0,14.4,8582.5,8582.5,8582.5,1417.5,0.14175,0.15,0.945,-10.702655479991742,210.22710536235985,523.6138455754989,0.40149264030881626,1.5591924855650314
tuna_synth_10000g,1,synth,2099-01-01 00:46:15.012244,46.25020406619868,47.30134506770321,46.16487996638521,7.708367344368974,47.30134506770321,10000.0,76.8,8.2,405.0,833.0,14.36,8582.5,8582.5,8582.5,1417.5,0.14175,0.15,0.945,-10.702655479991742,212.00090580239873,523.6138455754989,0.4048802521052334,1.5591924855650314
tuna_synth_10000g,1,synth,2099-01-01 00:46:30.779359,46.51298931657481,47.03855981732708,45.84517131284461,7.708367344368974,47.03855981732708,10000.0,77.0,8.5,405.5,843.0,14.15,8582.5,8582.5,8582.5,1417.5,0.14175,0.15,0.945,-10.702655479991742,213.77689611952408,523.6138455754989,0.4082720461384362,1.5591924855650314
tuna_synth_10000g,1,synth,2099-01-01 00:46:46.546474,46.77577456695094,46.77577456695094,45.61066809288974,7.708367344368974,46.77577456695094,10000.0,77.2,8.4,405.25,839.0,14.1,8582.5,8582.5,8582.5,1417.5,0.14175,0.15,0.945,-10.702655479991742,215.55179149810616,523.6138455754989,0.41166174905324604,1.5591924855650314
tuna_synth_10000g,1,synth,2099-01-01 00:47:02.313589,47.03855981732707,46.51298931657482,45.3197628251937,7.591573899757323,46.51298931657482,10000.0,77.5,8.4,405.5,841.0,14.25,8581.25,8581.25,8581.875,1418.75,0.141875,0.15,0.9458333333333334,-10.702655479991742,217.3277818152315,523.6138455754989,0.4150535430864489,1.5591924855650314
tuna_synth_10000g,1,synth,2099-01-01 00:47:18.080704,47.301345067703195,46.25020406619869,45.05697757481756,6.306846009027112,46.25020406619869,10000.0,77.7,8.4,405.5,833.0,14.36,8575.0,8575.0,8578.125,1425.0,0.1425,0.15,0.95,-11.891839422216911,219.10377213235688,523.6138455754989,0.4184453371196517,1.5591924855650314
tuna_synth_10000g,1,synth,2099-01-01 00:47:33.847819,47.56413031807933,45.98741881582256,44.71101021199561,6.306846009027112,45.98741881582256,10000.0,77.9,8.3,406.25,846.0,13.98,8575.0,8575.0,8575.0,1425.0,0.1425,0.15,0.95,-11.891839422216911,220.8830472651119,523.6138455754989,0.42184340450803304,1.5591924855650314
tuna_synth_10000g,1,synth,2099-01-01 00:47:49.614934,47.826915568455455,45.72463356544643,44.44822496161948,6.201731908876438,45.72463356544643,10000.0,78.2,8.8,406.25,848.0,14.06,8573.749999999996,8573.749999999996,8574.374999999998,1426.2500000000036,0.14262500000000036,0.15,0.9508333333333358,-11.89183942221675,222.66232239786697,523.6138455754989,0.42524147189641437,1.5591924855650314
tuna_synth_10000g,1,synth,2099-01-01 00:48:05.382049,48.08970081883158,45.461848315070306,44.21280930789461,6.774019787475596,45.461848315070306,10000.0,78.6,8.8,406.0,838.0,14.23,8572.499999999998,8572.499999999998,8573.124999999996,1427.5000000000018,0.14275000000000018,0.15,0.9516666666666679,-10.702655479991742,224.44050259207873,523.6138455754989,0.42863744816640276,1.5591924855650314
tuna_synth_10000g,1,synth,2099-01-01 00:48:21.149164,48.352486069207714,45.19906306469417,43.895641758246775,6.19005256441734,45.19906306469417,10000.0,78.9,8.7,406.5,846.0,14.04,8566.249999999998,8566.249999999998,8569.374999999998,1433.7500000000018,0.14337500000000017,0.15,0.9558333333333345,-10.702655479991742,226.22087266337698,523.6138455754989,0.4320376066731769,1.5591924855650314
tuna_synth_10000g,1,synth,2099-01-01 00:48:36.916279,48.61527131958384,44.936277814318046,43.57893065804478,6.19005256441734,44.936277814318046,10000.0,79.1,9.0,407.0,854.0,13.9,8566.249999999998,8566.249999999998,8566.249999999998,1433.7500000000018,0.14337500000000017,0.15,0.9558333333333345,-10.702655479991742,228.00343261176175,523.6138455754989,0.43544194741673686,1.5591924855650314
tuna_synth_10000g,1,synth,2099-01-01 00:48:52.683394,48.87805656995997,44.67349256394191,43.34293024519665,6.832416509784152,44.67349256394191,10000.0,79.4,8.9,406.75,854.0,13.98,8564.999999999998,8564.999999999998,8565.624999999998,1435.0000000000018,0.14350000000000018,0.15,0.9566666666666679,-9.513471537766605,229.78489762160322,523.6138455754989,0.4388441970419038,1.5591924855650314
tuna_synth_10000g,1,synth,2099-01-01 00:49:08.450509,49.1408418203361,44.41070731356579,43.080144994820536,6.306846009031319,44.41070731356579,10000.0,79.7,8.9,406.75,847.0,14.94,8559.999999999996,8559.999999999996,8562.499999999996,1440.0000000000036,0.14400000000000035,0.15,0.9600000000000024,-9.513471537766605,231.56636263144472,523.6138455754989,0.4422464466670708,1.5591924855650314
tuna_synth_10000g,1,synth,2099-01-01 00:49:24.217624,49.403627070712226,44.14792206318966,42.76446822204438,5.372498452135782,44.14792206318966,10000.0,80.0,8.9,407.25,846.0,14.04,8557.499999999998,8557.499999999998,8558.749999999996,1442.5000000000018,0.14425000000000018,0.15,0.9616666666666679,-10.702655479991742,233.35001751837268,523.6138455754989,0.4456528785290235,1.5591924855650314
tuna_synth_10000g,1,synth,2099-01-01 00:49:39.984739,49.66641232108836,43.88513681281353,42.52795107254174,4.087770561407959,43.88513681281353,10000.0,80.1,9.2,407.0,855.0,13.94,8543.750000000002,8543.750000000002,8550.625,1456.2499999999982,0.1456249999999998,0.15,0.9708333333333321,-10.702655479991742,235.13257746675743,523.6138455754989,0.4490572192725834,1.5591924855650314
tuna_synth_10000g,1,synth,2099-01-01 00:49:55.751854,49.929197571464485,43.6223515624374,42.265165822165606,4.087770561407959,43.6223515624374,10000.0,80.3,9.2,407.0,848.0,14.04,8543.750000000002,8543.750000000002,8543.750000000002,1456.2499999999982,0.1456249999999998,0.15,0.9708333333333321,-10.702655479991742,236.91513741514217,523.6138455754989,0.4524615600161433,1.5591924855650314
tuna_synth_10000g,1,synth,2099-01-01 00:50:11.518969,50.19198282184061,43.359566312061276,41.950521472621176,3.854183672184194,43.359566312061276,10000.0,80.5,9.2,407.5,855.0,13.96,8541.249999999996,8541.249999999996,8542.5,1458.7500000000036,0.14587500000000037,0.15,0.9725000000000025,-10.702655479991613,238.6998872406134,523.6138455754989,0.4558700829964889,1.5591924855650314
tuna_synth_10000g,1,synth,2099-01-01 00:50:27.286084,50.454768072216744,43.09678106168514,41.739272489410425,3.6205967829588865,43.09678106168514,10000.0,80.7,9.2,407.0,848.0,14.02,8538.75,8538.75,8539.999999999998,1461.25,0.146125,0.15,0.9741666666666667,-10.702655479998537,240.48244718899815,523.6138455754989,0.4592744237400488,1.5591924855650314
tuna_synth_10000g,1,synth,2099-01-01 00:50:43.053199,50.71755332259287,42.833995811309016,41.399713592517905,2.8380807040620475,42.833995811309016,10000.0,80.9,9.2,407.75,862.0,13.9,8533.749999999998,8533.749999999998,8536.25,1466.2500000000018,0.14662500000000017,0.15,0.9775000000000011,-11.891839422216911,242.2682919530126,523.6138455754989,0.4626850378387872,1.5591924855650314
tuna_synth_10000g,1,synth,2099-01-01 00:50:58.820314,50.980338572969,42.57121056093288,41.21321774065379,2.8380807040620475,42.57121056093288,10000.0,81.1,9.4,407.0,861.0,13.71,8533.749999999998,8533.749999999998,8533.749999999998,1466.2500000000018,0.14662500000000017,0.15,0.9775000000000011,-11.891839422216911,244.05085190139735,523.6138455754989,0.4660893785823471,1.5591924855650314
tuna_synth_10000g,1,synth,2099-01-01 00:51:14.587429,51.24312382334513,42.30842531055676,40.87462644906248,2.6862492260658986,42.30842531055676,10000.0,81.4,9.4,407.75,849.0,14.02,8528.749999999996,8528.749999999996,8531.249999999996,1471.2500000000036,0.14712500000000037,0.15,0.9808333333333358,-10.702655479998665,245.83669666541178,523.6138455754989,0.46949999268108555,1.5591924855650314
tuna_synth_10000g,1,synth,2099-01-01 00:51:30.354544,51.505909073721256,42.04564006018063,40.58679547169551,2.569455781454493,42.04564006018063,10000.0,81.7,9.4,408.0,859.0,13.87,8527.499999999998,8527.499999999998,8528.124999999996,1472.5000000000018,0.1472500000000002,0.15,0.9816666666666679,-10.702655479998665,247.62363636796945,523.6138455754989,0.4729126978982168,1.5591924855650314
tuna_synth_10000g,1,synth,2099-01-01 00:51:46.121659,51.76869432409739,41.7828548098045,40.39875570100942,2.496459878571033,41.7828548098045,10000.0,82.0,9.4,407.25,821.0,14.04,8523.749999999996,8523.749999999996,8525.624999999996,1476.2500000000036,0.14762500000000037,0.15,0.9841666666666692,-9.51347153778045,249.40729125489742,523.6138455754989,0.4763191297601695,1.5591924855650314
tuna_synth_10000g,1,synth,2099-01-01 00:52:01.888774,52.031479574473515,41.52006955942837,40.06170803206526,2.4964598785710668,41.52006955942837,10000.0,82.0,9.6,408.0,851.0,13.85,8523.749999999996,8523.749999999996,8523.749999999996,1476.2500000000036,0.14762500000000037,0.15,0.9841666666666692,-9.513471537780323,251.1942309574551,523.6138455754989,0.47973183497730076,1.5591924855650314
tuna_synth_10000g,1,synth,2099-01-01 00:52:17.655889,52.29426482484964,41.257284309052245,39.77439019869338,2.4964598785710668,41.257284309052245,10000.0,82.3,9.6,408.25,835.0,14.15,8523.749999999996,8523.749999999996,8523.749999999996,1476.2500000000036,0.14762500000000037,0.15,0.9841666666666692,-9.513471537780323,252.982265598556,523.6138455754989,0.4831466313128249,1.5591924855650314
tuna_synth_10000g,1,synth,2099-01-01 00:52:33.423005,52.55705007522578,40.994499058676105,39.56037795898394,2.4964598785710668,40.994499058676105,10000.0,82.6,9.6,407.75,839.0,14.29,8523.749999999996,8523.749999999996,8523.749999999996,1476.2500000000036,0.14762500000000037,0.15,0.9841666666666692,-9.513471537780323,254.76811036257047,523.6138455754989,0.48655724541156337,1.5591924855650314
tuna_synth_10000g,1,synth,2099-01-01 00:52:49.190120,52.81983532560191,40.73171380829998,39.297592708607816,1.839496752631187,40.73171380829998,10000.0,82.9,9.6,407.75,847.0,14.1,8517.499999999996,8517.499999999996,8520.624999999996,1482.5000000000036,0.14825000000000035,0.15,0.9883333333333357,-9.51347153778045,256.5539551265849,523.6138455754989,0.48996785951030186,1.5591924855650314
tuna_synth_10000g,1,synth,2099-01-01 00:53:04.957235,53.08262057597803,40.46892855792386,38.962657655217114,1.6351082245617183,40.46892855792386,10000.0,83.1,9.6,408.5,842.0,14.19,8517.499999999996,8517.499999999996,8517.499999999996,1482.5000000000036,0.14825000000000035,0.15,0.9883333333333357,-10.702655479998665,258.34308470622904,523.6138455754989,0.49338474696421875,1.5591924855650314
tuna_synth_10000g,1,synth,2099-01-01 00:53:20.724350,53.34540582635417,40.20614330754772,38.67604203318642,1.6351082245617183,40.20614330754772,10000.0,83.2,10.0,408.75,848.0,14.04,8517.499999999996,8517.499999999996,8517.499999999996,1482.5000000000036,0.14825000000000035,0.15,0.9883333333333357,-10.702655479998665,260.1333092244164,523.6138455754989,0.4968037255365286,1.5591924855650314
tuna_synth_10000g,1,synth,2099-01-01 00:53:36.491465,53.60819107673029,39.943358057171594,38.50810912378683,1.839496752631187,39.943358057171594,10000.0,83.4,10.0,407.75,841.0,14.17,8517.499999999996,8517.499999999996,8517.499999999996,1482.5000000000036,0.14825000000000035,0.15,0.9883333333333357,-9.51347153778045,261.9191539884309,523.6138455754989,0.5002143396352671,1.5591924855650314
tuna_synth_10000g,1,synth,2099-01-01 00:53:52.258580,53.87097632710642,39.68057280679547,38.17462355066202,1.8394967526312116,39.68057280679547,10000.0,83.7,9.9,408.5,836.0,14.36,8517.499999999996,8517.499999999996,8517.499999999996,1482.5000000000036,0.14825000000000035,0.15,0.9883333333333357,-9.513471537780323,263.708283568075,523.6138455754989,0.503631227089184,1.5591924855650314
tuna_synth_10000g,1,synth,2099-01-01 00:54:08.025695,54.13376157748255,39.417787556419334,37.888489906676924,1.8394967526312116,39.417787556419334,10000.0,83.9,10.0,408.75,848.0,14.04,8517.499999999996,8517.499999999996,8517.499999999996,1482.5000000000036,0.14825000000000035,0.15,0.9883333333333357,-9.513471537780323,265.49850808626235,523.6138455754989,0.5070502056614937,1.5591924855650314
tuna_synth_10000g,1,synth,2099-01-01 00:54:23.792810,54.39654682785868,39.15500230604321,37.64889222662311,1.8394967526312116,39.15500230604321,10000.0,84.0,10.0,408.5,819.0,14.15,8517.499999999996,8517.499999999996,8517.499999999996,1482.5000000000036,0.14825000000000035,0.15,0.9883333333333357,-9.513471537780323,267.2876376659065,523.6138455754989,0.5104670931154108,1.5591924855650314
tuna_synth_10000g,1,synth,2099-01-01 00:54:39.559925,54.659332078234804,38.89221705566708,37.363080130848445,1.8394967526318806,38.89221705566708,10000.0,84.5,10.0,408.75,843.0,14.15,8517.499999999996,8517.499999999996,8517.499999999996,1482.5000000000036,0.14825000000000035,0.15,0.9883333333333357,-9.513471537776862,269.0778621840939,523.6138455754989,0.5138860716877206,1.5591924855650314
tuna_synth_10000g,1,synth,2099-01-01 00:54:55.327040,54.92211732861094,38.62943180529095,37.05464664573701,1.3139262518811443,38.62943180529095,10000.0,84.9,10.0,409.25,839.0,13.94,8512.5,8512.5,8514.999999999998,1487.5,0.14875,0.15,0.9916666666666667,-9.513471537769938,270.8702765793677,523.6138455754989,0.5173092324968162,1.5591924855650314
tuna_synth_10000g,1,synth,2099-01-01 00:55:11.094155,55.184902578987064,38.36664655491482,36.814510934875386,1.3139262518811263,38.36664655491482,10000.0,85.3,10.0,409.0,853.0,13.94,8512.5,8512.5,8512.5,1487.5,0.14875,0.15,0.9916666666666667,-9.513471537770068,272.66159603609833,523.6138455754989,0.5207303021875188,1.5591924855650314
tuna_synth_10000g,1,synth,2099-01-01 00:55:26.861270,55.44768782936319,38.1038613045387,36.529236673543316,0.919748376316932,38.1038613045387,10000.0,85.1,10.4,409.25,852.0,14.04,8508.749999999998,8508.749999999998,8510.625,1491.2500000000018,0.14912500000000017,0.15,0.9941666666666679,-9.513471537766605,274.4540104313722,523.6138455754989,0.5241534629966144,1.5591924855650314
tuna_synth_10000g,1,synth,2099-01-01 00:55:42.628385,55.71047307973932,37.84107605416256,36.22187639366926,1.0511410015043143,37.84107605416256,10000.0,85.3,10.4,409.75,866.0,13.73,8508.749999999998,8508.749999999998,8508.749999999998,1491.2500000000018,0.14912500000000017,0.15,0.9941666666666679,-8.324287595551725,276.2486147037325,523.6138455754989,0.5275808060424956,1.5591924855650314
tuna_synth_10000g,1,synth,2099-01-01 00:55:58.395500,55.97325833011545,37.57829080378644,36.025512677022355,1.2263311684210887,37.57829080378644,10000.0,85.5,10.4,409.0,859.0,13.85,8508.749999999998,8508.749999999998,8508.749999999998,1491.2500000000018,0.14912500000000017,0.15,0.9941666666666679,-7.135103653333608,278.03993416046313,523.6138455754989,0.5310018757331982,1.5591924855650314
tuna_synth_10000g,1,synth,2099-01-01 00:56:14.162615,56.236043580491575,37.31550555341031,35.76272742664623,1.226331168421667,37.31550555341031,10000.0,85.7,10.4,409.0,855.0,13.85,8508.749999999998,8508.749999999998,8508.749999999998,1491.2500000000018,0.14912500000000017,0.15,0.9941666666666679,-7.135103653330243,279.83125361719374,523.6138455754989,0.5344229454239009,1.5591924855650314
tuna_synth_10000g,1,synth,2099-01-01 00:56:29.929730,56.498828830867716,37.05272030303417,35.412716011814865,1.226331168421667,37.05272030303417,10000.0,86.0,10.4,410.0,866.0,13.65,8508.749999999998,8508.749999999998,8508.749999999998,1491.2500000000018,0.14912500000000017,0.15,0.9941666666666679,-7.135103653330243,281.62695282809733,523.6138455754989,0.5378523795881751,1.5591924855650314
tuna_synth_10000g,1,synth,2099-01-01 00:56:45.696845,56.761614081243835,36.78993505265805,35.1715370555277,2.452662336843334,36.78993505265805,10000.0,86.1,10.4,409.75,858.0,13.81,8508.749999999998,8508.749999999998,8508.749999999998,1491.2500000000018,0.14912500000000017,0.15,0.9941666666666679,-3.5675518266651216,283.4215571004576,523.6138455754989,0.5412797226340563,1.5591924855650314
tuna_synth_10000g,1,synth,2099-01-01 00:57:01.463960,57.02439933161996,36.527149802281926,34.84449199323526,174.99999999996362,174.99999999996362,10000.0,86.2,0.0,410.5,864.0,13.51,8508.749999999998,8508.749999999998,8508.749999999998,1491.2500000000018,0.14912500000000017,0.15,0.9941666666666679,0.0,285.21944618844765,523.6138455754989,0.5447133390351161,1.5591924855650314
tuna_synth_10000g,1,synth,2099-01-01 00:57:17.231075,57.2871845819961,36.264364551905786,34.64548555675766,0.0,36.264364551905786,10000.0,86.4,0.0,409.75,865.0,13.69,8500.0,8500.0,8504.375,1500.0,0.15,0.15,1.0,0.0,287.014050460808,523.6138455754989,0.5481406820809974,1.5591924855650314
tuna_synth_10000g,1,synth,2099-01-01 00:57:32.998190,57.54996983237223,36.00157930152966,34.340475461096034,0.0,36.00157930152966,10000.0,86.6,0.0,410.25,880.0,13.32,8500.0,8500.0,8500.0,1500.0,0.15,0.15,1.0,0.0,288.8108446102547,523.6138455754989,0.5515722073636642,1.5591924855650314
tuna_synth_10000g,1,synth,2099-01-01 00:57:48.765305,57.812755082748346,35.73879405115354,34.07769021071991,0.0,35.73879405115354,10000.0,86.9,0.0,410.25,871.0,13.57,8500.0,8500.0,8500.0,1500.0,0.15,0.15,1.0,0.0,290.6076387597015,523.6138455754989,0.5550037326463312,1.5591924855650314
tuna_synth_10000g,1,synth,2099-01-01 00:58:04.532420,58.075540333124486,35.4760088007774,33.83568403974056,0.0,35.4760088007774,10000.0,87.1,0.0,410.0,880.0,13.4,8500.0,8500.0,8500.0,1500.0,0.15,0.15,1.0,0.0,292.40333797060504,523.6138455754989,0.5584331668106052,1.5591924855650314
tuna_synth_10000g,1,synth,2099-01-01 00:58:20.299535,58.33832558350061,35.213223550401274,33.49057352406093,0.0,35.213223550401274,10000.0,87.0,0.0,411.0,897.0,13.45,8500.0,8500.0,8500.0,1500.0,0.15,0.15,1.0,0.0,294.20341693568156,523.6138455754989,0.5618709654484507,1.5591924855650314
tuna_synth_10000g,1,synth,2099-01-01 00:58:36.066650,58.60111083387674,34.95043830002515,33.24817206767388,0.0,34.95043830002515,10000.0,87.2,0.0,410.75,879.0,13.4,8500.0,8500.0,8500.0,1500.0,0.15,0.15,1.0,0.0,296.0024009622148,523.6138455754989,0.5653066729679033,1.5591924855650314
tuna_synth_10000g,1,synth,2099-01-01 00:58:51.833765,58.86389608425287,34.687653049649015,32.98538681729776,0.0,34.687653049649015,10000.0,87.4,0.0,410.75,880.0,13.4,8500.0,8500.0,8500.0,1500.0,0.15,0.15,1.0,0.0,297.801384988748,523.6138455754989,0.5687423804873559,1.5591924855650314
tuna_synth_10000g,1,synth,2099-01-01 00:59:07.600880,59.126681334629,34.42486779927289,32.70253746301815,0.0,34.42486779927289,10000.0,87.6,0.0,411.0,883.0,13.34,8500.0,8500.0,8500.0,1500.0,0.15,0.15,1.0,0.0,299.6014639538245,523.6138455754989,0.5721801791252015,1.5591924855650314
tuna_synth_10000g,1,synth,2099-01-01 00:59:23.367995,59.389466585005124,34.16208254889676,32.41987225065843,0.0,34.16208254889676,10000.0,87.8,0.0,411.25,885.0,13.32,8500.0,8500.0,8500.0,1500.0,0.15,0.15,1.0,0.0,301.40263785744423,523.6138455754989,0.5756200688814398,1.5591924855650314
tuna_synth_10000g,1,synth,2099-01-01 00:59:39.135110,59.65225183538126,33.89929729852063,32.176807117223085,0.0,33.89929729852063,10000.0,88.0,0.0,411.0,883.0,13.75,8500.0,8500.0,8500.0,1500.0,0.15,0.15,1.0,0.0,303.20271682252076,523.6138455754989,0.5790578675192853,1.5591924855650314
tuna_synth_10000g,1,synth,2099-01-01 00:59:54.902225,59.91503708575738,33.6365120481445,31.914021866846948,0.0,33.6365120481445,10000.0,88.1,0.0,411.0,879.0,13.42,8500.0,8500.0,8500.0,1500.0,0.15,0.15,1.0,0.0,305.0027957875973,523.6138455754989,0.5824956661571309,1.5591924855650314
tuna_synth_10000g,1,synth,2099-01-01 01:00:10.669340,60.17782233613351,33.37372679776838,31.670660853760445,0.0,33.37372679776838,10000.0,88.3,0.0,410.75,879.0,13.4,8500.0,8500.0,8500.0,1500.0,0.15,0.15,1.0,0.0,306.8017798141305,523.6138455754989,0.5859313736765834,1.5591924855650314
tuna_synth_10000g,1,synth,2099-01-01 01:00:26.436455,60.44060758650964,33.110941547392244,31.388611211137494,0.0,33.110941547392244,10000.0,88.6,0.0,411.0,871.0,13.4,8500.0,8500.0,8500.0,1500.0,0.15,0.15,1.0,0.0,308.601858779207,523.6138455754989,0.589369172314429,1.5591924855650314
tuna_synth_10000g,1,synth,2099-01-01 01:00:42.203570,60.70339283688577,32.84815629701612,31.125825960761375,0.0,32.84815629701612,10000.0,88.9,0.0,411.0,882.0,13.4,8500.0,8500.0,8500.0,1500.0,0.15,0.15,1.0,0.0,310.4019377442835,523.6138455754989,0.5928069709522744,1.5591924855650314
tuna_synth_10000g,1,synth,2099-01-01 01:00:57.970685,60.966178087261895,32.58537104663999,30.84411923563706,0.0,32.58537104663999,10000.0,89.3,0.0,411.25,880.0,13.73,8500.0,8500.0,8500.0,1500.0,0.15,0.15,1.0,0.0,312.2031116479032,523.6138455754989,0.5962468607085127,1.5591924855650314
tuna_synth_10000g,1,synth,2099-01-01 01:01:13.737800,61.228963337638035,32.32258579626385,30.618880082930605,0.0,32.32258579626385,10000.0,89.0,0.0,410.75,878.0,13.42,8500.0,8500.0,8500.0,1500.0,0.15,0.15,1.0,0.0,314.0020956744365,523.6138455754989,0.5996825682279654,1.5591924855650314
tuna_synth_10000g,1,synth,2099-01-01 01:01:29.504915,61.491748588014154,32.05980054588773,30.356094832554476,0.0,32.05980054588773,10000.0,89.1,0.0,410.75,879.0,13.49,8500.0,8500.0,8500.0,1500.0,0.15,0.15,1.0,0.0,315.8010797009697,523.6138455754989,0.603118275747418,1.5591924855650314
tuna_synth_10000g,1,synth,2099-01-01 01:01:45.272030,61.75453383839028,31.797015295511606,30.05640247599895,0.0,31.797015295511606,10000.0,89.3,0.0,411.25,878.0,13.38,8500.0,8500.0,8500.0,1500.0,0.15,0.15,1.0,0.0,317.6022536045894,523.6138455754989,0.6065581655036564,1.5591924855650314
tuna_synth_10000g,1,synth,2099-01-01 01:02:01.039145,62.01731908876642,31.534230045135466,29.738902900727187,0.0,31.534230045135466,10000.0,89.5,0.0,412.0,886.0,13.3,8500.0,8500.0,8500.0,1500.0,0.15,0.15,1.0,0.0,319.40671232383886,523.6138455754989,0.6100043286150733,1.5591924855650314
tuna_synth_10000g,1,synth,2099-01-01 01:02:16.806260,62.28010433914255,31.27144479475934,29.494174057698196,0.0,31.27144479475934,10000.0,89.6,0.0,411.75,893.0,13.22,8500.0,8500.0,8500.0,1500.0,0.15,0.15,1.0,0.0,321.210076104545,523.6138455754989,0.6134484006080972,1.5591924855650314
tuna_synth_10000g,1,synth,2099-01-01 01:02:32.573375,62.542889589518666,31.00865954438322,29.24930750359042,0.0,31.00865954438322,10000.0,89.8,0.0,411.5,880.0,13.34,8500.0,8500.0,8500.0,1500.0,0.15,0.15,1.0,0.0,323.0123449467079,523.6138455754989,0.6168903814827283,1.5591924855650314
tuna_synth_10000g,1,synth,2099-01-01 01:02:48.340490,62.805674839894806,30.74587429400708,28.98652225321429,0.0,30.74587429400708,10000.0,89.9,0.0,411.5,877.0,13.4,8500.0,8500.0,8500.0,1500.0,0.15,0.15,1.0,0.0,324.8146137888709,523.6138455754989,0.6203323623573596,1.5591924855650314
tuna_synth_10000g,1,synth,2099-01-01 01:03:04.107605,63.06846009027093,30.483089043630955,28.65346664586067,0.0,30.483089043630955,10000.0,90.1,0.0,412.5,880.0,13.4,8500.0,8500.0,8500.0,1500.0,0.15,0.15,1.0,0.0,326.62126238520676,523.6138455754989,0.6237827077055621,1.5591924855650314
tuna_synth_10000g,1,synth,2099-01-01 01:03:19.874720,63.33124534064706,30.22030379325483,28.42545502005476,0.0,30.22030379325483,10000.0,90.1,0.0,412.0,882.0,13.19,8500.0,8500.0,8500.0,1500.0,0.15,0.15,1.0,0.0,328.4257211044562,523.6138455754989,0.6272288708169791,1.5591924855650314
tuna_synth_10000g,1,synth,2099-01-01 01:03:35.641835,63.59403059102319,29.957518542878695,28.145431773911465,0.0,29.957518542878695,10000.0,90.4,0.0,412.25,880.0,13.4,8500.0,8500.0,8500.0,1500.0,0.15,0.15,1.0,0.0,330.23127476224886,523.6138455754989,0.6306771250467887,1.5591924855650314
tuna_synth_10000g,1,synth,2099-01-01 01:03:51.408950,63.85681584139932,29.69473329250257,27.916824339897097,0.0,29.69473329250257,10000.0,90.7,0.0,411.75,866.0,13.67,8500.0,8500.0,8500.0,1500.0,0.15,0.15,1.0,0.0,332.03463854295507,523.6138455754989,0.6341211970398128,1.5591924855650314
tuna_synth_10000g,1,synth,2099-01-01 01:04:07.176066,64.11960109177544,29.43194804212645,27.637099268926374,0.0,29.43194804212645,10000.0,91.0,0.0,412.0,862.0,13.73,8500.0,8500.0,8500.0,1500.0,0.15,0.15,1.0,0.0,333.83909726220446,523.6138455754989,0.6375673601512297,1.5591924855650314
tuna_synth_10000g,1,synth,2099-01-01 01:04:22.943181,64.38238634215158,29.16916279175031,27.32409518281022,0.0,29.16916279175031,10000.0,91.3,0.0,412.75,858.0,13.81,8500.0,8500.0,8500.0,1500.0,0.15,0.15,1.0,0.0,335.6468407970836,523.6138455754989,0.6410197966178252,1.5591924855650314
tuna_synth_10000g,1,synth,2099-01-01 01:04:38.710296,64.6451715925277,28.906377541374184,27.07786999012064,0.0,28.906377541374184,10000.0,91.5,0.0,412.5,865.0,13.63,8500.0,8500.0,8500.0,1500.0,0.15,0.15,1.0,0.0,337.4534893934195,523.6138455754989,0.6444701419660277,1.5591924855650314
tuna_synth_10000g,1,synth,2099-01-01 01:04:54.477411,64.90795684290383,28.643592290998058,26.782302814817005,0.0,28.643592290998058,10000.0,91.1,0.0,413.0,875.0,13.49,8500.0,8500.0,8500.0,1500.0,0.15,0.15,1.0,0.0,339.2623278668418,523.6138455754989,0.6479246695510159,1.5591924855650314
tuna_synth_10000g,1,synth,2099-01-01 01:05:10.244526,65.17074209327997,28.380807040621917,26.55198096179217,0.0,28.380807040621917,10000.0,91.2,0.0,412.5,870.0,13.57,8500.0,8500.0,8500.0,1500.0,0.15,0.15,1.0,0.0,341.0689764631777,523.6138455754989,0.6513750148992186,1.5591924855650314
tuna_synth_10000g,1,synth,2099-01-01 01:05:26.011641,65.4335273436561,28.11802179024579,26.273113348628765,0.0,28.11802179024579,10000.0,91.4,0.0,412.75,858.0,13.9,8500.0,8500.0,8500.0,1500.0,0.15,0.15,1.0,0.0,342.87671999805684,523.6138455754989,0.654827451365814,1.5591924855650314
tuna_synth_10000g,1,synth,2099-01-01 01:05:41.778756,65.69631259403222,27.855236539869665,25.946828126413056,0.0,27.855236539869665,10000.0,91.5,0.0,413.75,871.0,13.53,8500.0,8500.0,8500.0,1500.0,0.15,0.15,1.0,0.0,344.68884328710885,523.6138455754989,0.6582882523059808,1.5591924855650314
tuna_synth_10000g,1,synth,2099-01-01 01:05:57.545871,65.95909784440835,27.59245128949354,25.715436497484486,0.0,27.59245128949354,10000.0,91.6,0.0,413.25,878.0,13.42,8500.0,8500.0,8500.0,1500.0,0.15,0.15,1.0,0.0,346.4987766990745,523.6138455754989,0.661744871009362,1.5591924855650314
tuna_synth_10000g,1,synth,2099-01-01 01:06:13.312986,66.22188309478447,27.329666039117413,25.49940658619469,0.0,27.329666039117413,10000.0,91.7,0.0,412.5,871.0,13.53,8500.0,8500.0,8500.0,1500.0,0.15,0.15,1.0,0.0,348.3054252954104,523.6138455754989,0.6651952163575645,1.5591924855650314
tuna_synth_10000g,1,synth,2099-01-01 01:06:29.080101,66.4846683451606,27.066880788741287,25.190342920961587,0.0,27.066880788741287,10000.0,91.9,0.0,413.25,865.0,13.96,8500.0,8500.0,8500.0,1500.0,0.15,0.15,1.0,0.0,350.11535870737595,523.6138455754989,0.6686518350609456,1.5591924855650314
tuna_synth_10000g,1,synth,2099-01-01 01:06:44.847216,66.74745359553674,26.804095538365146,24.912327717187054,0.0,26.804095538365146,10000.0,92.0,0.0,413.5,867.0,13.61,8500.0,8500.0,8500.0,1500.0,0.15,0.15,1.0,0.0,351.92638705788477,523.6138455754989,0.6721105448827196,1.5591924855650314
tuna_synth_10000g,1,synth,2099-01-01 01:07:00.614331,67.01023884591287,26.54131028798902,24.664613445466205,0.0,26.54131028798902,10000.0,92.1,0.0,413.25,863.0,13.75,8500.0,8500.0,8500.0,1500.0,0.15,0.15,1.0,0.0,353.7363204698504,523.6138455754989,0.6755671635861008,1.5591924855650314
tuna_synth_10000g,1,synth,2099-01-01 01:07:16.381446,67.27302409628899,26.278525037612894,24.34228778846252,0.0,26.278525037612894,10000.0,92.3,0.0,414.25,867.0,13.65,8500.0,8500.0,8500.0,1500.0,0.15,0.15,1.0,0.0,355.5506336359889,523.6138455754989,0.6790321467630533,1.5591924855650314
tuna_synth_10000g,1,synth,2099-01-01 01:07:32.148561,67.53580934666512,26.015739787236768,24.079502538086395,0.0,26.015739787236768,10000.0,92.6,0.0,414.25,878.0,13.42,8500.0,8500.0,8500.0,1500.0,0.15,0.15,1.0,0.0,357.3649468021274,523.6138455754989,0.6824971299400058,1.5591924855650314
tuna_synth_10000g,1,synth,2099-01-01 01:07:47.915676,67.79859459704124,25.752954536860642,23.81671728771027,0.0,25.752954536860642,10000.0,92.9,0.0,414.25,878.0,13.42,8500.0,8500.0,8500.0,1500.0,0.15,0.15,1.0,0.0,359.1792599682659,523.6138455754989,0.6859621131169583,1.5591924855650314
tuna_synth_10000g,1,synth,2099-01-01 01:08:03.682791,68.06137984741737,25.490169286484516,23.56831411299097,0.0,25.490169286484516,10000.0,93.1,0.0,414.0,919.0,13.38,8500.0,8500.0,8500.0,1500.0,0.15,0.15,1.0,0.0,360.9924781958612,523.6138455754989,0.6894250051755181,1.5591924855650314
tuna_synth_10000g,1,synth,2099-01-01 01:08:19.449906,68.32416509779351,25.227384036108376,23.262909849752283,0.0,25.227384036108376,10000.0,93.3,0.0,414.75,878.0,13.44,8500.0,8500.0,8500.0,1500.0,0.15,0.15,1.0,0.0,362.8089812390862,523.6138455754989,0.6928941705892563,1.5591924855650314
tuna_synth_10000g,1,synth,2099-01-01 01:08:35.217021,68.58695034816964,24.96459878573225,23.02820294560398,0.0,24.96459878573225,10000.0,93.0,0.0,414.25,867.0,13.49,8500.0,8500.0,8500.0,1500.0,0.15,0.15,1.0,0.0,364.6232944052247,523.6138455754989,0.6963591537662088,1.5591924855650314
tuna_synth_10000g,1,synth,2099-01-01 01:08:50.984136,68.84973559854576,24.701813535356123,22.72380046098881,0.0,24.701813535356123,10000.0,93.3,0.0,415.0,873.0,13.47,8500.0,8500.0,8500.0,1500.0,0.15,0.15,1.0,0.0,366.44089238699297,523.6138455754989,0.6998304102983399,1.5591924855650314
tuna_synth_10000g,1,synth,2099-01-01 01:09:06.751251,69.1125208489219,24.439028284979983,22.461015210612683,0.0,24.439028284979983,10000.0,93.5,0.0,415.0,882.0,13.38,8500.0,8500.0,8500.0,1500.0,0.15,0.15,1.0,0.0,368.25849036876116,523.6138455754989,0.7033016668304709,1.5591924855650314
tuna_synth_10000g,1,synth,2099-01-01 01:09:22.518366,69.37530609929803,24.176243034603857,22.18470737431806,0.0,24.176243034603857,10000.0,93.7,0.0,415.25,874.0,13.34,8500.0,8500.0,8500.0,1500.0,0.15,0.15,1.0,0.0,370.07718328907265,523.6138455754989,0.7067750144809949,1.5591924855650314
tuna_synth_10000g,1,synth,2099-01-01 01:09:38.285481,69.63809134967414,23.913457784227745,21.921922123941926,0.0,23.913457784227745,10000.0,93.9,0.0,415.25,866.0,13.4,8500.0,8500.0,8500.0,1500.0,0.15,0.15,1.0,0.0,371.89587620938414,523.6138455754989,0.7102483621315189,1.5591924855650314
tuna_synth_10000g,1,synth,2099-01-01 01:09:54.052596,69.90087660005028,23.650672533851605,21.672342850748898,0.0,23.650672533851605,10000.0,94.1,0.0,415.0,873.0,13.63,8500.0,8500.0,8500.0,1500.0,0.15,0.15,1.0,0.0,373.71347419115233,523.6138455754989,0.7137196186636499,1.5591924855650314
tuna_synth_10000g,1,synth,2099-01-01 01:10:09.819711,70.16366185042641,23.38788728347548,21.383477765413982,0.0,23.38788728347548,10000.0,94.4,0.0,415.5,868.0,13.67,8500.0,8500.0,8500.0,1500.0,0.15,0.15,1.0,0.0,375.53326205000707,523.6138455754989,0.7171950574325667,1.5591924855650314
tuna_synth_10000g,1,synth,2099-01-01 01:10:25.586826,70.42644710080253,23.125102033099353,21.094991219646726,0.0,23.125102033099353,10000.0,94.0,0.0,416.0,874.0,14.49,8500.0,8500.0,8500.0,1500.0,0.15,0.15,1.0,0.0,377.35523978594824,523.6138455754989,0.7206746784382693,1.5591924855650314
tuna_synth_10000g,1,synth,2099-01-01 01:10:41.353941,70.68923235117867,22.862316782723212,20.806881850159378,0.0,22.862316782723212,10000.0,94.2,0.0,416.5,872.0,13.42,8500.0,8500.0,8500.0,1500.0,0.15,0.15,1.0,0.0,379.17940739897585,523.6138455754989,0.7241584816807575,1.5591924855650314
tuna_synth_10000g,1,synth,2099-01-01 01:10:57.121056,70.9520176015548,22.599531532347086,20.544096599783256,0.0,22.599531532347086,10000.0,94.4,0.0,416.5,885.0,13.22,8500.0,8500.0,8500.0,1500.0,0.15,0.15,1.0,0.0,381.00357501200347,523.6138455754989,0.7276422849232456,1.5591924855650314
tuna_synth_10000g,1,synth,2099-01-01 01:11:12.888171,71.21480285193093,22.33674628197096,20.281311349407126,0.0,22.33674628197096,10000.0,94.7,0.0,416.5,890.0,13.24,8500.0,8500.0,8500.0,1500.0,0.15,0.15,1.0,0.0,382.8277426250311,523.6138455754989,0.7311260881657338,1.5591924855650314
tuna_synth_10000g,1,synth,2099-01-01 01:11:28.655286,71.47758810230705,22.073961031594834,20.055112950533243,0.0,22.073961031594834,10000.0,94.9,0.0,415.75,883.0,13.36,8500.0,8500.0,8500.0,1500.0,0.15,0.15,1.0,0.0,384.64862542242895,523.6138455754989,0.7346036180530432,1.5591924855650314
tuna_synth_10000g,1,synth,2099-01-01 01:11:44.422401,71.74037335268318,21.811175781218708,19.804394555121327,0.0,21.811175781218708,10000.0,95.1,0.0,415.5,878.0,13.51,8500.0,8500.0,8500.0,1500.0,0.15,0.15,1.0,0.0,386.4684132812837,523.6138455754989,0.7380790568219601,1.5591924855650314
tuna_synth_10000g,1,synth,2099-01-01 01:12:00.189516,72.0031586030593,21.548390530842582,19.517805945904907,0.0,21.548390530842582,10000.0,95.3,0.0,416.0,874.0,13.47,8500.0,8500.0,8500.0,1500.0,0.15,0.15,1.0,0.0,388.29039101722486,523.6138455754989,0.7415586778276626,1.5591924855650314
tuna_synth_10000g,1,synth,2099-01-01 01:12:15.956631,72.26594385343545,21.28560528046644,19.243298289555266,0.0,21.28560528046644,10000.0,95.5,0.0,416.25,879.0,13.45,8500.0,8500.0,8500.0,1500.0,0.15,0.15,1.0,0.0,390.1134636917092,523.6138455754989,0.7450403899517579,1.5591924855650314
tuna_synth_10000g,1,synth,2099-01-01 01:12:31.723746,72.52872910381157,21.022820030090315,18.980513039179133,0.0,21.022820030090315,10000.0,95.1,0.0,416.25,882.0,13.38,8500.0,8500.0,8500.0,1500.0,0.15,0.15,1.0,0.0,391.93653636619365,523.6138455754989,0.7485221020758532,1.5591924855650314
tuna_synth_10000g,1,synth,2099-01-01 01:12:47.490861,72.7915143541877,20.76003477971419,18.694955727568235,0.0,20.76003477971419,10000.0,95.3,0.0,416.75,887.0,13.19,8500.0,8500.0,8500.0,1500.0,0.15,0.15,1.0,0.0,393.7617989177645,523.6138455754989,0.7520079964367343,1.5591924855650314
tuna_synth_10000g,1,synth,2099-01-01 01:13:03.257976,73.05429960456384,20.49724952933805,18.43217047719211,0.0,20.49724952933805,10000.0,95.5,0.0,416.75,893.0,13.13,8500.0,8500.0,8500.0,1500.0,0.15,0.15,1.0,0.0,395.58706146933537,523.6138455754989,0.7554938907976153,1.5591924855650314
tuna_synth_10000g,1,synth,2099-01-01 01:13:19.025091,73.31708485493995,20.234464278961937,18.1472975449979,0.0,20.234464278961937,10000.0,95.8,0.0,417.25,891.0,13.11,8500.0,8500.0,8500.0,1500.0,0.15,0.15,1.0,0.0,397.41451389799266,523.6138455754989,0.758983967395282,1.5591924855650314
tuna_synth_10000g,1,synth,2099-01-01 01:13:34.792206,73.57987010531608,19.97167902858581,17.884512294621764,0.0,19.97167902858581,10000.0,96.0,0.0,417.25,890.0,13.2,8500.0,8500.0,8500.0,1500.0,0.15,0.15,1.0,0.0,399.24196632665,523.6138455754989,0.7624740439929487,1.5591924855650314
tuna_synth_10000g,1,synth,2099-01-01 01:13:50.559321,73.84265535569222,19.70889377820967,17.643184167574518,0.0,19.70889377820967,10000.0,96.1,0.0,416.75,882.0,13.26,8500.0,8500.0,8500.0,1500.0,0.15,0.15,1.0,0.0,401.0672288782209,523.6138455754989,0.7659599383538298,1.5591924855650314
tuna_synth_10000g,1,synth,2099-01-01 01:14:06.326436,74.10544060606834,19.446108527833545,17.38039891719839,0.0,19.446108527833545,10000.0,96.3,0.0,416.75,880.0,13.38,8500.0,8500.0,8500.0,1500.0,0.15,0.15,1.0,0.0,402.89249142979173,523.6138455754989,0.7694458327147108,1.5591924855650314
tuna_synth_10000g,1,synth,2099-01-01 01:14:22.093551,74.36822585644447,19.18332327745742,17.1280460791375,0.0,19.18332327745742,10000.0,96.5,0.0,416.5,880.0,13.38,8500.0,8500.0,8500.0,1500.0,0.15,0.15,1.0,0.0,404.7166590428194,523.6138455754989,0.7729296359571991,1.5591924855650314
tuna_synth_10000g,1,synth,2099-01-01 01:14:37.860666,74.63101110682061,18.920538027081278,16.865260828761375,0.0,18.920538027081278,10000.0,96.1,0.0,416.5,880.0,13.75,8500.0,8500.0,8500.0,1500.0,0.15,0.15,1.0,0.0,406.540826655847,523.6138455754989,0.7764134391996872,1.5591924855650314
tuna_synth_10000g,1,synth,2099-01-01 01:14:53.627781,74.89379635719673,18.657752776705152,16.602475578385246,0.0,18.657752776705152,10000.0,96.3,0.0,416.5,880.0,13.4,8500.0,8500.0,8500.0,1500.0,0.15,0.15,1.0,0.0,408.3649942688746,523.6138455754989,0.7798972424421754,1.5591924855650314
tuna_synth_10000g,1,synth,2099-01-01 01:15:09.394896,75.15658160757286,18.394967526329026,16.309847651714836,0.0,18.394967526329026,10000.0,96.5,0.0,417.25,889.0,13.26,8500.0,8500.0,8500.0,1500.0,0.15,0.15,1.0,0.0,410.192446697532,523.6138455754989,0.7833873190398422,1.5591924855650314
tuna_synth_10000g,1,synth,2099-01-01 01:15:25.162011,75.41936685794899,18.1321822759529,16.037296025499348,0.0,18.1321822759529,10000.0,96.7,0.0,417.5,918.0,13.05,8500.0,8500.0,8500.0,1500.0,0.15,0.15,1.0,0.0,412.0209940647326,523.6138455754989,0.7868794867559018,1.5591924855650314
tuna_synth_10000g,1,synth,2099-01-01 01:15:40.929126,75.68215210832511,17.869397025576774,15.764913350811135,0.0,17.869397025576774,10000.0,96.9,0.0,417.75,897.0,13.07,8500.0,8500.0,8500.0,1500.0,0.15,0.15,1.0,0.0,413.85063637047637,523.6138455754989,0.7903737455903542,1.5591924855650314
tuna_synth_10000g,1,synth,2099-01-01 01:15:56.696242,75.94493735870124,17.606611775200648,15.521019548428786,0.0,17.606611775200648,10000.0,97.1,0.0,417.25,895.0,13.07,8500.0,8500.0,8500.0,1500.0,0.15,0.15,1.0,0.0,415.6780887991337,523.6138455754989,0.793863822188021,1.5591924855650314
tuna_synth_10000g,1,synth,2099-01-01 01:16:12.463357,76.20772260907738,17.343826524824507,15.286183312845745,0.0,17.343826524824507,10000.0,97.3,0.0,416.5,892.0,13.09,8500.0,8500.0,8500.0,1500.0,0.15,0.15,1.0,0.0,417.50225641216133,523.6138455754989,0.7973476254305091,1.5591924855650314
tuna_synth_10000g,1,synth,2099-01-01 01:16:28.230472,76.4705078594535,17.08104127444838,14.995921399834181,0.0,17.08104127444838,10000.0,97.5,0.0,417.25,885.0,13.22,8500.0,8500.0,8500.0,1500.0,0.15,0.15,1.0,0.0,419.3297088408187,523.6138455754989,0.800837702028176,1.5591924855650314
tuna_synth_10000g,1,synth,2099-01-01 01:16:43.997587,76.73329310982963,16.818256024072255,14.74212651000951,0.0,16.818256024072255,10000.0,97.1,0.0,417.0,883.0,13.2,8500.0,8500.0,8500.0,1500.0,0.15,0.15,1.0,0.0,421.1560663309328,523.6138455754989,0.8043256875074498,1.5591924855650314
tuna_synth_10000g,1,synth,2099-01-01 01:16:59.764702,76.99607836020576,16.55547077369613,14.479341259633372,0.0,16.55547077369613,10000.0,97.2,0.0,417.0,883.0,13.34,8500.0,8500.0,8500.0,1500.0,0.15,0.15,1.0,0.0,422.98242382104695,523.6138455754989,0.8078136729867238,1.5591924855650314
tuna_synth_10000g,1,synth,2099-01-01 01:17:15.531817,77.25886361058188,16.292685523320003,14.225241876839515,0.0,16.292685523320003,10000.0,97.4,0.0,416.75,887.0,13.26,8500.0,8500.0,8500.0,1500.0,0.15,0.15,1.0,0.0,424.80768637261775,523.6138455754989,0.8112995673476047,1.5591924855650314
tuna_synth_10000g,1,synth,2099-01-01 01:17:31.298932,77.52164886095801,16.029900272943877,13.945410201206535,0.0,16.029900272943877,10000.0,97.5,0.0,417.25,892.0,13.13,8500.0,8500.0,8500.0,1500.0,0.15,0.15,1.0,0.0,426.6351388012751,523.6138455754989,0.8147896439452715,1.5591924855650314
tuna_synth_10000g,1,synth,2099-01-01 01:17:47.066047,77.78443411133415,15.767115022567737,13.665933855436975,0.0,15.767115022567737,10000.0,97.7,0.0,417.75,893.0,13.11,8500.0,8500.0,8500.0,1500.0,0.15,0.15,1.0,0.0,428.46478110701895,523.6138455754989,0.818283902779724,1.5591924855650314
tuna_synth_10000g,1,synth,2099-01-01 01:18:02.833162,78.04721936171028,15.50432977219161,13.411331798986259,0.0,15.50432977219161,10000.0,97.9,0.0,417.5,895.0,13.07,8500.0,8500.0,8500.0,1500.0,0.15,0.15,1.0,0.0,430.2933284742195,523.6138455754989,0.8217760704957835,1.5591924855650314
tuna_synth_10000g,1,synth,2099-01-01 01:18:18.600277,78.3100046120864,15.241544521815484,13.148546548610126,0.0,15.241544521815484,10000.0,98.1,0.0,417.5,905.0,12.92,8500.0,8500.0,8500.0,1500.0,0.15,0.15,1.0,0.0,432.1218758414201,523.6138455754989,0.8252682382118431,1.5591924855650314
tuna_synth_10000g,1,synth,2099-01-01 01:18:34.367392,78.57278986246254,14.978759271439344,12.877892628845244,0.0,14.978759271439344,10000.0,98.2,0.0,417.75,906.0,12.91,8500.0,8500.0,8500.0,1500.0,0.15,0.15,1.0,0.0,433.9515181471639,523.6138455754989,0.8287624970462956,1.5591924855650314
tuna_synth_10000g,1,synth,2099-01-01 01:18:50.134507,78.83557511283867,14.715974021063218,12.615107378469116,0.0,14.715974021063218,10000.0,98.4,0.0,417.75,912.0,12.85,8500.0,8500.0,8500.0,1500.0,0.15,0.15,1.0,0.0,435.78116045290767,523.6138455754989,0.832256755880748,1.5591924855650314
tuna_synth_10000g,1,synth,2099-01-01 01:19:05.901622,79.0983603632148,14.453188770687092,12.352322128092986,0.0,14.453188770687092,10000.0,98.5,0.0,417.75,911.0,12.82,8500.0,8500.0,8500.0,1500.0,0.15,0.15,1.0,0.0,437.61080275865146,523.6138455754989,0.8357510147152004,1.5591924855650314
tuna_synth_10000g,1,synth,2099-01-01 01:19:21.668737,79.36114561359092,14.190403520310966,12.096933477793563,0.0,14.190403520310966,10000.0,98.1,0.0,417.5,915.0,12.82,8500.0,8500.0,8500.0,1500.0,0.15,0.15,1.0,0.0,439.439350125852,523.6138455754989,0.83924318243126,1.5591924855650314
tuna_synth_10000g,1,synth,2099-01-01 01:19:37.435852,79.62393086396705,13.92761826993484,11.826908889609062,0.0,13.92761826993484,10000.0,98.3,0.0,417.75,912.0,12.83,8500.0,8500.0,8500.0,1500.0,0.15,0.15,1.0,0.0,441.2689924315958,523.6138455754989,0.8427374412657124,1.5591924855650314
tuna_synth_10000g,1,synth,2099-01-01 01:19:53.202967,79.88671611434317,13.664833019558714,11.585395058099127,0.0,13.664833019558714,10000.0,98.5,0.0,417.0,912.0,12.8,8500.0,8500.0,8500.0,1500.0,0.15,0.15,1.0,0.0,443.09534992170995,523.6138455754989,0.8462254267449864,1.5591924855650314
tuna_synth_10000g,1,synth,2099-01-01 01:20:08.970082,80.14950136471931,13.402047769182573,11.315668288814607,0.0,13.402047769182573,10000.0,98.5,0.0,417.25,906.0,13.13,8500.0,8500.0,8500.0,1500.0,0.15,0.15,1.0,0.0,444.9228023503673,523.6138455754989,0.8497155033426532,1.5591924855650314
tuna_synth_10000g,1,synth,2099-01-01 01:20:24.737197,80.41228661509544,13.139262518806447,11.07325939189973,0.0,13.139262518806447,10000.0,98.7,0.0,416.5,883.0,13.11,8500.0,8500.0,8500.0,1500.0,0.15,0.15,1.0,0.0,446.7469699633949,523.6138455754989,0.8531993065851413,1.5591924855650314
tuna_synth_10000g,1,synth,2099-01-01 01:20:40.504312,80.67507186547157,12.876477268430321,10.8038315144139,0.0,12.876477268430321,10000.0,98.9,0.0,416.75,898.0,13.05,8500.0,8500.0,8500.0,1500.0,0.15,0.15,1.0,0.0,448.57223251496566,523.6138455754989,0.8566852009460221,1.5591924855650314
tuna_synth_10000g,1,synth,2099-01-01 01:20:56.271427,80.93785711584769,12.613692018054195,10.54753115690357,0.0,12.613692018054195,10000.0,99.0,0.0,416.5,891.0,13.04,8500.0,8500.0,8500.0,1500.0,0.15,0.15,1.0,0.0,450.3964001279933,523.6138455754989,0.8601690041885103,1.5591924855650314
tuna_synth_10000g,1,synth,2099-01-01 01:21:12.038542,81.20064236622382,12.350906767678069,10.272098986675028,0.0,12.350906767678069,10000.0,99.2,0.0,417.0,910.0,12.98,8500.0,8500.0,8500.0,1500.0,0.15,0.15,1.0,0.0,452.22275761810744,523.6138455754989,0.8636569896677843,1.5591924855650314
tuna_synth_10000g,1,synth,2099-01-01 01:21:27.805657,81.46342761659994,12.088121517301943,10.00931373629889,0.0,12.088121517301943,10000.0,99.3,0.0,417.0,911.0,12.8,8500.0,8500.0,8500.0,1500.0,0.15,0.15,1.0,0.0,454.0491151082216,523.6138455754989,0.8671449751470582,1.5591924855650314
tuna_synth_10000g,1,synth,2099-01-01 01:21:43.572772,81.72621286697608,11.825336266925802,9.74053129375002,0.0,11.825336266925802,10000.0,99.5,0.0,417.25,930.0,12.51,8500.0,8500.0,8500.0,1500.0,0.15,0.15,1.0,0.0,455.87656753687895,523.6138455754989,0.8706350517447251,1.5591924855650314
tuna_synth_10000g,1,synth,2099-01-01 01:21:59.339887,81.98899811735221,11.562551016549676,9.489432343666342,0.0,11.562551016549676,10000.0,99.0,0.0,416.75,929.0,12.5,8500.0,8500.0,8500.0,1500.0,0.15,0.15,1.0,0.0,457.70183008844975,523.6138455754989,0.874120946105606,1.5591924855650314
tuna_synth_10000g,1,synth,2099-01-01 01:22:15.107002,82.25178336772834,11.29976576617355,9.226647093290213,0.0,11.29976576617355,10000.0,99.1,0.0,416.75,929.0,12.48,8500.0,8500.0,8500.0,1500.0,0.15,0.15,1.0,0.0,459.5270926400206,523.6138455754989,0.877606840466487,1.5591924855650314
tuna_synth_10000g,1,synth,2099-01-01 01:22:30.874117,82.51456861810448,11.03698051579741,8.958330279908514,0.0,11.03698051579741,10000.0,99.3,0.0,417.0,940.0,12.29,8500.0,8500.0,8500.0,1500.0,0.15,0.15,1.0,0.0,461.3534501301347,523.6138455754989,0.8810948259457609,1.5591924855650314
tuna_synth_10000g,1,synth,2099-01-01 01:22:46.641232,82.7773538684806,10.774195265421284,8.690177545841603,0.0,10.774195265421284,10000.0,99.5,0.0,417.25,944.0,12.24,8500.0,8500.0,8500.0,1500.0,0.15,0.15,1.0,0.0,463.18090255879207,523.6138455754989,0.8845849025434277,1.5591924855650314
tuna_synth_10000g,1,synth,2099-01-01 01:23:02.408347,83.04013911885671,10.511410015045172,8.479774318044385,0.0,10.511410015045172,10000.0,99.6,0.0,414.75,946.0,12.09,8500.0,8500.0,8500.0,1500.0,0.15,0.15,1.0,0.0,464.99740560201707,523.6138455754989,0.8880540679571659,1.5591924855650314
tuna_synth_10000g,1,synth,2099-01-01 01:23:18.175462,83.30292436923285,10.248624764669032,8.294359271300051,0.0,10.248624764669032,10000.0,99.7,0.0,411.0,974.0,12.24,8500.0,8500.0,8500.0,1500.0,0.15,0.15,1.0,0.0,466.79748456709353,523.6138455754989,0.8914918665950113,1.5591924855650314
tuna_synth_10000g,1,synth,2099-01-01 01:23:33.942577,83.56570961960898,9.985839514292906,8.138894750866799,0.0,9.985839514292906,10000.0,99.8,0.0,405.75,940.0,12.32,8500.0,8500.0,8500.0,1500.0,0.15,0.15,1.0,0.0,468.57456982276216,523.6138455754989,0.8948857517466071,1.5591924855650314
tuna_synth_10000g,1,synth,2099-01-01 01:23:49.709692,83.82849486998511,9.72305426391678,7.982799132056338,0.0,9.72305426391678,10000.0,99.8,0.0,400.5,944.0,12.06,8500.0,8500.0,8500.0,1500.0,0.15,0.15,1.0,0.0,470.3286613690228,523.6138455754989,0.8982357234119529,1.5591924855650314
tuna_synth_10000g,1,synth,2099-01-01 01:24:05.476807,84.09128012036125,9.460269013540639,7.8517098064476345,0.0,9.460269013540639,10000.0,99.9,0.0,394.0,935.0,12.29,8500.0,8500.0,8500.0,1500.0,0.15,0.15,1.0,0.0,472.0542845131594,523.6138455754989,0.9015313259990846,1.5591924855650314
tuna_synth_10000g,1,synth,2099-01-01 01:24:21.243922,84.35406537073737,9.197483763164513,7.705208732213366,0.0,9.197483763164513,10000.0,100.0,0.0,388.25,944.0,12.24,8500.0,8500.0,8500.0,1500.0,0.15,0.15,1.0,0.0,473.75472407080156,523.6138455754989,0.9047788328631806,1.5591924855650314
tuna_synth_10000g,1,synth,2099-01-01 01:24:37.011037,84.6168506211135,8.934698512788387,7.558253417027366,0.0,8.934698512788387,10000.0,100.0,0.0,382.5,951.0,12.39,8500.0,8500.0,8500.0,1500.0,0.15,0.15,1.0,0.0,475.4299800419494,523.6138455754989,0.9079782440042412,1.5591924855650314
tuna_synth_10000g,1,synth,2099-01-01 01:24:52.778152,84.87963587148963,8.67191326241226,7.385447373996806,0.0,8.67191326241226,10000.0,100.0,0.0,378.0,938.0,12.41,8500.0,8500.0,8500.0,1500.0,0.15,0.15,1.0,0.0,477.085527119319,523.6138455754989,0.9111400150142305,1.5591924855650314
tuna_synth_10000g,1,synth,2099-01-01 01:25:08.545267,85.14242112186575,8.409128012036135,7.166886359393108,0.0,8.409128012036135,10000.0,100.0,0.0,375.75,939.0,12.24,8500.0,8500.0,8500.0,1500.0,0.15,0.15,1.0,0.0,478.73121974979955,523.6138455754989,0.9142829659586842,1.5591924855650314
tuna_synth_10000g,1,synth,2099-01-01 01:25:24.312382,85.40520637224188,8.146342761660009,6.937636005083658,0.0,8.146342761660009,10000.0,100.0,0.0,374.0,950.0,12.21,8500.0,8500.0,8500.0,1500.0,0.15,0.15,1.0,0.0,480.3692478104774,523.6138455754989,0.9174112790743878,1.5591924855650314
tuna_synth_10000g,1,synth,2099-01-01 01:25:40.079497,85.66799162261802,7.883557511283868,6.698115798319481,0.0,7.883557511283868,10000.0,99.9,0.0,372.75,941.0,12.31,8500.0,8500.0,8500.0,1500.0,0.15,0.15,1.0,0.0,482.0018011784391,523.6138455754989,0.9205291365981272,1.5591924855650314
tuna_synth_10000g,1,synth,2099-01-01 01:25:55.846612,85.93077687299414,7.620772260907742,6.448834813665769,0.0,7.620772260907742,10000.0,99.9,0.0,372.0,921.0,12.55,8500.0,8500.0,8500.0,1500.0,0.15,0.15,1.0,0.0,483.6310697307711,523.6138455754989,0.9236407207666881,1.5591924855650314
tuna_synth_10000g,1,synth,2099-01-01 01:26:11.613727,86.19356212337027,7.357987010531616,6.1730740405257265,0.0,7.357987010531616,10000.0,99.9,0.0,372.75,940.0,12.85,8500.0,8500.0,8500.0,1500.0,0.15,0.15,1.0,0.0,485.2636230987328,523.6138455754989,0.9267585782904275,1.5591924855650314
tuna_synth_10000g,1,synth,2099-01-01 01:26:27.380842,86.45634737374641,7.095201760155476,5.914431792861354,0.0,7.095201760155476,10000.0,99.9,0.0,372.5,937.0,12.39,8500.0,8500.0,8500.0,1500.0,0.15,0.15,1.0,0.0,486.8950815281513,523.6138455754989,0.9298743446957741,1.5591924855650314
tuna_synth_10000g,1,synth,2099-01-01 01:26:43.147957,86.71913262412252,6.832416509779364,5.675559339491402,0.0,6.832416509779364,10000.0,99.8,0.0,371.0,928.0,12.48,8500.0,8500.0,8500.0,1500.0,0.15,0.15,1.0,0.0,488.5199703263104,523.6138455754989,0.9329775643907636,1.5591924855650314
tuna_synth_10000g,1,synth,2099-01-01 01:26:58.915072,86.98191787449865,6.569631259403238,5.45127856224615,0.0,6.569631259403238,10000.0,99.8,0.0,368.5,939.0,12.53,8500.0,8500.0,8500.0,1500.0,0.15,0.15,1.0,0.0,490.1339097390371,523.6138455754989,0.9360598729018246,1.5591924855650314
tuna_synth_10000g,1,synth,2099-01-01 01:27:14.682187,87.24470312487479,6.3068460090270975,5.248315298835693,0.0,6.3068460090270975,10000.0,99.7,0.0,364.5,945.0,12.21,8500.0,8500.0,8500.0,1500.0,0.15,0.15,1.0,0.0,491.73033013507205,523.6138455754989,0.9391087235185999,1.5591924855650314
tuna_synth_10000g,1,synth,2099-01-01 01:27:30.449303,87.50748837525092,6.044060758650971,5.051133989695009,0.0,6.044060758650971,10000.0,99.7,0.0,360.0,939.0,12.36,8500.0,8500.0,8500.0,1500.0,0.15,0.15,1.0,0.0,493.30704163732884,523.6138455754989,0.942119934004304,1.5591924855650314
tuna_synth_10000g,1,synth,2099-01-01 01:27:46.216418,87.77027362562704,5.781275508274845,4.848692574754445,0.0,5.781275508274845,10000.0,99.6,0.0,355.75,935.0,12.36,8500.0,8500.0,8500.0,1500.0,0.15,0.15,1.0,0.0,494.86513918435065,523.6138455754989,0.9450955954773297,1.5591924855650314
tuna_synth_10000g,1,synth,2099-01-01 01:28:01.983533,88.03305887600318,5.518490257898705,4.651523534435534,0.0,5.518490257898705,10000.0,99.5,0.0,351.0,935.0,12.41,8500.0,8500.0,8500.0,1500.0,0.15,0.15,1.0,0.0,496.402432899051,523.6138455754989,0.9480315257008911,1.5591924855650314
tuna_synth_10000g,1,synth,2099-01-01 01:28:17.750648,88.29584412637931,5.255705007522579,4.455956832244886,0.0,5.255705007522579,10000.0,99.4,0.0,346.0,929.0,12.5,8500.0,8500.0,8500.0,1500.0,0.15,0.15,1.0,0.0,497.9178278428867,523.6138455754989,0.9509256335565957,1.5591924855650314
tuna_synth_10000g,1,synth,2099-01-01 01:28:33.517763,88.55862937675543,4.992919757146453,4.271806114202491,0.0,4.992919757146453,10000.0,99.3,0.0,340.0,935.0,12.34,8500.0,8500.0,8500.0,1500.0,0.15,0.15,1.0,0.0,499.40694426168477,523.6138455754989,0.9537695545708716,1.5591924855650314
tuna_synth_10000g,1,synth,2099-01-01 01:28:49.284878,88.82141462713156,4.730134506770327,4.076017076222366,0.0,4.730134506770327,10000.0,99.1,0.0,334.75,970.0,11.97,8500.0,8500.0,8500.0,1500.0,0.15,0.15,1.0,0.0,500.87306697107493,523.6138455754989,0.956569562098898,1.5591924855650314
tuna_synth_10000g,1,synth,2099-01-01 01:29:05.051993,89.08419987750769,4.4673492563942006,3.884469206357723,0.0,4.4673492563942006,10000.0,99.5,0.0,329.0,958.0,11.99,8500.0,8500.0,8500.0,1500.0,0.15,0.15,1.0,0.0,502.3140060939707,523.6138455754989,0.9593214739038886,1.5591924855650314
tuna_synth_10000g,1,synth,2099-01-01 01:29:20.819108,89.34698512788381,4.2045640060180745,3.6816294684253927,0.0,4.2045640060180745,10000.0,99.4,0.0,324.0,958.0,11.99,8500.0,8500.0,8500.0,1500.0,0.15,0.15,1.0,0.0,503.73304644600177,523.6138455754989,0.9620315633410221,1.5591924855650314
tuna_synth_10000g,1,synth,2099-01-01 01:29:36.586223,89.60977037825995,3.941778755641934,3.48242023712726,0.0,3.941778755641934,10000.0,99.2,0.0,318.5,955.0,12.04,8500.0,8500.0,8500.0,1500.0,0.15,0.15,1.0,0.0,505.1279981500817,523.6138455754989,0.964695648173513,1.5591924855650314
tuna_synth_10000g,1,synth,2099-01-01 01:29:52.353338,89.87255562863608,3.678993505265808,3.2695422831430903,0.0,3.678993505265808,10000.0,99.0,0.0,314.0,973.0,11.75,8500.0,8500.0,8500.0,1500.0,0.15,0.15,1.0,0.0,506.5032409603834,523.6138455754989,0.9673220928749326,1.5591924855650314
tuna_synth_10000g,1,synth,2099-01-01 01:30:08.120453,90.1353408790122,3.416208254889682,3.059662247704544,0.0,3.416208254889682,10000.0,98.7,0.0,309.0,976.0,11.72,8500.0,8500.0,8500.0,1500.0,0.15,0.15,1.0,0.0,507.8565849998205,523.6138455754989,0.9699067152084954,1.5591924855650314
tuna_synth_10000g,1,synth,2099-01-01 01:30:23.887568,90.39812612938833,3.153423004513556,2.847200389560396,0.0,3.153423004513556,10000.0,98.5,0.0,304.0,1002.0,11.32,8500.0,8500.0,8500.0,1500.0,0.15,0.15,1.0,0.0,509.1880302683929,523.6138455754989,0.9724495151742011,1.5591924855650314
tuna_synth_10000g,1,synth,2099-01-01 01:30:39.654683,90.66091137976446,2.8906377541374297,2.6296087961614183,0.0,2.8906377541374297,10000.0,98.2,0.0,299.25,990.0,11.5,8500.0,8500.0,8500.0,1500.0,0.15,0.15,1.0,0.0,510.4986717046438,523.6138455754989,0.9749525838904426,1.5591924855650314
tuna_synth_10000g,1,synth,2099-01-01 01:30:55.421798,90.92369663014058,2.6278525037613036,2.409236590884673,0.0,2.6278525037613036,10000.0,98.0,0.0,294.5,986.0,11.62,8500.0,8500.0,8500.0,1500.0,0.15,0.15,1.0,0.0,511.7885093085733,523.6138455754989,0.9774159213572199,1.5591924855650314
tuna_synth_10000g,1,synth,2099-01-01 01:31:11.188913,91.18648188051672,2.3650672533851633,2.1880616443234673,0.0,2.3650672533851633,10000.0,98.3,0.0,289.5,979.0,11.72,8500.0,8500.0,8500.0,1500.0,0.15,0.15,1.0,0.0,513.0564481416382,523.6138455754989,0.9798374364561403,1.5591924855650314
tuna_synth_10000g,1,synth,2099-01-01 01:31:26.956028,91.44926713089285,2.1022820030090372,1.9617761053100937,0.0,0.0,10000.0,98.0,0.0,284.75,979.0,11.72,8500.0,8500.0,8500.0,1500.0,0.15,0.15,1.0,0.0,514.3035831423814,523.6138455754989,0.9822192203055963,1.5591924855650314
tuna_synth_10000g,1,synth,2099-01-01 01:31:42.723143,91.71205238126898,1.8394967526329111,1.730491274109334,0.0,0.0,10000.0,97.7,0.0,280.25,975.0,11.72,8500.0,8500.0,8500.0,1500.0,0.15,0.15,1.0,0.0,515.5310092493465,523.6138455754989,0.9845633640239811,1.5591924855650314
tuna_synth_10000g,1,synth,2099-01-01 01:31:58.490258,91.97483763164512,1.5767115022567708,1.4959461351873744,0.0,0.0,10000.0,97.4,0.0,275.75,969.0,11.86,8500.0,8500.0,8500.0,1500.0,0.15,0.15,1.0,0.0,516.7387264625336,523.6138455754989,0.9868698676112949,1.5591924855650314
tuna_synth_10000g,1,synth,2099-01-01 01:32:14.257373,92.23762288202124,1.3139262518806447,1.2551803311433536,0.0,0.0,10000.0,97.0,0.0,271.75,958.0,11.99,8500.0,8500.0,8500.0,1500.0,0.15,0.15,1.0,0.0,517.9289246590288,523.6138455754989,0.9891429133043228,1.5591924855650314
tuna_synth_10000g,1,synth,2099-01-01 01:32:30.024488,92.50040813239735,1.0511410015045328,1.011146607656412,0.0,0.0,10000.0,97.4,0.0,267.75,950.0,12.07,8500.0,8500.0,8500.0,1500.0,0.15,0.15,1.0,0.0,519.1016038388321,523.6138455754989,0.991382501103065,1.5591924855650314
tuna_synth_10000g,1,synth,2099-01-01 01:32:45.791603,92.7631933827735,0.7883557511283925,0.7646701735328028,0.0,0.0,10000.0,97.0,0.0,263.5,949.0,12.19,8500.0,8500.0,8500.0,1500.0,0.15,0.15,1.0,0.0,520.2556690634007,523.6138455754989,0.993586539889129,1.5591924855650314
tuna_synth_10000g,1,synth,2099-01-01 01:33:01.558718,93.02597863314962,0.5255705007522664,0.5144204997719873,0.0,0.0,10000.0,96.6,0.0,259.25,949.0,12.14,8500.0,8500.0,8500.0,1500.0,0.15,0.15,1.0,0.0,521.3911203327341,523.6138455754989,0.9957550296625143,1.5591924855650314
tuna_synth_10000g,1,synth,2099-01-01 01:33:17.325833,93.28876388352575,0.2627852503761403,0.2586752171346581,0.0,0.0,10000.0,96.3,0.0,255.75,945.0,12.24,8500.0,8500.0,8500.0,1500.0,0.15,0.15,1.0,0.0,522.5112424624624,523.6138455754989,0.9978942437784001,1.5591924855650314
tuna_synth_10000g,1,synth,2099-01-01 01:33:33.092948,93.55154913390189,0.0,0.0,0.0,0.0,10000.0,96.4,0.0,251.75,943.0,12.24,8500.0,8500.0,8500.0,1500.0,0.15,0.15,1.0,0.0,523.6138455754989,523.6138455754989,1.0,1.5591924855650314
