Timestamp,DHT11_Temp_C,DHT11_Humidity_pct,MAX6675_OvenTemp_C,MQ6_ADC,MQ6_Ratio,Weight_g
# Send 't' anytime to re-tare the load cell (tray must be empty). This also saves the new zero point for future boots.
2026-08-26 11:07:36,32.00,81.80,32.00,1088,10.12,2379.7
2026-08-26 11:07:41,32.10,81.70,32.00,1072,10.35,2377.9
2026-08-26 11:07:46,32.10,81.70,32.25,1072,10.57,2377.8
2026-08-26 11:07:51,32.10,81.70,32.50,1041,10.76,2378.6
2026-08-26 11:07:56,32.20,81.70,31.50,1023,11.01,2380.1
2026-08-26 11:08:01,32.20,81.60,31.25,1011,11.19,2378.7
2026-08-26 11:08:06,32.30,81.60,32.00,1001,11.33,2377.6
2026-08-26 11:08:11,32.40,81.50,31.25,991,11.52,2378.0
2026-08-26 11:08:16,32.40,81.50,31.50,981,11.69,2378.7
2026-08-26 11:08:21,32.50,81.40,31.75,972,11.80,2378.7
2026-08-26 11:08:26,32.50,81.30,31.75,963,11.97,2378.6
2026-08-26 11:08:31,32.50,81.10,31.75,950,12.12,2379.2
2026-08-26 11:08:36,32.60,81.00,32.00,945,12.24,2378.5
2026-08-26 11:08:41,32.60,80.90,31.50,942,12.34,2377.8
2026-08-26 11:08:46,32.70,80.80,31.50,932,12.48,2377.8
2026-08-26 11:08:51,32.70,80.60,31.75,926,12.55,2378.1
2026-08-26 11:08:56,32.80,80.50,31.75,918,12.71,2379.3
2026-08-26 11:09:01,32.80,80.30,32.00,909,12.80,2379.5
2026-08-26 11:09:06,32.90,80.20,32.00,891,12.92,2378.7
2026-08-26 11:09:11,32.90,80.00,32.00,902,13.00,2379.3
2026-08-26 11:09:16,33.00,79.70,31.75,894,13.13,2378.9
2026-08-26 11:09:21,33.00,79.60,31.50,886,13.26,2380.3
2026-08-26 11:09:26,33.10,79.50,31.75,880,13.15,2379.3
2026-08-26 11:09:31,33.10,79.50,32.25,881,13.40,2379.3
2026-08-26 11:09:36,33.10,79.40,32.25,871,13.45,2379.8
2026-08-26 11:09:41,33.20,79.30,32.00,879,13.40,2380.2
2026-08-26 11:09:46,33.20,79.30,31.75,881,13.40,2380.5
2026-08-26 11:09:51,33.30,79.10,31.75,880,13.49,2380.2
2026-08-26 11:09:56,33.30,79.00,34.00,867,13.59,2381.7
2026-08-26 11:10:01,33.40,78.90,38.00,871,13.51,2380.3
2026-08-26 11:10:06,33.40,78.80,40.50,865,13.40,2378.9
2026-08-26 11:10:11,33.50,78.70,42.75,855,13.81,2676.0
2026-08-26 11:10:16,33.50,78.60,45.25,855,13.94,2649.9
2026-08-26 11:10:21,33.60,78.40,47.00,847,14.04,2651.1
2026-08-26 11:10:26,33.60,78.40,49.00,855,14.02,2648.0
2026-08-26 11:10:31,33.60,78.30,52.75,848,14.02,2648.9
2026-08-26 11:10:36,33.70,78.10,57.25,843,14.15,2648.5
2026-08-26 11:10:41,33.70,78.10,64.00,838,14.23,2646.3
2026-08-26 11:10:46,33.80,77.90,71.00,837,14.32,2646.4
2026-08-26 11:10:51,33.90,77.80,79.25,838,14.02,2646.1
2026-08-26 11:10:56,34.00,77.70,86.75,831,14.36,2645.7
2026-08-26 11:11:01,34.00,77.50,95.25,831,14.42,2647.6
2026-08-26 11:11:06,34.00,77.20,104.75,830,14.49,2646.7
2026-08-26 11:11:11,34.10,77.00,114.00,824,14.71,2646.0
2026-08-26 11:11:16,34.20,76.90,123.75,827,14.51,2643.2
2026-08-26 11:11:21,34.30,76.70,133.00,830,14.60,2646.1
2026-08-26 11:11:26,34.40,76.60,141.50,897,14.42,2642.8
2026-08-26 11:11:31,34.40,76.50,150.75,822,14.62,2641.3
2026-08-26 11:11:36,34.60,76.40,160.25,823,14.58,2641.1
2026-08-26 11:11:41,34.70,76.30,169.50,819,14.60,2639.4
2026-08-26 11:11:46,34.80,76.20,178.25,819,14.71,2641.4
2026-08-26 11:11:51,34.90,76.00,186.50,819,14.49,2639.8
2026-08-26 11:11:56,35.10,75.50,194.25,819,14.60,2641.0
2026-08-26 11:12:01,35.20,75.40,202.75,821,14.60,2637.9
2026-08-26 11:12:06,35.40,75.30,210.50,821,14.71,2638.4
2026-08-26 11:12:11,35.60,75.10,218.25,822,14.67,2635.4
2026-08-26 11:12:16,35.80,75.00,225.75,825,14.67,2637.1
2026-08-26 11:12:21,35.90,74.80,232.75,817,14.71,2634.6
2026-08-26 11:12:26,36.10,74.40,240.00,816,14.73,2632.5
2026-08-26 11:12:31,36.30,74.30,247.25,818,14.80,2632.6
2026-08-26 11:12:36,36.50,74.10,253.25,822,14.67,2632.0
2026-08-26 11:12:41,36.70,73.90,259.50,821,14.62,2630.9
2026-08-26 11:12:46,37.00,73.30,265.25,822,14.67,2627.6
2026-08-26 11:12:51,37.20,73.20,271.25,817,14.73,2630.9
2026-08-26 11:12:56,37.40,72.90,277.50,816,14.73,2628.8
2026-08-26 11:13:01,37.70,72.70,283.25,795,14.60,2628.5
2026-08-26 11:13:06,37.90,72.40,288.00,822,14.58,2624.7
2026-08-26 11:13:11,38.20,71.80,293.25,823,14.62,2624.6
2026-08-26 11:13:16,38.50,71.40,297.75,823,14.67,2624.6
2026-08-26 11:13:21,38.90,71.00,302.50,823,14.67,2622.2
2026-08-26 11:13:26,39.10,70.10,306.75,823,14.51,2621.4
2026-08-26 11:13:31,39.40,69.80,311.00,814,14.62,2621.3
2026-08-26 11:13:36,39.70,69.60,315.00,818,14.67,2621.9
2026-08-26 11:13:41,40.00,69.10,319.25,819,14.62,2620.8
2026-08-26 11:13:46,40.30,68.80,322.75,821,14.62,2617.7
2026-08-26 11:13:51,40.70,68.50,326.50,782,14.62,2616.0
2026-08-26 11:13:56,41.00,68.20,329.75,823,14.62,2616.7
2026-08-26 11:14:01,41.30,67.60,332.50,823,14.67,2614.2
2026-08-26 11:14:06,41.60,67.20,336.00,822,14.58,2615.0
2026-08-26 11:14:11,42.00,66.40,339.00,822,14.53,2614.1
2026-08-26 11:14:16,42.40,65.80,341.50,819,14.60,2612.2
2026-08-26 11:14:21,42.70,65.20,344.25,816,14.60,2612.6
2026-08-26 11:14:26,43.00,64.40,346.75,816,14.73,2610.3
2026-08-26 11:14:31,43.40,63.60,349.00,816,14.76,2610.3
2026-08-26 11:14:36,43.70,62.70,350.75,807,14.73,2610.8
2026-08-26 11:14:41,44.10,61.40,353.25,817,14.73,2606.4
2026-08-26 11:14:46,44.60,60.30,354.75,815,14.76,2609.5
2026-08-26 11:14:51,45.00,59.50,357.25,816,14.83,2606.4
2026-08-26 11:14:56,45.20,58.80,358.25,813,14.78,2604.4
2026-08-26 11:15:01,45.60,58.00,360.25,809,14.89,2603.4
2026-08-26 11:15:06,46.00,57.10,362.00,813,14.87,2604.7
2026-08-26 11:15:11,46.40,56.10,363.50,813,14.85,2603.1
2026-08-26 11:15:16,46.80,55.20,365.25,811,14.85,2602.2
2026-08-26 11:15:21,47.20,54.00,366.25,814,14.85,2600.9
2026-08-26 11:15:26,47.50,53.20,367.50,810,14.73,2600.9
2026-08-26 11:15:31,48.00,52.10,368.50,784,14.85,2601.8
2026-08-26 11:15:36,48.40,50.70,370.25,838,14.73,2597.6
2026-08-26 11:15:41,48.80,49.60,371.50,816,14.56,2599.0
2026-08-26 11:15:46,49.10,48.50,373.00,814,14.80,2598.2
2026-08-26 11:15:51,49.50,47.80,374.25,807,14.85,2596.6
2026-08-26 11:15:56,49.90,46.80,374.50,811,14.87,2596.7
2026-08-26 11:16:01,50.30,45.70,375.50,816,14.78,2593.6
2026-08-26 11:16:06,50.80,44.60,376.50,816,14.73,2593.5
2026-08-26 11:16:11,51.10,43.80,378.00,822,14.78,2594.4
2026-08-26 11:16:16,51.60,42.80,379.25,827,14.73,2590.3
2026-08-26 11:16:21,52.00,42.10,379.25,797,15.49,2591.5
2026-08-26 11:16:26,52.30,41.30,379.50,815,14.76,2590.6
2026-08-26 11:16:31,52.70,40.40,380.25,816,14.73,2589.5
2026-08-26 11:16:36,53.00,39.60,381.25,818,14.73,2589.3
2026-08-26 11:16:41,53.50,38.60,382.25,817,14.62,2587.8
2026-08-26 11:16:46,53.90,37.50,383.00,816,14.73,2587.7
2026-08-26 11:16:51,54.20,36.90,383.00,810,14.85,2588.2
2026-08-26 11:16:56,54.70,35.90,384.00,813,14.94,2589.3
2026-08-26 11:17:01,55.00,35.20,384.25,811,14.73,2584.7
2026-08-26 11:17:06,55.50,34.40,385.00,814,14.80,2587.0
2026-08-26 11:17:11,55.90,33.60,385.00,810,14.94,2585.9
2026-08-26 11:17:16,56.20,32.90,385.50,804,14.99,2582.1
2026-08-26 11:17:21,56.60,32.40,386.50,802,15.06,2585.4
2026-08-26 11:17:26,57.10,31.70,386.75,807,15.06,2584.3
2026-08-26 11:17:31,57.30,31.30,387.50,805,15.03,2584.7
2026-08-26 11:17:36,57.70,30.70,388.00,798,15.17,2583.1
2026-08-26 11:17:41,58.00,30.30,388.75,795,15.24,2581.3
2026-08-26 11:17:46,58.40,29.90,388.75,806,15.03,2582.1
2026-08-26 11:17:51,58.80,28.50,389.75,799,15.03,2580.5
2026-08-26 11:17:56,59.10,27.50,389.75,796,15.27,2577.7
2026-08-26 11:18:01,59.60,26.20,389.50,797,15.20,2581.5
2026-08-26 11:18:06,60.00,25.00,390.25,795,15.22,2579.1
2026-08-26 11:18:11,60.30,24.30,390.75,791,15.13,2580.1
2026-08-26 11:18:16,60.60,23.40,390.75,793,15.36,2577.6
2026-08-26 11:18:21,61.10,22.40,392.25,787,15.36,2577.2
2026-08-26 11:18:26,61.30,21.70,392.25,787,15.36,2576.6
2026-08-26 11:18:31,61.70,20.90,391.75,785,15.46,2575.6
2026-08-26 11:18:36,62.20,20.20,392.50,784,15.39,2574.8
2026-08-26 11:18:41,62.60,19.10,393.00,785,15.49,2573.5
2026-08-26 11:18:46,63.00,18.00,394.00,778,15.71,2574.4
2026-08-26 11:18:51,63.20,17.10,393.75,783,15.46,2572.6
2026-08-26 11:18:56,63.60,16.00,395.25,784,15.44,2572.8
2026-08-26 11:19:01,64.00,15.00,395.00,783,15.56,2572.3
2026-08-26 11:19:06,64.40,14.00,395.50,784,15.51,2571.3
2026-08-26 11:19:11,64.80,13.10,395.25,784,15.51,2572.1
2026-08-26 11:19:16,65.20,12.90,396.50,782,15.49,2570.9
2026-08-26 11:19:21,65.50,12.10,396.25,784,15.49,2570.9
2026-08-26 11:19:26,65.90,11.50,396.50,779,15.61,2571.1
2026-08-26 11:19:31,66.30,11.20,396.50,779,16.43,2570.1
2026-08-26 11:19:36,66.70,10.70,396.50,784,15.49,2570.0
2026-08-26 11:19:41,67.00,10.50,397.50,784,15.63,2570.2
2026-08-26 11:19:46,67.40,10.10,397.50,775,15.71,2570.8
2026-08-26 11:19:51,67.90,9.40,397.75,709,15.71,2568.8
2026-08-26 11:19:56,68.20,9.40,398.00,777,15.58,2569.6
2026-08-26 11:20:01,68.50,9.10,398.00,784,15.49,2569.3
2026-08-26 11:20:06,68.90,8.80,397.50,784,15.49,2569.7
2026-08-26 11:20:11,69.10,8.60,398.50,784,15.49,2571.6
2026-08-26 11:20:16,69.30,8.60,398.25,774,15.76,2571.1
2026-08-26 11:20:21,69.80,8.30,398.50,778,15.83,2571.0
2026-08-26 11:20:26,70.10,8.50,398.75,756,15.49,2569.5
2026-08-26 11:20:31,70.50,8.30,399.00,786,15.58,2569.7
2026-08-26 11:20:36,70.90,8.10,399.25,768,15.86,2569.5
2026-08-26 11:20:41,71.10,8.30,399.00,769,15.76,2569.5
2026-08-26 11:20:46,71.40,8.20,399.25,779,15.63,2568.2
2026-08-26 11:20:51,71.60,8.00,399.25,779,15.56,2568.2
2026-08-26 11:20:56,71.90,7.80,399.75,784,15.49,2567.5
2026-08-26 11:21:01,72.30,8.00,400.75,784,15.53,2568.5
2026-08-26 11:21:06,72.60,7.90,401.50,784,15.49,2566.7
2026-08-26 11:21:11,72.90,7.90,401.75,793,15.29,2568.1
2026-08-26 11:21:16,73.20,8.10,402.00,791,14.80,0.0
2026-08-26 11:21:21,73.50,8.00,402.00,794,15.34,2566.2
2026-08-26 11:21:26,73.80,7.90,402.00,795,15.32,2566.2
2026-08-26 11:21:31,74.10,8.10,402.50,789,15.27,2565.8
2026-08-26 11:21:36,74.40,8.00,403.25,778,15.22,2566.4
2026-08-26 11:21:41,74.60,7.90,403.50,799,15.10,2565.9
2026-08-26 11:21:46,74.90,7.90,403.75,810,14.83,2566.1
2026-08-26 11:21:51,75.30,8.20,404.00,814,14.76,2565.1
2026-08-26 11:21:56,75.70,8.10,404.25,823,14.53,2565.0
2026-08-26 11:22:01,76.10,8.10,404.75,827,14.58,2563.4
2026-08-26 11:22:06,76.30,8.30,404.25,833,14.15,2565.5
2026-08-26 11:22:11,76.50,8.30,404.50,831,14.40,2564.1
2026-08-26 11:22:16,76.80,8.20,405.00,833,14.36,2563.4
2026-08-26 11:22:21,77.00,8.50,405.50,843,14.15,2563.7
2026-08-26 11:22:26,77.20,8.40,405.25,839,14.10,2564.3
2026-08-26 11:22:31,77.50,8.40,405.50,841,14.25,2563.3
2026-08-26 11:22:36,77.70,8.40,405.50,833,14.36,2562.8
2026-08-26 11:22:41,77.90,8.30,406.25,846,13.98,2562.8
2026-08-26 11:22:46,78.20,8.80,406.25,848,14.06,2562.7
2026-08-26 11:22:51,78.60,8.80,406.00,838,14.23,2562.6
2026-08-26 11:22:56,78.90,8.70,406.50,846,14.04,2562.1
2026-08-26 11:23:01,79.10,9.00,407.00,854,13.90,2562.5
2026-08-26 11:23:06,79.40,8.90,406.75,854,13.98,2562.0
2026-08-26 11:23:11,79.70,8.90,406.75,847,14.94,2561.6
2026-08-26 11:23:16,80.00,8.90,407.25,846,14.04,2561.4
2026-08-26 11:23:21,80.10,9.20,407.00,855,13.94,2560.3
2026-08-26 11:23:26,80.30,9.20,407.00,848,14.04,2561.1
2026-08-26 11:23:31,80.50,9.20,407.50,855,13.96,2560.1
2026-08-26 11:23:36,80.70,9.20,407.00,848,14.02,2559.9
2026-08-26 11:23:41,80.90,9.20,407.75,862,13.90,2559.5
2026-08-26 11:23:46,81.10,9.40,407.00,861,13.71,2559.7
2026-08-26 11:23:51,81.40,9.40,407.75,849,14.02,2559.1
2026-08-26 11:23:56,81.70,9.40,408.00,859,13.87,2559.0
2026-08-26 11:24:01,82.00,9.40,407.25,821,14.04,2558.7
2026-08-26 11:24:06,82.00,9.60,408.00,851,13.85,2559.9
2026-08-26 11:24:11,82.30,9.60,408.25,835,14.15,2558.8
2026-08-26 11:24:16,82.60,9.60,407.75,839,14.29,2559.0
2026-08-26 11:24:21,82.90,9.60,407.75,847,14.10,2558.2
2026-08-26 11:24:26,83.10,9.60,408.50,842,14.19,2558.6
2026-08-26 11:24:31,83.20,10.00,408.75,848,14.04,2559.2
2026-08-26 11:24:36,83.40,10.00,407.75,841,14.17,2559.5
2026-08-26 11:24:41,83.70,9.90,408.50,836,14.36,2558.3
2026-08-26 11:24:46,83.90,10.00,408.75,848,14.04,2558.6
2026-08-26 11:24:51,84.00,10.00,408.50,819,14.15,2559.4
2026-08-26 11:24:56,84.50,10.00,408.75,843,14.15,2559.5
2026-08-26 11:25:01,84.90,10.00,409.25,839,13.94,2557.8
2026-08-26 11:25:06,85.30,10.00,409.00,853,13.94,2558.5
2026-08-26 11:25:11,85.10,10.40,409.25,852,14.04,2557.5
2026-08-26 11:25:16,85.30,10.40,409.75,866,13.73,2558.4
2026-08-26 11:25:21,85.50,10.40,409.00,859,13.85,2558.1
2026-08-26 11:25:26,85.70,10.40,409.00,855,13.85,2557.5
2026-08-26 11:25:31,86.00,10.40,410.00,866,13.65,2558.0
2026-08-26 11:25:36,86.10,10.40,409.75,858,13.81,2558.9
2026-08-26 11:25:41,86.20,0.00,410.50,864,13.51,2558.0
2026-08-26 11:25:46,86.40,0.00,409.75,865,13.69,2556.7
2026-08-26 11:25:51,86.60,0.00,410.25,880,13.32,2556.9
2026-08-26 11:25:56,86.90,0.00,410.25,871,13.57,2558.2
2026-08-26 11:26:01,87.10,0.00,410.00,880,13.40,2557.4
2026-08-26 11:26:06,87.00,0.00,411.00,897,13.45,2556.1
2026-08-26 11:26:11,87.20,0.00,410.75,879,13.40,2557.1
2026-08-26 11:26:16,87.40,0.00,410.75,880,13.40,2556.4
2026-08-26 11:26:21,87.60,0.00,411.00,883,13.34,2554.9
2026-08-26 11:26:26,87.80,0.00,411.25,885,13.32,2555.9
2026-08-26 11:26:31,88.00,0.00,411.00,883,13.75,2554.3
2026-08-26 11:26:36,88.10,0.00,411.00,879,13.42,2554.4
2026-08-26 11:26:41,88.30,0.00,410.75,879,13.40,2555.4
2026-08-26 11:26:46,88.60,0.00,411.00,871,13.40,2554.7
2026-08-26 11:26:51,88.90,0.00,411.00,882,13.40,2554.5
2026-08-26 11:26:56,89.30,0.00,411.25,880,13.73,2554.9
2026-08-26 11:27:01,89.00,0.00,410.75,878,13.42,2555.2
2026-08-26 11:27:06,89.10,0.00,410.75,879,13.49,2555.1
2026-08-26 11:27:11,89.30,0.00,411.25,878,13.38,2553.2
2026-08-26 11:27:16,89.50,0.00,412.00,886,13.30,2553.1
2026-08-26 11:27:21,89.60,0.00,411.75,893,13.22,2553.5
2026-08-26 11:27:26,89.80,0.00,411.50,880,13.34,2551.1
2026-08-26 11:27:31,89.90,0.00,411.50,877,13.40,2553.2
2026-08-26 11:27:36,90.10,0.00,412.50,880,13.40,2554.0
2026-08-26 11:27:41,90.10,0.00,412.00,882,13.19,2553.2
2026-08-26 11:27:46,90.40,0.00,412.25,880,13.40,2552.9
2026-08-26 11:27:51,90.70,0.00,411.75,866,13.67,2553.8
2026-08-26 11:27:56,91.00,0.00,412.00,862,13.73,2552.7
2026-08-26 11:28:01,91.30,0.00,412.75,858,13.81,2552.8
2026-08-26 11:28:06,91.50,0.00,412.50,865,13.63,2553.0
2026-08-26 11:28:11,91.10,0.00,413.00,875,13.49,2552.9
2026-08-26 11:28:16,91.20,0.00,412.50,870,13.57,2551.8
2026-08-26 11:28:21,91.40,0.00,412.75,858,13.90,2552.2
2026-08-26 11:28:26,91.50,0.00,413.75,871,13.53,2552.7
2026-08-26 11:28:31,91.60,0.00,413.25,878,13.42,2552.8
2026-08-26 11:28:36,91.70,0.00,412.50,871,13.53,2551.9
2026-08-26 11:28:41,91.90,0.00,413.25,865,13.96,2552.3
2026-08-26 11:28:46,92.00,0.00,413.50,867,13.61,2551.5
2026-08-26 11:28:51,92.10,0.00,413.25,863,13.75,2552.0
2026-08-26 11:28:56,92.30,0.00,414.25,867,13.65,2551.2
2026-08-26 11:29:01,92.60,0.00,414.25,878,13.42,2552.1
2026-08-26 11:29:06,92.90,0.00,414.25,878,13.42,2552.2
2026-08-26 11:29:11,93.10,0.00,414.00,919,13.38,2550.3
2026-08-26 11:29:16,93.30,0.00,414.75,878,13.44,2551.0
2026-08-26 11:29:21,93.00,0.00,414.25,867,13.49,2550.2
2026-08-26 11:29:26,93.30,0.00,415.00,873,13.47,2550.6
2026-08-26 11:29:31,93.50,0.00,415.00,882,13.38,2550.1
2026-08-26 11:29:36,93.70,0.00,415.25,874,13.34,2551.8
2026-08-26 11:29:41,93.90,0.00,415.25,866,13.40,2550.8
2026-08-26 11:29:46,94.10,0.00,415.00,873,13.63,2551.7
2026-08-26 11:29:51,94.40,0.00,415.50,868,13.67,2552.0
2026-08-26 11:29:56,94.00,0.00,416.00,874,14.49,2550.7
2026-08-26 11:30:01,94.20,0.00,416.50,872,13.42,2550.1
2026-08-26 11:30:06,94.40,0.00,416.50,885,13.22,2549.0
2026-08-26 11:30:11,94.70,0.00,416.50,890,13.24,2549.5
2026-08-26 11:30:16,94.90,0.00,415.75,883,13.36,2548.5
2026-08-26 11:30:21,95.10,0.00,415.50,878,13.51,2548.9
2026-08-26 11:30:26,95.30,0.00,416.00,874,13.47,2549.5
2026-08-26 11:30:31,95.50,0.00,416.25,879,13.45,2549.7
2026-08-26 11:30:36,95.10,0.00,416.25,882,13.38,2549.5
2026-08-26 11:30:41,95.30,0.00,416.75,887,13.19,2549.8
2026-08-26 11:30:46,95.50,0.00,416.75,893,13.13,2548.8
2026-08-26 11:30:51,95.80,0.00,417.25,891,13.11,2549.3
2026-08-26 11:30:56,96.00,0.00,417.25,890,13.20,2550.1
2026-08-26 11:31:01,96.10,0.00,416.75,882,13.26,2550.0
2026-08-26 11:31:06,96.30,0.00,416.75,880,13.38,2548.5
2026-08-26 11:31:11,96.50,0.00,416.50,880,13.38,2548.6
2026-08-26 11:31:16,96.10,0.00,416.50,880,13.75,2549.8
2026-08-26 11:31:21,96.30,0.00,416.50,880,13.40,2549.4
2026-08-26 11:31:26,96.50,0.00,417.25,889,13.26,2549.4
2026-08-26 11:31:31,96.70,0.00,417.50,918,13.05,2550.3
2026-08-26 11:31:36,96.90,0.00,417.75,897,13.07,2549.9
2026-08-26 11:31:41,97.10,0.00,417.25,895,13.07,2549.9
2026-08-26 11:31:46,97.30,0.00,416.50,892,13.09,2550.4
2026-08-26 11:31:51,97.50,0.00,417.25,885,13.22,2549.3
2026-08-26 11:31:56,97.10,0.00,417.00,883,13.20,2549.7
2026-08-26 11:32:01,97.20,0.00,417.00,883,13.34,2549.7
2026-08-26 11:32:06,97.40,0.00,416.75,887,13.26,2548.9
2026-08-26 11:32:11,97.50,0.00,417.25,892,13.13,2549.1
2026-08-26 11:32:16,97.70,0.00,417.75,893,13.11,2549.0
2026-08-26 11:32:21,97.90,0.00,417.50,895,13.07,2548.5
2026-08-26 11:32:26,98.10,0.00,417.50,905,12.92,2548.7
2026-08-26 11:32:31,98.20,0.00,417.75,906,12.91,2549.0
2026-08-26 11:32:36,98.40,0.00,417.75,912,12.85,2549.1
2026-08-26 11:32:41,98.50,0.00,417.75,911,12.82,2548.8
2026-08-26 11:32:46,98.10,0.00,417.50,915,12.82,2549.7
2026-08-26 11:32:51,98.30,0.00,417.75,912,12.83,2548.5
2026-08-26 11:32:56,98.50,0.00,417.00,912,12.80,2549.6
2026-08-26 11:33:01,98.50,0.00,417.25,906,13.13,2549.4
2026-08-26 11:33:06,98.70,0.00,416.50,883,13.11,2549.1
2026-08-26 11:33:11,98.90,0.00,416.75,898,13.05,2548.9
2026-08-26 11:33:16,99.00,0.00,416.50,891,13.04,2549.0
2026-08-26 11:33:21,99.20,0.00,417.00,910,12.98,2549.2
2026-08-26 11:33:26,99.30,0.00,417.00,911,12.80,2550.3
2026-08-26 11:33:31,99.50,0.00,417.25,930,12.51,2549.5
2026-08-26 11:33:36,99.00,0.00,416.75,929,12.50,2550.0
2026-08-26 11:33:41,99.10,0.00,416.75,929,12.48,2549.0
2026-08-26 11:33:46,99.30,0.00,417.00,940,12.29,2548.5
2026-08-26 11:33:51,99.50,0.00,417.25,944,12.24,2548.2
2026-08-26 11:33:56,99.60,0.00,414.75,946,12.09,2548.7
2026-08-26 11:34:01,99.70,0.00,411.00,974,12.24,2549.9
2026-08-26 11:34:06,99.80,0.00,405.75,940,12.32,2551.0
2026-08-26 11:34:11,99.80,0.00,400.50,944,12.06,2550.9
2026-08-26 11:34:16,99.90,0.00,394.00,935,12.29,2550.6
2026-08-26 11:34:21,100.00,0.00,388.25,944,12.24,2549.3
2026-08-26 11:34:26,100.00,0.00,382.50,951,12.39,2548.6
2026-08-26 11:34:31,100.00,0.00,378.00,938,12.41,2550.6
2026-08-26 11:34:36,100.00,0.00,375.75,939,12.24,2552.9
2026-08-26 11:34:41,100.00,0.00,374.00,950,12.21,2552.2
2026-08-26 11:34:46,99.90,0.00,372.75,941,12.31,2551.1
2026-08-26 11:34:51,99.90,0.00,372.00,921,12.55,2553.2
2026-08-26 11:34:56,99.90,0.00,372.75,940,12.85,2555.0
2026-08-26 11:35:01,99.90,0.00,372.50,937,12.39,2553.4
2026-08-26 11:35:06,99.80,0.00,371.00,928,12.48,2552.6
2026-08-26 11:35:11,99.80,0.00,368.50,939,12.53,2552.8
2026-08-26 11:35:16,99.70,0.00,364.50,945,12.21,2553.0
2026-08-26 11:35:21,99.70,0.00,360.00,939,12.36,2554.0
2026-08-26 11:35:26,99.60,0.00,355.75,935,12.36,2553.2
2026-08-26 11:35:31,99.50,0.00,351.00,935,12.41,2553.9
2026-08-26 11:35:36,99.40,0.00,346.00,929,12.50,2555.0
2026-08-26 11:35:41,99.30,0.00,340.00,935,12.34,2554.5
2026-08-26 11:35:46,99.10,0.00,334.75,970,11.97,2553.5
2026-08-26 11:35:51,99.50,0.00,329.00,958,11.99,2554.4
2026-08-26 11:35:56,99.40,0.00,324.00,958,11.99,2555.4
2026-08-26 11:36:01,99.20,0.00,318.50,955,12.04,2555.5
2026-08-26 11:36:06,99.00,0.00,314.00,973,11.75,2555.9
2026-08-26 11:36:11,98.70,0.00,309.00,976,11.72,2556.3
2026-08-26 11:36:16,98.50,0.00,304.00,1002,11.32,2556.9
2026-08-26 11:36:21,98.20,0.00,299.25,990,11.50,2557.4
2026-08-26 11:36:26,98.00,0.00,294.50,986,11.62,2557.3
2026-08-26 11:36:31,98.30,0.00,289.50,979,11.72,2557.5
2026-08-26 11:36:36,98.00,0.00,284.75,979,11.72,2557.1
2026-08-26 11:36:41,97.70,0.00,280.25,975,11.72,2555.5
2026-08-26 11:36:46,97.40,0.00,275.75,969,11.86,2555.7
2026-08-26 11:36:51,97.00,0.00,271.75,958,11.99,2554.9
2026-08-26 11:36:56,97.40,0.00,267.75,950,12.07,2555.3
2026-08-26 11:37:01,97.00,0.00,263.50,949,12.19,2555.8
2026-08-26 11:37:06,96.60,0.00,259.25,949,12.14,2556.7
2026-08-26 11:37:11,96.30,0.00,255.75,945,12.24,2557.2
2026-08-26 11:37:16,96.40,0.00,251.75,943,12.24,2556.8
2026-08-26 11:37:21,96.00,0.00,248.25,942,12.24,2605.7
2026-08-26 11:37:26,95.70,0.00,245.00,918,12.67,1832.5
2026-08-26 11:37:31,95.20,0.00,240.00,859,13.90,1828.2
2026-08-26 11:37:36,94.90,0.00,235.50,832,14.32,1825.7
2026-08-26 11:37:41,94.20,0.00,231.75,825,14.71,1825.7
2026-08-26 11:37:46,93.20,0.00,227.50,803,15.03,1829.6
2026-08-26 11:37:51,91.80,0.00,221.75,795,15.17,1832.4
2026-08-26 11:37:56,91.00,0.00,217.75,791,15.34,1834.9
2026-08-26 11:38:01,90.00,0.00,213.50,777,15.49,1830.7
2026-08-26 11:38:06,89.40,0.00,208.75,781,15.58,1832.3
2026-08-26 11:38:11,87.60,0.00,205.00,813,15.49,1834.7
2026-08-26 11:38:16,86.60,0.00,201.00,765,15.94,1864.6
2026-08-26 11:38:21,85.40,10.10,196.75,773,15.76,1867.5
2026-08-26 11:38:26,84.40,9.90,192.75,773,15.83,1838.4
2026-08-26 11:38:31,83.10,9.60,189.50,767,16.01,1839.0
2026-08-26 11:38:36,82.10,8.90,186.00,756,16.30,1840.2
2026-08-26 11:38:41,80.90,8.60,181.25,747,16.30,1840.9
2026-08-26 11:38:46,80.10,8.20,177.75,753,16.30,1685.8
2026-08-26 11:38:51,79.10,8.20,175.25,757,16.14,2004.4
2026-08-26 11:38:56,78.00,7.90,172.75,766,16.01,2365.4
2026-08-26 11:39:01,77.40,7.40,169.00,775,15.81,2547.2
2026-08-26 11:39:06,76.90,7.10,167.25,771,15.66,2591.0
2026-08-26 11:39:11,76.40,7.10,165.75,779,15.56,2591.8
2026-08-26 11:39:16,76.10,6.80,163.50,795,15.36,2694.9
2026-08-26 11:39:21,75.70,6.80,160.75,795,15.13,2690.3
2026-08-26 11:39:26,75.30,6.80,159.50,812,14.85,2691.3
2026-08-26 11:39:31,75.00,6.40,157.75,818,14.69,2749.9
2026-08-26 11:39:36,74.70,6.40,155.75,821,14.67,2673.6
2026-08-26 11:39:41,74.50,6.40,154.25,835,14.25,2672.4
2026-08-26 11:39:46,74.30,6.40,153.00,847,14.06,2671.8
2026-08-26 11:39:51,74.20,6.40,153.50,832,14.38,2670.8
2026-08-26 11:39:56,74.00,6.50,155.75,848,14.04,2668.2
2026-08-26 11:40:01,73.90,6.20,159.50,839,14.19,2668.7
2026-08-26 11:40:06,73.70,6.20,164.25,837,14.27,2667.7
2026-08-26 11:40:11,73.60,6.20,169.75,816,14.73,2666.7
2026-08-26 11:40:16,73.40,6.20,176.00,820,14.51,2665.9
2026-08-26 11:40:21,73.30,6.20,183.25,813,14.78,2664.9
2026-08-26 11:40:26,73.20,6.20,190.75,816,14.78,2664.3
2026-08-26 11:40:31,73.10,6.20,198.00,796,14.76,2663.0
2026-08-26 11:40:36,73.00,6.20,205.50,806,14.96,2662.0
2026-08-26 11:40:41,73.00,6.20,213.50,813,14.89,2661.4
2026-08-26 11:40:46,73.00,5.80,221.25,796,15.10,2660.9
2026-08-26 11:40:51,73.00,5.80,229.75,799,15.08,2659.9
2026-08-26 11:40:56,73.00,5.80,237.25,811,15.15,2658.9
2026-08-26 11:41:01,73.00,5.80,244.00,791,15.39,2658.2
2026-08-26 11:41:06,73.00,5.80,253.00,793,15.32,2657.1
2026-08-26 11:41:11,73.00,5.80,260.50,803,15.13,2656.0
2026-08-26 11:41:16,73.00,6.30,267.00,793,15.39,2654.7
2026-08-26 11:41:21,73.00,6.20,274.00,785,15.41,2653.8
2026-08-26 11:41:26,73.10,6.30,280.75,803,15.03,2652.9
2026-08-26 11:41:31,73.10,6.30,287.75,804,15.08,2651.9
2026-08-26 11:41:36,73.20,6.30,294.50,809,14.83,2650.5
2026-08-26 11:41:41,73.40,6.30,300.25,800,15.06,2649.7
2026-08-26 11:41:46,73.50,6.30,306.75,809,14.96,2649.1
2026-08-26 11:41:51,73.60,6.30,312.25,813,14.96,2648.1
2026-08-26 11:41:56,73.70,6.30,317.50,803,14.99,2647.2
2026-08-26 11:42:01,73.90,6.30,323.25,815,14.78,2646.4
2026-08-26 11:42:06,74.00,6.60,327.75,804,15.01,2645.5
2026-08-26 11:42:11,74.20,6.60,333.25,809,14.96,2644.5
2026-08-26 11:42:16,74.30,6.60,337.50,814,14.76,2643.3
2026-08-26 11:42:21,74.50,6.60,341.50,811,14.85,2642.5
2026-08-26 11:42:26,74.70,6.60,345.50,803,14.92,2641.9
2026-08-26 11:42:31,74.90,6.60,350.25,811,14.34,2640.9
2026-08-26 11:42:36,75.10,7.00,354.25,816,14.73,2639.4
2026-08-26 11:42:41,75.50,7.00,357.50,814,14.83,2638.6
2026-08-26 11:42:46,75.70,7.00,360.50,804,14.99,2638.0
2026-08-26 11:42:51,76.10,7.00,364.50,810,14.85,2637.4
2026-08-26 11:42:56,76.20,7.30,367.50,828,14.73,2636.5
2026-08-26 11:43:01,76.50,7.30,369.75,807,14.94,2635.1
2026-08-26 11:43:06,76.70,7.30,373.25,837,14.92,2634.7
2026-08-26 11:43:11,77.00,7.30,376.50,837,14.73,2634.3
2026-08-26 11:43:16,77.10,7.60,378.50,816,14.73,2633.8
2026-08-26 11:43:21,77.40,7.60,380.75,807,14.87,2633.0
2026-08-26 11:43:26,77.70,7.60,383.50,814,14.73,2632.3
2026-08-26 11:43:31,77.90,7.50,385.75,816,14.71,2631.7
2026-08-26 11:43:36,78.20,8.00,387.50,812,14.76,2630.3
2026-08-26 11:43:41,78.60,8.00,389.75,818,14.62,2629.6
2026-08-26 11:43:46,79.00,8.00,391.50,822,14.60,2629.3
2026-08-26 11:43:51,79.20,8.30,393.00,820,14.73,2629.0
2026-08-26 11:43:56,79.60,8.30,395.00,806,14.51,2628.5
2026-08-26 11:44:01,80.00,8.30,396.00,820,14.62,2627.6
2026-08-26 11:44:06,80.10,8.70,397.25,800,14.51,2626.9
2026-08-26 11:44:11,80.40,8.70,399.50,832,14.45,2627.1
2026-08-26 11:44:16,80.70,8.70,400.25,848,14.38,2626.7
2026-08-26 11:44:21,80.90,8.70,402.00,836,14.27,2626.1
2026-08-26 11:44:26,81.20,9.00,402.50,838,14.34,2625.6
2026-08-26 11:44:31,81.60,9.00,404.25,843,14.19,2625.8
2026-08-26 11:44:36,82.00,9.00,404.75,848,14.02,2625.2
2026-08-26 11:44:41,82.20,9.30,405.50,843,14.17,2626.2
2026-08-26 11:44:46,82.50,9.30,406.50,851,14.47,2624.9
2026-08-26 11:44:51,82.90,9.30,407.75,855,13.83,2624.4
2026-08-26 11:44:56,83.10,9.70,408.25,849,14.04,2623.8
2026-08-26 11:45:01,83.50,9.70,408.75,862,13.92,2623.4
2026-08-26 11:45:06,83.90,9.70,409.75,857,13.77,2623.3
2026-08-26 11:45:11,84.20,10.00,409.75,839,13.90,2623.1
2026-08-26 11:45:16,84.70,10.00,410.75,866,13.73,2622.3
2026-08-26 11:45:21,85.50,10.00,411.50,853,13.83,2622.1
2026-08-26 11:45:26,85.30,10.20,412.00,867,13.61,2621.6
2026-08-26 11:45:31,85.60,10.20,413.25,869,13.47,2621.8
2026-08-26 11:45:36,86.00,10.20,413.25,866,13.71,2621.3
2026-08-26 11:45:41,86.20,0.00,413.50,862,13.45,2620.7
2026-08-26 11:45:46,86.50,0.00,414.75,880,13.34,2620.7
2026-08-26 11:45:51,86.80,0.00,414.75,879,13.40,2620.4
2026-08-26 11:45:56,87.00,0.00,415.50,879,13.44,2620.6
2026-08-26 11:46:01,87.30,0.00,415.75,886,13.28,2620.1
2026-08-26 11:46:06,87.60,0.00,415.50,878,13.47,2619.8
2026-08-26 11:46:11,88.00,0.00,416.50,881,13.40,2619.8
2026-08-26 11:46:16,88.10,0.00,417.25,886,13.36,2619.8
2026-08-26 11:46:21,88.70,0.00,417.25,881,13.38,2619.0
2026-08-26 11:46:26,89.30,0.00,417.50,884,13.28,2618.1
2026-08-26 11:46:31,89.10,0.00,417.00,883,13.28,2618.6
2026-08-26 11:46:36,89.40,0.00,419.00,883,13.40,2618.5
2026-08-26 11:46:41,89.70,0.00,418.75,874,13.57,2618.1
2026-08-26 11:46:46,90.00,0.00,418.75,877,13.57,2616.9
2026-08-26 11:46:51,90.10,0.00,419.25,881,13.40,2616.3
2026-08-26 11:46:56,90.70,0.00,420.00,869,13.61,2615.9
2026-08-26 11:47:01,91.20,0.00,419.75,877,13.51,2615.4
2026-08-26 11:47:06,91.10,0.00,420.25,842,13.73,2614.9
2026-08-26 11:47:11,91.30,0.00,420.25,866,13.59,2614.2
2026-08-26 11:47:16,91.50,0.00,420.25,866,13.63,2614.0
2026-08-26 11:47:21,91.80,0.00,420.75,879,13.40,2613.4
2026-08-26 11:47:26,92.00,0.00,421.50,890,13.22,2613.2
2026-08-26 11:47:31,92.40,0.00,420.75,880,13.32,2613.1
2026-08-26 11:47:36,92.90,0.00,421.25,900,13.05,2613.0
2026-08-26 11:47:41,93.20,0.00,421.50,881,13.34,2613.0
2026-08-26 11:47:46,93.10,0.00,420.75,892,13.09,2612.6
2026-08-26 11:47:51,93.60,0.00,421.50,893,13.15,2612.6
2026-08-26 11:47:56,94.10,0.00,421.75,892,13.15,2612.7
2026-08-26 11:48:01,94.50,0.00,422.00,901,13.05,2612.7
2026-08-26 11:48:06,94.30,0.00,422.50,902,12.96,2612.5
2026-08-26 11:48:11,94.70,0.00,421.75,881,13.15,2612.3
2026-08-26 11:48:16,95.10,0.00,422.75,910,12.80,2612.4
2026-08-26 11:48:21,95.50,0.00,422.50,902,12.98,2612.1
2026-08-26 11:48:26,95.30,0.00,422.75,907,13.00,2610.9
2026-08-26 11:48:31,95.70,0.00,423.00,912,12.78,2610.6
2026-08-26 11:48:36,96.10,0.00,423.75,902,12.98,2611.0
2026-08-26 11:48:41,96.40,0.00,423.75,919,12.67,2611.1
2026-08-26 11:48:46,96.20,0.00,423.00,899,12.98,2610.6
2026-08-26 11:48:51,96.60,0.00,424.25,912,12.80,2610.7
2026-08-26 11:48:56,97.00,0.00,423.75,907,12.83,2610.1
2026-08-26 11:49:01,97.30,0.00,424.50,915,12.78,2610.0
2026-08-26 11:49:06,97.10,0.00,424.00,924,12.62,2609.6
2026-08-26 11:49:11,97.40,0.00,424.00,919,13.13,2608.8
2026-08-26 11:49:16,97.70,0.00,425.00,941,12.29,2607.7
2026-08-26 11:49:21,98.10,0.00,424.50,932,12.51,2606.1
2026-08-26 11:49:26,98.40,0.00,425.25,944,12.24,2606.4
2026-08-26 11:49:31,98.10,0.00,425.00,942,12.32,2606.9
2026-08-26 11:49:36,98.50,0.00,425.25,933,12.46,2606.4
2026-08-26 11:49:41,98.70,0.00,425.75,944,12.19,2606.4
2026-08-26 11:49:46,99.00,0.00,425.50,935,12.41,2605.5
2026-08-26 11:49:51,99.30,0.00,425.50,925,12.50,2604.2
2026-08-26 11:49:56,99.00,0.00,426.00,941,12.31,2604.4
2026-08-26 11:50:01,99.40,0.00,425.25,923,12.55,2605.3
2026-08-26 11:50:06,99.60,0.00,425.75,938,12.34,2606.2
2026-08-26 11:50:11,99.90,0.00,426.75,940,12.27,2607.0
2026-08-26 11:50:16,100.20,0.00,426.00,927,12.57,2607.0
2026-08-26 11:50:21,100.40,0.00,426.25,941,12.29,2607.3
2026-08-26 11:50:26,100.00,0.00,426.00,933,12.32,2607.1
2026-08-26 11:50:31,100.00,0.00,426.25,935,12.50,2607.3
2026-08-26 11:50:36,100.00,0.00,427.25,950,12.07,2607.4
2026-08-26 11:50:41,100.00,0.00,426.50,937,12.41,2607.0
2026-08-26 11:50:46,100.00,0.00,427.25,944,12.24,2607.0
2026-08-26 11:50:51,100.00,0.00,427.25,947,12.19,2606.1
2026-08-26 11:50:56,100.00,0.00,426.50,937,12.41,2606.0
2026-08-26 11:51:01,100.00,0.00,427.00,958,11.97,2606.2
2026-08-26 11:51:06,100.00,0.00,426.75,943,12.26,2606.3
2026-08-26 11:51:11,100.00,0.00,427.25,957,12.02,2606.3
2026-08-26 11:51:16,100.00,0.00,427.00,945,12.24,2606.1
2026-08-26 11:51:21,100.00,0.00,427.25,947,12.24,2606.4
2026-08-26 11:51:26,100.00,0.00,427.75,963,11.94,2605.8
2026-08-26 11:51:31,100.00,0.00,427.25,946,12.22,2605.7
2026-08-26 11:51:36,100.00,0.00,427.25,962,11.96,2605.5
2026-08-26 11:51:41,100.00,0.00,427.75,966,11.86,2605.8
2026-08-26 11:51:46,100.00,0.00,426.75,947,12.12,2606.1
2026-08-26 11:51:51,100.00,0.00,427.75,973,11.80,2605.8
2026-08-26 11:51:56,100.00,0.00,427.75,946,12.22,2605.1
2026-08-26 11:52:01,100.00,0.00,428.50,962,11.89,2604.9
2026-08-26 11:52:06,100.00,0.00,428.25,945,12.21,2603.7
2026-08-26 11:52:11,100.00,0.00,429.00,966,11.88,2603.9
2026-08-26 11:52:16,100.00,0.00,427.75,946,12.22,2604.0
2026-08-26 11:52:21,100.00,0.00,429.00,963,11.83,2603.6
2026-08-26 11:52:26,100.00,0.00,428.75,919,12.29,2603.3
2026-08-26 11:52:31,100.00,0.00,429.00,960,11.93,2602.5
2026-08-26 11:52:36,100.00,0.00,429.25,958,11.99,2602.5
2026-08-26 11:52:41,100.00,0.00,429.00,944,12.24,2602.8
2026-08-26 11:52:46,100.00,0.00,429.50,967,11.96,2602.6
2026-08-26 11:52:51,100.00,0.00,429.25,954,12.07,2602.8
2026-08-26 11:52:56,100.00,0.00,429.50,946,12.19,2602.7
2026-08-26 11:53:01,100.00,0.00,429.75,973,11.88,2602.9
2026-08-26 11:53:06,100.00,0.00,429.75,938,12.17,2602.5
2026-08-26 11:53:11,100.00,0.00,430.75,967,11.83,2602.6
2026-08-26 11:53:16,100.00,0.00,429.75,944,12.26,2601.8
2026-08-26 11:53:21,100.00,0.00,431.00,967,11.88,2601.3
2026-08-26 11:53:26,100.00,0.00,430.25,938,12.31,2601.4
2026-08-26 11:53:31,100.00,0.00,431.25,965,11.88,2601.5
2026-08-26 11:53:36,100.00,0.00,430.00,945,12.24,2601.3
2026-08-26 11:53:41,100.00,0.00,431.25,969,11.75,2601.5
2026-08-26 11:53:46,100.00,0.00,431.00,947,12.16,2601.6
2026-08-26 11:53:51,100.00,0.00,431.75,975,11.73,2601.3
2026-08-26 11:53:56,100.00,0.00,430.75,947,11.80,2599.7
2026-08-26 11:54:01,100.00,0.00,431.75,970,11.80,2599.3
2026-08-26 11:54:06,100.00,0.00,431.25,944,12.24,2599.7
2026-08-26 11:54:11,100.00,0.00,431.75,969,11.86,2600.6
2026-08-26 11:54:16,100.00,0.00,431.25,951,12.09,2600.0
2026-08-26 11:54:21,100.00,0.00,431.25,949,12.07,2599.8
2026-08-26 11:54:26,100.00,0.00,432.25,976,11.72,2599.9
2026-08-26 11:54:31,100.00,0.00,431.50,953,12.12,2599.9
2026-08-26 11:54:36,100.00,0.00,432.25,968,11.86,2599.0
2026-08-26 11:54:41,100.00,0.00,432.25,962,11.88,2598.8
2026-08-26 11:54:46,100.00,0.00,432.25,943,12.26,2597.3
2026-08-26 11:54:51,100.00,0.00,432.25,943,12.24,2596.9
2026-08-26 11:54:56,100.00,0.00,432.00,967,11.81,2597.3
2026-08-26 11:55:01,100.00,0.00,432.00,947,12.07,2598.0
2026-08-26 11:55:06,100.00,0.00,432.25,945,12.16,2598.4
2026-08-26 11:55:11,100.00,0.00,432.75,975,11.73,2598.4
2026-08-26 11:55:16,100.00,0.00,433.25,972,11.80,2597.9
2026-08-26 11:55:21,100.00,0.00,432.00,949,12.02,2598.1
2026-08-26 11:55:26,100.00,0.00,433.00,975,11.80,2597.9
2026-08-26 11:55:31,100.00,0.00,433.50,979,11.56,2597.1
2026-08-26 11:55:36,100.00,0.00,433.50,967,11.80,2597.2
2026-08-26 11:55:41,100.00,0.00,433.00,959,11.99,2597.0
2026-08-26 11:55:46,100.00,0.00,433.00,966,11.80,2597.0
2026-08-26 11:55:51,100.00,0.00,433.50,983,11.50,2596.3
2026-08-26 11:55:56,100.00,0.00,433.75,961,11.96,2596.0
2026-08-26 11:56:01,100.00,0.00,433.25,958,11.99,2596.0
2026-08-26 11:56:06,100.00,0.00,433.00,955,12.06,2594.9
2026-08-26 11:56:11,100.00,0.00,433.50,967,11.88,2595.0
2026-08-26 11:56:16,100.00,0.00,434.00,987,11.61,2594.6
2026-08-26 11:56:21,100.00,0.00,434.50,978,11.72,2593.9
2026-08-26 11:56:26,100.00,0.00,433.25,944,12.06,2593.6
2026-08-26 11:56:31,100.00,0.00,433.50,960,12.01,2593.3
2026-08-26 11:56:36,100.00,0.00,434.00,985,11.55,2593.0
2026-08-26 11:56:41,100.00,0.00,434.50,985,11.61,2592.1
2026-08-26 11:56:46,100.00,0.00,433.75,960,11.99,2591.7
2026-08-26 11:56:51,100.00,0.00,433.75,951,12.06,2591.6
2026-08-26 11:56:56,100.00,0.00,434.25,967,11.81,2590.8
2026-08-26 11:57:01,100.00,0.00,434.50,977,11.61,2589.9
2026-08-26 11:57:06,100.00,0.00,435.00,979,11.64,2587.9
2026-08-26 11:57:11,100.00,0.00,435.00,973,11.72,2587.2
2026-08-26 11:57:16,100.00,0.00,434.75,961,11.93,2587.7
2026-08-26 11:57:21,100.00,0.00,434.00,946,12.19,2588.2
2026-08-26 11:57:26,100.00,0.00,434.25,951,12.07,2586.9
2026-08-26 11:57:31,100.00,0.00,435.00,957,12.02,2587.6
2026-08-26 11:57:36,100.00,0.00,435.00,960,11.94,2587.2
2026-08-26 11:57:41,100.00,0.00,435.25,976,11.72,2586.8
2026-08-26 11:57:46,100.00,0.00,435.25,969,11.83,2587.7
2026-08-26 11:57:51,100.00,0.00,435.50,955,12.09,2587.1
2026-08-26 11:57:56,100.00,0.00,435.50,971,11.83,2584.1
2026-08-26 11:58:01,100.00,0.00,434.75,961,11.80,2582.6
2026-08-26 11:58:06,100.00,0.00,435.50,949,12.19,2583.4
2026-08-26 11:58:11,100.00,0.00,435.50,953,12.11,2581.6
2026-08-26 11:58:16,100.00,0.00,435.50,969,11.83,2582.4
2026-08-26 11:58:21,100.00,0.00,436.25,976,11.67,2583.3
2026-08-26 11:58:26,100.00,0.00,435.25,948,12.14,2581.1
2026-08-26 11:58:31,100.00,0.00,435.75,944,12.19,2581.6
2026-08-26 11:58:36,100.00,0.00,436.25,978,11.67,2580.5
2026-08-26 11:58:41,100.00,0.00,436.00,982,11.61,2581.5
2026-08-26 11:58:46,100.00,0.00,435.75,947,12.16,2581.9
2026-08-26 11:58:51,100.00,0.00,436.25,959,11.97,2582.6
2026-08-26 11:58:56,100.00,0.00,436.50,973,11.78,2583.0
2026-08-26 11:59:01,100.00,0.00,436.50,944,12.24,2582.3
2026-08-26 11:59:06,100.00,0.00,436.00,944,12.24,2582.9
2026-08-26 11:59:11,100.00,0.00,435.50,948,12.24,2581.5
2026-08-26 11:59:16,100.00,0.00,436.50,976,11.72,2581.4
2026-08-26 11:59:21,100.00,0.00,436.25,965,11.88,2582.7
2026-08-26 11:59:26,100.00,0.00,436.00,944,12.24,2583.9
2026-08-26 11:59:31,100.00,0.00,436.50,975,11.72,2583.8
2026-08-26 11:59:36,100.00,0.00,436.75,975,11.73,2584.1
2026-08-26 11:59:41,100.00,0.00,435.75,953,12.17,2584.2
2026-08-26 11:59:46,100.00,0.00,437.00,988,11.55,2583.6
2026-08-26 11:59:51,100.00,0.00,435.75,951,12.09,2583.6
2026-08-26 11:59:56,100.00,0.00,436.25,971,11.86,2583.5
2026-08-26 12:00:01,100.00,0.00,436.75,990,11.61,2583.1
2026-08-26 12:00:06,100.00,0.00,436.25,950,12.07,2582.2
2026-08-26 12:00:11,100.00,0.00,435.75,946,12.22,2581.7
2026-08-26 12:00:16,100.00,0.00,436.00,974,11.69,2582.0
2026-08-26 12:00:21,100.00,0.00,436.00,965,11.86,2582.9
2026-08-26 12:00:26,100.00,0.00,436.00,951,12.09,2581.7
2026-08-26 12:00:31,100.00,0.00,436.25,983,11.61,2580.9
2026-08-26 12:00:36,100.00,0.00,435.75,960,11.97,2580.4
2026-08-26 12:00:41,100.00,0.00,436.00,943,12.26,2580.7
2026-08-26 12:00:46,100.00,0.00,436.00,949,12.24,2580.7
2026-08-26 12:00:51,100.00,0.00,436.50,965,11.86,2581.5
2026-08-26 12:00:56,100.00,0.00,437.00,979,11.62,2582.3
2026-08-26 12:01:01,100.00,0.00,436.50,971,11.77,2582.1
2026-08-26 12:01:06,100.00,0.00,436.25,944,12.24,2581.8
2026-08-26 12:01:11,100.00,0.00,436.25,944,12.26,2581.5
2026-08-26 12:01:16,100.00,0.00,436.00,947,12.17,2581.2
2026-08-26 12:01:21,100.00,0.00,436.50,1005,11.73,2580.5
2026-08-26 12:01:26,100.00,0.00,436.50,976,11.72,2581.3
2026-08-26 12:01:31,100.00,0.00,436.25,949,12.11,2581.4
2026-08-26 12:01:36,100.00,0.00,436.00,947,12.24,2581.9
2026-08-26 12:01:41,100.00,0.00,436.75,971,11.77,2582.5
2026-08-26 12:01:46,100.00,0.00,436.50,987,11.61,2582.4
2026-08-26 12:01:51,100.00,0.00,436.50,949,12.14,2583.0
2026-08-26 12:01:56,100.00,0.00,436.50,965,11.88,2583.1
2026-08-26 12:02:01,100.00,0.00,437.00,988,11.48,2583.5
2026-08-26 12:02:06,100.00,0.00,436.00,966,11.86,2583.7
2026-08-26 12:02:11,100.00,0.00,436.50,950,12.12,2583.4
2026-08-26 12:02:16,100.00,0.00,436.50,955,12.02,2583.7
2026-08-26 12:02:21,100.00,0.00,436.75,977,11.69,2582.5
2026-08-26 12:02:26,100.00,0.00,437.00,995,11.39,2582.0
2026-08-26 12:02:31,100.00,0.00,436.50,986,11.56,2582.1
2026-08-26 12:02:36,100.00,0.00,436.25,961,11.97,2582.1
2026-08-26 12:02:41,100.00,0.00,437.00,1007,11.26,2582.3
2026-08-26 12:02:46,100.00,0.00,436.50,975,11.56,2582.3
2026-08-26 12:02:51,100.00,0.00,436.50,975,11.75,2581.5
2026-08-26 12:02:56,100.00,0.00,436.75,1005,11.27,2580.6
2026-08-26 12:03:01,100.00,0.00,437.00,975,11.72,2579.7
2026-08-26 12:03:06,100.00,0.00,436.75,962,11.94,2579.6
2026-08-26 12:03:11,100.00,0.00,437.50,990,11.50,2579.8
2026-08-26 12:03:16,100.00,0.00,437.25,1005,11.23,2579.3
2026-08-26 12:03:21,100.00,0.00,437.00,989,11.45,2579.8
2026-08-26 12:03:26,100.00,0.00,436.50,971,11.80,2580.4
2026-08-26 12:03:31,100.00,0.00,437.75,1008,11.23,2580.4
2026-08-26 12:03:36,100.00,0.00,437.00,983,11.59,2579.9
2026-08-26 12:03:41,100.00,0.00,436.50,966,11.91,2579.7
2026-08-26 12:03:46,100.00,0.00,437.50,1004,11.30,2580.3
2026-08-26 12:03:51,100.00,0.00,437.25,985,11.44,2580.6
2026-08-26 12:03:56,100.00,0.00,437.00,969,12.22,2580.8
2026-08-26 12:04:01,100.00,0.00,437.50,1008,11.23,2580.7
2026-08-26 12:04:06,100.00,0.00,437.25,975,11.73,2581.0
2026-08-26 12:04:11,100.00,0.00,437.50,985,11.56,2581.3
2026-08-26 12:04:16,100.00,0.00,437.50,969,11.83,2581.6
2026-08-26 12:04:21,100.00,0.00,438.00,1007,11.23,2581.9
2026-08-26 12:04:26,100.00,0.00,437.25,960,11.93,2581.9
2026-08-26 12:04:31,100.00,0.00,437.75,999,11.27,2581.3
2026-08-26 12:04:36,100.00,0.00,437.25,967,11.73,2580.8
2026-08-26 12:04:41,100.00,0.00,438.00,988,11.48,2581.0
2026-08-26 12:04:46,100.00,0.00,438.00,980,12.22,2580.2
2026-08-26 12:04:51,100.00,0.00,438.25,999,11.58,2580.1
2026-08-26 12:04:56,100.00,0.00,437.25,965,11.78,2578.9
2026-08-26 12:05:01,100.00,0.00,438.00,1007,11.23,2578.2
2026-08-26 12:05:06,100.00,0.00,437.75,1008,11.29,2578.2
2026-08-26 12:05:11,100.00,0.00,437.75,978,11.69,2578.9
2026-08-26 12:05:16,100.00,0.00,437.25,967,11.86,2578.1
2026-08-26 12:05:21,100.00,0.00,438.00,992,11.48,2578.7
2026-08-26 12:05:26,100.00,0.00,438.50,1009,11.20,2578.6
2026-08-26 12:05:31,100.00,0.00,438.50,1005,11.27,2578.7
2026-08-26 12:05:36,100.00,0.00,438.00,973,11.73,2579.0
2026-08-26 12:05:41,100.00,0.00,438.00,983,11.61,2578.4
2026-08-26 12:05:46,100.00,0.00,438.75,1008,11.16,2578.2
2026-08-26 12:05:51,100.00,0.00,438.25,989,11.48,2578.3
2026-08-26 12:05:56,100.00,0.00,437.75,976,11.93,2578.6
2026-08-26 12:06:01,100.00,0.00,438.00,993,11.38,2577.9
2026-08-26 12:06:06,100.00,0.00,439.00,1006,11.23,2578.3
2026-08-26 12:06:11,100.00,0.00,438.00,978,11.70,2578.5
2026-08-26 12:06:16,100.00,0.00,438.50,971,11.78,2578.6
2026-08-26 12:06:21,100.00,0.00,438.00,963,11.93,2578.2
2026-08-26 12:06:26,100.00,0.00,438.00,965,11.86,2577.9
2026-08-26 12:06:31,100.00,0.00,438.50,981,11.67,2577.9
2026-08-26 12:06:36,100.00,0.00,438.75,1008,11.24,2578.1
2026-08-26 12:06:41,100.00,0.00,439.25,1011,11.20,2577.6
2026-08-26 12:06:46,100.00,0.00,438.75,993,11.47,2576.4
2026-08-26 12:06:51,100.00,0.00,438.50,971,11.86,2576.1
2026-08-26 12:06:56,100.00,0.00,438.50,963,11.88,2576.3
2026-08-26 12:07:01,100.00,0.00,438.25,981,11.91,2576.2
2026-08-26 12:07:06,100.00,0.00,439.00,987,11.19,2576.3
2026-08-26 12:07:11,100.00,0.00,438.75,1003,11.32,2576.9
2026-08-26 12:07:16,100.00,0.00,438.00,963,11.91,2576.5
2026-08-26 12:07:21,100.00,0.00,439.00,1000,11.38,2576.4
2026-08-26 12:07:26,100.00,0.00,439.25,1015,11.04,2576.2
2026-08-26 12:07:31,100.00,0.00,438.50,993,11.38,2575.3
2026-08-26 12:07:36,100.00,0.00,438.25,969,11.86,2574.7
2026-08-26 12:07:41,100.00,0.00,438.75,959,11.97,2575.0
2026-08-26 12:07:46,100.00,0.00,438.75,991,11.50,2575.5
2026-08-26 12:07:51,100.00,0.00,438.50,1010,11.13,2575.3
2026-08-26 12:07:56,100.00,0.00,438.50,1001,11.30,2574.9
2026-08-26 12:08:01,100.00,0.00,438.25,964,11.93,2575.1
2026-08-26 12:08:06,100.00,0.00,438.00,960,11.99,2573.4
2026-08-26 12:08:11,100.00,0.00,438.00,962,11.84,2573.0
2026-08-26 12:08:16,100.00,0.00,438.75,966,11.88,2573.7
2026-08-26 12:08:21,100.00,0.00,438.75,963,11.89,2574.1
2026-08-26 12:08:26,100.00,0.00,438.50,961,11.91,2573.2
2026-08-26 12:08:31,100.00,0.00,438.50,962,11.93,2572.8
2026-08-26 12:08:36,100.00,0.00,438.75,967,11.84,2572.1
2026-08-26 12:08:41,100.00,0.00,439.00,976,11.72,2572.0
2026-08-26 12:08:46,100.00,0.00,439.25,992,11.41,2571.3
2026-08-26 12:08:51,100.00,0.00,439.00,1008,11.24,2571.6
2026-08-26 12:08:56,100.00,0.00,439.50,1005,11.24,2572.3
2026-08-26 12:09:01,100.00,0.00,439.25,999,11.39,2572.7
2026-08-26 12:09:06,100.00,0.00,439.00,976,11.72,2573.4
2026-08-26 12:09:11,100.00,0.00,438.75,951,12.07,2574.0
2026-08-26 12:09:16,100.00,0.00,439.00,974,11.77,2572.9
2026-08-26 12:09:21,100.00,0.00,439.00,992,11.48,2573.3
2026-08-26 12:09:26,100.00,0.00,439.50,1007,11.24,2572.9
2026-08-26 12:09:31,100.00,0.00,439.25,1011,11.16,2572.3
2026-08-26 12:09:36,100.00,0.00,438.75,1009,11.17,2573.1
2026-08-26 12:09:41,100.00,0.00,439.00,993,11.45,2573.9
2026-08-26 12:09:46,100.00,0.00,438.25,961,11.96,2574.6
2026-08-26 12:09:51,100.00,0.00,438.75,959,11.97,2574.9
2026-08-26 12:09:56,100.00,0.00,439.00,967,11.86,2575.1
2026-08-26 12:10:01,100.00,0.00,439.00,999,11.27,2574.8
2026-08-26 12:10:06,100.00,0.00,439.00,1008,11.23,2574.5
2026-08-26 12:10:11,100.00,0.00,439.00,994,11.42,2573.8
2026-08-26 12:10:16,100.00,0.00,439.00,972,11.72,2574.3
2026-08-26 12:10:21,100.00,0.00,438.75,962,11.94,2574.2
2026-08-26 12:10:26,100.00,0.00,439.00,963,11.91,2574.3
2026-08-26 12:10:31,100.00,0.00,438.50,960,12.01,2574.4
2026-08-26 12:10:36,100.00,0.00,438.50,957,11.99,2574.3
2026-08-26 12:10:41,100.00,0.00,438.50,960,11.94,2575.1
2026-08-26 12:10:46,100.00,0.00,438.50,961,11.94,2575.2
2026-08-26 12:10:51,100.00,0.00,438.75,957,12.06,2575.5
2026-08-26 12:10:56,100.00,0.00,438.50,956,12.02,2575.3
2026-08-26 12:11:01,100.00,0.00,439.00,970,11.80,2575.6
2026-08-26 12:11:06,100.00,0.00,439.25,985,11.56,2575.2
2026-08-26 12:11:11,100.00,0.00,439.50,1005,11.27,2574.9
2026-08-26 12:11:16,100.00,0.00,439.50,1010,11.16,2574.7
2026-08-26 12:11:21,100.00,0.00,439.75,1008,11.21,2574.7
2026-08-26 12:11:26,100.00,0.00,439.25,998,11.41,2574.7
2026-08-26 12:11:31,100.00,0.00,439.00,982,11.62,2574.7
2026-08-26 12:11:36,100.00,0.00,438.75,971,11.73,2575.3
2026-08-26 12:11:41,100.00,0.00,438.50,963,11.94,2575.2
2026-08-26 12:11:46,100.00,0.00,439.00,957,12.02,2575.4
2026-08-26 12:11:51,100.00,0.00,439.00,976,11.72,2575.1
2026-08-26 12:11:56,100.00,0.00,439.75,1008,11.20,2574.9
2026-08-26 12:12:01,100.00,0.00,439.00,1002,11.32,2574.8
2026-08-26 12:12:06,100.00,0.00,439.00,983,11.62,2574.8
2026-08-26 12:12:11,100.00,0.00,438.50,976,11.72,2575.5
2026-08-26 12:12:16,100.00,0.00,438.75,962,11.94,2575.5
2026-08-26 12:12:21,100.00,0.00,439.00,960,11.99,2574.1
2026-08-26 12:12:26,100.00,0.00,439.25,962,11.93,2573.6
2026-08-26 12:12:31,100.00,0.00,439.50,976,11.70,2573.1
2026-08-26 12:12:36,100.00,0.00,439.50,997,11.33,2572.2
2026-08-26 12:12:41,100.00,0.00,439.25,1019,11.07,2572.0
2026-08-26 12:12:46,100.00,0.00,439.75,1004,11.33,2572.7
2026-08-26 12:12:51,100.00,0.00,439.50,972,11.89,2572.2
2026-08-26 12:12:56,100.00,0.00,439.25,957,11.96,2571.8
2026-08-26 12:13:01,100.00,0.00,439.50,975,11.72,2572.2
2026-08-26 12:13:06,100.00,0.00,440.25,1015,11.07,2572.6
2026-08-26 12:13:11,100.00,0.00,440.00,999,11.39,2572.0
2026-08-26 12:13:16,100.00,0.00,439.75,962,11.91,2572.4
2026-08-26 12:13:21,100.00,0.00,440.25,973,11.73,2572.1
2026-08-26 12:13:26,100.00,0.00,440.25,1008,11.20,2572.0
2026-08-26 12:13:31,100.00,0.00,440.75,1023,11.01,2572.1
2026-08-26 12:13:36,100.00,0.00,440.75,997,11.41,2570.7
2026-08-26 12:13:41,100.00,0.00,440.00,969,11.86,2571.1
2026-08-26 12:13:46,100.00,0.00,440.25,976,11.70,2570.9
2026-08-26 12:13:51,100.00,0.00,441.50,1011,11.23,2571.5
2026-08-26 12:13:56,100.00,0.00,441.50,1040,11.01,2571.4
2026-08-26 12:14:01,100.00,0.00,441.50,1008,11.23,2570.8
2026-08-26 12:14:06,100.00,0.00,440.75,966,11.89,2570.8
2026-08-26 12:14:11,100.00,0.00,441.00,969,11.81,2570.9
2026-08-26 12:14:16,100.00,0.00,441.75,1013,11.13,2571.5
2026-08-26 12:14:21,100.00,0.00,442.00,1021,11.05,2571.5
2026-08-26 12:14:26,100.00,0.00,441.00,975,11.73,2571.3
2026-08-26 12:14:31,100.00,0.00,441.75,987,11.47,2570.9
2026-08-26 12:14:36,100.00,0.00,442.50,1031,11.01,2571.4
2026-08-26 12:14:41,100.00,0.00,441.75,976,11.73,2571.1
2026-08-26 12:14:46,100.00,0.00,442.00,987,11.52,2570.5
2026-08-26 12:14:51,100.00,0.00,443.25,1040,10.76,2570.1
2026-08-26 12:14:56,100.00,0.00,442.50,997,11.45,2569.9
2026-08-26 12:15:01,100.00,0.00,442.25,986,11.58,2569.6
2026-08-26 12:15:06,100.00,0.00,443.50,1040,10.73,2569.6
2026-08-26 12:15:11,100.00,0.00,442.50,998,11.39,2569.1
2026-08-26 12:15:16,100.00,0.00,442.25,1002,11.39,2569.0
2026-08-26 12:15:21,100.00,0.00,443.00,1043,10.70,2568.6
2026-08-26 12:15:26,100.00,0.00,443.25,985,11.61,2568.7
2026-08-26 12:15:31,100.00,0.00,443.50,1019,11.03,2568.3
2026-08-26 12:15:36,100.00,0.00,443.25,1053,10.55,2568.7
2026-08-26 12:15:41,100.00,0.00,443.50,1023,11.01,2568.9
2026-08-26 12:15:46,100.00,0.00,443.50,996,11.36,2568.8
2026-08-26 12:15:51,100.00,0.00,443.50,978,11.44,2568.1
2026-08-26 12:15:56,100.00,0.00,443.75,1015,11.13,2567.8
2026-08-26 12:16:01,100.00,0.00,444.25,1053,10.58,2568.7
2026-08-26 12:16:06,100.00,0.00,444.50,1054,10.59,2568.9
2026-08-26 12:16:11,100.00,0.00,443.75,1006,11.30,2568.9
2026-08-26 12:16:16,100.00,0.00,444.00,1008,11.23,2569.5
2026-08-26 12:16:21,100.00,0.00,445.00,1061,10.42,2569.2
2026-08-26 12:16:26,100.00,0.00,444.00,1018,11.05,2569.1
2026-08-26 12:16:31,100.00,0.00,444.50,1007,11.99,2569.2
2026-08-26 12:16:36,100.00,0.00,445.00,1059,10.51,2568.9
2026-08-26 12:16:41,100.00,0.00,444.75,1057,10.57,2568.1
2026-08-26 12:16:46,100.00,0.00,444.25,1011,11.14,2565.4
2026-08-26 12:16:51,100.00,0.00,444.75,1012,11.16,2566.5
2026-08-26 12:16:56,100.00,0.00,444.75,1074,10.30,2566.9
2026-08-26 12:17:01,100.00,0.00,444.50,1051,10.59,2566.4
2026-08-26 12:17:06,100.00,0.00,444.25,1011,11.16,2566.3
2026-08-26 12:17:11,100.00,0.00,444.50,1069,10.38,2564.4
2026-08-26 12:17:16,100.00,0.00,445.50,1088,10.12,2560.2
2026-08-26 12:17:21,100.00,0.00,444.75,1078,10.29,2558.6
2026-08-26 12:17:26,100.00,0.00,444.75,1073,10.34,2559.3
2026-08-26 12:17:31,100.00,0.00,444.75,1071,10.35,2561.2
2026-08-26 12:17:36,100.00,0.00,445.00,1072,10.35,2562.0
2026-08-26 12:17:41,100.00,0.00,444.50,1073,10.20,2562.8
08-26 12:17:46,100.00,0.00,444.75,1085,10.10,2562.5
2026-08-26 12:17:51,100.00,0.00,445.00,1104,9.93,2563.5
2026-08-26 12:17:56,100.00,0.00,445.25,1098,10.06,2562.6
2026-08-26 12:18:01,100.00,0.00,444.75,1053,10.58,2562.7
2026-08-26 12:18:06,100.00,0.00,444.25,1058,10.43,2562.7
2026-08-26 12:18:11,100.00,0.00,445.25,1116,9.78,2562.0
2026-08-26 12:18:16,100.00,0.00,444.50,1075,10.31,2561.8
2026-08-26 12:18:21,100.00,0.00,444.50,1063,10.43,2561.9
2026-08-26 12:18:26,100.00,0.00,445.00,1177,9.05,2562.8
2026-08-26 12:18:31,100.00,0.00,444.00,1137,9.53,2562.6
2026-08-26 12:18:36,100.00,0.00,444.75,1168,9.04,2563.2
2026-08-26 12:18:41,100.00,0.00,444.75,1183,8.96,2563.0
2026-08-26 12:18:46,100.00,0.00,444.00,1134,9.55,2563.1
2026-08-26 12:18:51,100.00,0.00,444.00,1129,9.62,2563.3
2026-08-26 12:18:56,100.00,0.00,444.50,1168,9.19,2562.9
2026-08-26 12:19:01,100.00,0.00,443.75,1117,10.25,2563.3
2026-08-26 12:19:06,100.00,0.00,443.75,1085,10.21,2561.9
2026-08-26 12:19:11,100.00,0.00,443.75,1138,9.54,2561.9
2026-08-26 12:19:16,100.00,0.00,444.00,1090,10.07,2561.9
2026-08-26 12:19:21,100.00,0.00,443.25,1092,10.07,2562.9
2026-08-26 12:19:26,100.00,0.00,444.25,1142,9.37,2562.1
2026-08-26 12:19:31,100.00,0.00,443.25,1066,10.42,2562.3
2026-08-26 12:19:36,100.00,0.00,444.25,1127,9.63,2562.4
2026-08-26 12:19:41,100.00,0.00,443.75,1108,9.86,2563.3
2026-08-26 12:19:46,100.00,0.00,443.75,1083,10.25,2563.4
2026-08-26 12:19:51,100.00,0.00,443.75,1115,9.78,2563.4
2026-08-26 12:19:56,100.00,0.00,443.50,1085,10.20,2562.8
2026-08-26 12:20:01,100.00,0.00,443.00,1051,10.58,2562.5
2026-08-26 12:20:06,100.00,0.00,443.00,1061,10.43,2563.0
2026-08-26 12:20:11,100.00,0.00,443.25,1097,10.07,2563.4
2026-08-26 12:20:16,100.00,0.00,444.00,1119,9.80,2563.9
2026-08-26 12:20:21,100.00,0.00,444.00,1121,9.75,2563.6
2026-08-26 12:20:26,100.00,0.00,443.75,1086,10.16,2563.6
2026-08-26 12:20:31,100.00,0.00,443.25,1077,10.45,2563.5
2026-08-26 12:20:36,100.00,0.00,443.75,1125,9.67,2563.9
2026-08-26 12:20:41,100.00,0.00,444.25,1133,9.55,2564.3
2026-08-26 12:20:46,100.00,0.00,443.75,1091,10.10,2565.0
2026-08-26 12:20:51,100.00,0.00,443.75,1077,10.31,2564.1
2026-08-26 12:20:56,100.00,0.00,444.00,1139,9.90,2563.3
2026-08-26 12:21:01,100.00,0.00,444.50,1098,9.61,2562.7
2026-08-26 12:21:06,100.00,0.00,444.00,1091,10.13,2562.4
2026-08-26 12:21:11,100.00,0.00,443.75,1057,10.55,2562.4
2026-08-26 12:21:16,100.00,0.00,444.00,1062,10.45,2562.4
2026-08-26 12:21:21,100.00,0.00,444.75,1088,10.13,2561.8
2026-08-26 12:21:26,100.00,0.00,444.75,1115,9.81,2560.2
2026-08-26 12:21:31,100.00,0.00,444.25,1121,9.70,2560.4
2026-08-26 12:21:36,100.00,0.00,444.75,1101,9.96,2561.5
2026-08-26 12:21:41,100.00,0.00,444.50,1061,10.47,2562.1
2026-08-26 12:21:46,100.00,0.00,444.50,1102,10.00,2562.2
2026-08-26 12:21:51,100.00,0.00,445.00,1131,9.60,2562.7
2026-08-26 12:21:56,100.00,0.00,444.25,1078,10.25,2561.4
2026-08-26 12:22:01,100.00,0.00,445.00,1104,9.95,2559.2
2026-08-26 12:22:06,100.00,0.00,445.25,1135,9.55,2556.8
2026-08-26 12:22:11,100.00,0.00,444.50,1063,10.43,2557.3
2026-08-26 12:22:16,100.00,0.00,445.00,1089,10.50,2558.4
2026-08-26 12:22:21,100.00,0.00,445.50,1129,9.61,2559.8
2026-08-26 12:22:26,100.00,0.00,444.25,1074,10.30,2560.2
2026-08-26 12:22:31,100.00,0.00,445.25,1142,9.40,2561.0
2026-08-26 12:22:36,100.00,0.00,444.50,1067,10.39,2561.9
2026-08-26 12:22:41,100.00,0.00,444.50,1126,9.69,2562.6
2026-08-26 12:22:46,100.00,0.00,444.50,1123,9.69,2562.1
2026-08-26 12:22:51,100.00,0.00,444.00,1072,10.34,2561.7
2026-08-26 12:22:56,100.00,0.00,444.00,1093,10.02,2561.9
2026-08-26 12:23:01,100.00,0.00,444.50,1143,9.44,2561.6
2026-08-26 12:23:06,100.00,0.00,443.75,1142,9.97,2561.0
2026-08-26 12:23:11,100.00,0.00,443.75,1072,10.33,2562.2
2026-08-26 12:23:16,100.00,0.00,443.00,1088,10.13,2562.8
2026-08-26 12:23:21,100.00,0.00,443.75,1107,10.01,2562.4
2026-08-26 12:23:26,100.00,0.00,443.50,1132,9.64,2562.7
2026-08-26 12:23:31,100.00,0.00,443.75,1163,9.30,2563.5
2026-08-26 12:23:36,100.00,0.00,442.50,1112,9.82,2562.6
2026-08-26 12:23:41,100.00,0.00,442.75,1088,10.12,2563.0
2026-08-26 12:23:46,100.00,0.00,443.50,1143,9.47,2563.2
2026-08-26 12:23:51,100.00,0.00,442.50,1079,10.20,2563.4
2026-08-26 12:23:56,100.00,0.00,443.25,1149,9.42,2563.1
2026-08-26 12:24:01,100.00,0.00,442.50,1082,10.16,2563.0
2026-08-26 12:24:06,100.00,0.00,442.75,1149,9.61,2562.8
2026-08-26 12:24:11,100.00,0.00,443.25,1151,9.37,2563.3
2026-08-26 12:24:16,100.00,0.00,442.25,1117,9.81,2563.1
2026-08-26 12:24:21,100.00,0.00,442.25,1122,9.87,2563.9
2026-08-26 12:24:26,100.00,0.00,442.75,1183,9.07,2564.4
2026-08-26 12:24:31,100.00,0.00,441.50,1129,9.85,2563.5
2026-08-26 12:24:36,100.00,0.00,442.75,1174,9.11,2563.4
2026-08-26 12:24:41,100.00,0.00,441.75,1109,9.85,2562.1
2026-08-26 12:24:46,100.00,0.00,442.00,1158,9.32,2562.3
2026-08-26 12:24:51,100.00,0.00,441.50,1104,9.93,2562.2
2026-08-26 12:24:56,100.00,0.00,442.50,1151,9.37,2562.3
2026-08-26 12:25:01,100.00,0.00,441.75,1089,10.08,2560.5
2026-08-26 12:25:06,100.00,0.00,442.25,1168,9.19,2557.3
2026-08-26 12:25:11,100.00,0.00,441.75,1103,9.95,2557.1
2026-08-26 12:25:16,100.00,0.00,442.50,1168,9.19,2557.4
2026-08-26 12:25:21,100.00,0.00,441.75,1104,9.81,2557.6
2026-08-26 12:25:26,100.00,0.00,442.25,1152,9.37,2557.1
2026-08-26 12:25:31,100.00,0.00,442.00,1149,9.44,2554.9
2026-08-26 12:25:36,100.00,0.00,441.50,1105,9.90,2554.6
2026-08-26 12:25:41,100.00,0.00,441.50,1130,9.68,2556.1
2026-08-26 12:25:46,100.00,0.00,442.50,1178,9.08,2557.4
2026-08-26 12:25:51,100.00,0.00,442.25,1157,9.30,2554.9
2026-08-26 12:25:56,100.00,0.00,442.00,1123,9.75,2551.6
2026-08-26 12:26:01,100.00,0.00,442.00,1168,9.19,2552.2
2026-08-26 12:26:06,100.00,0.00,442.75,1162,9.24,2553.3
2026-08-26 12:26:11,100.00,0.00,442.50,1105,9.91,2549.5
2026-08-26 12:26:16,100.00,0.00,443.00,1162,9.29,2546.4
2026-08-26 12:26:21,100.00,0.00,442.75,1155,9.32,2548.0
2026-08-26 12:26:26,100.00,0.00,442.25,1103,9.95,2547.2
2026-08-26 12:26:31,100.00,0.00,442.50,1119,9.74,2548.6
2026-08-26 12:26:36,100.00,0.00,443.00,1175,9.03,2548.1
2026-08-26 12:26:41,100.00,0.00,442.75,1115,9.78,2549.1
2026-08-26 12:26:46,100.00,0.00,443.25,1190,8.95,2549.9
2026-08-26 12:26:51,100.00,0.00,442.50,1145,9.44,2551.3
2026-08-26 12:26:56,100.00,0.00,442.50,1123,9.73,2552.6
2026-08-26 12:27:01,100.00,0.00,443.00,1181,9.07,2549.4
2026-08-26 12:27:06,100.00,0.00,442.50,1118,9.75,2546.0
026-08-26 12:27:11,100.00,0.00,443.00,1170,9.17,2542.1
2026-08-26 12:27:16,100.00,0.00,442.25,1104,9.91,2543.9
2026-08-26 12:27:21,100.00,0.00,443.25,1168,9.18,2546.9
2026-08-26 12:27:26,100.00,0.00,442.25,1095,9.95,2549.7
2026-08-26 12:27:31,100.00,0.00,443.00,1151,9.41,2551.7
2026-08-26 12:27:36,100.00,0.00,443.50,1158,9.30,2552.8
2026-08-26 12:27:41,100.00,0.00,443.50,1173,9.12,2552.5
2026-08-26 12:27:46,100.00,0.00,443.00,1148,9.36,2553.2
2026-08-26 12:27:51,100.00,0.00,444.00,1184,9.02,2553.5
2026-08-26 12:27:56,100.00,0.00,443.25,1109,9.81,2553.5
2026-08-26 12:28:01,100.00,0.00,443.75,1153,9.33,2553.6
2026-08-26 12:28:06,100.00,0.00,444.25,1146,9.47,2553.7
2026-08-26 12:28:11,100.00,0.00,444.00,1091,9.66,2553.9
2026-08-26 12:28:16,100.00,0.00,444.75,1200,8.85,2552.1
2026-08-26 12:28:21,100.00,0.00,443.25,1136,9.55,2549.6
2026-08-26 12:28:26,100.00,0.00,444.75,1229,8.55,2550.6
2026-08-26 12:28:31,100.00,0.00,443.75,1169,9.20,2551.8
2026-08-26 12:28:36,100.00,0.00,444.50,1218,8.65,2552.4
2026-08-26 12:28:41,100.00,0.00,444.00,1186,8.94,2552.6
2026-08-26 12:28:46,100.00,0.00,444.25,1150,9.39,2551.2
2026-08-26 12:28:51,100.00,0.00,444.75,1183,8.99,2551.4
2026-08-26 12:28:56,100.00,0.00,445.00,1199,8.85,2551.9
2026-08-26 12:29:01,100.00,0.00,444.75,1141,9.42,2552.4
2026-08-26 12:29:06,100.00,0.00,444.50,1152,9.27,2552.5
2026-08-26 12:29:11,100.00,0.00,444.25,1203,9.07,2550.0
2026-08-26 12:29:16,100.00,0.00,445.00,1200,8.88,2549.7
2026-08-26 12:29:21,100.00,0.00,445.50,1232,8.54,2550.0
2026-08-26 12:29:26,100.00,0.00,446.00,1214,8.71,2548.7
2026-08-26 12:29:31,100.00,0.00,444.75,1141,9.52,2549.2
2026-08-26 12:29:36,100.00,0.00,445.25,1193,8.99,2549.4
2026-08-26 12:29:41,100.00,0.00,445.75,1201,8.85,2548.2
2026-08-26 12:29:46,100.00,0.00,444.75,1145,9.45,2546.4
2026-08-26 12:29:51,100.00,0.00,445.00,1166,9.21,2545.3
2026-08-26 12:29:56,100.00,0.00,446.25,1253,8.61,2544.3
2026-08-26 12:30:01,100.00,0.00,445.75,1182,9.02,2543.4
2026-08-26 12:30:06,100.00,0.00,445.25,1163,9.23,2534.0
2026-08-26 12:30:11,100.00,0.00,446.00,1200,8.84,2537.4
2026-08-26 12:30:16,100.00,0.00,445.00,1159,9.24,2539.5
2026-08-26 12:30:21,100.00,0.00,446.00,1185,8.96,2539.6
2026-08-26 12:30:26,100.00,0.00,445.00,1156,9.31,2540.6
2026-08-26 12:30:31,100.00,0.00,445.75,1205,8.77,2537.3
2026-08-26 12:30:36,100.00,0.00,445.00,1147,9.38,2533.6
2026-08-26 12:30:41,100.00,0.00,446.00,1227,8.56,2531.7
2026-08-26 12:30:46,100.00,0.00,445.00,1167,9.23,2533.1
2026-08-26 12:30:51,100.00,0.00,446.00,1235,8.52,2533.4
2026-08-26 12:30:56,100.00,0.00,445.50,1158,9.30,2533.9
2026-08-26 12:31:01,100.00,0.00,445.50,1171,9.13,2537.0
2026-08-26 12:31:06,100.00,0.00,446.25,1225,8.61,2537.1
2026-08-26 12:31:11,100.00,0.00,446.50,1223,8.63,2537.7
2026-08-26 12:31:16,100.00,0.00,445.75,1173,9.18,2537.6
2026-08-26 12:31:21,100.00,0.00,445.75,1160,9.19,2538.0
2026-08-26 12:31:26,100.00,0.00,446.25,1205,8.81,2539.2
2026-08-26 12:31:31,100.00,0.00,445.00,1156,9.34,2539.2
2026-08-26 12:31:36,100.00,0.00,446.50,1223,8.62,2540.5
2026-08-26 12:31:41,100.00,0.00,446.25,1232,8.52,2540.0
2026-08-26 12:31:46,100.00,0.00,445.75,1200,8.94,2538.3
2026-08-26 12:31:51,100.00,0.00,445.25,1157,9.33,2534.7
2026-08-26 12:31:56,100.00,0.00,446.00,1185,9.03,2530.2
2026-08-26 12:32:01,100.00,0.00,446.00,1218,8.68,2531.0
2026-08-26 12:32:06,100.00,0.00,446.75,1243,8.43,2532.3
2026-08-26 12:32:11,100.00,0.00,446.50,1225,8.57,2531.9
2026-08-26 12:32:16,100.00,0.00,445.50,1159,9.26,2532.8
2026-08-26 12:32:21,100.00,0.00,446.25,1200,8.81,2531.6
2026-08-26 12:32:26,100.00,0.00,446.50,1242,8.37,2527.1
2026-08-26 12:32:31,100.00,0.00,446.25,1171,9.16,2528.7
2026-08-26 12:32:36,100.00,0.00,447.00,1215,8.73,2529.2
2026-08-26 12:32:41,100.00,0.00,446.75,1244,8.39,2531.5
2026-08-26 12:32:46,100.00,0.00,445.75,1191,8.92,2531.0
2026-08-26 12:32:51,100.00,0.00,446.75,1267,8.19,2530.9
2026-08-26 12:32:56,100.00,0.00,447.00,1215,8.66,2527.9
2026-08-26 12:33:01,100.00,0.00,446.25,1172,9.11,2525.2
2026-08-26 12:33:06,100.00,0.00,447.25,1235,8.49,2521.6
2026-08-26 12:33:11,100.00,0.00,447.25,1231,8.52,2522.6
2026-08-26 12:33:16,100.00,0.00,446.75,1170,9.16,2524.1
2026-08-26 12:33:21,100.00,0.00,447.00,1213,8.69,2526.7
2026-08-26 12:33:26,100.00,0.00,447.50,1266,8.19,2529.2
2026-08-26 12:33:31,100.00,0.00,447.50,1230,8.54,2529.9
2026-08-26 12:33:36,100.00,0.00,446.75,1166,9.20,2529.8
2026-08-26 12:33:41,100.00,0.00,447.00,1234,8.51,2526.8
2026-08-26 12:33:46,100.00,0.00,447.75,1276,8.13,2526.6
2026-08-26 12:33:51,100.00,0.00,447.00,1222,8.62,2526.8
2026-08-26 12:33:56,100.00,0.00,446.50,1163,9.24,2527.7
2026-08-26 12:34:01,100.00,0.00,446.75,1182,9.03,2529.7
2026-08-26 12:34:06,100.00,0.00,448.00,1250,8.37,2531.7
2026-08-26 12:34:11,100.00,0.00,447.50,1211,8.71,2532.8
2026-08-26 12:34:16,100.00,0.00,446.50,1199,8.87,2533.9
2026-08-26 12:34:21,100.00,0.00,447.75,1252,8.35,2533.7
2026-08-26 12:34:26,100.00,0.00,447.75,1267,8.21,2532.8
2026-08-26 12:34:31,100.00,0.00,448.25,1264,8.21,2533.4
2026-08-26 12:34:36,100.00,0.00,448.25,1262,8.23,2531.0
2026-08-26 12:34:41,100.00,0.00,447.50,1260,8.26,2531.1
2026-08-26 12:34:46,100.00,0.00,447.75,1238,8.32,2531.8
2026-08-26 12:34:51,100.00,0.00,447.75,1234,8.50,2531.7
2026-08-26 12:34:56,100.00,0.00,448.00,1190,8.90,2531.6
2026-08-26 12:35:01,100.00,0.00,447.75,1189,9.00,2531.7
2026-08-26 12:35:06,100.00,0.00,448.00,1219,8.70,2528.7
2026-08-26 12:35:11,100.00,0.00,449.00,1232,8.09,2529.5
2026-08-26 12:35:16,100.00,0.00,449.25,1284,8.02,2528.8
2026-08-26 12:35:21,100.00,0.00,448.00,1241,8.41,2529.5
2026-08-26 12:35:26,100.00,0.00,448.50,1215,8.69,2529.5
2026-08-26 12:35:31,100.00,0.00,448.75,1199,8.85,2527.6
2026-08-26 12:35:36,100.00,0.00,449.25,1210,8.72,2527.6
2026-08-26 12:35:41,100.00,0.00,449.75,1221,8.65,2528.6
2026-08-26 12:35:46,100.00,0.00,450.25,1263,8.22,2529.9
2026-08-26 12:35:51,100.00,0.00,450.75,1280,8.10,2531.8
2026-08-26 12:35:56,100.00,0.00,450.25,1274,8.11,2532.3
2026-08-26 12:36:01,100.00,0.00,451.00,1263,8.23,2532.1
2026-08-26 12:36:06,100.00,0.00,450.50,1249,8.30,2532.5
2026-08-26 12:36:11,100.00,0.00,450.25,1235,8.48,2532.6
2026-08-26 12:36:16,100.00,0.00,450.75,1268,8.17,2533.6
2026-08-26 12:36:21,100.00,0.00,451.50,1327,7.64,2533.9
2026-08-26 12:36:26,100.00,0.00,450.75,1249,8.36,2534.0
2026-08-26 12:36:31,100.00,0.00,451.25,1302,7.86,2532.9
2026-08-26 12:36:36,100.00,0.00,451.75,1330,7.61,2532.4
2026-08-26 12:36:41,100.00,0.00,451.00,1279,8.05,2530.4
2026-08-26 12:36:46,100.00,0.00,451.25,1282,8.07,2530.1
2026-08-26 12:36:51,100.00,0.00,451.50,1339,7.56,2530.0
2026-08-26 12:36:56,100.00,0.00,452.00,1375,7.19,2528.7
2026-08-26 12:37:01,100.00,0.00,452.25,1371,7.30,2529.2
2026-08-26 12:37:06,100.00,0.00,452.00,1354,7.46,2530.3
2026-08-26 12:37:11,100.00,0.00,451.75,1325,7.70,2529.9
2026-08-26 12:37:16,100.00,0.00,451.75,1342,7.56,2530.1
2026-08-26 12:37:21,100.00,0.00,452.25,1417,6.91,2527.9
2026-08-26 12:37:26,100.00,0.00,452.00,1395,7.08,2526.6
2026-08-26 12:37:31,100.00,0.00,451.50,1346,7.35,2524.1
2026-08-26 12:37:36,100.00,0.00,451.75,1445,6.79,2525.3
2026-08-26 12:37:41,100.00,0.00,452.25,1371,7.28,2527.1
2026-08-26 12:37:46,100.00,0.00,451.25,1385,7.21,2527.3
2026-08-26 12:37:51,100.00,0.00,452.25,1405,6.98,2528.1
2026-08-26 12:37:56,100.00,0.00,451.50,1331,7.61,2524.3
2026-08-26 12:38:01,100.00,0.00,451.25,1375,7.25,2524.8
2026-08-26 12:38:06,100.00,0.00,452.00,1438,6.78,2523.9
2026-08-26 12:38:11,100.00,0.00,452.50,1435,6.77,2522.2
2026-08-26 12:38:16,100.00,0.00,451.75,1370,7.33,2522.6
2026-08-26 12:38:21,100.00,0.00,451.50,1356,7.38,2522.9
2026-08-26 12:38:26,100.00,0.00,451.75,1418,6.90,2523.7
2026-08-26 12:38:31,100.00,0.00,452.25,1388,7.12,2525.6
2026-08-26 12:38:36,100.00,0.00,451.00,1328,7.64,2526.5
2026-08-26 12:38:41,100.00,0.00,451.75,1369,7.32,2524.0
2026-08-26 12:38:46,100.00,0.00,452.00,1382,7.21,2520.6
2026-08-26 12:38:51,100.00,0.00,451.50,1329,7.61,2521.9
2026-08-26 12:38:56,100.00,0.00,451.75,1381,7.22,2521.9
2026-08-26 12:39:01,100.00,0.00,452.00,1403,7.04,2519.9
2026-08-26 12:39:06,100.00,0.00,451.25,1358,7.37,2515.7
2026-08-26 12:39:11,100.00,0.00,451.25,1346,7.33,2511.0
2026-08-26 12:39:16,100.00,0.00,452.00,1402,7.04,2511.1
2026-08-26 12:39:21,100.00,0.00,452.00,1375,7.25,2510.8
2026-08-26 12:39:26,100.00,0.00,451.50,1328,7.65,2509.0
2026-08-26 12:39:31,100.00,0.00,451.75,1385,7.14,2509.4
2026-08-26 12:39:36,100.00,0.00,451.50,1406,7.01,2508.7
2026-08-26 12:39:41,100.00,0.00,451.25,1349,7.45,2510.4
2026-08-26 12:39:46,100.00,0.00,451.00,1374,7.29,2512.0
2026-08-26 12:39:51,100.00,0.00,451.25,1425,6.86,2513.6
2026-08-26 12:39:56,100.00,0.00,452.25,1450,6.80,2512.2
2026-08-26 12:40:01,100.00,0.00,451.75,1365,7.32,2512.5
2026-08-26 12:40:06,100.00,0.00,451.25,1349,7.43,2511.1
2026-08-26 12:40:11,100.00,0.00,451.25,1355,7.37,2511.5
2026-08-26 12:40:16,100.00,0.00,451.25,1360,7.37,2511.8
2026-08-26 12:40:21,100.00,0.00,451.50,1374,7.26,2508.8
2026-08-26 12:40:26,100.00,0.00,451.50,1360,7.34,2507.5
2026-08-26 12:40:31,100.00,0.00,451.00,1387,7.19,2507.6
2026-08-26 12:40:36,100.00,0.00,452.25,1423,6.88,2507.2
2026-08-26 12:40:41,100.00,0.00,452.25,1454,6.65,2503.9
2026-08-26 12:40:46,100.00,0.00,452.00,1462,6.61,2504.5
2026-08-26 12:40:51,100.00,0.00,451.50,1443,6.61,2504.1
2026-08-26 12:40:56,100.00,0.00,451.00,1434,6.80,2505.4
2026-08-26 12:41:01,100.00,0.00,451.50,1414,6.95,2505.3
2026-08-26 12:41:06,100.00,0.00,451.50,1405,7.05,2505.1
2026-08-26 12:41:11,100.00,0.00,451.50,1408,6.99,2503.5
2026-08-26 12:41:16,100.00,0.00,451.75,1457,6.63,2504.9
2026-08-26 12:41:21,100.00,0.00,452.50,1469,6.53,2505.8
2026-08-26 12:41:26,100.00,0.00,452.75,1459,6.62,2507.3
2026-08-26 12:41:31,100.00,0.00,452.50,1441,6.77,2508.0
2026-08-26 12:41:36,100.00,0.00,452.75,1425,6.88,2508.2
2026-08-26 12:41:41,100.00,0.00,452.00,1441,6.74,2506.9
2026-08-26 12:41:46,100.00,0.00,452.75,1436,6.77,2506.9
2026-08-26 12:41:51,100.00,0.00,451.50,1437,6.80,2506.6
2026-08-26 12:41:56,100.00,0.00,452.25,1401,7.04,2507.3
2026-08-26 12:42:01,100.00,0.00,452.00,1359,7.37,2507.1
2026-08-26 12:42:06,100.00,0.00,452.25,1375,7.23,2507.3
2026-08-26 12:42:11,100.00,0.00,452.25,1378,7.21,2506.8
2026-08-26 12:42:16,100.00,0.00,452.50,1395,7.07,2506.5
2026-08-26 12:42:21,100.00,0.00,452.50,1419,6.93,2506.3
2026-08-26 12:42:26,100.00,0.00,453.00,1475,6.49,2506.0
2026-08-26 12:42:31,100.00,0.00,452.50,1442,6.75,2506.0
2026-08-26 12:42:36,100.00,0.00,452.00,1411,6.99,2505.8
2026-08-26 12:42:41,100.00,0.00,451.75,1387,7.15,2506.0
2026-08-26 12:42:46,100.00,0.00,452.75,1424,6.88,2506.5
2026-08-26 12:42:51,100.00,0.00,452.75,1504,6.32,2506.8
2026-08-26 12:42:56,100.00,0.00,453.00,1504,6.32,2505.3
2026-08-26 12:43:01,100.00,0.00,452.00,1445,6.70,2504.5
2026-08-26 12:43:06,100.00,0.00,452.75,1447,6.70,2504.5
2026-08-26 12:43:11,100.00,0.00,453.25,1447,6.68,2504.2
2026-08-26 12:43:16,100.00,0.00,452.25,1366,7.32,2504.4
2026-08-26 12:43:21,100.00,0.00,452.50,1351,7.46,2503.9
2026-08-26 12:43:26,100.00,0.00,453.00,1399,7.08,2502.9
2026-08-26 12:43:31,100.00,0.00,453.00,1334,7.56,2503.0
2026-08-26 12:43:36,100.00,0.00,453.00,1409,6.98,2501.9
2026-08-26 12:43:41,100.00,0.00,452.50,1343,7.49,2501.5
2026-08-26 12:43:46,100.00,0.00,453.50,1440,6.75,2501.2
2026-08-26 12:43:51,100.00,0.00,452.75,1365,7.33,2502.3
2026-08-26 12:43:56,100.00,0.00,453.75,1350,7.37,2501.3
2026-08-26 12:44:01,100.00,0.00,453.50,1424,6.88,2500.0
2026-08-26 12:44:06,100.00,0.00,453.00,1360,7.40,2499.5
2026-08-26 12:44:11,100.00,0.00,453.25,1474,6.52,2498.9
2026-08-26 12:44:16,100.00,0.00,452.75,1396,7.09,2499.2
2026-08-26 12:44:21,100.00,0.00,454.00,1474,6.53,2498.5
2026-08-26 12:44:26,100.00,0.00,453.00,1436,6.78,2497.9
2026-08-26 12:44:31,100.00,0.00,453.50,1369,7.29,2497.9
2026-08-26 12:44:36,100.00,0.00,453.50,1443,6.74,2497.3
2026-08-26 12:44:41,100.00,0.00,453.50,1389,7.14,2497.9
2026-08-26 12:44:46,100.00,0.00,453.75,1330,7.61,2497.7
2026-08-26 12:44:51,100.00,0.00,453.75,1427,6.86,2497.2
2026-08-26 12:44:56,100.00,0.00,453.00,1399,7.10,2496.5
2026-08-26 12:45:01,100.00,0.00,453.75,1374,7.29,0.0
2026-08-26 12:45:06,100.00,0.00,454.75,1461,6.62,2494.9
2026-08-26 12:45:11,100.00,0.00,454.00,1438,6.77,2494.1
2026-08-26 12:45:16,100.00,0.00,454.00,1357,7.39,2494.3
2026-08-26 12:45:21,100.00,0.00,454.50,1421,6.89,2493.6
2026-08-26 12:45:26,100.00,0.00,455.00,1482,6.46,2492.2
2026-08-26 12:45:31,100.00,0.00,454.50,1402,7.04,2489.8
2026-08-26 12:45:36,100.00,0.00,454.50,1414,6.90,2486.7
2026-08-26 12:45:41,100.00,0.00,455.00,1509,6.30,2486.0
2026-08-26 12:45:46,100.00,0.00,455.00,1457,6.65,2487.0
2026-08-26 12:45:51,100.00,0.00,454.75,1397,7.10,2487.3
2026-08-26 12:45:56,100.00,0.00,455.50,1395,7.09,2487.5
2026-08-26 12:46:01,100.00,0.00,456.00,1456,6.64,2486.8
2026-08-26 12:46:06,100.00,0.00,455.50,1473,6.53,2486.3
2026-08-26 12:46:11,100.00,0.00,455.00,1405,6.97,2485.2
2026-08-26 12:46:16,100.00,0.00,455.00,1424,6.88,2485.0
2026-08-26 12:46:21,100.00,0.00,456.00,1483,6.46,2485.0
2026-08-26 12:46:26,100.00,0.00,456.50,1510,6.28,2484.5
2026-08-26 12:46:31,100.00,0.00,455.75,1465,6.55,2483.8
2026-08-26 12:46:36,100.00,0.00,455.25,1423,6.89,2482.9
2026-08-26 12:46:41,100.00,0.00,456.25,1508,6.28,2480.7
2026-08-26 12:46:46,100.00,0.00,455.75,1456,6.65,2481.3
2026-08-26 12:46:51,100.00,0.00,455.75,1408,7.01,2481.0
2026-08-26 12:46:56,100.00,0.00,456.00,1437,6.80,2480.5
2026-08-26 12:47:01,100.00,0.00,456.50,1452,6.79,2481.1
2026-08-26 12:47:06,100.00,0.00,456.75,1491,6.35,2481.3
2026-08-26 12:47:11,100.00,0.00,457.00,1535,6.12,2477.5
2026-08-26 12:47:16,100.00,0.00,456.50,1523,6.19,2477.7
2026-08-26 12:47:21,100.00,0.00,455.25,1503,6.33,2477.6
2026-08-26 12:47:26,100.00,0.00,456.25,1483,6.44,2477.2
2026-08-26 12:47:31,100.00,0.00,456.25,1478,6.47,2476.3
2026-08-26 12:47:36,100.00,0.00,456.75,1558,5.95,2474.3
2026-08-26 12:47:41,100.00,0.00,456.75,1594,5.76,2474.1
2026-08-26 12:47:46,100.00,0.00,456.50,1556,5.99,2473.3
2026-08-26 12:47:51,100.00,0.00,456.25,1521,6.28,2467.5
2026-08-26 12:47:56,100.00,0.00,456.25,1499,6.33,2467.1
2026-08-26 12:48:01,100.00,0.00,456.00,1488,6.44,2468.6
2026-08-26 12:48:06,100.00,0.00,457.00,1455,6.64,2469.7
2026-08-26 12:48:11,100.00,0.00,456.00,1499,6.33,2462.7
2026-08-26 12:48:16,100.00,0.00,457.25,1535,6.12,2460.3
2026-08-26 12:48:21,100.00,0.00,457.00,1563,5.93,2461.5
2026-08-26 12:48:26,100.00,0.00,457.25,1575,5.90,2462.9
2026-08-26 12:48:31,100.00,0.00,457.00,1556,6.13,2464.6
2026-08-26 12:48:36,100.00,0.00,456.75,1472,6.53,2465.6
2026-08-26 12:48:41,100.00,0.00,456.75,1470,6.55,2466.1
2026-08-26 12:48:46,100.00,0.00,456.75,1501,6.32,2466.0
2026-08-26 12:48:51,100.00,0.00,457.50,1562,5.89,2467.1
2026-08-26 12:48:56,100.00,0.00,457.00,1554,6.00,2466.8
2026-08-26 12:49:01,100.00,0.00,456.50,1488,6.43,2463.0
2026-08-26 12:49:06,100.00,0.00,457.00,1474,6.46,2462.3
2026-08-26 12:49:11,100.00,0.00,457.50,1567,5.90,2462.1
2026-08-26 12:49:16,100.00,0.00,457.50,1579,5.85,2461.3
2026-08-26 12:49:21,100.00,0.00,457.50,1523,6.19,2459.5
2026-08-26 12:49:26,100.00,0.00,456.75,1478,6.50,2457.9
2026-08-26 12:49:31,100.00,0.00,456.75,1473,6.53,2463.1
2026-08-26 12:49:36,100.00,0.00,457.25,1535,6.17,2456.6
2026-08-26 12:49:41,100.00,0.00,457.50,1558,5.97,2457.3
2026-08-26 12:49:46,100.00,0.00,457.00,1479,6.47,2458.2
2026-08-26 12:49:51,100.00,0.00,457.00,1456,6.65,2457.1
2026-08-26 12:49:56,100.00,0.00,457.25,1490,6.40,2457.5
2026-08-26 12:50:01,100.00,0.00,457.75,1535,6.12,2457.9
2026-08-26 12:50:06,100.00,0.00,458.00,1579,5.84,2457.6
2026-08-26 12:50:11,100.00,0.00,457.50,1535,6.12,2454.0
2026-08-26 12:50:16,100.00,0.00,456.75,1516,6.27,2453.7
2026-08-26 12:50:21,100.00,0.00,457.25,1470,6.55,2453.6
2026-08-26 12:50:26,100.00,0.00,457.00,1461,6.63,2453.8
2026-08-26 12:50:31,100.00,0.00,457.75,1505,6.31,2453.1
2026-08-26 12:50:36,100.00,0.00,458.50,1531,6.12,2454.7
2026-08-26 12:50:41,100.00,0.00,457.75,1535,6.12,2455.1
2026-08-26 12:50:46,100.00,0.00,457.50,1497,6.38,2454.6
2026-08-26 12:50:51,100.00,0.00,457.50,1430,6.83,2452.8
2026-08-26 12:50:56,100.00,0.00,458.00,1444,6.76,2452.5
2026-08-26 12:51:01,100.00,0.00,458.50,1508,6.28,2453.6
2026-08-26 12:51:06,100.00,0.00,458.00,1535,6.12,2454.1
2026-08-26 12:51:11,100.00,0.00,457.75,1495,6.38,2452.5
2026-08-26 12:51:16,100.00,0.00,457.75,1455,6.65,2453.8
2026-08-26 12:51:21,100.00,0.00,458.00,1511,6.24,2454.7
2026-08-26 12:51:26,100.00,0.00,458.00,1525,6.20,2456.2
2026-08-26 12:51:31,100.00,0.00,457.50,1429,6.84,2457.1
2026-08-26 12:51:36,100.00,0.00,458.50,1455,6.66,2457.2
2026-08-26 12:51:41,100.00,0.00,459.25,1530,6.13,2457.8
2026-08-26 12:51:46,100.00,0.00,458.25,1488,6.44,2458.0
2026-08-26 12:51:51,100.00,0.00,458.25,1423,6.88,2458.0
2026-08-26 12:51:56,100.00,0.00,459.00,1497,6.36,2457.8
2026-08-26 12:52:01,100.00,0.00,458.50,1506,6.30,2458.5
2026-08-26 12:52:06,100.00,0.00,458.00,1429,6.85,2458.2
2026-08-26 12:52:11,100.00,0.00,459.00,1521,6.21,2457.6
2026-08-26 12:52:16,100.00,0.00,459.00,1535,6.12,2456.6
2026-08-26 12:52:21,100.00,0.00,458.75,1486,6.38,2455.5
2026-08-26 12:52:26,100.00,0.00,458.50,1427,6.84,2456.1
2026-08-26 12:52:31,100.00,0.00,459.00,1452,6.68,2456.5
2026-08-26 12:52:36,100.00,0.00,459.00,1489,6.41,2455.1
2026-08-26 12:52:41,100.00,0.00,459.50,1535,6.12,2450.7
2026-08-26 12:52:46,100.00,0.00,458.75,1529,6.17,2449.2
2026-08-26 12:52:51,100.00,0.00,458.50,1479,6.38,2448.6
2026-08-26 12:52:56,100.00,0.00,458.50,1447,6.72,2449.6
2026-08-26 12:53:01,100.00,0.00,458.50,1424,6.89,2448.6
2026-08-26 12:53:06,100.00,0.00,459.25,1467,6.54,2448.5
2026-08-26 12:53:11,100.00,0.00,459.25,1531,6.13,2449.7
2026-08-26 12:53:16,100.00,0.00,459.00,1469,6.55,2447.9
2026-08-26 12:53:21,100.00,0.00,458.75,1441,6.75,2449.3
2026-08-26 12:53:26,100.00,0.00,459.25,1447,6.71,2450.4
2026-08-26 12:53:31,100.00,0.00,459.50,1555,5.99,2451.4
2026-08-26 12:53:36,100.00,0.00,459.50,1595,5.75,2449.7
2026-08-26 12:53:41,100.00,0.00,458.75,1520,6.21,2451.1
2026-08-26 12:53:46,100.00,0.00,459.50,1487,6.42,2451.3
2026-08-26 12:53:51,100.00,0.00,459.25,1564,5.91,2451.0
2026-08-26 12:53:56,100.00,0.00,459.25,1530,6.15,2451.7
2026-08-26 12:54:01,100.00,0.00,459.00,1463,6.61,2452.0
2026-08-26 12:54:06,100.00,0.00,459.25,1458,6.63,2451.7
2026-08-26 12:54:11,100.00,0.00,459.75,1535,6.12,2452.0
2026-08-26 12:54:16,100.00,0.00,459.00,1584,5.81,2451.6
2026-08-26 12:54:21,100.00,0.00,459.00,1561,5.95,2452.2
2026-08-26 12:54:26,100.00,0.00,459.50,1535,6.32,2452.5
2026-08-26 12:54:31,100.00,0.00,459.75,1520,6.22,2452.6
2026-08-26 12:54:36,100.00,0.00,459.50,1562,5.96,2453.4
2026-08-26 12:54:41,100.00,0.00,460.00,1586,5.78,2453.5
2026-08-26 12:54:46,100.00,0.00,460.50,1624,5.58,2453.4
2026-08-26 12:54:51,100.00,0.00,460.25,1618,5.47,2453.4
2026-08-26 12:54:56,100.00,0.00,459.25,1568,5.91,2453.5
2026-08-26 12:55:01,100.00,0.00,459.75,1520,6.21,2453.0
2026-08-26 12:55:06,100.00,0.00,459.50,1501,6.34,2453.0
2026-08-26 12:55:11,100.00,0.00,459.75,1490,6.40,2452.5
2026-08-26 12:55:16,100.00,0.00,460.00,1520,6.21,2452.9
2026-08-26 12:55:21,100.00,0.00,460.50,1570,5.90,2453.5
2026-08-26 12:55:26,100.00,0.00,460.50,1586,5.81,2454.2
2026-08-26 12:55:31,100.00,0.00,460.25,1612,5.65,2454.6
2026-08-26 12:55:36,100.00,0.00,459.75,1637,5.52,2454.9
2026-08-26 12:55:41,100.00,0.00,459.75,1616,5.64,2455.3
2026-08-26 12:55:46,100.00,0.00,460.00,1616,5.63,2455.3
2026-08-26 12:55:51,100.00,0.00,459.25,1599,5.72,2455.2
2026-08-26 12:55:56,100.00,0.00,459.25,1554,6.01,2455.2
2026-08-26 12:56:01,100.00,0.00,459.50,1501,6.34,2455.0
2026-08-26 12:56:06,100.00,0.00,459.25,1445,6.65,2454.7
2026-08-26 12:56:11,100.00,0.00,459.25,1458,6.63,2455.1
2026-08-26 12:56:16,100.00,0.00,459.50,1491,6.40,2453.6
2026-08-26 12:56:21,100.00,0.00,459.75,1495,6.39,2453.4
2026-08-26 12:56:26,100.00,0.00,459.25,1504,6.29,2450.7
2026-08-26 12:56:31,100.00,0.00,460.00,1529,6.14,2450.1
2026-08-26 12:56:36,100.00,0.00,460.00,1556,5.98,2450.6
2026-08-26 12:56:41,100.00,0.00,459.75,1535,6.12,2450.2
2026-08-26 12:56:46,100.00,0.00,459.75,1509,6.28,2452.0
2026-08-26 12:56:51,100.00,0.00,459.25,1465,6.57,2451.6
2026-08-26 12:56:56,100.00,0.00,458.75,1407,6.90,2451.4
2026-08-26 12:57:01,100.00,0.00,459.25,1405,7.01,2452.0
2026-08-26 12:57:06,100.00,0.00,459.25,1391,7.14,2452.2
2026-08-26 12:57:11,100.00,0.00,459.50,1386,7.15,2451.5
2026-08-26 12:57:16,100.00,0.00,459.50,1401,7.08,2451.5
2026-08-26 12:57:21,100.00,0.00,459.50,1417,6.95,2449.7
2026-08-26 12:57:26,100.00,0.00,459.50,1413,6.91,2444.3
2026-08-26 12:57:31,100.00,0.00,459.50,1418,6.93,2445.3
2026-08-26 12:57:36,100.00,0.00,459.50,1421,6.90,2447.2
2026-08-26 12:57:41,100.00,0.00,459.50,1424,6.87,2448.0
2026-08-26 12:57:46,100.00,0.00,459.50,1431,6.83,2446.7
2026-08-26 12:57:51,100.00,0.00,459.25,1409,7.01,2445.8
2026-08-26 12:57:56,100.00,0.00,459.75,1422,6.83,2445.6
2026-08-26 12:58:01,100.00,0.00,459.75,1449,6.69,2442.2
2026-08-26 12:58:06,100.00,0.00,459.75,1438,6.78,2442.0
2026-08-26 12:58:11,100.00,0.00,459.75,1409,6.93,2443.5
2026-08-26 12:58:16,100.00,0.00,459.75,1393,7.10,2445.4
2026-08-26 12:58:21,100.00,0.00,459.75,1413,7.14,2446.0
2026-08-26 12:58:26,100.00,0.00,459.75,1389,7.14,2446.5
2026-08-26 12:58:31,100.00,0.00,460.00,1406,7.01,2446.8
2026-08-26 12:58:36,100.00,0.00,460.25,1429,6.84,2447.8
2026-08-26 12:58:41,100.00,0.00,460.00,1439,6.75,2448.1
2026-08-26 12:58:46,100.00,0.00,460.25,1456,6.65,2448.1
2026-08-26 12:58:51,100.00,0.00,460.50,1479,6.55,2448.1
2026-08-26 12:58:56,100.00,0.00,460.75,1504,6.30,2447.0
2026-08-26 12:59:01,100.00,0.00,460.50,1535,6.12,2447.2
2026-08-26 12:59:06,100.00,0.00,460.25,1579,5.82,2446.2
2026-08-26 12:59:11,100.00,0.00,460.00,1606,5.68,2441.4
2026-08-26 12:59:16,100.00,0.00,460.00,1584,5.81,2437.3
2026-08-26 12:59:21,100.00,0.00,459.00,1522,6.14,2436.5
2026-08-26 12:59:26,100.00,0.00,459.75,1513,6.28,2434.4
2026-08-26 12:59:31,100.00,0.00,459.75,1501,6.35,2430.8
2026-08-26 12:59:36,100.00,0.00,460.00,1488,6.42,2434.0
2026-08-26 12:59:41,100.00,0.00,459.50,1493,6.34,2433.5
2026-08-26 12:59:46,100.00,0.00,460.25,1535,6.12,2433.5
2026-08-26 12:59:51,100.00,0.00,459.50,1622,5.61,2435.1
2026-08-26 12:59:56,100.00,0.00,460.25,1629,5.54,2436.8
2026-08-26 13:00:01,100.00,0.00,460.50,1616,5.68,2434.7
2026-08-26 13:00:06,100.00,0.00,460.75,1582,5.84,2429.9
2026-08-26 13:00:11,100.00,0.00,460.75,1530,6.14,2429.2
2026-08-26 13:00:16,100.00,0.00,460.25,1506,6.31,2428.5
2026-08-26 13:00:21,100.00,0.00,460.50,1479,6.51,2429.9
2026-08-26 13:00:26,100.00,0.00,459.75,1478,6.51,2432.3
2026-08-26 13:00:31,100.00,0.00,459.50,1506,6.28,2435.2
2026-08-26 13:00:36,100.00,0.00,460.25,1508,6.28,2437.3
2026-08-26 13:00:41,100.00,0.00,460.75,1535,6.12,2439.0
2026-08-26 13:00:46,100.00,0.00,460.75,1556,5.98,2438.6
2026-08-26 13:00:51,100.00,0.00,460.75,1535,5.99,2434.1
2026-08-26 13:00:56,100.00,0.00,460.00,1502,6.20,2433.8
2026-08-26 13:01:01,100.00,0.00,459.25,1526,6.15,2435.6
2026-08-26 13:01:06,100.00,0.00,456.25,1534,6.13,2434.6
2026-08-26 13:01:11,100.00,0.00,450.75,1535,6.12,2435.8
2026-08-26 13:01:16,100.00,0.00,445.50,1562,5.93,2437.8
2026-08-26 13:01:21,100.00,0.00,438.75,1579,5.87,2447.9
2026-08-26 13:01:26,100.00,0.00,431.50,1584,5.81,2441.1
2026-08-26 13:01:31,100.00,0.00,423.75,1360,7.28,1731.2
2026-08-26 13:01:36,100.00,0.00,415.00,1214,8.69,1715.1
2026-08-26 13:01:41,100.00,0.00,406.75,1136,9.55,1692.4
2026-08-26 13:01:46,100.00,0.00,396.75,1093,10.08,1686.6
2026-08-26 13:01:51,100.00,0.00,388.25,1072,10.34,1696.2
2026-08-26 13:01:56,100.00,0.00,379.00,1054,10.55,1706.0
2026-08-26 13:02:01,100.00,0.00,369.25,1023,11.01,1717.2
2026-08-26 13:02:06,100.00,0.00,360.75,996,11.36,1720.7
2026-08-26 13:02:11,100.00,0.00,352.00,979,11.64,1738.5
2026-08-26 13:02:16,100.00,0.00,343.50,967,11.80,1936.0
2026-08-26 13:02:21,100.00,0.00,335.00,982,11.55,2346.4
2026-08-26 13:02:26,100.00,0.00,327.50,1008,11.20,2346.6
2026-08-26 13:02:31,100.00,0.00,320.75,1013,11.16,2454.5
2026-08-26 13:02:36,100.00,0.00,315.00,1040,10.77,2415.2
2026-08-26 13:02:41,100.00,0.00,308.75,1090,10.11,2401.3
2026-08-26 13:02:46,100.00,0.00,303.75,1152,9.34,2389.3
2026-08-26 13:02:51,100.00,0.00,298.00,1184,9.00,2380.1
2026-08-26 13:02:56,100.00,0.00,293.25,1233,8.48,2367.1
2026-08-26 13:03:01,100.00,0.00,288.25,1253,8.28,2360.0
2026-08-26 13:03:06,100.00,0.00,284.00,1271,8.17,2357.8
2026-08-26 13:03:11,100.00,0.00,279.50,1277,8.08,2357.8
2026-08-26 13:03:16,100.00,0.00,275.25,1277,8.07,2353.6
2026-08-26 13:03:21,100.00,0.00,271.50,1283,8.05,2348.2
2026-08-26 13:03:26,100.00,0.00,267.75,1287,8.01,2351.4
2026-08-26 13:03:31,100.00,0.00,263.75,1286,7.97,2347.8
2026-08-26 13:03:36,100.00,0.00,259.75,1290,7.94,2342.8
2026-08-26 13:03:41,100.00,0.00,255.50,1303,7.92,2337.7
2026-08-26 13:03:46,100.00,0.00,252.00,1279,8.06,2334.2
2026-08-26 13:03:51,100.00,0.00,249.25,1280,8.06,2336.2
2026-08-26 13:03:56,100.00,0.00,246.25,1279,8.06,2342.2
2026-08-26 13:04:01,100.00,0.00,243.00,1290,8.00,2338.5
2026-08-26 13:04:06,100.00,0.00,239.25,1276,8.11,2335.4
2026-08-26 13:04:11,100.00,0.00,236.25,1277,8.10,2333.7
2026-08-26 13:04:16,100.00,0.00,233.75,1261,8.23,2332.4
2026-08-26 13:04:21,100.00,0.00,230.50,1264,8.21,2339.9
2026-08-26 13:04:26,100.00,0.00,228.25,1258,8.28,2337.9
2026-08-26 13:04:31,100.00,0.00,224.75,1247,8.39,2331.6
2026-08-26 13:04:36,100.00,0.00,222.50,1232,8.52,2337.2
2026-08-26 13:04:41,100.00,0.00,220.00,1232,8.63,2335.5
2026-08-26 13:04:46,100.00,0.00,217.50,1220,8.66,2331.6
2026-08-26 13:04:51,100.00,0.00,214.75,1218,8.67,2333.0
2026-08-26 13:04:56,100.00,0.00,212.75,1190,8.94,2324.7
2026-08-26 13:05:01,100.00,0.00,210.50,1173,9.06,2321.9
2026-08-26 13:05:06,100.00,0.00,208.50,1153,9.19,2322.5
2026-08-26 13:05:11,100.00,0.00,206.00,1152,9.17,2317.7
2026-08-26 13:05:16,100.00,0.00,204.00,1168,9.16,2314.9
2026-08-26 13:05:21,100.00,0.00,202.25,1163,9.26,2314.2
2026-08-26 13:05:26,100.00,0.00,200.00,1159,9.31,2319.4
2026-08-26 13:05:31,100.00,0.00,197.25,1152,9.37,2325.4
2026-08-26 13:05:36,100.00,0.00,196.00,1145,9.41,2328.5
2026-08-26 13:05:41,100.00,0.00,194.00,1158,9.33,2333.9
2026-08-26 13:05:46,100.00,0.00,192.25,1148,9.42,2341.2
2026-08-26 13:05:51,100.00,0.00,190.25,1141,9.45,2347.1
2026-08-26 13:05:56,100.00,0.00,188.75,1132,9.44,2350.2
2026-08-26 13:06:01,100.00,0.00,187.00,1137,9.53,2352.4
2026-08-26 13:06:06,100.00,0.00,185.25,1126,9.68,2360.1
2026-08-26 13:06:11,100.00,0.00,183.50,1126,9.64,2364.4
2026-08-26 13:06:16,100.00,0.00,182.25,1136,9.55,2358.7
2026-08-26 13:06:21,100.00,0.00,180.25,1136,9.55,2357.4
2026-08-26 13:06:26,100.00,0.00,179.25,1136,9.59,2362.4
2026-08-26 13:06:31,100.00,0.00,177.75,1126,9.67,2361.0
2026-08-26 13:06:36,100.00,0.00,176.00,1119,9.72,0.0
2026-08-26 13:06:41,100.00,0.00,175.25,1113,9.85,2365.6
2026-08-26 13:06:46,100.00,0.00,173.00,1118,9.79,2364.1
2026-08-26 13:06:51,100.00,0.00,171.75,1105,9.91,2364.6
2026-08-26 13:06:56,100.00,0.00,170.00,1104,9.90,2367.3
2026-08-26 13:07:01,100.00,0.00,169.25,1103,9.93,2368.3
2026-08-26 13:07:06,100.00,0.00,168.00,1104,9.93,2368.3
2026-08-26 13:07:11,100.00,0.00,167.25,1103,10.00,2367.9
2026-08-26 13:07:16,100.00,0.00,165.50,1098,10.01,2367.3
2026-08-26 13:07:21,100.00,0.00,164.00,1089,10.10,2364.5
2026-08-26 13:07:26,100.00,0.00,162.75,1097,10.00,2367.6
2026-08-26 13:07:31,100.00,0.00,162.25,1090,10.12,2370.0
2026-08-26 13:07:36,100.00,0.00,160.75,1083,10.21,2371.3
2026-08-26 13:07:41,100.00,0.00,159.00,1072,10.34,2371.4
2026-08-26 13:07:46,100.00,0.00,158.50,1078,10.16,2382.6
2026-08-26 13:07:51,100.00,0.00,157.00,1077,10.22,2387.8
2026-08-26 13:07:56,100.00,0.00,156.75,1073,10.30,2383.8
2026-08-26 13:08:01,100.00,0.00,154.50,1073,10.28,2383.8
2026-08-26 13:08:06,100.00,0.00,154.00,1076,10.25,2381.0
2026-08-26 13:08:11,100.00,0.00,153.50,1076,10.29,2381.7
2026-08-26 13:08:16,100.00,0.00,152.50,1071,10.34,2378.8
2026-08-26 13:08:21,100.00,0.00,150.50,1070,10.59,2372.0
2026-08-26 13:08:26,100.00,0.00,150.25,1070,10.42,2374.9
2026-08-26 13:08:31,100.00,0.00,149.25,1069,10.41,2373.5
2026-08-26 13:08:36,100.00,0.00,147.50,1056,10.46,2377.4
2026-08-26 13:08:41,100.00,0.00,147.25,1056,10.53,2372.3
2026-08-26 13:08:46,100.00,0.00,146.75,1062,10.42,2375.2
2026-08-26 13:08:51,100.00,0.00,145.25,1043,10.72,2378.4
2026-08-26 13:08:56,100.00,0.00,144.75,1047,10.65,2381.5
2026-08-26 13:09:01,100.00,0.00,143.50,1050,10.77,2383.2
2026-08-26 13:09:06,100.00,0.00,143.00,1053,10.65,2386.3
2026-08-26 13:09:11,100.00,0.00,141.50,1049,10.63,2387.4
2026-08-26 13:09:16,100.00,0.00,141.75,1043,10.65,2390.4
2026-08-26 13:09:21,100.00,0.00,140.00,1040,10.77,2386.2
2026-08-26 13:09:26,100.00,0.00,140.00,1034,10.84,2376.8
2026-08-26 13:09:31,100.00,0.00,138.50,1035,10.85,2361.8
2026-08-26 13:09:36,100.00,0.00,138.00,1023,10.80,2353.1
2026-08-26 13:09:41,100.00,0.00,137.50,1014,11.14,2343.9
2026-08-26 13:09:46,100.00,0.00,136.75,1019,11.10,2332.4
2026-08-26 13:09:51,100.00,0.00,136.00,1013,11.20,2322.5
2026-08-26 13:09:56,100.30,0.00,135.00,1011,11.19,2318.6
2026-08-26 13:10:01,100.00,0.00,134.25,1006,11.27,2319.2
2026-08-26 13:10:06,99.70,0.00,133.75,1005,11.24,2319.9
2026-08-26 13:10:11,99.40,0.00,133.00,997,11.42,2316.4
2026-08-26 13:10:16,99.10,0.00,132.00,1005,11.27,2321.7
2026-08-26 13:10:21,99.30,0.00,131.75,995,11.45,2325.7
2026-08-26 13:10:26,98.90,0.00,131.00,992,11.47,2333.7
2026-08-26 13:10:31,98.60,0.00,130.25,993,11.44,2342.4
2026-08-26 13:10:36,98.30,0.00,129.25,992,11.48,2344.7
2026-08-26 13:10:41,98.00,0.00,129.25,993,11.45,2343.4
2026-08-26 13:10:46,98.20,0.00,128.75,992,11.42,2340.2
2026-08-26 13:10:51,97.90,0.00,127.25,998,11.39,2337.9
2026-08-26 13:10:56,97.60,0.00,127.25,998,11.36,2335.2
2026-08-26 13:11:01,97.20,0.00,126.00,998,11.38,2333.0
2026-08-26 13:11:06,97.50,0.00,126.00,990,11.47,1945.8
2026-08-26 13:11:11,97.20,0.00,125.50,934,12.36,1609.1
2026-08-26 13:11:16,96.60,0.00,124.25,893,13.09,1531.4
2026-08-26 13:11:21,96.20,0.00,123.00,871,13.57,1628.7
2026-08-26 13:11:26,95.20,0.00,121.50,848,14.04,1622.1
2026-08-26 13:11:31,93.90,0.00,121.25,857,13.81,1516.8
2026-08-26 13:11:36,92.80,0.00,119.75,839,14.29,1451.5
2026-08-26 13:11:41,91.40,0.00,118.50,835,14.27,1647.0
2026-08-26 13:11:46,90.20,0.00,116.75,818,14.73,1655.4
2026-08-26 13:11:51,89.10,0.00,116.25,814,14.80,2449.8
2026-08-26 13:11:56,87.80,0.00,114.25,821,14.64,2593.5
2026-08-26 13:12:01,87.10,0.00,113.25,833,14.40,2596.6
2026-08-26 13:12:06,86.00,0.00,113.25,839,14.23,2600.7
2026-08-26 13:12:11,85.40,10.10,115.50,851,14.02,2604.2
2026-08-26 13:12:16,85.10,9.90,119.25,857,13.79,2606.3
2026-08-26 13:12:21,84.10,9.90,124.50,883,13.53,2606.3
2026-08-26 13:12:26,83.80,9.60,131.25,897,13.11,2605.1
2026-08-26 13:12:31,83.60,9.60,139.25,906,13.00,2597.4
2026-08-26 13:12:36,83.40,9.60,147.25,918,12.74,2592.5
2026-08-26 13:12:41,83.20,9.60,156.25,921,12.60,2589.2
2026-08-26 13:12:46,83.00,9.60,165.75,929,12.50,2582.1
2026-08-26 13:12:51,83.10,9.20,174.75,922,12.62,2575.2
2026-08-26 13:12:56,83.10,9.20,184.75,931,12.48,2562.2
2026-08-26 13:13:01,83.00,9.20,193.50,914,12.71,2556.9
2026-08-26 13:13:06,83.00,9.20,204.25,915,12.74,2552.4
2026-08-26 13:13:11,83.10,9.20,213.75,912,12.76,2555.4
2026-08-26 13:13:16,83.10,9.20,223.00,912,12.80,2562.5
2026-08-26 13:13:21,83.00,9.60,232.75,914,12.67,2564.3
2026-08-26 13:13:26,83.10,9.60,241.75,912,12.83,2560.6
2026-08-26 13:13:31,83.10,9.60,251.50,926,12.62,2558.4
2026-08-26 13:13:36,83.30,9.60,260.25,926,12.64,2564.5
2026-08-26 13:13:41,83.40,9.60,268.25,918,12.71,2562.5
2026-08-26 13:13:46,83.60,9.60,277.50,931,12.51,2557.2
2026-08-26 13:13:51,83.70,9.60,285.00,928,12.50,2554.6
2026-08-26 13:13:56,83.90,9.60,292.50,933,12.46,2551.5
2026-08-26 13:14:01,84.10,9.60,301.25,944,12.26,2545.7
2026-08-26 13:14:06,84.40,9.90,307.50,931,12.46,2543.5
2026-08-26 13:14:11,84.80,9.90,315.25,942,12.24,2537.3
2026-08-26 13:14:16,85.40,9.90,321.75,944,12.24,2535.4
2026-08-26 13:14:21,85.10,10.10,328.25,944,12.26,2544.4
2026-08-26 13:14:26,85.40,10.10,334.50,960,12.01,2553.1
2026-08-26 13:14:31,85.70,10.10,340.00,955,12.06,2559.7
2026-08-26 13:14:36,86.00,10.10,345.75,963,11.89,2566.0
2026-08-26 13:14:41,86.20,0.00,351.50,971,11.77,2569.0
2026-08-26 13:14:46,86.50,0.00,356.50,969,11.73,2566.4
2026-08-26 13:14:51,86.80,0.00,361.25,987,11.58,2564.5
2026-08-26 13:14:56,87.00,0.00,366.00,989,11.48,2568.9
2026-08-26 13:15:01,87.30,0.00,370.75,1012,11.04,2571.5
2026-08-26 13:15:06,87.60,0.00,374.25,1014,11.14,2565.3
2026-08-26 13:15:11,88.00,0.00,379.00,1047,10.63,2561.1
2026-08-26 13:15:16,88.40,0.00,382.00,1040,10.77,2563.5
2026-08-26 13:15:21,89.20,0.00,386.25,1040,10.46,2564.5
2026-08-26 13:15:26,89.10,0.00,389.50,1067,10.43,2566.8
2026-08-26 13:15:31,89.40,0.00,392.50,1069,10.41,2567.1
2026-08-26 13:15:36,89.80,0.00,395.75,1072,10.34,2556.4
2026-08-26 13:15:41,90.10,0.00,398.50,1070,10.34,2541.4
2026-08-26 13:15:46,90.90,0.00,401.75,1083,10.20,2533.7
2026-08-26 13:15:51,91.00,0.00,404.50,1094,10.05,2528.7
2026-08-26 13:15:56,91.30,0.00,406.50,1091,10.12,2531.0
2026-08-26 13:16:01,91.70,0.00,409.00,1089,10.17,2527.1
2026-08-26 13:16:06,92.00,0.00,411.75,1098,10.06,2520.7
2026-08-26 13:16:11,92.70,0.00,413.00,1069,10.10,2513.2
2026-08-26 13:16:16,93.40,0.00,415.25,1090,10.13,2503.5
2026-08-26 13:16:21,93.50,0.00,417.75,1098,9.97,2504.7
2026-08-26 13:16:26,94.10,0.00,419.25,1097,10.10,2498.4
2026-08-26 13:16:31,94.30,0.00,420.75,1086,10.13,2495.3
2026-08-26 13:16:36,95.00,0.00,422.50,1110,9.86,2499.5
2026-08-26 13:16:41,95.10,0.00,423.50,1098,9.97,2515.1
2026-08-26 13:16:46,95.80,0.00,425.00,1088,10.13,2520.1
2026-08-26 13:16:51,96.50,0.00,427.25,1104,9.92,2521.3
2026-08-26 13:16:56,96.50,0.00,427.50,1099,10.02,2508.9
2026-08-26 13:17:01,97.20,0.00,428.75,1093,10.06,2503.0
2026-08-26 13:17:06,97.30,0.00,430.50,1099,9.98,2501.7
2026-08-26 13:17:11,97.90,0.00,431.25,1088,10.13,2508.4
2026-08-26 13:17:16,98.00,0.00,432.25,1085,10.22,2520.6
2026-08-26 13:17:21,98.60,0.00,433.75,1097,10.01,2523.2
2026-08-26 13:17:26,99.10,0.00,434.25,1089,10.12,2517.3
2026-08-26 13:17:31,99.20,0.00,434.75,1085,10.17,2504.6
2026-08-26 13:17:36,99.80,0.00,436.25,1089,10.12,2501.6
2026-08-26 13:17:41,100.40,0.00,437.00,1091,10.08,2496.8
2026-08-26 13:17:46,100.00,0.00,437.50,1084,10.20,2495.7
2026-08-26 13:17:51,100.00,0.00,437.25,1069,10.35,2494.9
2026-08-26 13:17:56,100.00,0.00,438.25,1080,10.26,2495.5
2026-08-26 13:18:01,100.00,0.00,439.25,1082,10.00,2500.1
2026-08-26 13:18:06,100.00,0.00,439.00,1062,10.37,2501.5
2026-08-26 13:18:11,100.00,0.00,440.00,1081,10.21,2501.4
2026-08-26 13:18:16,100.00,0.00,440.50,1082,10.25,2507.5
2026-08-26 13:18:21,100.00,0.00,440.25,1072,10.35,2510.3
2026-08-26 13:18:26,100.00,0.00,441.00,1082,10.12,2499.6
2026-08-26 13:18:31,100.00,0.00,440.75,1072,10.34,2492.6
2026-08-26 13:18:36,100.00,0.00,442.50,1076,10.28,2489.8
2026-08-26 13:18:41,100.00,0.00,442.25,1072,10.34,2494.7
2026-08-26 13:18:46,100.00,0.00,442.75,1061,10.51,2496.0
2026-08-26 13:18:51,100.00,0.00,443.75,1081,10.22,2492.8
2026-08-26 13:18:56,100.00,0.00,443.25,1062,10.50,2489.6
2026-08-26 13:19:01,100.00,0.00,443.75,1061,10.53,2491.6
2026-08-26 13:19:06,100.00,0.00,445.00,1072,10.34,2492.0
2026-08-26 13:19:11,100.00,0.00,445.25,1079,10.28,2493.5
2026-08-26 13:19:16,100.00,0.00,445.50,1086,10.08,2493.1
2026-08-26 13:19:21,100.00,0.00,445.75,1085,10.15,2496.1
2026-08-26 13:19:26,100.00,0.00,445.75,1083,10.16,2506.2
2026-08-26 13:19:31,100.00,0.00,446.25,1082,10.20,2508.8
2026-08-26 13:19:36,100.00,0.00,446.25,1078,10.28,2500.1
2026-08-26 13:19:41,100.00,0.00,446.25,1073,10.34,2497.3
2026-08-26 13:19:46,100.00,0.00,446.75,1066,10.33,2491.9
2026-08-26 13:19:51,100.00,0.00,447.00,1077,10.26,2483.9
2026-08-26 13:19:56,100.00,0.00,447.00,1077,10.28,2478.6
2026-08-26 13:20:01,100.00,0.00,447.00,1077,10.24,2479.7
2026-08-26 13:20:06,100.00,0.00,447.50,1081,10.20,2480.5
2026-08-26 13:20:11,100.00,0.00,448.00,1077,10.21,2481.9
2026-08-26 13:20:16,100.00,0.00,447.75,1078,10.21,2486.3
2026-08-26 13:20:21,100.00,0.00,448.00,1086,10.15,2493.6
2026-08-26 13:20:26,100.00,0.00,448.75,1091,10.11,2496.9
2026-08-26 13:20:31,100.00,0.00,448.75,1097,9.98,2496.7
2026-08-26 13:20:36,100.00,0.00,449.00,1100,9.96,2489.7
2026-08-26 13:20:41,100.00,0.00,449.25,1104,9.93,2484.7
2026-08-26 13:20:46,100.00,0.00,449.75,1104,9.93,2485.9
2026-08-26 13:20:51,100.00,0.00,449.50,1101,10.02,2495.0
2026-08-26 13:20:56,100.00,0.00,449.25,1101,9.95,2498.5
2026-08-26 13:21:01,100.00,0.00,449.75,1102,9.95,2501.0
2026-08-26 13:21:06,100.00,0.00,450.00,1104,9.97,2500.3
2026-08-26 13:21:11,100.00,0.00,450.50,1104,9.93,2500.1
2026-08-26 13:21:16,100.00,0.00,450.50,1107,9.92,2497.5
2026-08-26 13:21:21,100.00,0.00,450.75,1107,9.54,2498.0
2026-08-26 13:21:26,100.00,0.00,451.00,1116,9.52,2491.1
2026-08-26 13:21:31,100.00,0.00,451.00,1119,9.70,2489.7
2026-08-26 13:21:36,100.00,0.00,451.50,1123,9.73,2491.0
2026-08-26 13:21:41,100.00,0.00,451.75,1127,9.67,2491.5
2026-08-26 13:21:46,100.00,0.00,451.75,1184,9.00,2488.2
2026-08-26 13:21:51,100.00,0.00,452.00,1204,8.85,2489.3
2026-08-26 13:21:56,100.00,0.00,452.25,1205,8.75,2489.8
2026-08-26 13:22:01,100.00,0.00,452.50,1196,8.90,2491.1
2026-08-26 13:22:06,100.00,0.00,452.50,1183,9.03,2500.5
2026-08-26 13:22:11,100.00,0.00,453.00,1182,9.00,2497.0
2026-08-26 13:22:16,100.00,0.00,453.25,1193,8.90,2490.6
2026-08-26 13:22:21,100.00,0.00,453.25,1199,8.86,2482.4
2026-08-26 13:22:26,100.00,0.00,452.75,1206,8.83,2480.2
2026-08-26 13:22:31,100.00,0.00,453.50,1216,8.69,2486.5
2026-08-26 13:22:36,100.00,0.00,453.25,1216,8.67,2492.8
2026-08-26 13:22:41,100.00,0.00,453.25,1216,8.68,2489.5
2026-08-26 13:22:46,100.00,0.00,453.50,1213,8.71,2489.7
2026-08-26 13:22:51,100.00,0.00,453.50,1201,8.85,2489.2
2026-08-26 13:22:56,100.00,0.00,452.75,1210,8.75,2483.0
2026-08-26 13:23:01,100.00,0.00,453.25,1221,8.63,2476.5
2026-08-26 13:23:06,100.00,0.00,453.25,1216,8.67,2477.5
2026-08-26 13:23:11,100.00,0.00,453.25,1225,8.59,2488.6
2026-08-26 13:23:16,100.00,0.00,452.75,1229,8.55,2496.2
2026-08-26 13:23:21,100.00,0.00,453.00,1221,8.60,2488.9
2026-08-26 13:23:26,100.00,0.00,453.00,1218,8.62,2482.3
2026-08-26 13:23:31,100.00,0.00,453.25,1229,8.54,2482.1
2026-08-26 13:23:36,100.00,0.00,453.25,1239,8.47,2489.1
2026-08-26 13:23:41,100.00,0.00,452.75,1237,8.47,2500.5
2026-08-26 13:23:46,100.00,0.00,452.75,1222,8.58,2504.3
2026-08-26 13:23:51,100.00,0.00,452.75,1222,8.62,2503.3
2026-08-26 13:23:56,100.00,0.00,453.00,1229,8.57,2498.3
2026-08-26 13:24:01,100.00,0.00,453.00,1205,8.78,2490.1
2026-08-26 13:24:06,100.00,0.00,453.25,1200,8.86,2483.7
2026-08-26 13:24:11,100.00,0.00,453.50,1207,8.75,2486.3
2026-08-26 13:24:16,100.00,0.00,454.25,1233,8.38,2491.1
2026-08-26 13:24:21,100.00,0.00,454.50,1265,8.21,2488.2
2026-08-26 13:24:26,100.00,0.00,455.50,1264,8.18,2487.1
2026-08-26 13:24:31,100.00,0.00,454.75,1225,8.58,2489.7
2026-08-26 13:24:36,100.00,0.00,456.00,1277,8.09,2487.7
2026-08-26 13:24:41,100.00,0.00,456.00,1227,8.53,2494.6
2026-08-26 13:24:46,100.00,0.00,456.75,1285,7.91,2504.4
2026-08-26 13:24:51,100.00,0.00,456.75,1228,8.54,2511.7
2026-08-26 13:24:56,100.00,0.00,457.50,1284,8.01,2511.2
2026-08-26 13:25:01,100.00,0.00,457.50,1287,8.05,2504.9
2026-08-26 13:25:06,100.00,0.00,457.00,1264,8.27,2498.5
2026-08-26 13:25:11,100.00,0.00,458.00,1271,8.11,2492.0
2026-08-26 13:25:16,100.00,0.00,459.00,1278,8.19,2491.0
2026-08-26 13:25:21,100.00,0.00,458.50,1221,8.65,2490.4
2026-08-26 13:25:26,100.00,0.00,459.00,1277,8.11,2493.4
2026-08-26 13:25:31,100.00,0.00,459.50,1264,8.18,2498.6
2026-08-26 13:25:36,100.00,0.00,459.00,1218,8.67,2494.2
2026-08-26 13:25:41,100.00,0.00,459.50,1244,8.53,2490.8
2026-08-26 13:25:46,100.00,0.00,460.50,1291,8.00,2490.3
2026-08-26 13:25:51,100.00,0.00,460.50,1233,8.45,2499.3
2026-08-26 13:25:56,100.00,0.00,460.25,1233,8.50,2503.1
2026-08-26 13:26:01,100.00,0.00,461.25,1289,7.94,2510.1
2026-08-26 13:26:06,100.00,0.00,461.50,1269,8.13,2511.6
2026-08-26 13:26:11,100.00,0.00,461.50,1257,8.28,2511.5
2026-08-26 13:26:16,100.00,0.00,462.25,1293,7.95,2515.2
2026-08-26 13:26:21,100.00,0.00,461.50,1262,8.23,2506.5
2026-08-26 13:26:26,100.00,0.00,462.75,1306,7.92,2501.8
2026-08-26 13:26:31,100.00,0.00,462.00,1241,8.44,2502.9
2026-08-26 13:26:36,100.00,0.00,462.50,1293,7.92,2501.6
2026-08-26 13:26:41,100.00,0.00,463.50,1311,7.77,2498.1
2026-08-26 13:26:46,100.00,0.00,463.25,1279,7.98,2502.7
2026-08-26 13:26:51,100.00,0.00,463.25,1242,8.43,2498.5
2026-08-26 13:26:56,100.00,0.00,463.00,1266,8.21,2496.1
2026-08-26 13:27:01,100.00,0.00,464.25,1328,7.87,2497.6
2026-08-26 13:27:06,100.00,0.00,464.25,1285,8.02,2506.5
2026-08-26 13:27:11,100.00,0.00,464.50,1254,8.36,2507.4
2026-08-26 13:27:16,100.00,0.00,464.25,1331,7.64,2503.4
2026-08-26 13:27:21,100.00,0.00,465.25,1387,7.17,2504.9
2026-08-26 13:27:26,100.00,0.00,465.00,1341,7.52,2507.5
2026-08-26 13:27:31,100.00,0.00,465.00,1283,8.02,2501.0
2026-08-26 13:27:36,100.00,0.00,465.25,1375,7.48,2495.2
2026-08-26 13:27:41,100.00,0.00,465.50,1346,7.49,2495.5
2026-08-26 13:27:46,100.00,0.00,465.25,1285,8.03,2492.0
2026-08-26 13:27:51,100.00,0.00,465.75,1357,7.41,2491.6
2026-08-26 13:27:56,100.00,0.00,466.00,1338,7.52,2496.9
2026-08-26 13:28:01,100.00,0.00,465.50,1296,7.89,2495.4
2026-08-26 13:28:06,100.00,0.00,466.50,1375,7.14,2490.0
2026-08-26 13:28:11,100.00,0.00,467.00,1383,7.17,2485.5
2026-08-26 13:28:16,100.00,0.00,466.75,1374,7.25,2488.7
2026-08-26 13:28:21,100.00,0.00,466.50,1371,7.27,2486.6
2026-08-26 13:28:26,100.00,0.00,467.25,1391,7.13,2492.9
2026-08-26 13:28:31,100.00,0.00,467.25,1407,7.01,2494.7
2026-08-26 13:28:36,100.00,0.00,468.00,1402,7.02,2499.1
2026-08-26 13:28:41,100.00,0.00,468.50,1377,7.20,2501.2
2026-08-26 13:28:46,100.00,0.00,468.25,1317,7.64,2499.8
2026-08-26 13:28:51,100.00,0.00,467.75,1287,8.00,2502.0
2026-08-26 13:28:56,100.00,0.00,468.75,1314,7.56,2496.8
2026-08-26 13:29:01,100.00,0.00,469.00,1369,7.30,2499.9
2026-08-26 13:29:06,100.00,0.00,469.50,1365,7.34,2501.5
2026-08-26 13:29:11,100.00,0.00,469.00,1297,7.91,2502.3
2026-08-26 13:29:16,100.00,0.00,469.00,1318,7.78,2505.2
2026-08-26 13:29:21,100.00,0.00,469.25,1361,7.36,2502.4
2026-08-26 13:29:26,100.00,0.00,469.25,1357,7.38,2497.1
2026-08-26 13:29:31,100.00,0.00,469.50,1350,7.46,2499.5
2026-08-26 13:29:36,100.00,0.00,469.50,1349,7.49,2505.6
2026-08-26 13:29:41,100.00,0.00,469.25,1348,7.47,2511.9
2026-08-26 13:29:46,100.00,0.00,470.00,1351,7.37,2509.0
2026-08-26 13:29:51,100.00,0.00,469.75,1347,7.48,2507.0
2026-08-26 13:29:56,100.00,0.00,470.00,1333,7.53,2502.7
2026-08-26 13:30:01,100.00,0.00,470.25,1332,7.61,2505.8
2026-08-26 13:30:06,100.00,0.00,470.50,1333,7.61,2507.5
2026-08-26 13:30:11,100.00,0.00,470.25,1345,7.50,2501.6
2026-08-26 13:30:16,100.00,0.00,470.75,1373,7.29,2503.3
2026-08-26 13:30:21,100.00,0.00,471.25,1392,7.12,2502.4
2026-08-26 13:30:26,100.00,0.00,471.50,1424,6.88,2505.6
2026-08-26 13:30:31,100.00,0.00,471.25,1437,6.76,2511.2
2026-08-26 13:30:36,100.00,0.00,471.25,1431,6.83,2510.7
2026-08-26 13:30:41,100.00,0.00,471.00,1373,7.25,2509.3
2026-08-26 13:30:46,100.00,0.00,471.00,1382,7.17,2503.9
2026-08-26 13:30:51,100.00,0.00,471.25,1466,6.58,2501.7
2026-08-26 13:30:56,100.00,0.00,471.00,1391,7.12,2499.6
2026-08-26 13:31:01,100.00,0.00,471.75,1505,6.32,2508.2
2026-08-26 13:31:06,100.00,0.00,470.50,1440,6.78,2510.8
2026-08-26 13:31:11,100.00,0.00,471.00,1462,6.58,2513.8
2026-08-26 13:31:16,100.00,0.00,471.50,1528,6.17,2516.3
2026-08-26 13:31:21,100.00,0.00,470.75,1442,6.75,2514.4
2026-08-26 13:31:26,100.00,0.00,472.00,1563,5.94,2516.5
2026-08-26 13:31:31,100.00,0.00,471.00,1459,6.61,2512.0
2026-08-26 13:31:36,100.00,0.00,471.75,1563,5.92,2510.4
2026-08-26 13:31:41,100.00,0.00,471.25,1456,6.66,2507.6
2026-08-26 13:31:46,100.00,0.00,472.00,1456,6.65,2509.5
2026-08-26 13:31:51,100.00,0.00,472.00,1463,6.61,2510.5
2026-08-26 13:31:56,100.00,0.00,471.75,1451,6.69,2519.7
2026-08-26 13:32:01,100.00,0.00,471.75,1472,6.42,2518.4
2026-08-26 13:32:06,100.00,0.00,472.25,1481,6.57,2510.8
2026-08-26 13:32:11,100.00,0.00,471.75,1488,6.42,2503.6
2026-08-26 13:32:16,100.00,0.00,472.25,1493,6.35,2496.6
2026-08-26 13:32:21,100.00,0.00,471.75,1524,6.20,2497.8
2026-08-26 13:32:26,100.00,0.00,472.00,1475,6.51,2500.8
2026-08-26 13:32:31,100.00,0.00,472.50,1565,5.95,2495.5
2026-08-26 13:32:36,100.00,0.00,471.75,1441,6.74,2492.4
2026-08-26 13:32:41,100.00,0.00,472.50,1534,5.99,2488.1
2026-08-26 13:32:46,100.00,0.00,471.50,1450,6.72,2486.7
2026-08-26 13:32:51,100.00,0.00,472.75,1529,6.15,2483.0
2026-08-26 13:32:56,100.00,0.00,472.25,1488,6.41,2479.7
2026-08-26 13:33:01,100.00,0.00,472.25,1502,6.33,2477.2
2026-08-26 13:33:06,100.00,0.00,472.50,1568,5.94,2480.1
2026-08-26 13:33:11,100.00,0.00,472.00,1453,6.70,2481.2
2026-08-26 13:33:16,100.00,0.00,472.50,1567,5.92,2477.2
2026-08-26 13:33:21,100.00,0.00,472.75,1580,5.84,2474.7
2026-08-26 13:33:26,100.00,0.00,472.00,1502,6.32,2470.1
2026-08-26 13:33:31,100.00,0.00,473.25,1599,5.72,2465.7
2026-08-26 13:33:36,100.00,0.00,472.50,1611,5.67,2463.2
2026-08-26 13:33:41,100.00,0.00,472.25,1529,6.14,2471.3
2026-08-26 13:33:46,100.00,0.00,472.25,1622,5.62,2476.1
2026-08-26 13:33:51,100.00,0.00,472.50,1535,6.12,2478.1
2026-08-26 13:33:56,100.00,0.00,472.50,1467,6.63,2481.3
2026-08-26 13:34:01,100.00,0.00,473.25,1563,5.93,2476.3
2026-08-26 13:34:06,100.00,0.00,473.00,1612,5.67,2477.5
2026-08-26 13:34:11,100.00,0.00,472.50,1504,6.30,2475.9
2026-08-26 13:34:16,100.00,0.00,473.00,1615,5.64,2475.4
2026-08-26 13:34:21,100.00,0.00,472.75,1535,6.12,2473.5
2026-08-26 13:34:26,100.00,0.00,472.75,1514,6.22,2470.0
2026-08-26 13:34:31,100.00,0.00,474.00,1612,5.69,2466.6
2026-08-26 13:34:36,100.00,0.00,473.25,1476,6.51,2460.5
2026-08-26 13:34:41,100.00,0.00,473.25,1529,6.14,2460.2
2026-08-26 13:34:46,100.00,0.00,473.50,1535,6.12,2457.3
2026-08-26 13:34:51,100.00,0.00,473.25,1475,6.51,2459.2
2026-08-26 13:34:56,100.00,0.00,474.25,1595,5.74,2461.5
2026-08-26 13:35:01,100.00,0.00,473.50,1486,6.39,2462.5
2026-08-26 13:35:06,100.00,0.00,473.75,1531,6.15,2462.9
2026-08-26 13:35:11,100.00,0.00,473.25,1559,6.12,2476.0
2026-08-26 13:35:16,100.00,0.00,474.00,1513,6.23,2472.5
2026-08-26 13:35:21,100.00,0.00,474.50,1590,5.78,2466.9
2026-08-26 13:35:26,100.00,0.00,474.25,1515,6.25,2484.0
2026-08-26 13:35:31,100.00,0.00,474.25,1570,5.90,2488.2
2026-08-26 13:35:36,100.00,0.00,474.25,1471,6.46,2484.7
2026-08-26 13:35:41,100.00,0.00,474.50,1520,6.22,2487.2
2026-08-26 13:35:46,100.00,0.00,474.75,1479,6.47,2483.0
2026-08-26 13:35:51,100.00,0.00,474.50,1535,6.12,2480.3
2026-08-26 13:35:56,100.00,0.00,474.25,1504,6.26,2480.0
2026-08-26 13:36:01,100.00,0.00,474.75,1636,5.50,2476.9
2026-08-26 13:36:06,100.00,0.00,474.50,1535,6.12,2474.2
2026-08-26 13:36:11,100.00,0.00,474.50,1530,6.12,2472.4
2026-08-26 13:36:16,100.00,0.00,475.50,1627,5.55,2472.7
2026-08-26 13:36:21,100.00,0.00,474.00,1514,6.22,2464.9
2026-08-26 13:36:26,100.00,0.00,475.25,1637,5.58,2463.9
2026-08-26 13:36:31,100.00,0.00,474.75,1563,5.96,2466.4
2026-08-26 13:36:36,100.00,0.00,475.25,1618,5.61,2459.5
2026-08-26 13:36:41,100.00,0.00,475.25,1609,5.66,2463.6
2026-08-26 13:36:46,100.00,0.00,475.00,1525,6.13,2465.6
2026-08-26 13:36:51,100.00,0.00,475.75,1675,5.28,2469.8
2026-08-26 13:36:56,100.00,0.00,474.75,1585,5.80,2469.6
2026-08-26 13:37:01,100.00,0.00,475.50,1621,5.57,2469.4
2026-08-26 13:37:06,100.00,0.00,475.00,1670,5.32,2469.3
2026-08-26 13:37:11,100.00,0.00,474.75,1535,6.12,2474.7
2026-08-26 13:37:16,100.00,0.00,475.75,1680,5.27,2469.5
2026-08-26 13:37:21,100.00,0.00,475.50,1588,5.65,2470.6
2026-08-26 13:37:26,100.00,0.00,475.50,1618,5.65,2479.4
2026-08-26 13:37:31,100.00,0.00,476.00,1712,4.90,2477.0
2026-08-26 13:37:36,100.00,0.00,475.50,1630,5.58,2470.5
2026-08-26 13:37:41,100.00,0.00,475.00,1657,5.61,2462.9
2026-08-26 13:37:46,100.00,0.00,476.00,1728,4.99,2459.8
2026-08-26 13:37:51,100.00,0.00,475.50,1649,5.44,2456.9
2026-08-26 13:37:56,100.00,0.00,475.25,1573,5.88,2453.4
2026-08-26 13:38:01,100.00,0.00,476.25,1682,5.24,2449.1
2026-08-26 13:38:06,100.00,0.00,475.00,1535,6.12,2443.7
2026-08-26 13:38:11,100.00,0.00,475.50,1699,5.20,2441.8
2026-08-26 13:38:16,100.00,0.00,475.50,1590,5.78,2439.3
2026-08-26 13:38:21,100.00,0.00,476.00,1619,5.58,2443.5
2026-08-26 13:38:26,100.00,0.00,476.25,1687,5.27,2451.2
2026-08-26 13:38:31,100.00,0.00,475.50,1553,6.00,2456.7
2026-08-26 13:38:36,100.00,0.00,476.50,1711,5.10,2459.5
2026-08-26 13:38:41,100.00,0.00,475.50,1535,6.00,2456.4
2026-08-26 13:38:46,100.00,0.00,476.50,1681,5.27,2449.9
2026-08-26 13:38:51,100.00,0.00,476.00,1705,5.14,2448.0
2026-08-26 13:38:56,100.00,0.00,475.25,1568,5.79,2446.0
2026-08-26 13:39:01,100.00,0.00,475.75,1707,5.10,2444.4
2026-08-26 13:39:06,100.00,0.00,475.75,1622,5.59,2453.7
2026-08-26 13:39:11,100.00,0.00,475.50,1605,5.69,2456.9
2026-08-26 13:39:16,100.00,0.00,475.75,1719,5.08,2454.1
2026-08-26 13:39:21,100.00,0.00,475.25,1597,5.73,2460.2
2026-08-26 13:39:26,100.00,0.00,476.25,1739,4.94,2468.6
2026-08-26 13:39:31,100.00,0.00,476.00,1690,5.30,2460.3
2026-08-26 13:39:36,100.00,0.00,476.25,1634,5.52,2456.4
2026-08-26 13:39:41,100.00,0.00,476.25,1763,4.84,2462.9
2026-08-26 13:39:46,100.00,0.00,476.00,1662,5.24,2461.2
2026-08-26 13:39:51,100.00,0.00,476.25,1776,4.79,2456.2
2026-08-26 13:39:56,100.00,0.00,475.50,1664,5.35,2456.7
2026-08-26 13:40:01,100.00,0.00,476.75,1801,4.67,2457.9
2026-08-26 13:40:06,100.00,0.00,475.75,1680,5.46,2458.6
2026-08-26 13:40:11,100.00,0.00,476.75,1776,4.78,2459.7
2026-08-26 13:40:16,100.00,0.00,476.50,1723,5.05,2460.1
2026-08-26 13:40:21,100.00,0.00,476.25,1691,5.22,2459.8
2026-08-26 13:40:26,100.00,0.00,476.25,1729,5.02,2450.4
2026-08-26 13:40:31,100.00,0.00,476.00,1653,5.38,2450.8
2026-08-26 13:40:36,100.00,0.00,476.25,1773,4.81,2447.2
2026-08-26 13:40:41,100.00,0.00,475.75,1621,5.57,2446.1
2026-08-26 13:40:46,100.00,0.00,476.25,1728,5.01,2448.2
2026-08-26 13:40:51,100.00,0.00,476.00,1602,5.71,2455.5
2026-08-26 13:40:56,100.00,0.00,476.50,1747,4.93,2460.1
2026-08-26 13:41:01,100.00,0.00,475.75,1601,5.63,2457.1
2026-08-26 13:41:06,100.00,0.00,476.00,1743,4.95,2461.5
2026-08-26 13:41:11,100.00,0.00,475.75,1574,5.84,2450.8
2026-08-26 13:41:16,100.00,0.00,476.50,1731,5.00,2456.2
2026-08-26 13:41:21,100.00,0.00,475.25,1634,5.53,2457.7
2026-08-26 13:41:26,100.00,0.00,475.75,1776,4.78,2461.4
2026-08-26 13:41:31,100.00,0.00,475.75,1757,4.89,2466.4
2026-08-26 13:41:36,100.00,0.00,475.75,1821,4.57,2467.8
2026-08-26 13:41:41,100.00,0.00,475.75,1838,4.50,2462.8
2026-08-26 13:41:46,100.00,0.00,475.50,1718,5.07,2452.2
2026-08-26 13:41:51,100.00,0.00,476.00,1817,4.61,2442.9
2026-08-26 13:41:56,100.00,0.00,475.50,1632,5.53,2442.9
2026-08-26 13:42:01,100.00,0.00,475.25,1757,4.87,2437.9
2026-08-26 13:42:06,100.00,0.00,475.75,1692,5.22,2439.7
2026-08-26 13:42:11,100.00,0.00,475.75,1662,5.38,2444.5
2026-08-26 13:42:16,100.00,0.00,475.50,1731,5.03,2444.5
2026-08-26 13:42:21,100.00,0.00,475.25,1607,5.66,2441.8
2026-08-26 13:42:26,100.00,0.00,475.75,1741,4.95,2443.3
2026-08-26 13:42:31,100.00,0.00,475.50,1610,5.64,2444.4
2026-08-26 13:42:36,100.00,0.00,476.00,1653,5.46,2443.8
2026-08-26 13:42:41,100.00,0.00,476.25,1715,5.09,2439.2
2026-08-26 13:42:46,100.00,0.00,475.75,1573,5.88,2441.0
2026-08-26 13:42:51,100.00,0.00,476.00,1733,5.03,2448.7
2026-08-26 13:42:56,100.00,0.00,476.00,1664,5.36,2450.9
2026-08-26 13:43:01,100.00,0.00,475.75,1629,5.55,2453.8
2026-08-26 13:43:06,100.00,0.00,476.50,1787,4.73,2454.8
2026-08-26 13:43:11,100.00,0.00,475.50,1621,5.59,2452.7
2026-08-26 13:43:16,100.00,0.00,476.00,1783,4.76,2453.6
2026-08-26 13:43:21,100.00,0.00,475.25,1698,5.16,2453.0
2026-08-26 13:43:26,100.00,0.00,476.00,1815,4.60,2456.3
2026-08-26 13:43:31,100.00,0.00,475.25,1693,5.20,2465.8
2026-08-26 13:43:36,100.00,0.00,476.00,1763,4.85,2458.7
2026-08-26 13:43:41,100.00,0.00,476.00,1759,4.88,2449.2
2026-08-26 13:43:46,100.00,0.00,475.25,1648,5.43,2447.2
2026-08-26 13:43:51,100.00,0.00,476.00,1793,4.71,2448.7
2026-08-26 13:43:56,100.00,0.00,475.00,1655,5.44,2443.6
2026-08-26 13:44:01,100.00,0.00,476.25,1776,4.79,2445.3
2026-08-26 13:44:06,100.00,0.00,475.50,1762,4.87,2444.5
2026-08-26 13:44:11,100.00,0.00,476.25,1700,5.16,2449.0
2026-08-26 13:44:16,100.00,0.00,476.00,1840,4.49,2456.1
2026-08-26 13:44:21,100.00,0.00,475.00,1667,5.41,2457.6
2026-08-26 13:44:26,100.00,0.00,476.50,1871,4.52,2456.3
2026-08-26 13:44:31,100.00,0.00,475.25,1638,5.49,2451.0
2026-08-26 13:44:36,100.00,0.00,476.50,1823,4.58,2450.2
2026-08-26 13:44:41,100.00,0.00,475.25,1654,5.41,2457.1
2026-08-26 13:44:46,100.00,0.00,476.50,1829,4.53,2456.4
2026-08-26 13:44:51,100.00,0.00,475.00,1625,5.57,2458.2
2026-08-26 13:44:56,100.00,0.00,476.25,1778,4.75,2455.3
2026-08-26 13:45:01,100.00,0.00,475.50,1682,5.26,2450.4
2026-08-26 13:45:06,100.00,0.00,476.25,1786,4.76,2446.2
2026-08-26 13:45:11,100.00,0.00,476.00,1669,5.34,2446.3
2026-08-26 13:45:16,100.00,0.00,476.75,1758,4.86,2450.3
2026-08-26 13:45:21,100.00,0.00,476.25,1722,5.05,2455.8
2026-08-26 13:45:26,100.00,0.00,476.25,1682,5.26,2457.9
2026-08-26 13:45:31,100.00,0.00,476.25,1747,4.94,2457.8
2026-08-26 13:45:36,100.00,0.00,477.00,1712,5.10,2466.3
2026-08-26 13:45:41,100.00,0.00,477.00,1797,4.70,2465.6
2026-08-26 13:45:46,100.00,0.00,476.50,1671,5.28,2460.7
2026-08-26 13:45:51,100.00,0.00,477.00,1840,4.50,2458.3
2026-08-26 13:45:56,100.00,0.00,476.50,1674,5.32,2456.4
2026-08-26 13:46:01,100.00,0.00,477.25,1842,4.47,2456.8
2026-08-26 13:46:06,100.00,0.00,476.25,1670,5.32,2456.3
2026-08-26 13:46:11,100.00,0.00,477.00,1806,4.65,2456.8
2026-08-26 13:46:16,100.00,0.00,476.50,1677,5.28,2457.9
2026-08-26 13:46:21,100.00,0.00,477.00,1795,4.70,2456.7
2026-08-26 13:46:26,100.00,0.00,477.25,1803,4.66,2452.8
2026-08-26 13:46:31,100.00,0.00,476.75,1712,5.10,2452.5
2026-08-26 13:46:36,100.00,0.00,477.50,1865,4.41,2449.2
2026-08-26 13:46:41,100.00,0.00,477.25,1694,5.18,2448.1
2026-08-26 13:46:46,100.00,0.00,477.00,1744,4.95,2445.7
2026-08-26 13:46:51,100.00,0.00,477.25,1697,5.16,2442.5
2026-08-26 13:46:56,100.00,0.00,477.25,1689,5.23,2444.9
2026-08-26 13:47:01,100.00,0.00,477.00,1631,5.56,2447.3
2026-08-26 13:47:06,100.00,0.00,478.00,1847,4.46,2454.8
2026-08-26 13:47:11,100.00,0.00,476.25,1658,5.42,2456.7
2026-08-26 13:47:16,100.00,0.00,478.00,1840,4.51,2462.2
2026-08-26 13:47:21,100.00,0.00,477.25,1701,5.19,2458.8
2026-08-26 13:47:26,100.00,0.00,478.00,1797,4.68,2455.3
2026-08-26 13:47:31,100.00,0.00,477.50,1679,5.27,2454.0
2026-08-26 13:47:36,100.00,0.00,477.75,1840,4.49,2452.5
2026-08-26 13:47:41,100.00,0.00,477.50,1702,5.18,2458.3
2026-08-26 13:47:46,100.00,0.00,478.00,1818,4.55,2454.5
2026-08-26 13:47:51,100.00,0.00,477.75,1729,5.02,2458.0
2026-08-26 13:47:56,100.00,0.00,477.75,1756,4.87,2462.8
2026-08-26 13:48:01,100.00,0.00,478.00,1764,4.86,2462.0
2026-08-26 13:48:06,100.00,0.00,477.25,1667,5.32,2465.7
2026-08-26 13:48:11,100.00,0.00,478.50,1830,4.53,2464.1
2026-08-26 13:48:16,100.00,0.00,477.25,1671,5.30,2455.2
2026-08-26 13:48:21,100.00,0.00,478.00,1771,4.79,2455.5
2026-08-26 13:48:26,100.00,0.00,478.25,1809,4.63,2460.9
2026-08-26 13:48:31,100.00,0.00,477.50,1717,5.09,2461.6
2026-08-26 13:48:36,100.00,0.00,478.00,1808,4.64,2465.7
2026-08-26 13:48:41,100.00,0.00,477.25,1591,5.76,2461.4
2026-08-26 13:48:46,100.00,0.00,478.50,1736,4.97,2462.1
2026-08-26 13:48:51,100.00,0.00,478.00,1591,5.77,2457.0
2026-08-26 13:48:56,100.00,0.00,477.00,1425,6.87,2450.9
2026-08-26 13:49:01,100.00,0.00,478.50,1535,6.12,2445.4
2026-08-26 13:49:06,100.00,0.00,478.25,1574,5.87,2444.0
2026-08-26 13:49:11,100.00,0.00,477.50,1373,7.28,2437.9
2026-08-26 13:49:16,100.00,0.00,478.25,1459,6.60,2436.7
2026-08-26 13:49:21,100.00,0.00,478.25,1508,6.30,2440.2
2026-08-26 13:49:26,100.00,0.00,477.75,1347,7.28,2439.7
2026-08-26 13:49:31,100.00,0.00,478.25,1563,5.94,2431.5
2026-08-26 13:49:36,100.00,0.00,477.75,1360,7.36,2425.1
2026-08-26 13:49:41,100.00,0.00,478.00,1501,6.28,2422.5
2026-08-26 13:49:46,100.00,0.00,477.50,1472,6.53,2423.8
2026-08-26 13:49:51,100.00,0.00,478.00,1378,7.24,2438.4
2026-08-26 13:49:56,100.00,0.00,478.75,1602,5.71,2446.4
2026-08-26 13:50:01,100.00,0.00,478.25,1456,6.60,2453.7
2026-08-26 13:50:06,100.00,0.00,478.00,1375,7.21,2461.1
2026-08-26 13:50:11,100.00,0.00,478.75,1574,5.90,2461.9
2026-08-26 13:50:16,100.00,0.00,477.75,1347,7.48,2445.6
2026-08-26 13:50:21,100.00,0.00,478.75,1457,6.64,2439.8
2026-08-26 13:50:26,100.00,0.00,478.25,1495,6.38,2438.9
2026-08-26 13:50:31,100.00,0.00,478.00,1392,7.08,2433.6
2026-08-26 13:50:36,100.00,0.00,479.00,1535,6.00,2430.6
2026-08-26 13:50:41,100.00,0.00,477.50,1328,7.63,2423.8
2026-08-26 13:50:46,100.00,0.00,479.00,1616,5.62,2422.8
2026-08-26 13:50:51,100.00,0.00,477.75,1392,7.10,2422.3
2026-08-26 13:50:56,100.00,0.00,479.00,1564,5.95,2421.5
2026-08-26 13:51:01,100.00,0.00,478.50,1440,6.78,2427.0
2026-08-26 13:51:06,100.00,0.00,479.00,1584,5.81,2435.9
2026-08-26 13:51:11,100.00,0.00,478.25,1411,6.97,2447.4
2026-08-26 13:51:16,100.00,0.00,479.00,1575,5.87,2449.8
2026-08-26 13:51:21,100.00,0.00,478.50,1429,6.83,2446.5
2026-08-26 13:51:26,100.00,0.00,478.50,1533,6.13,2438.7
2026-08-26 13:51:31,100.00,0.00,478.50,1399,7.08,2426.3
2026-08-26 13:51:36,100.00,0.00,479.00,1535,6.12,2416.2
2026-08-26 13:51:41,100.00,0.00,478.50,1376,7.23,2417.4
2026-08-26 13:51:46,100.00,0.00,479.25,1622,5.57,2415.5
2026-08-26 13:51:51,100.00,0.00,478.50,1379,7.21,2419.2
2026-08-26 13:51:56,100.00,0.00,479.75,1599,5.72,2424.5
2026-08-26 13:52:01,100.00,0.00,478.25,1439,6.78,2427.0
2026-08-26 13:52:06,100.00,0.00,478.50,1535,6.12,2425.7
2026-08-26 13:52:11,100.00,0.00,479.25,1576,5.87,2424.1
2026-08-26 13:52:16,100.00,0.00,478.00,1424,6.88,2425.1
2026-08-26 13:52:21,100.00,0.00,479.75,1654,5.40,2421.8
2026-08-26 13:52:26,100.00,0.00,478.75,1589,5.79,2428.7
2026-08-26 13:52:31,100.00,0.00,478.50,1488,6.42,2421.5
2026-08-26 13:52:36,100.00,0.00,479.00,1724,5.04,2428.4
2026-08-26 13:52:41,100.00,0.00,478.25,1488,6.42,2431.3
2026-08-26 13:52:46,100.00,0.00,479.75,1716,5.09,2425.5
2026-08-26 13:52:51,100.00,0.00,478.50,1509,6.28,2419.8
2026-08-26 13:52:56,100.00,0.00,478.75,1659,5.38,2421.8
2026-08-26 13:53:01,100.00,0.00,479.50,1728,5.03,2418.3
2026-08-26 13:53:06,100.00,0.00,478.75,1508,6.31,2408.5
2026-08-26 13:53:11,100.00,0.00,479.75,1679,5.22,2404.9
2026-08-26 13:53:16,100.00,0.00,479.25,1635,5.52,2406.3
2026-08-26 13:53:21,100.00,0.00,478.25,1425,6.88,2411.5
2026-08-26 13:53:26,100.00,0.00,479.50,1595,5.72,2413.4
2026-08-26 13:53:31,100.00,0.00,480.00,1619,5.61,2418.1
2026-08-26 13:53:36,100.00,0.00,478.50,1406,7.02,2418.0
2026-08-26 13:53:41,100.00,0.00,478.75,1424,6.88,2419.4
2026-08-26 13:53:46,100.00,0.00,479.75,1582,5.81,2420.3
2026-08-26 13:53:51,100.00,0.00,479.75,1596,5.78,2420.1
2026-08-26 13:53:56,100.00,0.00,478.75,1403,7.04,2420.4
2026-08-26 13:54:01,100.00,0.00,478.75,1338,7.55,2411.7
2026-08-26 13:54:06,100.00,0.00,479.00,1477,6.47,2421.8
2026-08-26 13:54:11,100.00,0.00,479.00,1600,5.69,2431.3
2026-08-26 13:54:16,100.00,0.00,479.75,1611,5.65,2433.3
2026-08-26 13:54:21,100.00,0.00,479.50,1554,6.00,2433.2
2026-08-26 13:54:26,100.00,0.00,479.00,1407,7.02,2433.2
2026-08-26 13:54:31,100.00,0.00,479.00,1535,6.12,2431.9
2026-08-26 13:54:36,100.00,0.00,479.50,1655,5.41,2424.8
2026-08-26 13:54:41,100.00,0.00,479.00,1454,6.67,2417.5
2026-08-26 13:54:46,100.00,0.00,477.75,1395,7.07,2418.1
2026-08-26 13:54:51,100.00,0.00,478.50,1520,6.20,2412.8
2026-08-26 13:54:56,100.00,0.00,479.25,1722,5.07,2415.7
2026-08-26 13:55:01,100.00,0.00,478.50,1581,5.84,2414.3
2026-08-26 13:55:06,100.00,0.00,478.25,1306,7.83,2414.4
2026-08-26 13:55:11,100.00,0.00,478.25,1349,7.43,2412.8
2026-08-26 13:55:16,100.00,0.00,478.50,1520,6.21,2411.5
2026-08-26 13:55:21,100.00,0.00,479.00,1580,5.83,2412.4
2026-08-26 13:55:26,100.00,0.00,478.75,1396,7.10,2413.6
2026-08-26 13:55:31,100.00,0.00,478.00,1285,8.02,2404.8
2026-08-26 13:55:36,100.00,0.00,478.75,1595,5.76,2405.0
2026-08-26 13:55:41,100.00,0.00,478.50,1535,6.12,2407.7
2026-08-26 13:55:46,100.00,0.00,478.00,1339,7.55,2410.9
2026-08-26 13:55:51,100.00,0.00,478.75,1500,6.32,2409.1
2026-08-26 13:55:56,100.00,0.00,479.00,1594,5.78,2415.3
2026-08-26 13:56:01,100.00,0.00,477.50,1343,7.51,2421.8
2026-08-26 13:56:06,100.00,0.00,477.75,1392,7.04,2420.1
2026-08-26 13:56:11,100.00,0.00,478.50,1577,5.87,2419.1
2026-08-26 13:56:16,100.00,0.00,478.50,1455,6.65,2415.7
2026-08-26 13:56:21,100.00,0.00,477.00,1275,8.11,2411.0
2026-08-26 13:56:26,100.00,0.00,477.50,1280,8.06,2412.9
2026-08-26 13:56:31,100.00,0.00,478.50,1394,7.08,2419.0
2026-08-26 13:56:36,100.00,0.00,478.00,1488,6.42,2432.7
2026-08-26 13:56:41,100.00,0.00,478.50,1535,6.12,2446.2
2026-08-26 13:56:46,100.00,0.00,478.25,1520,6.22,2444.2
2026-08-26 13:56:51,100.00,0.00,477.50,1403,7.05,2435.4
2026-08-26 13:56:56,100.00,0.00,477.25,1291,7.98,2426.0
2026-08-26 13:57:01,100.00,0.00,477.75,1456,6.64,2416.8
2026-08-26 13:57:06,100.00,0.00,478.25,1581,5.82,2412.8
2026-08-26 13:57:11,100.00,0.00,477.25,1360,7.39,2407.1
2026-08-26 13:57:16,100.00,0.00,477.00,1315,7.77,2417.4
2026-08-26 13:57:21,100.00,0.00,478.25,1526,6.12,2429.0
2026-08-26 13:57:26,100.00,0.00,478.00,1478,6.52,2435.0
2026-08-26 13:57:31,100.00,0.00,477.25,1264,7.98,2450.2
2026-08-26 13:57:36,100.00,0.00,477.50,1389,7.10,2455.0
2026-08-26 13:57:41,100.00,0.00,478.00,1585,5.80,2445.7
2026-08-26 13:57:46,100.00,0.00,478.00,1563,5.95,2436.4
2026-08-26 13:57:51,100.00,0.00,476.75,1407,7.00,2436.0
2026-08-26 13:57:56,100.00,0.00,476.75,1335,7.56,2426.5
2026-08-26 13:58:01,100.00,0.00,476.75,1287,7.96,2423.5
2026-08-26 13:58:06,100.00,0.00,476.75,1296,7.90,2422.9
2026-08-26 13:58:11,100.00,0.00,477.00,1381,7.19,2415.9
2026-08-26 13:58:16,100.00,0.00,477.75,1467,6.57,2415.0
2026-08-26 13:58:21,100.00,0.00,478.00,1554,5.99,2411.5
2026-08-26 13:58:26,100.00,0.00,477.25,1535,6.12,2400.9
2026-08-26 13:58:31,100.00,0.00,476.75,1362,7.37,2398.0
2026-08-26 13:58:36,100.00,0.00,477.00,1281,8.02,2397.6
2026-08-26 13:58:41,100.00,0.00,477.50,1489,6.40,2398.8
2026-08-26 13:58:46,100.00,0.00,478.25,1607,5.65,2403.6
2026-08-26 13:58:51,100.00,0.00,477.25,1440,6.77,2416.9
2026-08-26 13:58:56,100.00,0.00,477.00,1278,8.06,2426.0
2026-08-26 13:59:01,100.00,0.00,477.25,1397,7.04,2426.0
2026-08-26 13:59:06,100.00,0.00,477.00,1523,6.17,2418.7
2026-08-26 13:59:11,100.00,0.00,477.75,1535,6.12,2413.8
2026-08-26 13:59:16,100.00,0.00,477.75,1584,5.81,2407.3
2026-08-26 13:59:21,100.00,0.00,477.75,1595,5.75,2416.8
2026-08-26 13:59:26,100.00,0.00,477.00,1436,6.79,2424.9
2026-08-26 13:59:31,100.00,0.00,476.75,1295,7.96,2429.1
2026-08-26 13:59:36,100.00,0.00,476.75,1382,7.17,2431.5
2026-08-26 13:59:41,100.00,0.00,477.50,1531,6.12,2427.0
2026-08-26 13:59:46,100.00,0.00,478.00,1678,5.27,2423.5
2026-08-26 13:59:51,100.00,0.00,477.75,1699,5.17,2422.4
2026-08-26 13:59:56,100.00,0.00,477.75,1598,5.74,2419.5
2026-08-26 14:00:01,100.00,0.00,476.75,1494,6.40,2412.3
2026-08-26 14:00:06,100.00,0.00,477.00,1413,6.99,2421.4
2026-08-26 14:00:11,100.00,0.00,476.75,1343,7.55,2419.6
2026-08-26 14:00:16,100.00,0.00,476.50,1292,7.95,2413.8
2026-08-26 14:00:21,100.00,0.00,477.50,1345,7.45,2404.7
2026-08-26 14:00:26,100.00,0.00,477.50,1489,6.42,2403.3
2026-08-26 14:00:31,100.00,0.00,478.00,1581,5.79,2408.3
2026-08-26 14:00:36,100.00,0.00,478.25,1613,5.66,2407.7
2026-08-26 14:00:41,100.00,0.00,477.00,1428,6.88,2404.3
2026-08-26 14:00:46,100.00,0.00,476.75,1263,8.20,2405.8
2026-08-26 14:00:51,100.00,0.00,477.50,1401,7.03,2406.4
2026-08-26 14:00:56,100.00,0.00,478.25,1571,5.88,2408.5
2026-08-26 14:01:01,100.00,0.00,477.75,1585,5.81,2409.0
2026-08-26 14:01:06,100.00,0.00,478.25,1568,5.91,2408.9
2026-08-26 14:01:11,100.00,0.00,478.00,1503,6.32,2408.9
2026-08-26 14:01:16,100.00,0.00,477.50,1418,7.10,2419.8
2026-08-26 14:01:21,100.00,0.00,477.25,1355,7.45,2416.2
2026-08-26 14:01:26,100.00,0.00,476.50,1277,8.09,2406.5
2026-08-26 14:01:31,100.00,0.00,476.50,1311,7.75,2402.3
2026-08-26 14:01:36,100.00,0.00,477.50,1413,6.92,2401.4
2026-08-26 14:01:41,100.00,0.00,477.75,1535,6.12,2400.5
2026-08-26 14:01:46,100.00,0.00,477.75,1616,5.66,2401.4
2026-08-26 14:01:51,100.00,0.00,478.25,1625,5.57,2402.4
2026-08-26 14:01:56,100.00,0.00,477.25,1436,6.81,2400.2
2026-08-26 14:02:01,100.00,0.00,476.75,1267,8.16,2402.2
2026-08-26 14:02:06,100.00,0.00,477.50,1359,7.37,2403.9
2026-08-26 14:02:11,100.00,0.00,477.75,1570,5.89,2401.4
2026-08-26 14:02:16,100.00,0.00,477.50,1600,5.83,2402.5
2026-08-26 14:02:21,100.00,0.00,477.00,1396,7.07,2413.8
2026-08-26 14:02:26,100.00,0.00,476.75,1296,7.92,2421.9
2026-08-26 14:02:31,100.00,0.00,476.75,1387,7.13,2423.9
2026-08-26 14:02:36,100.00,0.00,478.00,1616,5.62,2412.1
2026-08-26 14:02:41,100.00,0.00,477.25,1533,6.17,2409.4
2026-08-26 14:02:46,100.00,0.00,476.50,1329,7.64,2410.8
2026-08-26 14:02:51,100.00,0.00,477.25,1281,8.04,2410.3
2026-08-26 14:02:56,100.00,0.00,477.75,1479,6.44,2410.9
2026-08-26 14:03:01,100.00,0.00,478.00,1604,5.72,2401.1
2026-08-26 14:03:06,100.00,0.00,478.00,1558,5.97,2395.6
2026-08-26 14:03:11,100.00,0.00,477.25,1328,7.66,2393.1
2026-08-26 14:03:16,100.00,0.00,477.50,1350,7.45,2395.2
2026-08-26 14:03:21,100.00,0.00,478.50,1587,5.78,0.0
2026-08-26 14:03:26,100.00,0.00,478.75,1631,5.50,2401.0
2026-08-26 14:03:31,100.00,0.00,477.50,1433,6.87,2400.9
2026-08-26 14:03:36,100.00,0.00,477.25,1275,8.09,2403.0
2026-08-26 14:03:41,100.00,0.00,476.75,1329,7.61,2407.6
2026-08-26 14:03:46,100.00,0.00,478.50,1525,6.15,2412.5
2026-08-26 14:03:51,100.00,0.00,478.00,1590,5.75,2414.1
2026-08-26 14:03:56,100.00,0.00,478.00,1615,5.62,2413.2
2026-08-26 14:04:01,100.00,0.00,478.25,1619,5.61,2410.6
2026-08-26 14:04:06,100.00,0.00,477.25,1491,6.42,2401.5
2026-08-26 14:04:11,100.00,0.00,477.25,1312,7.72,2395.2
2026-08-26 14:04:16,100.00,0.00,477.00,1307,7.79,2394.0
2026-08-26 14:04:21,100.00,0.00,478.25,1623,5.55,2399.6
2026-08-26 14:04:26,100.00,0.00,477.75,1493,6.39,2401.8
2026-08-26 14:04:31,100.00,0.00,476.75,1317,7.69,2399.2
2026-08-26 14:04:36,100.00,0.00,478.50,1648,5.44,2400.6
2026-08-26 14:04:41,100.00,0.00,477.75,1437,6.79,2407.0
2026-08-26 14:04:46,100.00,0.00,477.75,1391,7.12,2411.6
2026-08-26 14:04:51,100.00,0.00,478.25,1701,5.17,2418.7
2026-08-26 14:04:56,100.00,0.00,478.00,1616,5.64,2420.2
2026-08-26 14:05:01,100.00,0.00,477.00,1412,6.95,2408.3
2026-08-26 14:05:06,100.00,0.00,478.25,1731,4.98,2405.0
2026-08-26 14:05:11,100.00,0.00,478.50,1764,4.86,2413.7
2026-08-26 14:05:16,100.00,0.00,477.50,1527,6.18,2425.2
2026-08-26 14:05:21,100.00,0.00,477.75,1535,6.12,2422.9
2026-08-26 14:05:26,100.00,0.00,478.00,1712,5.10,2416.6
2026-08-26 14:05:31,100.00,0.00,479.25,1841,4.48,2414.3
2026-08-26 14:05:36,100.00,0.00,479.00,1823,4.57,2415.2
2026-08-26 14:05:41,100.00,0.00,478.25,1695,5.20,2416.9
2026-08-26 14:05:46,100.00,0.00,477.50,1568,5.93,2420.9
2026-08-26 14:05:51,100.00,0.00,477.75,1487,6.42,2425.0
2026-08-26 14:05:56,100.00,0.00,478.50,1625,5.53,2414.5
2026-08-26 14:06:01,100.00,0.00,478.75,1922,4.41,2407.3
2026-08-26 14:06:06,100.00,0.00,478.50,1786,4.76,2399.9
2026-08-26 14:06:11,100.00,0.00,477.25,1591,5.75,2395.8
2026-08-26 14:06:16,100.00,0.00,479.00,1919,4.16,2392.9
2026-08-26 14:06:21,100.00,0.00,477.75,1835,4.52,2386.7
2026-08-26 14:06:26,100.00,0.00,477.75,1615,5.62,2390.2
2026-08-26 14:06:31,100.00,0.00,479.00,1901,4.27,2390.3
2026-08-26 14:06:36,100.00,0.00,478.50,1855,4.43,2389.5
2026-08-26 14:06:41,100.00,0.00,477.75,1584,5.72,2387.2
2026-08-26 14:06:46,100.00,0.00,478.25,1840,4.15,2388.3
2026-08-26 14:06:51,100.00,0.00,478.50,1881,4.30,2389.0
2026-08-26 14:06:56,100.00,0.00,477.50,1617,5.62,2388.7
2026-08-26 14:07:01,100.00,0.00,477.50,1744,4.94,2388.8
2026-08-26 14:07:06,100.00,0.00,478.25,1998,3.84,2385.9
2026-08-26 14:07:11,100.00,0.00,479.00,2000,3.84,2379.3
2026-08-26 14:07:16,100.00,0.00,478.00,1719,5.08,2382.4
2026-08-26 14:07:21,100.00,0.00,477.75,1600,5.72,2386.3
2026-08-26 14:07:26,100.00,0.00,478.50,1776,4.79,2393.6
2026-08-26 14:07:31,100.00,0.00,479.25,1925,4.14,2394.4
2026-08-26 14:07:36,100.00,0.00,478.75,1947,4.05,2396.4
2026-08-26 14:07:41,100.00,0.00,478.25,1776,4.80,2394.6
2026-08-26 14:07:46,100.00,0.00,478.00,1563,5.95,2397.6
2026-08-26 14:07:51,100.00,0.00,478.75,1919,4.15,2398.0
2026-08-26 14:07:56,100.00,0.00,477.75,1584,5.81,2391.4
2026-08-26 14:08:01,100.00,0.00,478.75,1809,4.64,2389.0
2026-08-26 14:08:06,100.00,0.00,478.00,1729,5.02,2381.5
2026-08-26 14:08:11,100.00,0.00,478.00,1533,6.12,2371.4
2026-08-26 14:08:16,100.00,0.00,479.25,1865,4.40,2370.5
2026-08-26 14:08:21,100.00,0.00,478.00,1626,5.57,2371.3
2026-08-26 14:08:26,100.00,0.00,477.75,1491,6.39,2372.2
2026-08-26 14:08:31,100.00,0.00,478.75,1826,4.54,2368.2
2026-08-26 14:08:36,100.00,0.00,478.75,1822,4.59,2367.3
2026-08-26 14:08:41,100.00,0.00,477.75,1581,5.84,2379.0
2026-08-26 14:08:46,100.00,0.00,477.50,1632,5.52,2383.9
2026-08-26 14:08:51,100.00,0.00,479.00,1964,3.97,2382.9
2026-08-26 14:08:56,100.00,0.00,478.00,1753,4.92,2374.4
2026-08-26 14:09:01,100.00,0.00,477.75,1535,6.12,2367.3
2026-08-26 14:09:06,100.00,0.00,479.50,1909,4.20,2366.5
2026-08-26 14:09:11,100.00,0.00,477.50,1616,5.62,2374.8
2026-08-26 14:09:16,100.00,0.00,478.75,1758,4.81,2379.0
2026-08-26 14:09:21,100.00,0.00,478.75,1820,4.59,2380.9
2026-08-26 14:09:26,100.00,0.00,478.25,1488,6.42,2374.1
2026-08-26 14:09:31,100.00,0.00,479.50,1790,4.70,2376.7
2026-08-26 14:09:36,100.00,0.00,479.50,1796,4.71,2375.1
2026-08-26 14:09:41,100.00,0.00,478.25,1459,6.62,2378.7
2026-08-26 14:09:46,100.00,0.00,479.75,1785,4.74,2369.5
2026-08-26 14:09:51,100.00,0.00,479.00,1639,5.51,2369.7
2026-08-26 14:09:56,100.00,0.00,478.75,1509,6.21,2371.9
2026-08-26 14:10:01,100.00,0.00,479.75,1765,4.84,2367.1
2026-08-26 14:10:06,100.00,0.00,478.25,1383,7.21,2367.3
2026-08-26 14:10:11,100.00,0.00,479.25,1623,5.56,2368.9
2026-08-26 14:10:16,100.00,0.00,479.25,1835,4.53,2369.9
2026-08-26 14:10:21,100.00,0.00,477.75,1461,6.63,0.0
2026-08-26 14:10:26,100.00,0.00,479.75,1847,4.45,2406.8
2026-08-26 14:10:31,100.00,0.00,478.50,1535,6.12,2407.0
2026-08-26 14:10:36,100.00,0.00,479.50,1585,5.78,2409.8
2026-08-26 14:10:41,100.00,0.00,479.25,1469,6.58,2409.0
2026-08-26 14:10:46,100.00,0.00,478.50,1296,7.69,2405.0
2026-08-26 14:10:51,100.00,0.00,480.00,1735,4.99,2404.5
2026-08-26 14:10:56,100.00,0.00,478.00,1263,8.25,2398.3
2026-08-26 14:11:01,100.00,0.00,479.75,1579,5.84,2393.3
2026-08-26 14:11:06,100.00,0.00,478.50,1255,8.36,2393.5
2026-08-26 14:11:11,100.00,0.00,479.25,1465,6.53,2396.9
2026-08-26 14:11:16,100.00,0.00,479.50,1558,6.00,2392.5
2026-08-26 14:11:21,100.00,0.00,478.25,1200,8.86,2389.1
2026-08-26 14:11:26,100.00,0.00,479.75,1601,5.69,2381.8
2026-08-26 14:11:31,100.00,0.00,478.75,1578,5.87,2383.0
2026-08-26 14:11:36,100.00,0.00,478.50,1263,8.21,2385.4
2026-08-26 14:11:41,100.00,0.00,479.25,1710,5.12,2383.2
2026-08-26 14:11:46,100.00,0.00,478.25,1249,8.36,2377.7
2026-08-26 14:11:51,100.00,0.00,479.75,1657,5.37,2379.3
2026-08-26 14:11:56,100.00,0.00,478.00,1445,6.75,2390.8
2026-08-26 14:12:01,100.00,0.00,479.25,1648,5.43,2394.9
2026-08-26 14:12:06,100.00,0.00,479.00,1685,5.27,2399.9
2026-08-26 14:12:11,100.00,0.00,479.00,1673,5.29,2413.1
2026-08-26 14:12:16,100.00,0.00,479.50,1846,4.49,2407.5
2026-08-26 14:12:21,100.00,0.00,478.75,1579,5.81,2405.3
2026-08-26 14:12:26,100.00,0.00,479.75,1997,3.84,2404.8
2026-08-26 14:12:31,100.00,0.00,478.25,1678,5.31,2407.6
2026-08-26 14:12:36,100.00,0.00,479.75,2110,3.44,2408.6
2026-08-26 14:12:41,100.00,0.00,477.75,1520,6.21,2405.3
2026-08-26 14:12:46,100.00,0.00,480.00,1979,3.90,2409.2
2026-08-26 14:12:51,100.00,0.00,478.00,1486,6.66,2406.6
2026-08-26 14:12:56,100.00,0.00,479.75,1903,4.23,2404.6
2026-08-26 14:13:01,100.00,0.00,477.75,1498,6.32,2405.8
2026-08-26 14:13:06,100.00,0.00,479.75,1936,4.09,2405.9
2026-08-26 14:13:11,100.00,0.00,478.25,1529,6.13,2407.4
2026-08-26 14:13:16,100.00,0.00,479.00,1904,4.22,2408.7
2026-08-26 14:13:21,100.00,0.00,478.25,1439,6.78,2409.3
2026-08-26 14:13:26,100.00,0.00,479.50,1777,4.92,2412.5
2026-08-26 14:13:31,100.00,0.00,478.50,1535,6.12,2406.7
2026-08-26 14:13:36,100.00,0.00,478.50,1529,6.12,2409.2
2026-08-26 14:13:41,100.00,0.00,479.00,1798,4.70,2403.0
2026-08-26 14:13:46,100.00,0.00,478.50,1584,5.80,2398.2
2026-08-26 14:13:51,100.00,0.00,479.75,1921,4.16,2396.4
2026-08-26 14:13:56,100.00,0.00,478.00,1451,6.68,2400.3
2026-08-26 14:14:01,100.00,0.00,479.50,1904,4.20,2401.8
2026-08-26 14:14:06,100.00,0.00,478.25,1571,5.92,2390.8
2026-08-26 14:14:11,100.00,0.00,478.50,1602,5.66,2384.6
2026-08-26 14:14:16,100.00,0.00,478.50,1740,4.98,2381.1
2026-08-26 14:14:21,100.00,0.00,477.75,1330,7.53,2387.8
2026-08-26 14:14:26,100.00,0.00,479.00,1786,4.74,2403.9
2026-08-26 14:14:31,100.00,0.00,478.00,1507,6.31,2406.4
2026-08-26 14:14:36,100.00,0.00,477.75,1262,8.22,2400.1
2026-08-26 14:14:41,100.00,0.00,479.00,1700,5.17,2394.5
2026-08-26 14:14:46,100.00,0.00,478.25,1534,6.15,2392.8
2026-08-26 14:14:51,100.00,0.00,477.50,1339,7.51,2394.5
2026-08-26 14:14:56,100.00,0.00,479.00,1787,4.72,2391.6
2026-08-26 14:15:01,100.00,0.00,477.50,1295,7.98,2401.0
2026-08-26 14:15:06,100.00,0.00,478.50,1671,5.30,2410.6
2026-08-26 14:15:11,100.00,0.00,477.75,1569,6.14,2409.0
2026-08-26 14:15:16,100.00,0.00,478.00,1781,4.74,2403.5
2026-08-26 14:15:21,100.00,0.00,478.25,1815,4.61,2400.7
2026-08-26 14:15:26,100.00,0.00,476.50,1505,6.32,2398.9
2026-08-26 14:15:31,100.00,0.00,476.75,1664,5.34,2403.3
2026-08-26 14:15:36,100.00,0.00,477.50,1841,4.47,2413.4
2026-08-26 14:15:41,100.00,0.00,477.50,1802,4.64,2414.5
2026-08-26 14:15:46,100.00,0.00,477.00,1617,5.60,2415.8
2026-08-26 14:15:51,100.00,0.00,477.00,1646,5.46,2413.5
2026-08-26 14:15:56,100.00,0.00,477.00,1575,5.88,2404.9
2026-08-26 14:16:01,100.00,0.00,477.00,1504,6.32,2395.4
2026-08-26 14:16:06,100.00,0.00,477.00,1509,6.12,2390.7
2026-08-26 14:16:11,100.00,0.00,477.00,1569,5.87,2394.3
2026-08-26 14:16:16,100.00,0.00,477.25,1648,5.44,2397.1
2026-08-26 14:16:21,100.00,0.00,478.00,1760,4.86,2406.6
2026-08-26 14:16:26,100.00,0.00,478.75,1878,4.31,2406.3
2026-08-26 14:16:31,100.00,0.00,478.25,1857,4.41,2406.9
2026-08-26 14:16:36,100.00,0.00,477.50,1499,6.38,2394.4
2026-08-26 14:16:41,100.00,0.00,477.00,1258,8.32,2380.5
2026-08-26 14:16:46,100.00,0.00,476.50,1232,8.50,2375.2
2026-08-26 14:16:51,100.00,0.00,477.25,1277,8.05,2374.4
2026-08-26 14:16:56,100.00,0.00,477.50,1388,7.12,2377.7
2026-08-26 14:17:01,100.00,0.00,477.50,1439,6.73,2377.8
2026-08-26 14:17:06,100.00,0.00,477.75,1467,6.53,2384.2
2026-08-26 14:17:11,100.00,0.00,478.50,1696,5.17,2385.4
2026-08-26 14:17:16,100.00,0.00,478.50,1841,4.48,2382.6
2026-08-26 14:17:21,100.00,0.00,478.75,1852,4.43,2391.7
2026-08-26 14:17:26,100.00,0.00,478.25,1787,4.73,2399.8
2026-08-26 14:17:31,100.00,0.00,478.50,1757,4.86,2395.1
2026-08-26 14:17:36,100.00,0.00,479.00,1847,4.44,2394.5
2026-08-26 14:17:41,100.00,0.00,478.25,1797,4.70,2393.8
2026-08-26 14:17:46,100.00,0.00,478.50,1729,5.04,2404.6
2026-08-26 14:17:51,100.00,0.00,477.50,1655,5.41,2403.1
2026-08-26 14:17:56,100.00,0.00,478.25,1712,5.11,2400.4
2026-08-26 14:18:01,100.00,0.00,478.25,1866,4.41,2400.7
2026-08-26 14:18:06,100.00,0.00,478.25,1941,4.08,2404.4
2026-08-26 14:18:11,100.00,0.00,478.50,1998,3.86,2406.1
2026-08-26 14:18:16,100.00,0.00,477.75,1889,4.29,2410.2
2026-08-26 14:18:21,100.00,0.00,477.50,1629,5.53,2413.5
2026-08-26 14:18:26,100.00,0.00,476.75,1511,6.27,2412.2
2026-08-26 14:18:31,100.00,0.00,477.25,1599,5.72,2406.6
2026-08-26 14:18:36,100.00,0.00,478.00,1777,4.76,2402.0
2026-08-26 14:18:41,100.00,0.00,478.50,1985,3.91,2398.4
2026-08-26 14:18:46,100.00,0.00,479.25,2120,3.39,2402.5
2026-08-26 14:18:51,100.00,0.00,479.00,2135,3.37,2401.3
2026-08-26 14:18:56,100.00,0.00,478.25,1886,4.32,2403.7
2026-08-26 14:19:01,100.00,0.00,477.00,1616,5.62,2408.3
2026-08-26 14:19:06,100.00,0.00,477.75,1660,5.36,2399.0
2026-08-26 14:19:11,100.00,0.00,478.75,1981,3.90,2395.3
2026-08-26 14:19:16,100.00,0.00,479.50,2170,3.22,2400.7
2026-08-26 14:19:21,100.00,0.00,479.00,2155,3.30,2403.8
2026-08-26 14:19:26,100.00,0.00,479.00,2055,3.67,2401.8
2026-08-26 14:19:31,100.00,0.00,478.25,1901,4.24,2399.6
2026-08-26 14:19:36,100.00,0.00,477.75,1680,5.29,2403.3
2026-08-26 14:19:41,100.00,0.00,477.00,1600,5.72,2417.4
2026-08-26 14:19:46,100.00,0.00,478.00,1722,4.99,2422.6
2026-08-26 14:19:51,100.00,0.00,478.50,1888,4.29,2414.0
2026-08-26 14:19:56,100.00,0.00,479.00,2021,3.73,2405.9
2026-08-26 14:20:01,100.00,0.00,479.25,2117,3.40,2403.0
2026-08-26 14:20:06,100.00,0.00,479.25,2160,3.28,2400.8
2026-08-26 14:20:11,100.00,0.00,478.75,1874,4.36,2400.0
2026-08-26 14:20:16,100.00,0.00,477.75,1601,5.71,2403.9
2026-08-26 14:20:21,100.00,0.00,477.25,1592,5.74,2400.7
2026-08-26 14:20:26,100.00,0.00,478.25,1875,4.29,2406.3
2026-08-26 14:20:31,100.00,0.00,479.50,2138,3.36,2401.4
2026-08-26 14:20:36,100.00,0.00,479.50,2162,3.28,2394.3
2026-08-26 14:20:41,100.00,0.00,478.50,1949,4.05,2397.3
2026-08-26 14:20:46,100.00,0.00,478.50,1755,4.91,2395.5
2026-08-26 14:20:51,100.00,0.00,477.75,1650,5.44,2405.9
2026-08-26 14:20:56,100.00,0.00,477.50,1584,5.76,2412.4
2026-08-26 14:21:01,100.00,0.00,477.75,1639,5.49,2409.9
2026-08-26 14:21:06,100.00,0.00,478.25,1851,4.41,2408.3
2026-08-26 14:21:11,100.00,0.00,479.00,2027,3.72,2411.8
2026-08-26 14:21:16,100.00,0.00,479.00,2117,3.41,2410.1
2026-08-26 14:21:21,100.00,0.00,479.25,2198,3.17,2406.5
2026-08-26 14:21:26,100.00,0.00,479.25,2183,3.20,2400.2
2026-08-26 14:21:31,100.00,0.00,479.00,2031,3.72,2396.2
2026-08-26 14:21:36,100.00,0.00,478.00,1727,4.94,2401.8
2026-08-26 14:21:41,100.00,0.00,477.25,1633,5.54,2412.6
2026-08-26 14:21:46,100.00,0.00,477.25,1627,5.57,2411.7
2026-08-26 14:21:51,100.00,0.00,477.50,1631,5.55,2411.5
2026-08-26 14:21:56,100.00,0.00,477.75,1639,5.52,2403.3
2026-08-26 14:22:01,100.00,0.00,477.50,1595,5.74,2399.7
2026-08-26 14:22:06,100.00,0.00,477.25,1572,5.93,2394.0
2026-08-26 14:22:11,100.00,0.00,477.00,1563,5.91,2406.7
2026-08-26 14:22:16,100.00,0.00,477.50,1568,5.91,2410.4
2026-08-26 14:22:21,100.00,0.00,477.00,1514,6.24,2409.5
2026-08-26 14:22:26,100.00,0.00,478.00,1633,5.51,2405.1
2026-08-26 14:22:31,100.00,0.00,478.25,1972,3.96,2395.1
2026-08-26 14:22:36,100.00,0.00,479.25,2097,3.39,2390.6
2026-08-26 14:22:41,100.00,0.00,479.50,2064,3.62,2394.4
2026-08-26 14:22:46,100.00,0.00,478.25,1777,4.79,2397.2
2026-08-26 14:22:51,100.00,0.00,478.00,1361,7.37,2396.1
2026-08-26 14:22:56,100.00,0.00,477.25,1136,9.55,2393.1
2026-08-26 14:23:01,100.00,0.00,476.75,1231,8.49,2405.5
2026-08-26 14:23:06,100.00,0.00,477.50,1474,6.49,2406.1
2026-08-26 14:23:11,100.00,0.00,478.50,1718,5.04,2414.5
2026-08-26 14:23:16,100.00,0.00,479.25,1808,4.63,2413.4
2026-08-26 14:23:21,100.00,0.00,479.00,1824,4.58,2414.4
2026-08-26 14:23:26,100.00,0.00,478.75,1765,4.86,2412.6
2026-08-26 14:23:31,100.00,0.00,479.00,1651,5.44,2419.8
2026-08-26 14:23:36,100.00,0.00,478.75,1665,5.34,2420.4
2026-08-26 14:23:41,100.00,0.00,478.50,1773,4.83,2432.9
2026-08-26 14:23:46,100.00,0.00,479.25,1798,4.70,2430.8
2026-08-26 14:23:51,100.00,0.00,478.50,1751,4.93,2421.1
2026-08-26 14:23:56,100.00,0.00,478.50,1593,5.80,2410.7
2026-08-26 14:24:01,100.00,0.00,477.75,1404,7.09,2403.3
2026-08-26 14:24:06,100.00,0.00,477.75,1292,7.87,2406.2
2026-08-26 14:24:11,100.00,0.00,477.25,1328,7.60,2409.8
2026-08-26 14:24:16,100.00,0.00,476.50,1444,6.69,2407.6
2026-08-26 14:24:21,100.00,0.00,478.50,1951,4.00,2411.5
2026-08-26 14:24:26,100.00,0.00,479.50,2288,2.89,2422.4
2026-08-26 14:24:31,100.00,0.00,478.50,2128,3.39,2422.2
2026-08-26 14:24:36,100.00,0.00,477.75,1789,4.75,2423.7
2026-08-26 14:24:41,100.00,0.00,477.25,1594,5.75,2416.4
2026-08-26 14:24:46,100.00,0.00,477.00,1568,5.96,2402.9
2026-08-26 14:24:51,100.00,0.00,476.75,1638,5.46,2405.7
2026-08-26 14:24:56,100.00,0.00,477.75,1797,4.67,2404.2
2026-08-26 14:25:01,100.00,0.00,478.75,2067,3.57,2401.1
2026-08-26 14:25:06,100.00,0.00,479.50,2315,2.82,2399.7
2026-08-26 14:25:11,100.00,0.00,478.50,1986,3.91,2408.4
2026-08-26 14:25:16,100.00,0.00,477.25,1710,5.18,2409.6
2026-08-26 14:25:21,100.00,0.00,477.25,1613,5.64,2402.3
2026-08-26 14:25:26,100.00,0.00,478.25,1926,4.10,2392.4
2026-08-26 14:25:31,100.00,0.00,478.75,2139,3.34,2384.7
2026-08-26 14:25:36,100.00,0.00,479.50,2258,2.97,2389.4
2026-08-26 14:25:41,100.00,0.00,479.50,2233,3.08,2391.4
2026-08-26 14:25:46,100.00,0.00,478.00,1863,4.41,2396.4
2026-08-26 14:25:51,100.00,0.00,478.00,1712,5.24,2392.0
2026-08-26 14:25:56,100.00,0.00,477.50,1600,5.71,2402.1
2026-08-26 14:26:01,100.00,0.00,477.25,1593,5.74,2403.9
2026-08-26 14:26:06,100.00,0.00,478.25,1719,5.03,2403.9
2026-08-26 14:26:11,100.00,0.00,478.50,1902,4.22,2398.4
2026-08-26 14:26:16,100.00,0.00,479.00,2153,3.28,2395.4
2026-08-26 14:26:21,100.00,0.00,479.25,2317,2.81,2393.1
2026-08-26 14:26:26,100.00,0.00,479.25,2334,2.77,2394.4
2026-08-26 14:26:31,100.00,0.00,479.00,2244,3.03,2392.4
2026-08-26 14:26:36,100.00,0.00,478.25,1999,3.87,2394.0
2026-08-26 14:26:41,100.00,0.00,477.50,1648,5.46,2399.2
2026-08-26 14:26:46,100.00,0.00,477.25,1535,6.12,2393.0
2026-08-26 14:26:51,100.00,0.00,477.75,1847,4.44,2390.6
2026-08-26 14:26:56,100.00,0.00,479.00,2242,3.02,2394.5
2026-08-26 14:27:01,100.00,0.00,479.75,2352,2.72,2396.3
2026-08-26 14:27:06,100.00,0.00,478.50,1954,4.05,2394.6
2026-08-26 14:27:11,100.00,0.00,477.25,1573,5.81,2396.1
2026-08-26 14:27:16,100.00,0.00,477.50,1599,5.84,2409.2
2026-08-26 14:27:21,100.00,0.00,478.75,1987,3.86,2411.1
2026-08-26 14:27:26,100.00,0.00,479.50,2343,2.73,2416.4
2026-08-26 14:27:31,100.00,0.00,479.00,2301,2.87,2418.2
2026-08-26 14:27:36,100.00,0.00,479.50,2295,2.90,2418.7
2026-08-26 14:27:41,100.00,0.00,479.25,2320,2.81,2420.7
2026-08-26 14:27:46,100.00,0.00,479.25,2257,2.99,2419.9
2026-08-26 14:27:51,100.00,0.00,478.75,2086,3.57,2415.6
2026-08-26 14:27:56,100.00,0.00,478.25,1861,4.42,2411.2
2026-08-26 14:28:01,100.00,0.00,477.50,1479,6.50,2407.8
2026-08-26 14:28:06,100.00,0.00,477.50,1344,7.46,2403.3
2026-08-26 14:28:11,100.00,0.00,478.50,1600,5.66,2411.2
2026-08-26 14:28:16,100.00,0.00,479.25,1969,3.94,2413.7
2026-08-26 14:28:21,100.00,0.00,479.75,2141,3.34,2419.2
2026-08-26 14:28:26,100.00,0.00,479.75,1979,3.92,2429.7
2026-08-26 14:28:31,100.00,0.00,478.75,1969,3.97,2424.3
2026-08-26 14:28:36,100.00,0.00,478.75,2055,3.70,2414.6
2026-08-26 14:28:41,100.00,0.00,479.75,2065,3.61,2409.4
2026-08-26 14:28:46,100.00,0.00,479.50,2005,3.84,2407.8
2026-08-26 14:28:51,100.00,0.00,479.25,1951,4.06,2404.1
2026-08-26 14:28:56,100.00,0.00,478.50,1790,4.78,2404.6
2026-08-26 14:29:01,100.00,0.00,478.25,1529,6.19,2398.5
2026-08-26 14:29:06,100.00,0.00,478.00,1410,7.02,2389.5
2026-08-26 14:29:11,100.00,0.00,477.50,1309,7.82,2393.6
2026-08-26 14:29:16,100.00,0.00,478.25,1675,5.27,2394.1
2026-08-26 14:29:21,100.00,0.00,479.75,2195,3.15,2403.3
2026-08-26 14:29:26,100.00,0.00,479.00,2003,3.84,2407.8
2026-08-26 14:29:31,100.00,0.00,477.50,1350,7.46,2411.2
2026-08-26 14:29:36,100.00,0.00,478.50,1713,5.09,2401.9
2026-08-26 14:29:41,100.00,0.00,478.25,1808,4.64,2393.0
2026-08-26 14:29:46,100.00,0.00,475.50,1917,4.17,2406.9
2026-08-26 14:29:51,100.00,0.00,470.25,1949,4.11,2413.1
2026-08-26 14:29:56,100.00,0.00,463.75,1906,4.17,2412.2
2026-08-26 14:30:01,100.00,0.00,456.50,1802,4.67,2407.1
2026-08-26 14:30:06,100.00,0.00,448.75,1687,5.24,2396.0
2026-08-26 14:30:11,100.00,0.00,440.75,1605,5.66,2393.0
2026-08-26 14:30:16,100.00,0.00,433.00,1575,5.77,2393.5
2026-08-26 14:30:21,100.00,0.00,425.75,1694,5.19,2404.3
2026-08-26 14:30:26,100.00,0.00,418.25,1831,4.52,2404.1
2026-08-26 14:30:31,100.00,0.00,410.75,1889,4.27,2401.6
2026-08-26 14:30:36,100.00,0.00,402.50,1821,4.58,2406.6
2026-08-26 14:30:41,100.00,0.00,394.75,1755,4.89,2403.8
2026-08-26 14:30:46,100.00,0.00,388.25,1870,4.35,2403.4
2026-08-26 14:30:51,100.00,0.00,380.75,1857,4.41,2404.7
2026-08-26 14:30:56,100.00,0.00,374.25,1723,5.05,2398.9
2026-08-26 14:31:01,100.00,0.00,368.25,1715,5.07,2409.5
2026-08-26 14:31:06,100.00,0.00,362.00,1801,4.73,2409.7
2026-08-26 14:31:11,100.00,0.00,355.75,1776,4.78,2410.7
2026-08-26 14:31:16,100.00,0.00,349.50,1664,5.36,2407.8
2026-08-26 14:31:21,100.00,0.00,344.25,1599,5.72,2403.6
2026-08-26 14:31:26,100.00,0.00,339.00,1582,5.82,2412.0
2026-08-26 14:31:31,100.00,0.00,333.75,1617,5.60,2409.2
2026-08-26 14:31:36,100.00,0.00,328.50,1654,5.41,2406.2
2026-08-26 14:31:41,100.00,0.00,323.50,1631,5.53,2398.5
2026-08-26 14:31:46,100.00,0.00,318.25,1506,6.31,2398.1
2026-08-26 14:31:51,100.00,0.00,313.50,1411,6.96,2398.6
2026-08-26 14:31:56,100.00,0.00,308.75,1321,7.70,2390.8
2026-08-26 14:32:01,100.00,0.00,305.00,1318,7.73,2393.4
2026-08-26 14:32:06,100.00,0.00,301.00,1389,7.13,2395.0
2026-08-26 14:32:11,100.00,0.00,296.00,1375,7.25,2408.7
2026-08-26 14:32:16,100.00,0.00,291.75,1246,8.39,2411.8
2026-08-26 14:32:21,100.00,0.00,288.50,1216,8.66,2405.3
2026-08-26 14:32:26,100.00,0.00,284.75,1301,7.87,2417.3
2026-08-26 14:32:31,100.00,0.00,280.50,1323,7.70,2422.9
2026-08-26 14:32:36,100.00,0.00,276.50,1250,8.35,2415.4
2026-08-26 14:32:41,100.00,0.00,273.00,1186,8.99,2411.5
2026-08-26 14:32:46,100.00,0.00,270.00,1232,8.52,2406.3
2026-08-26 14:32:51,100.00,0.00,266.50,1296,7.89,2411.5
2026-08-26 14:32:56,100.00,0.00,263.00,1385,7.18,2421.5
2026-08-26 14:33:01,100.00,0.00,259.50,1341,7.59,2424.4
2026-08-26 14:33:06,100.00,0.00,257.00,1303,7.84,2420.7
2026-08-26 14:33:11,100.00,0.00,253.25,1361,7.37,2415.1
2026-08-26 14:33:16,100.00,0.00,250.75,1361,7.37,2414.4
2026-08-26 14:33:21,100.00,0.00,247.75,1285,7.96,2412.8
2026-08-26 14:33:26,100.00,0.00,245.50,1300,7.89,2411.3
2026-08-26 14:33:31,100.00,0.00,242.75,1377,7.23,2411.0
2026-08-26 14:33:36,100.00,0.00,239.25,1367,7.30,2422.6
2026-08-26 14:33:41,100.00,0.00,236.75,1313,7.77,2428.1
2026-08-26 14:33:46,100.00,0.00,234.25,1303,7.86,2427.9
2026-08-26 14:33:51,100.00,0.00,232.25,1361,7.34,2428.1
2026-08-26 14:33:56,100.00,0.00,229.50,1366,7.46,2424.0
2026-08-26 14:34:01,100.00,0.00,226.75,1297,7.92,2425.2
2026-08-26 14:34:06,100.00,0.00,225.25,1302,7.86,2427.7
2026-08-26 14:34:11,100.00,0.00,222.75,1363,7.34,2427.7
2026-08-26 14:34:16,100.00,0.00,220.25,1346,7.49,2415.1
2026-08-26 14:34:21,100.00,0.00,218.50,1292,7.95,2409.3
2026-08-26 14:34:26,100.00,0.00,216.75,1300,7.87,2413.7
2026-08-26 14:34:31,100.00,0.00,214.50,1337,7.53,2428.9
2026-08-26 14:34:36,100.00,0.00,212.50,1348,7.48,2432.8
2026-08-26 14:34:41,100.00,0.00,210.25,1360,7.46,2434.7
2026-08-26 14:34:46,100.00,0.00,208.25,1341,7.55,2435.3
2026-08-26 14:34:51,100.00,0.00,206.25,1310,7.75,2432.5
2026-08-26 14:34:56,100.00,0.00,204.75,1274,8.13,2431.3
2026-08-26 14:35:01,100.00,0.00,203.50,1268,8.16,2436.2
2026-08-26 14:35:06,100.00,0.00,201.50,1303,7.87,2437.6
2026-08-26 14:35:11,100.00,0.00,199.50,1325,7.66,2431.1
2026-08-26 14:35:16,100.00,0.00,197.50,1303,7.84,2428.5
2026-08-26 14:35:21,100.00,0.00,196.25,1266,8.20,2437.9
2026-08-26 14:35:26,100.00,0.00,195.00,1280,8.07,2441.7
2026-08-26 14:35:31,100.00,0.00,193.50,1317,7.75,2435.4
2026-08-26 14:35:36,100.00,0.00,191.25,1296,7.92,2436.6
2026-08-26 14:35:41,100.00,0.00,190.25,1262,8.22,2439.5
2026-08-26 14:35:46,100.00,0.00,188.50,1296,7.92,2433.1
2026-08-26 14:35:51,100.00,0.00,187.00,1305,7.84,2436.4
2026-08-26 14:35:56,100.00,0.00,185.50,1275,8.12,2441.4
2026-08-26 14:36:01,100.00,0.00,184.50,1259,8.30,2438.3
2026-08-26 14:36:06,100.00,0.00,182.75,1289,7.97,2433.4
2026-08-26 14:36:11,100.00,0.00,181.25,1282,8.05,2431.2
2026-08-26 14:36:16,100.00,0.00,180.50,1259,8.25,2433.2
2026-08-26 14:36:21,100.00,0.00,178.75,1264,8.21,2428.1
2026-08-26 14:36:26,100.00,0.00,177.75,1281,8.05,2429.4
2026-08-26 14:36:31,100.00,0.00,176.25,1277,8.11,2442.5
2026-08-26 14:36:36,100.00,0.00,175.50,1244,8.42,2445.7
2026-08-26 14:36:41,100.00,0.00,174.25,1211,8.74,2448.2
2026-08-26 14:36:46,100.00,0.00,173.50,1200,8.85,2453.2
2026-08-26 14:36:51,100.00,0.00,172.00,1213,8.69,2453.6
2026-08-26 14:36:56,100.00,0.00,170.75,1232,8.53,2450.3
2026-08-26 14:37:01,100.00,0.00,169.00,1225,8.38,2450.0
2026-08-26 14:37:06,100.00,0.00,168.50,1189,8.95,2445.6
2026-08-26 14:37:11,100.00,0.00,167.75,1183,9.00,2442.8
2026-08-26 14:37:16,100.00,0.00,166.50,1195,8.90,2447.1
2026-08-26 14:37:21,100.00,0.00,165.25,1187,8.95,2446.2
2026-08-26 14:37:26,100.00,0.00,164.00,1167,9.19,2450.9
2026-08-26 14:37:31,100.00,0.00,163.50,1171,9.13,2452.6
2026-08-26 14:37:36,100.00,0.00,161.75,1168,9.17,2439.2
2026-08-26 14:37:41,100.00,0.00,161.00,1136,9.55,2433.0
2026-08-26 14:37:46,100.00,0.00,160.25,1136,9.55,2441.8
2026-08-26 14:37:51,100.00,0.00,159.00,1159,9.29,2443.7
2026-08-26 14:37:56,100.00,0.00,158.25,1136,9.56,2450.0
2026-08-26 14:38:01,100.00,0.00,157.00,1125,9.96,2454.7
2026-08-26 14:38:06,100.00,0.00,156.50,1122,9.73,2451.9
2026-08-26 14:38:11,100.00,0.00,155.75,1117,9.81,2452.2
2026-08-26 14:38:16,100.00,0.00,155.00,1106,9.92,2456.4
2026-08-26 14:38:21,100.00,0.00,154.25,1103,9.93,2462.6
2026-08-26 14:38:26,100.00,0.00,153.50,1121,9.70,2467.9
2026-08-26 14:38:31,100.00,0.00,152.75,1122,9.72,2463.4
2026-08-26 14:38:36,100.00,0.00,151.50,1109,9.85,2470.3
2026-08-26 14:38:41,100.00,0.00,150.25,1125,9.67,2468.9
2026-08-26 14:38:46,100.00,0.00,148.75,1123,9.73,2466.9
2026-08-26 14:38:51,100.00,0.00,148.50,1104,9.93,2461.4
2026-08-26 14:38:56,100.00,0.00,148.00,1107,9.93,2463.7
2026-08-26 14:39:01,100.00,0.00,147.50,1104,9.91,2471.9
2026-08-26 14:39:06,100.00,0.00,146.25,1111,9.86,2476.3
2026-08-26 14:39:11,100.00,0.00,146.00,1114,9.82,2471.7
2026-08-26 14:39:16,100.00,0.00,145.25,1103,9.93,2464.2
2026-08-26 14:39:21,100.00,0.00,144.00,1082,10.25,2465.8
2026-08-26 14:39:26,100.00,0.00,143.75,1083,10.15,2468.3
2026-08-26 14:39:31,100.00,0.00,142.25,1095,10.06,2462.1
2026-08-26 14:39:36,100.00,0.00,142.00,1088,10.17,2461.9
2026-08-26 14:39:41,100.00,0.00,141.75,1077,10.26,2459.1
2026-08-26 14:39:46,100.00,0.00,141.00,1085,10.22,2451.1
2026-08-26 14:39:51,100.00,0.00,140.00,1083,10.21,2445.6
2026-08-26 14:39:56,100.00,0.00,139.50,1085,10.19,2449.9
2026-08-26 14:40:01,100.00,0.00,138.75,1068,10.41,2452.2
2026-08-26 14:40:06,100.00,0.00,138.00,1066,10.41,2449.6
2026-08-26 14:40:11,100.00,0.00,137.75,1061,10.47,2451.1
2026-08-26 14:40:16,100.00,0.00,137.50,1059,10.54,2445.7
2026-08-26 14:40:21,100.00,0.00,136.50,1066,10.42,2016.0
2026-08-26 14:40:26,100.00,0.00,136.00,996,11.42,1500.2
2026-08-26 14:40:31,100.00,0.00,135.25,938,12.32,1502.2
2026-08-26 14:40:36,100.00,0.00,133.75,903,12.91,2430.4
2026-08-26 14:40:41,100.00,0.00,132.75,907,12.87,2431.5
2026-08-26 14:40:46,100.00,0.00,131.25,908,12.87,2451.7

