run_id,is_synthetic,remaining_min,start_weight_g,elapsed_smoking_min,oven_temp_c,oven_deg_h,dht11_temp_c,dht11_humidity_pct,mq6_adc,mq6_ratio,weight_corrected_g,weight_smooth_g,weight_loss_from_start_g,moisture_removed_frac,drying_rate_g_per_min
tuna_2379g,0,29.666666666666668,2379.7,0.0,32.0,0.0,32.0,81.8,1088.0,10.12,2379.7,2378.6499999999996,0.0,0.0,0.0
tuna_2379g,0,29.583333333333336,2379.7,0.08333333333333333,32.0,0.044444444444444446,32.1,81.7,1072.0,10.35,2377.9,2378.6,1.7999999999997272,0.0007563978652770212,0.0
tuna_2379g,0,29.5,2379.7,0.16666666666666666,32.25,0.08923611111111111,32.1,81.7,1072.0,10.57,2377.8,2378.3,1.8999999999996362,0.0007984199689034905,0.0
tuna_2379g,0,29.416666666666668,2379.7,0.25,32.5,0.134375,32.1,81.7,1041.0,10.76,2378.6,2378.6,1.099999999999909,0.0004622431398915448,0.0
tuna_2379g,0,29.333333333333336,2379.7,0.3333333333333333,31.5,0.178125,32.2,81.7,1023.0,11.01,2380.1,2378.6499999999996,-0.40000000000009095,-0.0001680884145060684,5.551115123125783e-17
tuna_2379g,0,29.25,2379.7,0.4166666666666667,31.25,0.22152777777777777,32.2,81.6,1011.0,11.19,2378.7,2378.6,1.0,0.00042022103626507544,-0.5999999999967256
tuna_2379g,0,29.166666666666668,2379.7,0.5,32.0,0.2659722222222222,32.3,81.6,1001.0,11.33,2377.6,2378.6499999999996,2.099999999999909,0.0008824641761566202,1.6653345369377348e-16
tuna_2379g,0,29.083333333333336,2379.7,0.5833333333333334,31.25,0.309375,32.4,81.5,991.0,11.52,2378.0,2378.6,1.699999999999818,0.0007143757616505518,-0.5999999999967256
tuna_2379g,0,29.0,2379.7,0.6666666666666666,31.5,0.353125,32.4,81.5,981.0,11.69,2378.7,2378.6,1.0,0.00042022103626507544,-0.2999999999983628
tuna_2379g,0,28.916666666666668,2379.7,0.75,31.75,0.39722222222222225,32.5,81.4,972.0,11.8,2378.7,2378.6,1.0,0.00042022103626507544,0.0
tuna_2379g,0,28.833333333333336,2379.7,0.8333333333333334,31.75,0.4413194444444445,32.5,81.3,963.0,11.97,2378.6,2378.55,1.099999999999909,0.0004622431398915448,-0.2999999999983628
tuna_2379g,0,28.75,2379.7,0.9166666666666666,31.75,0.4854166666666667,32.5,81.1,950.0,12.12,2379.2,2378.55,0.5,0.00021011051813253772,0.0
tuna_2379g,0,28.666666666666668,2379.7,1.0,32.0,0.5298611111111111,32.6,81.0,945.0,12.24,2378.5,2378.55,1.199999999999818,0.0005042652435180141,0.0
tuna_2379g,0,28.583333333333336,2379.7,1.0833333333333333,31.5,0.5736111111111111,32.6,80.9,942.0,12.34,2377.8,2378.6499999999996,1.8999999999996362,0.0007984199689034905,0.0
tuna_2379g,0,28.5,2379.7,1.1666666666666667,31.5,0.617361111111111,32.7,80.8,932.0,12.48,2377.8,2378.7,1.8999999999996362,0.0007984199689034905,0.0
tuna_2379g,0,28.416666666666668,2379.7,1.25,31.75,0.6614583333333333,32.7,80.6,926.0,12.55,2378.1,2378.7,1.599999999999909,0.0006723536580240825,0.0
tuna_2379g,0,28.333333333333336,2379.7,1.3333333333333333,31.75,0.7055555555555555,32.8,80.5,918.0,12.71,2379.3,2378.8,0.3999999999996362,0.00016808841450587732,0.0
tuna_2379g,0,28.25,2379.7,1.4166666666666667,32.0,0.7499999999999999,32.8,80.3,909.0,12.8,2379.5,2379.05,0.1999999999998181,8.404420725293866e-05,0.0
tuna_2379g,0,28.166666666666668,2379.7,1.5,32.0,0.7944444444444443,32.9,80.2,891.0,12.92,2378.7,2379.1000000000004,1.0,0.00042022103626507544,0.0
tuna_2379g,0,28.083333333333336,2379.7,1.5833333333333333,32.0,0.8388888888888887,32.9,80.0,902.0,13.0,2379.3,2379.3,0.3999999999996362,0.00016808841450587732,0.0
tuna_2379g,0,28.0,2379.7,1.6666666666666667,31.75,0.8829861111111109,33.0,79.7,894.0,13.13,2378.9,2379.3,0.7999999999997272,0.0003361768290119457,0.0
tuna_2379g,0,27.916666666666668,2379.7,1.75,31.5,0.9267361111111109,33.0,79.6,886.0,13.26,2380.3,2379.3,-0.6000000000003638,-0.00025213262175919813,0.0
tuna_2379g,0,27.833333333333336,2379.7,1.8333333333333333,31.75,0.9708333333333331,33.1,79.5,880.0,13.15,2379.3,2379.4,0.3999999999996362,0.00016808841450587732,0.0
tuna_2379g,0,27.75,2379.7,1.9166666666666667,32.25,1.0156249999999998,33.1,79.5,881.0,13.4,2379.3,2379.65,0.3999999999996362,0.00016808841450587732,0.0
tuna_2379g,0,27.666666666666668,2379.7,2.0,32.25,1.0604166666666663,33.1,79.4,871.0,13.45,2379.8,2380.0,-0.1000000000003638,-4.202210362666042e-05,0.29999999999836297
tuna_2379g,0,27.583333333333336,2379.7,2.0833333333333335,32.0,1.1048611111111108,33.2,79.3,879.0,13.4,2380.2,2380.0,-0.5,-0.00021011051813253772,0.29999999999836297
tuna_2379g,0,27.5,2379.7,2.1666666666666665,31.75,1.148958333333333,33.2,79.3,881.0,13.4,2380.5,2380.0,-0.8000000000001819,-0.0003361768290121368,0.29999999999836297
tuna_2379g,0,27.416666666666668,2379.7,2.25,31.75,1.1930555555555553,33.3,79.1,880.0,13.49,2380.2,2380.0,-0.5,-0.00021011051813253772,0.0
tuna_2379g,0,27.333333333333336,2379.7,2.3333333333333335,34.0,1.2402777777777776,33.3,79.0,867.0,13.59,2381.7,2379.55,-2.0,-0.0008404420725301509,0.0
tuna_2379g,0,27.25,2379.7,2.4166666666666665,38.0,1.2930555555555554,33.4,78.9,871.0,13.51,2380.3,2379.55,-0.6000000000003638,-0.00025213262175919813,0.0
tuna_2379g,0,27.166666666666668,2379.7,2.5,40.5,1.3493055555555553,33.4,78.8,865.0,13.4,2378.9,2379.3500000000004,0.7999999999997272,0.0003361768290119457,0.0
tuna_2379g,0,27.083333333333336,2379.7,2.5833333333333335,42.75,1.4086805555555553,33.5,78.7,855.0,13.81,2378.9,2378.9,0.7999999999997272,0.0003361768290119457,0.0
tuna_2379g,0,27.0,2379.7,2.6666666666666665,45.25,1.4715277777777775,33.5,78.6,855.0,13.94,2352.8,2366.45,26.899999999999636,0.011303945875530377,0.0
tuna_2379g,0,26.916666666666668,2379.7,2.75,47.0,1.5368055555555553,33.6,78.4,847.0,14.04,2354.0,2353.4,25.699999999999818,0.010799680632012363,0.0
tuna_2379g,0,26.833333333333336,2379.7,2.8333333333333335,49.0,1.6048611111111108,33.6,78.4,855.0,14.02,2350.9,2352.3,28.799999999999727,0.01210236584443406,0.0
tuna_2379g,0,26.75,2379.7,2.9166666666666665,52.75,1.6781249999999996,33.6,78.3,848.0,14.02,2351.8,2351.6000000000004,27.899999999999636,0.011724166911795453,0.0
tuna_2379g,0,26.666666666666668,2379.7,3.0,57.25,1.7576388888888885,33.7,78.1,843.0,14.15,2351.4,2351.15,28.299999999999727,0.011892255326301521,0.0
tuna_2379g,0,26.583333333333336,2379.7,3.0833333333333335,64.0,1.8465277777777773,33.7,78.1,838.0,14.23,2349.2000000000003,2350.7,30.499999999999545,0.012816741606084611,0.0
tuna_2379g,0,26.5,2379.7,3.1666666666666665,71.0,1.9451388888888885,33.8,77.9,837.0,14.32,2349.3,2350.05,30.399999999999636,0.012774719502458141,0.0
tuna_2379g,0,26.416666666666668,2379.7,3.25,79.25,2.055208333333333,33.9,77.8,838.0,14.02,2349.0,2349.45,30.699999999999818,0.01290078581333774,0.0
tuna_2379g,0,26.333333333333336,2379.7,3.3333333333333335,86.75,2.175694444444444,34.0,77.7,831.0,14.36,2348.6,2349.25,31.09999999999991,0.01306887422784381,-1.1999999999989064
tuna_2379g,0,26.25,2379.7,3.4166666666666665,95.25,2.3079861111111106,34.0,77.5,831.0,14.42,2350.5,2349.1000000000004,29.199999999999818,0.012270454258940126,-2.0999999999967267
tuna_2379g,0,26.166666666666668,2379.7,3.5,104.75,2.4534722222222216,34.0,77.2,830.0,14.49,2349.6,2349.0,30.09999999999991,0.012648653191578733,-2.0999999999967267
tuna_2379g,0,26.083333333333336,2379.7,3.5833333333333335,114.0,2.611805555555555,34.1,77.0,824.0,14.71,2348.9,2348.95,30.799999999999727,0.01294280791696421,-2.0999999999967267
tuna_2379g,0,26.0,2379.7,3.6666666666666665,123.75,2.783680555555555,34.2,76.9,827.0,14.51,2346.1,2348.75,33.59999999999991,0.014119426818506498,-2.3999999999978128
tuna_2379g,0,25.916666666666668,2379.7,3.75,133.0,2.968402777777777,34.3,76.7,830.0,14.6,2349.0,2347.35,30.699999999999818,0.01290078581333774,-2.399999999997819
tuna_2379g,0,25.833333333333336,2379.7,3.8333333333333335,141.5,3.164930555555555,34.4,76.6,897.0,14.42,2345.7000000000003,2345.9,33.999999999999545,0.014287515233012374,-3.8999999999978163
tuna_2379g,0,25.75,2379.7,3.9166666666666665,150.75,3.374305555555555,34.4,76.5,822.0,14.62,2344.2000000000003,2345.0,35.499999999999545,0.014917846787409988,-5.400000000000536
tuna_2379g,0,25.666666666666668,2379.7,4.0,160.25,3.5968749999999994,34.6,76.4,823.0,14.58,2344.0,2344.25,35.69999999999982,0.015001890994663118,-5.400000000003264
tuna_2379g,0,25.583333333333336,2379.7,4.083333333333333,169.5,3.832291666666666,34.7,76.3,819.0,14.6,2342.3,2344.1000000000004,37.399999999999636,0.01571626675631367,-5.400000000003264
tuna_2379g,0,25.5,2379.7,4.166666666666667,178.25,4.079861111111111,34.8,76.2,819.0,14.71,2344.3,2343.95,35.399999999999636,0.014875824683783519,-5.400000000003264
tuna_2379g,0,25.416666666666668,2379.7,4.25,186.5,4.338888888888889,34.9,76.0,819.0,14.49,2342.7000000000003,2343.3,36.999999999999545,0.0155481783418076,-5.400000000003264
tuna_2379g,0,25.333333333333336,2379.7,4.333333333333333,194.25,4.608680555555555,35.1,75.5,819.0,14.6,2343.9,2342.5,35.79999999999973,0.015043913098289587,-6.300000000003809
tuna_2379g,0,25.25,2379.7,4.416666666666667,202.75,4.8902777777777775,35.2,75.4,821.0,14.6,2340.8,2341.8,38.899999999999636,0.016346598310711283,-7.500000000000007
tuna_2379g,0,25.166666666666668,2379.7,4.5,210.5,5.182638888888889,35.4,75.3,821.0,14.71,2341.3,2341.05,38.399999999999636,0.016136487792578744,-7.799999999995662
tuna_2379g,0,25.083333333333336,2379.7,4.583333333333333,218.25,5.485763888888888,35.6,75.1,822.0,14.67,2338.3,2340.4,41.399999999999636,0.017397150901373972,-7.79999999999839
tuna_2379g,0,25.0,2379.7,4.666666666666667,225.75,5.799305555555555,35.8,75.0,825.0,14.67,2340.0,2339.15,39.69999999999982,0.01668277513972342,-7.79999999999839
tuna_2379g,0,24.916666666666668,2379.7,4.75,232.75,6.122569444444443,35.9,74.8,817.0,14.71,2337.5,2337.9,42.19999999999982,0.01773332773038611,-7.79999999999839
tuna_2379g,0,24.833333333333336,2379.7,4.833333333333333,240.0,6.455902777777776,36.1,74.4,816.0,14.73,2335.4,2336.5,44.29999999999973,0.01861579190654273,-7.79999999999839
tuna_2379g,0,24.75,2379.7,4.916666666666667,247.25,6.799305555555554,36.3,74.3,818.0,14.8,2335.5,2335.45,44.19999999999982,0.018573769802916258,-7.79999999999839
tuna_2379g,0,24.666666666666668,2379.7,5.0,253.25,7.151041666666665,36.5,74.1,822.0,14.67,2334.9,2335.15,44.79999999999973,0.018825902424675266,-7.79999999999839
tuna_2379g,0,24.583333333333336,2379.7,5.083333333333333,259.5,7.511458333333332,36.7,73.9,821.0,14.62,2333.8,2334.3500000000004,45.899999999999636,0.01928814556456681,-8.099999999999438
tuna_2379g,0,24.5,2379.7,5.166666666666667,265.25,7.87986111111111,37.0,73.3,822.0,14.67,2330.5,2333.8,49.19999999999982,0.020674874984241635,-8.099999999999438
tuna_2379g,0,24.416666666666668,2379.7,5.25,271.25,8.25659722222222,37.2,73.2,817.0,14.73,2333.8,2332.75,45.899999999999636,0.01928814556456681,-8.69999999999887
tuna_2379g,0,24.333333333333336,2379.7,5.333333333333333,277.5,8.642013888888886,37.4,72.9,816.0,14.73,2331.7000000000003,2331.55,47.999999999999545,0.02017060974072343,-9.000000000000007
tuna_2379g,0,24.25,2379.7,5.416666666666667,283.25,9.035416666666665,37.7,72.7,795.0,14.6,2331.4,2330.95,48.29999999999973,0.02029667605160303,-9.000000000000007
tuna_2379g,0,24.166666666666668,2379.7,5.5,288.0,9.435416666666665,37.9,72.4,822.0,14.58,2327.6,2329.05,52.09999999999991,0.021893515989410393,-9.299999999998395
tuna_2379g,0,24.083333333333336,2379.7,5.583333333333333,293.25,9.842708333333333,38.2,71.8,823.0,14.62,2327.5,2327.55,52.19999999999982,0.021935538093036864,-9.599999999999488
tuna_2379g,0,24.0,2379.7,5.666666666666667,297.75,10.25625,38.5,71.4,823.0,14.67,2327.5,2327.5,52.19999999999982,0.021935538093036864,-9.599999999999488
tuna_2379g,0,23.916666666666668,2379.7,5.75,302.5,10.676388888888889,38.9,71.0,823.0,14.67,2325.1,2326.3,54.59999999999991,0.02294406858007308,-9.599999999999488
tuna_2379g,0,23.833333333333336,2379.7,5.833333333333333,306.75,11.102430555555555,39.1,70.1,823.0,14.51,2324.3,2324.95,55.399999999999636,0.023280245409085028,-9.599999999999488
tuna_2379g,0,23.75,2379.7,5.916666666666667,311.0,11.534375,39.4,69.8,814.0,14.62,2324.2000000000003,2324.55,55.499999999999545,0.023322267512711495,-9.299999999998395
tuna_2379g,0,23.666666666666668,2379.7,6.0,315.0,11.971875,39.7,69.6,818.0,14.67,2324.8,2324.25,54.899999999999636,0.02307013489095249,-9.299999999998395
tuna_2379g,0,23.583333333333336,2379.7,6.083333333333333,319.25,12.415277777777778,40.0,69.1,819.0,14.62,2323.7000000000003,2323.9500000000003,55.999999999999545,0.023532378030844035,-9.299999999998395
tuna_2379g,0,23.5,2379.7,6.166666666666667,322.75,12.863541666666666,40.3,68.8,821.0,14.62,2320.6,2322.15,59.09999999999991,0.024835063243265922,-9.599999999999488
tuna_2379g,0,23.416666666666668,2379.7,6.25,326.5,13.317013888888889,40.7,68.5,782.0,14.62,2318.9,2320.1,60.79999999999973,0.025549439004916474,-11.100000000002154
tuna_2379g,0,23.333333333333336,2379.7,6.333333333333333,329.75,13.775,41.0,68.2,823.0,14.62,2319.6,2319.25,60.09999999999991,0.025255284279531,-11.400000000000519
tuna_2379g,0,23.25,2379.7,6.416666666666667,332.5,14.236805555555556,41.3,67.6,823.0,14.67,2317.1,2318.4,62.59999999999991,0.026305836870193687,-11.400000000000519
tuna_2379g,0,23.166666666666668,2379.7,6.5,336.0,14.703472222222222,41.6,67.2,822.0,14.58,2317.9,2317.5,61.79999999999973,0.02596966004118155,-11.700000000001612
tuna_2379g,0,23.083333333333336,2379.7,6.583333333333333,339.0,15.174305555555556,42.0,66.4,822.0,14.53,2317.0,2317.05,62.69999999999982,0.026347858973820155,-11.700000000001612
tuna_2379g,0,23.0,2379.7,6.666666666666667,341.5,15.648611111111112,42.4,65.8,819.0,14.6,2315.1,2316.25,64.59999999999991,0.027146278942723836,-10.500000000000037
tuna_2379g,0,22.916666666666668,2379.7,6.75,344.25,16.12673611111111,42.7,65.2,816.0,14.6,2315.5,2315.3,64.19999999999982,0.026978190528217767,-10.500000000000037
tuna_2379g,0,22.833333333333336,2379.7,6.833333333333333,346.75,16.608333333333334,43.0,64.4,816.0,14.73,2313.2000000000003,2314.4,66.49999999999955,0.027944698911627326,-10.500000000000037
tuna_2379g,0,22.75,2379.7,6.916666666666667,349.0,17.093055555555555,43.4,63.6,816.0,14.76,2313.2000000000003,2313.4500000000003,66.49999999999955,0.027944698911627326,-10.500000000000037
tuna_2379g,0,22.666666666666668,2379.7,7.0,350.75,17.58020833333333,43.7,62.7,807.0,14.73,2313.7000000000003,2313.2000000000003,65.99999999999955,0.02773458839349479,-10.500000000000037
tuna_2379g,0,22.583333333333336,2379.7,7.083333333333333,353.25,18.070833333333333,44.1,61.4,817.0,14.73,2309.3,2312.8,70.39999999999964,0.02958356095306116,-10.500000000000037
tuna_2379g,0,22.5,2379.7,7.166666666666667,354.75,18.563541666666666,44.6,60.3,815.0,14.76,2312.4,2310.8500000000004,67.29999999999973,0.028280875740639463,-10.80000000000113
tuna_2379g,0,22.416666666666668,2379.7,7.25,357.25,19.05972222222222,45.0,59.5,816.0,14.83,2309.3,2309.3,70.39999999999964,0.02958356095306116,-10.80000000000113
tuna_2379g,0,22.333333333333336,2379.7,7.333333333333333,358.25,19.557291666666664,45.2,58.8,813.0,14.78,2307.3,2308.45,72.39999999999964,0.030424003025591312,-10.500000000002766
tuna_2379g,0,22.25,2379.7,7.416666666666667,360.25,20.057638888888885,45.6,58.0,809.0,14.89,2306.3,2307.45,73.39999999999964,0.030844224061856385,-10.80000000000113
tuna_2379g,0,22.166666666666668,2379.7,7.5,362.0,20.56041666666666,46.0,57.1,813.0,14.87,2307.6,2306.8,72.09999999999991,0.030297936714711902,-10.500000000002766
tuna_2379g,0,22.083333333333336,2379.7,7.583333333333333,363.5,21.065277777777773,46.4,56.1,813.0,14.85,2306.0,2306.15,73.69999999999982,0.030970290372735985,-10.200000000001673
tuna_2379g,0,22.0,2379.7,7.666666666666667,365.25,21.57256944444444,46.8,55.2,811.0,14.85,2305.1,2305.55,74.59999999999991,0.031348489305374594,-10.200000000001673
tuna_2379g,0,21.916666666666668,2379.7,7.75,366.25,22.081249999999997,47.2,54.0,814.0,14.85,2303.8,2304.9,75.89999999999964,0.03189477665251907,-10.19999999999889
tuna_2379g,0,21.833333333333336,2379.7,7.833333333333333,367.5,22.591666666666665,47.5,53.2,810.0,14.73,2303.8,2304.25,75.89999999999964,0.03189477665251907,-9.900000000000475
tuna_2379g,0,21.75,2379.7,7.916666666666667,368.5,23.10347222222222,48.0,52.1,784.0,14.85,2304.7000000000003,2303.8,74.99999999999955,0.03151657771988047,-9.900000000000475
tuna_2379g,0,21.666666666666668,2379.7,8.0,370.25,23.61770833333333,48.4,50.7,838.0,14.73,2300.5,2302.8500000000004,79.19999999999982,0.0332815060721939,-10.19999999999889
tuna_2379g,0,21.583333333333336,2379.7,8.083333333333334,371.5,24.13368055555555,48.8,49.6,816.0,14.56,2301.9,2301.5,77.79999999999973,0.032693196621422754,-10.200000000001673
tuna_2379g,0,21.5,2379.7,8.166666666666666,373.0,24.651736111111106,49.1,48.5,814.0,14.8,2301.1,2300.8,78.59999999999991,0.03302937345043489,-10.19999999999889
tuna_2379g,0,21.416666666666668,2379.7,8.25,374.25,25.171527777777772,49.5,47.8,807.0,14.85,2299.5,2300.05,80.19999999999982,0.03370172710845898,-9.900000000000475
tuna_2379g,0,21.333333333333336,2379.7,8.333333333333334,374.5,25.691666666666663,49.9,46.8,811.0,14.87,2299.6,2299.55,80.09999999999991,0.03365970500483251,-9.300000000001026
tuna_2379g,0,21.25,2379.7,8.416666666666666,375.5,26.21319444444444,50.3,45.7,816.0,14.78,2296.5,2298.4,83.19999999999982,0.034962390217254204,-9.300000000001026
tuna_2379g,0,21.166666666666668,2379.7,8.5,376.5,26.736111111111107,50.8,44.6,816.0,14.73,2296.4,2296.9,83.29999999999973,0.03500441232088067,-9.300000000001026
tuna_2379g,0,21.083333333333336,2379.7,8.583333333333334,378.0,27.261111111111106,51.1,43.8,822.0,14.78,2297.3,2296.45,82.39999999999964,0.034626213388242066,-9.300000000001026
tuna_2379g,0,21.0,2379.7,8.666666666666666,379.25,27.78784722222222,51.6,42.8,827.0,14.73,2293.2000000000003,2295.4,86.49999999999955,0.036349119636928835,-9.600000000002169
tuna_2379g,0,20.916666666666668,2379.7,8.75,379.25,28.31458333333333,52.0,42.1,797.0,15.49,2294.4,2293.95,85.29999999999973,0.03584485439341082,-9.600000000002169
tuna_2379g,0,20.833333333333336,2379.7,8.833333333333334,379.5,28.841666666666665,52.3,41.3,815.0,14.76,2293.5,2293.3500000000004,86.19999999999982,0.03622305332604943,-8.699999999998937
tuna_2379g,0,20.75,2379.7,8.916666666666666,380.25,29.369791666666664,52.7,40.4,816.0,14.73,2292.4,2292.8,87.29999999999973,0.03668529646594097,-8.099999999999527
tuna_2379g,0,20.666666666666668,2379.7,9.0,381.25,29.899305555555554,53.0,39.6,818.0,14.73,2292.2000000000003,2292.3,87.49999999999955,0.036769340673193915,-8.099999999999527
tuna_2379g,0,20.583333333333336,2379.7,9.083333333333334,382.25,30.430208333333333,53.5,38.6,817.0,14.62,2290.7000000000003,2292.2000000000003,88.99999999999955,0.037399672227591524,-8.099999999999527
tuna_2379g,0,20.5,2379.7,9.166666666666666,383.0,30.962152777777778,53.9,37.5,816.0,14.73,2290.6,2291.65,89.09999999999991,0.03744169433121818,-7.800000000001119
tuna_2379g,0,20.416666666666668,2379.7,9.25,383.0,31.494097222222223,54.2,36.9,810.0,14.85,2291.1,2290.9,88.59999999999991,0.037231583813085646,-7.800000000001119
tuna_2379g,0,20.333333333333336,2379.7,9.333333333333334,384.0,32.027430555555554,54.7,35.9,813.0,14.94,2292.2000000000003,2290.65,87.49999999999955,0.036769340673193915,-7.800000000001119
tuna_2379g,0,20.25,2379.7,9.416666666666666,384.25,32.56111111111111,55.0,35.2,811.0,14.73,2287.6,2290.25,92.09999999999991,0.038702357440013414,-7.79999999999839
tuna_2379g,0,20.166666666666668,2379.7,9.5,385.0,33.09583333333333,55.5,34.4,814.0,14.8,2289.9,2289.3500000000004,89.79999999999973,0.03773584905660366,-7.800000000001119
tuna_2379g,0,20.083333333333336,2379.7,9.583333333333334,385.0,33.63055555555555,55.9,33.6,810.0,14.94,2288.8,2288.55,90.89999999999964,0.038198092196495205,-7.800000000001119
tuna_2379g,0,20.0,2379.7,9.666666666666666,385.5,34.16597222222222,56.2,32.9,804.0,14.99,2285.0,2287.95,94.69999999999982,0.03979493213430257,-7.800000000001119
tuna_2379g,0,19.916666666666668,2379.7,9.75,386.5,34.702777777777776,56.6,32.4,802.0,15.06,2288.3,2287.6,91.39999999999964,0.03840820271462774,-7.500000000002793
tuna_2379g,0,19.833333333333336,2379.7,9.833333333333334,386.75,35.23993055555555,57.1,31.7,807.0,15.06,2287.2000000000003,2287.4,92.49999999999955,0.03887044585451929,-7.1999999999989335
tuna_2379g,0,19.75,2379.7,9.916666666666666,387.5,35.778124999999996,57.3,31.3,805.0,15.03,2287.6,2286.6000000000004,92.09999999999991,0.038702357440013414,-7.8000000000012015
tuna_2379g,0,19.666666666666668,2379.7,10.0,388.0,36.31701388888889,57.7,30.7,798.0,15.17,2286.0,2285.5,93.69999999999982,0.039374711098037495,-7.8000000000012015
tuna_2379g,0,19.583333333333336,2379.7,10.083333333333334,388.75,36.856944444444444,58.0,30.3,795.0,15.24,2284.2000000000003,2285.0,95.49999999999955,0.04013110896331452,-7.1999999999989335
tuna_2379g,0,19.5,2379.7,10.166666666666666,388.75,37.396875,58.4,29.9,806.0,15.03,2285.0,2284.7,94.69999999999982,0.03979493213430257,-6.8999999999978385
tuna_2379g,0,19.416666666666668,2379.7,10.25,389.75,37.93819444444445,58.8,28.5,799.0,15.03,2283.4,2284.3,96.29999999999973,0.040467285792326654,-6.600000000002277
tuna_2379g,0,19.333333333333336,2379.7,10.333333333333334,389.75,38.479513888888896,59.1,27.5,796.0,15.27,2280.6,2283.8,99.09999999999991,0.04164390469386894,-6.600000000002277
tuna_2379g,0,19.25,2379.7,10.416666666666666,389.5,39.02048611111112,59.6,26.2,797.0,15.2,2284.4,2283.2,95.29999999999973,0.040047064756061575,-6.600000000002277
tuna_2379g,0,19.166666666666668,2379.7,10.5,390.25,39.56250000000001,60.0,25.0,795.0,15.22,2282.0,2282.5,97.69999999999982,0.0410555952430978,-6.600000000002277
tuna_2379g,0,19.083333333333336,2379.7,10.583333333333334,390.75,40.10520833333334,60.3,24.3,791.0,15.13,2283.0,2281.3,96.69999999999982,0.04063537420683272,-6.8999999999978385
tuna_2379g,0,19.0,2379.7,10.666666666666666,390.75,40.64791666666667,60.6,23.4,793.0,15.36,2280.5,2280.55,99.19999999999982,0.04168592679749541,-6.8999999999978385
tuna_2379g,0,18.916666666666668,2379.7,10.75,392.25,41.192708333333336,61.1,22.4,787.0,15.36,2280.1,2280.3,99.59999999999991,0.04185401521200148,-6.600000000002277
tuna_2379g,0,18.833333333333336,2379.7,10.833333333333334,392.25,41.737500000000004,61.3,21.7,787.0,15.36,2279.5,2279.8,100.19999999999982,0.04210614783376049,-6.300000000001117
tuna_2379g,0,18.75,2379.7,10.916666666666666,391.75,42.281597222222224,61.7,20.9,785.0,15.46,2278.5,2279.0,101.19999999999982,0.04252636887002556,-6.300000000001117
tuna_2379g,0,18.666666666666668,2379.7,11.0,392.5,42.82673611111111,62.2,20.2,784.0,15.39,2277.7000000000003,2278.1000000000004,101.99999999999955,0.0428625456990375,-6.900000000003372
tuna_2379g,0,18.583333333333336,2379.7,11.083333333333334,393.0,43.372569444444444,62.6,19.1,785.0,15.49,2276.4,2277.5,103.29999999999973,0.043408833046182184,-7.20000000000439
tuna_2379g,0,18.5,2379.7,11.166666666666666,394.0,43.91979166666667,63.0,18.0,778.0,15.71,2277.3,2276.8500000000004,102.39999999999964,0.043030634113543575,-7.200000000004468
tuna_2379g,0,18.416666666666668,2379.7,11.25,393.75,44.46666666666667,63.2,17.1,783.0,15.46,2275.5,2276.05,104.19999999999982,0.043787031978820785,-7.200000000004468
tuna_2379g,0,18.333333333333336,2379.7,11.333333333333334,395.25,45.015625,63.6,16.0,784.0,15.44,2275.7000000000003,2275.6000000000004,103.99999999999955,0.043702987771567656,-7.200000000004468
tuna_2379g,0,18.25,2379.7,11.416666666666666,395.0,45.564236111111114,64.0,15.0,783.0,15.56,2275.2000000000003,2275.3500000000004,104.49999999999955,0.04391309828970019,-7.200000000004468
tuna_2379g,0,18.166666666666668,2379.7,11.5,395.5,46.11354166666667,64.4,14.0,784.0,15.51,2274.2000000000003,2275.1000000000004,105.49999999999955,0.04433331932596527,-7.20000000000439
tuna_2379g,0,18.083333333333336,2379.7,11.583333333333334,395.25,46.6625,64.8,13.1,784.0,15.51,2275.0,2274.6000000000004,104.69999999999982,0.04399714249695332,-6.600000000002136
tuna_2379g,0,18.0,2379.7,11.666666666666666,396.5,47.21319444444445,65.2,12.9,782.0,15.49,2273.8,2274.1000000000004,105.89999999999964,0.04450140774047134,-6.000000000000021
tuna_2379g,0,17.916666666666668,2379.7,11.75,396.25,47.76354166666667,65.5,12.1,784.0,15.49,2273.8,2273.9,105.89999999999964,0.04450140774047134,-6.000000000000021
tuna_2379g,0,17.833333333333336,2379.7,11.833333333333334,396.5,48.314236111111114,65.9,11.5,779.0,15.61,2274.0,2273.8,105.69999999999982,0.0444173635332184,-6.000000000000021
tuna_2379g,0,17.75,2379.7,11.916666666666666,396.5,48.86493055555556,66.3,11.2,779.0,16.43,2273.0,2273.75,106.69999999999982,0.044837584569483474,-5.999999999999957
tuna_2379g,0,17.666666666666668,2379.7,12.0,396.5,49.415625000000006,66.7,10.7,784.0,15.49,2272.9,2273.4,106.79999999999973,0.044879606673109945,-5.999999999999957
tuna_2379g,0,17.583333333333336,2379.7,12.083333333333334,397.5,49.96770833333334,67.0,10.5,784.0,15.63,2273.1,2273.05,106.59999999999991,0.044795562465857,-5.999999999999957
tuna_2379g,0,17.5,2379.7,12.166666666666666,397.5,50.51979166666668,67.4,10.1,775.0,15.71,2273.7000000000003,2273.05,105.99999999999955,0.04454342984409781,-5.999999999999957
tuna_2379g,0,17.416666666666668,2379.7,12.25,397.75,51.07222222222223,67.9,9.4,709.0,15.71,2271.7000000000003,2273.05,107.99999999999955,0.04538387191662796,-5.999999999999957
tuna_2379g,0,17.333333333333336,2379.7,12.333333333333334,398.0,51.62500000000001,68.2,9.4,777.0,15.58,2272.5,2273.05,107.19999999999982,0.04504769508761601,-5.699999999998868
tuna_2379g,0,17.25,2379.7,12.416666666666666,398.0,52.177777777777784,68.5,9.1,784.0,15.49,2272.2000000000003,2272.95,107.49999999999955,0.045173761398495424,-4.799999999998329
tuna_2379g,0,17.166666666666668,2379.7,12.5,397.5,52.72986111111112,68.9,8.8,784.0,15.49,2272.6,2272.75,107.09999999999991,0.045005672983989546,-4.199999999998878
tuna_2379g,0,17.083333333333336,2379.7,12.583333333333334,398.5,53.283333333333346,69.1,8.6,784.0,15.49,2274.5,2272.6,105.19999999999982,0.044207253015085865,-3.5999999999994605
tuna_2379g,0,17.0,2379.7,12.666666666666666,398.25,53.83645833333335,69.3,8.6,774.0,15.76,2274.0,2272.55,105.69999999999982,0.0444173635332184,-3.0000000000000107
tuna_2379g,0,16.916666666666668,2379.7,12.75,398.5,54.38993055555557,69.8,8.3,778.0,15.83,2273.9,2272.45,105.79999999999973,0.04445938563684487,-3.0000000000000107
tuna_2379g,0,16.833333333333336,2379.7,12.833333333333334,398.75,54.943750000000016,70.1,8.5,756.0,15.49,2272.4,2272.45,107.29999999999973,0.04508971719124248,-2.700000000001618
tuna_2379g,0,16.75,2379.7,12.916666666666666,399.0,55.49791666666668,70.5,8.3,786.0,15.58,2272.6,2272.4,107.09999999999991,0.045005672983989546,-2.400000000000529
tuna_2379g,0,16.666666666666668,2379.7,13.0,399.25,56.052430555555574,70.9,8.1,768.0,15.86,2272.4,2272.4,107.29999999999973,0.04508971719124248,-2.099999999999439
tuna_2379g,0,16.583333333333336,2379.7,13.083333333333334,399.0,56.60659722222224,71.1,8.3,769.0,15.76,2272.4,2272.4,107.29999999999973,0.04508971719124248,-1.5000000000027307
tuna_2379g,0,16.5,2379.7,13.166666666666666,399.25,57.16111111111113,71.4,8.2,779.0,15.63,2271.1,2271.9,108.59999999999991,0.045636004538387155,-1.5000000000027307
tuna_2379g,0,16.416666666666668,2379.7,13.25,399.25,57.715625000000024,71.6,8.0,779.0,15.56,2271.1,2271.25,108.59999999999991,0.045636004538387155,-1.5000000000027307
tuna_2379g,0,16.333333333333336,2379.7,13.333333333333334,399.75,58.27083333333336,71.9,7.8,784.0,15.49,2270.4,2271.1,109.29999999999973,0.045930159263772634,-1.5000000000027307
tuna_2379g,0,16.25,2379.7,13.416666666666666,400.75,58.82743055555558,72.3,8.0,784.0,15.53,2271.4,2271.05,108.29999999999973,0.04550993822750756,-1.20000000000437
tuna_2379g,0,16.166666666666668,2379.7,13.5,401.5,59.38506944444447,72.6,7.9,784.0,15.49,2269.6,2271.0,110.09999999999991,0.04626633609278477,-1.2000000000016287
tuna_2379g,0,16.083333333333336,2379.7,13.583333333333334,401.75,59.94305555555558,72.9,7.9,793.0,15.29,2271.0,2270.7,108.69999999999982,0.045678026642013626,-1.2000000000016287
tuna_2379g,0,16.0,2379.7,13.666666666666666,402.0,60.50138888888891,73.2,8.1,791.0,14.8,2271.0,2270.0,108.69999999999982,0.045678026642013626,-1.2000000000016287
tuna_2379g,0,15.916666666666668,2379.7,13.75,402.0,61.05972222222224,73.5,8.0,794.0,15.34,2269.1,2269.45,110.59999999999991,0.04647644661091731,-1.2000000000016287
tuna_2379g,0,15.833333333333334,2379.7,13.833333333333334,402.0,61.61805555555557,73.8,7.9,795.0,15.32,2269.1,2269.2,110.59999999999991,0.04647644661091731,-1.20000000000437
tuna_2379g,0,15.750000000000002,2379.7,13.916666666666666,402.5,62.17708333333335,74.1,8.1,789.0,15.27,2268.7000000000003,2269.1,110.99999999999955,0.046644535025423185,-1.20000000000437
tuna_2379g,0,15.666666666666668,2379.7,14.0,403.25,62.737152777777794,74.4,8.0,778.0,15.22,2269.3,2269.05,110.39999999999964,0.04639240240366418,-1.2000000000016415
tuna_2379g,0,15.583333333333334,2379.7,14.083333333333334,403.5,63.29756944444446,74.6,7.9,799.0,15.1,2268.8,2268.9,110.89999999999964,0.046602512921796714,-1.2000000000016415
tuna_2379g,0,15.500000000000002,2379.7,14.166666666666666,403.75,63.85833333333335,74.9,7.9,810.0,14.83,2269.0,2268.75,110.69999999999982,0.04651846871454378,-1.20000000000437
tuna_2379g,0,15.416666666666668,2379.7,14.25,404.0,64.41944444444447,75.3,8.2,814.0,14.76,2268.0,2268.55,111.69999999999982,0.04693868975080885,-1.5000000000027307
tuna_2379g,0,15.333333333333334,2379.7,14.333333333333334,404.25,64.9809027777778,75.7,8.1,823.0,14.53,2267.9,2268.2,111.79999999999973,0.04698071185443532,-1.8000000000010785
tuna_2379g,0,15.250000000000002,2379.7,14.416666666666666,404.75,65.54305555555558,76.1,8.1,827.0,14.58,2266.3,2267.95,113.39999999999964,0.0476530655124594,-1.8000000000010785
tuna_2379g,0,15.166666666666668,2379.7,14.5,404.25,66.10451388888892,76.3,8.3,833.0,14.15,2268.4,2267.55,111.29999999999973,0.046770601336302786,-1.8000000000010785
tuna_2379g,0,15.083333333333334,2379.7,14.583333333333334,404.5,66.66631944444447,76.5,8.3,831.0,14.4,2267.0,2267.1000000000004,112.69999999999982,0.04735891078707393,-1.8000000000010976
tuna_2379g,0,15.000000000000002,2379.7,14.666666666666666,405.0,67.22881944444447,76.8,8.2,833.0,14.36,2266.3,2266.8,113.39999999999964,0.0476530655124594,-2.0999999999994587
tuna_2379g,0,14.916666666666668,2379.7,14.75,405.5,67.79201388888892,77.0,8.5,843.0,14.15,2266.6,2266.45,113.09999999999991,0.047526999201579996,-2.6999999999988895
tuna_2379g,0,14.833333333333334,2379.7,14.833333333333334,405.25,68.35486111111113,77.2,8.4,839.0,14.1,2267.2000000000003,2266.3,112.49999999999955,0.0472748665798208,-2.6999999999988895
tuna_2379g,0,14.750000000000002,2379.7,14.916666666666666,405.5,68.91805555555558,77.5,8.4,841.0,14.25,2266.2000000000003,2266.25,113.49999999999955,0.047695087616085874,-2.6999999999988895
tuna_2379g,0,14.666666666666668,2379.7,15.0,405.5,69.48125000000003,77.7,8.4,833.0,14.36,2265.7000000000003,2265.9500000000003,113.99999999999955,0.04790519813421841,-3.0000000000000107
tuna_2379g,0,14.583333333333334,2379.7,15.083333333333334,406.25,70.04548611111115,77.9,8.3,846.0,13.98,2265.7000000000003,2265.7000000000003,113.99999999999955,0.04790519813421841,-3.0000000000000107
tuna_2379g,0,14.500000000000002,2379.7,15.166666666666666,406.25,70.60972222222226,78.2,8.8,848.0,14.06,2265.6,2265.65,114.09999999999991,0.04794722023784507,-2.9999999999999787
tuna_2379g,0,14.416666666666668,2379.7,15.25,406.0,71.17361111111114,78.6,8.8,838.0,14.23,2265.5,2265.55,114.19999999999982,0.04798924234147154,-2.6999999999988895
tuna_2379g,0,14.333333333333334,2379.7,15.333333333333334,406.5,71.73819444444447,78.9,8.7,846.0,14.04,2265.0,2265.45,114.69999999999982,0.048199352859604076,-2.6999999999988895
tuna_2379g,0,14.250000000000002,2379.7,15.416666666666666,407.0,72.30347222222225,79.1,9.0,854.0,13.9,2265.4,2265.2,114.29999999999973,0.04803126444509801,-2.9999999999999787
tuna_2379g,0,14.166666666666668,2379.7,15.5,406.75,72.8684027777778,79.4,8.9,854.0,13.98,2264.9,2264.95,114.79999999999973,0.04824137496323055,-2.9999999999999787
tuna_2379g,0,14.083333333333334,2379.7,15.583333333333334,406.75,73.43333333333335,79.7,8.9,847.0,14.94,2264.5,2264.7,115.19999999999982,0.04840946337773662,-2.9999999999999787
tuna_2379g,0,14.000000000000002,2379.7,15.666666666666666,407.25,73.99895833333335,80.0,8.9,846.0,14.04,2264.3,2264.4,115.39999999999964,0.048493507584989555,-2.9999999999999787
tuna_2379g,0,13.916666666666668,2379.7,15.75,407.0,74.56423611111113,80.1,9.2,855.0,13.94,2263.2000000000003,2264.15,116.49999999999955,0.0489557507248811,-2.9999999999999787
tuna_2379g,0,13.833333333333334,2379.7,15.833333333333334,407.0,75.12951388888891,80.3,9.2,848.0,14.04,2264.0,2263.6000000000004,115.69999999999982,0.048619573895869156,-2.9999999999999787
tuna_2379g,0,13.750000000000002,2379.7,15.916666666666666,407.5,75.69548611111114,80.5,9.2,855.0,13.96,2263.0,2263.1000000000004,116.69999999999982,0.04903979493213423,-2.9999999999999787
tuna_2379g,0,13.666666666666668,2379.7,16.0,407.0,76.26076388888892,80.7,9.2,848.0,14.02,2262.8,2262.9,116.89999999999964,0.04912383913938717,-2.9999999999999787
tuna_2379g,0,13.583333333333336,2379.7,16.083333333333332,407.75,76.82708333333336,80.9,9.2,862.0,13.9,2262.4,2262.8,117.29999999999973,0.049291927553893236,-2.9999999999999787
tuna_2379g,0,13.5,2379.7,16.166666666666668,407.0,77.39236111111114,81.1,9.4,861.0,13.71,2262.6,2262.7,117.09999999999991,0.0492078833466403,-2.9999999999999787
tuna_2379g,0,13.416666666666668,2379.7,16.25,407.75,77.95868055555559,81.4,9.4,849.0,14.02,2262.0,2262.5,117.69999999999982,0.04946001596839931,-2.9999999999999787
tuna_2379g,0,13.333333333333336,2379.7,16.333333333333332,408.0,78.52534722222225,81.7,9.4,859.0,13.87,2261.9,2262.2,117.79999999999973,0.04950203807202577,-2.9999999999999787
tuna_2379g,0,13.25,2379.7,16.416666666666668,407.25,79.09097222222225,82.0,9.4,821.0,14.04,2261.6,2261.95,118.09999999999991,0.04962810438290537,-2.9999999999999787
tuna_2379g,0,13.166666666666668,2379.7,16.5,408.0,79.65763888888891,82.0,9.6,851.0,13.85,2262.8,2261.95,116.89999999999964,0.04912383913938717,-2.9999999999999787
tuna_2379g,0,13.083333333333336,2379.7,16.583333333333332,408.25,80.2246527777778,82.3,9.6,835.0,14.15,2261.7000000000003,2261.95,117.99999999999955,0.049586082279278715,-2.9999999999999467
tuna_2379g,0,13.0,2379.7,16.666666666666668,407.75,80.79097222222225,82.6,9.6,839.0,14.29,2261.9,2261.9,117.79999999999973,0.04950203807202577,-2.700000000001586
tuna_2379g,0,12.916666666666668,2379.7,16.75,407.75,81.3572916666667,82.9,9.6,847.0,14.1,2261.1,2261.8,118.59999999999991,0.04983821490103791,-2.4000000000005546
tuna_2379g,0,12.833333333333336,2379.7,16.833333333333332,408.5,81.92465277777781,83.1,9.6,842.0,14.19,2261.5,2261.8,118.19999999999982,0.049670126486531845,-2.4000000000005546
tuna_2379g,0,12.75,2379.7,16.916666666666668,408.75,82.49236111111114,83.2,10.0,848.0,14.04,2262.1,2261.8,117.59999999999991,0.04941799386477284,-2.4000000000005546
tuna_2379g,0,12.666666666666668,2379.7,17.0,407.75,83.05868055555558,83.4,10.0,841.0,14.17,2262.4,2261.8,117.29999999999973,0.049291927553893236,-1.8000000000011043
tuna_2379g,0,12.583333333333336,2379.7,17.083333333333332,408.5,83.6260416666667,83.7,9.9,836.0,14.36,2261.2000000000003,2261.6000000000004,118.49999999999955,0.04979619279741125,-1.8000000000011043
tuna_2379g,0,12.5,2379.7,17.166666666666668,408.75,84.19375000000002,83.9,10.0,848.0,14.04,2261.5,2261.5,118.19999999999982,0.049670126486531845,-1.8000000000011043
tuna_2379g,0,12.416666666666668,2379.7,17.25,408.5,84.76111111111113,84.0,10.0,819.0,14.15,2262.3,2261.45,117.39999999999964,0.04933394965751971,-1.8000000000011043
tuna_2379g,0,12.333333333333336,2379.7,17.333333333333332,408.75,85.32881944444446,84.5,10.0,843.0,14.15,2262.4,2261.45,117.29999999999973,0.049291927553893236,-1.8000000000010914
tuna_2379g,0,12.25,2379.7,17.416666666666668,409.25,85.89722222222224,84.9,10.0,839.0,13.94,2260.7000000000003,2261.3500000000004,118.99999999999955,0.05000630331554379,-1.2000000000043314
tuna_2379g,0,12.166666666666668,2379.7,17.5,409.0,86.4652777777778,85.3,10.0,853.0,13.94,2261.4,2261.25,118.29999999999973,0.049712148590158316,-1.2000000000043314
tuna_2379g,0,12.083333333333336,2379.7,17.583333333333332,409.25,87.03368055555558,85.1,10.4,852.0,14.04,2260.4,2261.25,119.29999999999973,0.05013236962642339,-1.2000000000016287
tuna_2379g,0,12.0,2379.7,17.666666666666668,409.75,87.6027777777778,85.3,10.4,866.0,13.73,2261.3,2261.15,118.39999999999964,0.04975417069378478,-1.1999999999989257
tuna_2379g,0,11.916666666666668,2379.7,17.75,409.0,88.17083333333336,85.5,10.4,859.0,13.85,2261.0,2260.95,118.69999999999982,0.04988023700466438,-1.1999999999989257
tuna_2379g,0,11.833333333333336,2379.7,17.833333333333332,409.0,88.73888888888892,85.7,10.4,855.0,13.85,2260.4,2260.9,119.29999999999973,0.05013236962642339,-1.1999999999989002
tuna_2379g,0,11.75,2379.7,17.916666666666668,410.0,89.30833333333337,86.0,10.4,866.0,13.65,2260.9,2260.9,118.79999999999973,0.04992225910829085,-1.199999999996146
tuna_2379g,0,11.666666666666668,2379.7,18.0,409.75,89.87743055555559,86.1,10.4,858.0,13.81,2261.8,2260.9,117.89999999999964,0.049544060175652244,-0.8999999999978043
tuna_2379g,0,11.583333333333336,2379.7,18.083333333333332,410.5,90.44756944444448,86.2,0.0,864.0,13.51,2260.9,2260.65,118.79999999999973,0.04992225910829085,-0.8999999999978043
tuna_2379g,0,11.5,2379.7,18.166666666666668,409.75,91.01666666666671,86.4,0.0,865.0,13.69,2259.6,2260.65,120.09999999999991,0.050468546455435526,-0.5999999999994629
tuna_2379g,0,11.416666666666668,2379.7,18.25,410.25,91.58645833333337,86.6,0.0,880.0,13.32,2259.8,2260.3500000000004,119.89999999999964,0.050384502248182396,-0.5999999999994629
tuna_2379g,0,11.333333333333336,2379.7,18.333333333333332,410.25,92.15625000000003,86.9,0.0,871.0,13.57,2261.1,2260.15,118.59999999999991,0.04983821490103791,-0.5999999999994629
tuna_2379g,0,11.25,2379.7,18.416666666666668,410.0,92.72569444444447,87.1,0.0,880.0,13.4,2260.3,2259.9,119.39999999999964,0.05017439173004986,-0.5999999999994629
tuna_2379g,0,11.166666666666668,2379.7,18.5,411.0,93.29652777777781,87.0,0.0,897.0,13.45,2259.0,2259.7,120.69999999999982,0.05072067907719453,-0.8999999999978043
tuna_2379g,0,11.083333333333336,2379.7,18.583333333333332,410.75,93.86701388888892,87.2,0.0,879.0,13.4,2260.0,2259.45,119.69999999999982,0.050300458040929454,-1.199999999996146
tuna_2379g,0,11.0,2379.7,18.666666666666668,410.75,94.43750000000003,87.4,0.0,880.0,13.4,2259.3,2259.15,120.39999999999964,0.05059461276631493,-1.1999999999989002
tuna_2379g,0,10.916666666666668,2379.7,18.75,411.0,95.00833333333337,87.6,0.0,883.0,13.34,2257.8,2258.9,121.89999999999964,0.05122494432071255,-1.200000000001603
tuna_2379g,0,10.833333333333336,2379.7,18.833333333333332,411.25,95.57951388888893,87.8,0.0,885.0,13.32,2258.8,2258.55,120.89999999999964,0.05080472328444747,-1.2000000000043571
tuna_2379g,0,10.75,2379.7,18.916666666666668,411.0,96.15034722222227,88.0,0.0,883.0,13.75,2257.2000000000003,2258.05,122.49999999999955,0.051477076942471556,-1.8000000000011172
tuna_2379g,0,10.666666666666668,2379.7,19.0,411.0,96.7211805555556,88.1,0.0,879.0,13.42,2257.3,2257.95,122.39999999999964,0.051435054838845085,-1.8000000000011172
tuna_2379g,0,10.583333333333336,2379.7,19.083333333333332,410.75,97.29166666666671,88.3,0.0,879.0,13.4,2258.3,2257.9,121.39999999999964,0.051014833802580005,-1.2000000000043827
tuna_2379g,0,10.5,2379.7,19.166666666666668,411.0,97.86250000000005,88.6,0.0,871.0,13.4,2257.6,2257.8,122.09999999999991,0.05130898852796568,-1.2000000000043827
tuna_2379g,0,10.416666666666668,2379.7,19.25,411.0,98.4333333333334,88.9,0.0,882.0,13.4,2257.4,2257.7,122.29999999999973,0.05139303273521861,-1.2000000000043827
tuna_2379g,0,10.333333333333336,2379.7,19.333333333333332,411.25,99.00451388888895,89.3,0.0,880.0,13.73,2257.8,2257.5,121.89999999999964,0.05122494432071255,-1.8000000000011172
tuna_2379g,0,10.25,2379.7,19.416666666666668,410.75,99.57500000000006,89.0,0.0,878.0,13.42,2258.1,2257.3500000000004,121.59999999999991,0.051098878009833135,-2.0999999999967174
tuna_2379g,0,10.166666666666668,2379.7,19.5,410.75,100.14548611111117,89.1,0.0,879.0,13.49,2258.0,2257.3500000000004,121.69999999999982,0.051140900113459606,-2.0999999999967174
tuna_2379g,0,10.083333333333336,2379.7,19.583333333333332,411.25,100.71666666666673,89.3,0.0,878.0,13.38,2256.1,2257.15,123.59999999999991,0.05193932008236329,-2.40000000000058
tuna_2379g,0,10.0,2379.7,19.666666666666668,412.0,101.28888888888895,89.5,0.0,886.0,13.3,2256.0,2256.65,123.69999999999982,0.05198134218598976,-2.4000000000033084
tuna_2379g,0,9.916666666666668,2379.7,19.75,411.75,101.86076388888895,89.6,0.0,893.0,13.22,2256.4,2256.25,123.29999999999973,0.05181325377148369,-2.4000000000033084
tuna_2379g,0,9.833333333333336,2379.7,19.833333333333332,411.5,102.43229166666673,89.8,0.0,880.0,13.34,2254.0,2256.25,125.69999999999982,0.05282178425851991,-2.4000000000033084
tuna_2379g,0,9.75,2379.7,19.916666666666668,411.5,103.0038194444445,89.9,0.0,877.0,13.4,2256.1,2256.1,123.59999999999991,0.05193932008236329,-2.4000000000033084
tuna_2379g,0,9.666666666666668,2379.7,20.0,412.5,103.57673611111117,90.1,0.0,880.0,13.4,2256.9,2256.1,122.79999999999973,0.05160314325335115,-2.4000000000033084
tuna_2379g,0,9.583333333333336,2379.7,20.083333333333332,412.0,104.1489583333334,90.1,0.0,882.0,13.19,2256.1,2256.05,123.59999999999991,0.05193932008236329,-2.40000000000058
tuna_2379g,0,9.5,2379.7,20.166666666666668,412.25,104.72152777777784,90.4,0.0,880.0,13.4,2255.8,2255.95,123.89999999999964,0.052065386393242694,-2.40000000000058
tuna_2379g,0,9.416666666666668,2379.7,20.25,411.75,105.29340277777784,90.7,0.0,866.0,13.67,2256.7000000000003,2255.8500000000004,122.99999999999955,0.05168718746060409,-2.099999999999446
tuna_2379g,0,9.333333333333336,2379.7,20.333333333333332,412.0,105.86562500000007,91.0,0.0,862.0,13.73,2255.6,2255.8,124.09999999999991,0.05214943060049582,-1.7999999999983118
tuna_2379g,0,9.25,2379.7,20.416666666666668,412.75,106.43888888888895,91.3,0.0,858.0,13.81,2255.7000000000003,2255.8,123.99999999999955,0.052107408496869165,-1.4999999999999831
tuna_2379g,0,9.166666666666668,2379.7,20.5,412.5,107.01180555555563,91.5,0.0,865.0,13.63,2255.9,2255.75,123.79999999999973,0.05202336428961623,-1.2000000000043827
tuna_2379g,0,9.083333333333336,2379.7,20.583333333333332,413.0,107.58541666666673,91.1,0.0,875.0,13.49,2255.8,2255.7000000000003,123.89999999999964,0.052065386393242694,-1.2000000000043571
tuna_2379g,0,9.0,2379.7,20.666666666666668,412.5,108.1583333333334,91.2,0.0,870.0,13.57,2254.7000000000003,2255.65,124.99999999999955,0.052527629533134244,-1.200000000001603
tuna_2379g,0,8.916666666666668,2379.7,20.75,412.75,108.73159722222229,91.4,0.0,858.0,13.9,2255.1,2255.6,124.59999999999991,0.05235954111862837,-1.1999999999961717
tuna_2379g,0,8.833333333333336,2379.7,20.833333333333332,413.75,109.30625000000006,91.5,0.0,871.0,13.53,2255.6,2255.4,124.09999999999991,0.05214943060049582,-1.1999999999961717
tuna_2379g,0,8.75,2379.7,20.916666666666668,413.25,109.8802083333334,91.6,0.0,878.0,13.42,2255.7000000000003,2255.15,123.99999999999955,0.052107408496869165,-1.1999999999961717
tuna_2379g,0,8.666666666666668,2379.7,21.0,412.5,110.45312500000007,91.7,0.0,871.0,13.53,2254.8,2255.05,124.89999999999964,0.05248560742950777,-1.1999999999961717
tuna_2379g,0,8.583333333333336,2379.7,21.083333333333332,413.25,111.02708333333341,91.9,0.0,865.0,13.96,2255.2000000000003,2255.05,124.49999999999955,0.0523175190150017,-1.1999999999961717
tuna_2379g,0,8.5,2379.7,21.166666666666668,413.5,111.60138888888896,92.0,0.0,867.0,13.61,2254.4,2254.95,125.29999999999973,0.05265369584401384,-1.1999999999961972
tuna_2379g,0,8.416666666666668,2379.7,21.25,413.25,112.1753472222223,92.1,0.0,863.0,13.75,2254.9,2254.95,124.79999999999973,0.0524435853258813,-0.8999999999978301
tuna_2379g,0,8.333333333333336,2379.7,21.333333333333332,414.25,112.75069444444452,92.3,0.0,867.0,13.65,2254.1,2254.8500000000004,125.59999999999991,0.05277976215489344,-0.8999999999978301
tuna_2379g,0,8.25,2379.7,21.416666666666668,414.25,113.32604166666674,92.6,0.0,878.0,13.42,2255.0,2254.6000000000004,124.69999999999982,0.05240156322225483,-0.8999999999978301
tuna_2379g,0,8.166666666666668,2379.7,21.5,414.25,113.90138888888896,92.9,0.0,878.0,13.42,2255.1,2254.25,124.59999999999991,0.05235954111862837,-1.1999999999934687
tuna_2379g,0,8.083333333333336,2379.7,21.583333333333332,414.0,114.47638888888896,93.1,0.0,919.0,13.38,2253.2000000000003,2254.25,126.49999999999955,0.05315796108753185,-0.8999999999978301
tuna_2379g,0,8.0,2379.7,21.666666666666668,414.75,115.05243055555563,93.3,0.0,878.0,13.44,2253.9,2254.0,125.79999999999973,0.05286380636214638,-0.8999999999978301
tuna_2379g,0,7.916666666666668,2379.7,21.75,414.25,115.62777777777785,93.0,0.0,867.0,13.49,2253.1,2254.0,126.59999999999991,0.05319998319115851,-0.6000000000021913
tuna_2379g,0,7.833333333333336,2379.7,21.833333333333332,415.0,116.20416666666674,93.3,0.0,873.0,13.47,2253.5,2254.0,126.19999999999982,0.05303189477665245,-0.6000000000021913
tuna_2379g,0,7.75,2379.7,21.916666666666668,415.0,116.78055555555562,93.5,0.0,882.0,13.38,2253.0,2253.8,126.69999999999982,0.05324200529478498,-0.6000000000021913
tuna_2379g,0,7.666666666666668,2379.7,22.0,415.25,117.35729166666674,93.7,0.0,874.0,13.34,2254.7000000000003,2253.65,124.99999999999955,0.052527629533134244,-0.8999999999978301
tuna_2379g,0,7.583333333333336,2379.7,22.083333333333332,415.25,117.93402777777786,93.9,0.0,866.0,13.4,2253.7000000000003,2253.55,125.99999999999955,0.05294785056939932,-1.1999999999934687
tuna_2379g,0,7.5,2379.7,22.166666666666668,415.0,118.51041666666674,94.1,0.0,873.0,13.63,2254.6,2253.55,125.09999999999991,0.0525696516367609,-0.8999999999978301
tuna_2379g,0,7.416666666666668,2379.7,22.25,415.5,119.08750000000008,94.4,0.0,868.0,13.67,2254.9,2253.3,124.79999999999973,0.0524435853258813,-0.8999999999978301
tuna_2379g,0,7.333333333333336,2379.7,22.333333333333332,416.0,119.66527777777786,94.0,0.0,874.0,14.49,2253.6,2253.25,126.09999999999991,0.052989872673025976,-0.8999999999978301
tuna_2379g,0,7.25,2379.7,22.416666666666668,416.5,120.24375000000008,94.2,0.0,872.0,13.42,2253.0,2253.0,126.69999999999982,0.05324200529478498,-1.1999999999961972
tuna_2379g,0,7.166666666666668,2379.7,22.5,416.5,120.8222222222223,94.4,0.0,885.0,13.22,2251.9,2252.8,127.79999999999973,0.05370424843467653,-1.1999999999989257
tuna_2379g,0,7.083333333333336,2379.7,22.583333333333332,416.5,121.40069444444451,94.7,0.0,890.0,13.24,2252.4,2252.5,127.29999999999973,0.05349413791654399,-1.2000000000016287
tuna_2379g,0,7.0,2379.7,22.666666666666668,415.75,121.97812500000006,94.9,0.0,883.0,13.36,2251.4,2252.5,128.29999999999973,0.05391435895280907,-1.2000000000016287
tuna_2379g,0,6.916666666666668,2379.7,22.75,415.5,122.5552083333334,95.1,0.0,878.0,13.51,2251.8,2252.4,127.89999999999964,0.053746270538303,-1.2000000000016287
tuna_2379g,0,6.833333333333336,2379.7,22.833333333333332,416.0,123.13298611111118,95.3,0.0,874.0,13.47,2252.4,2252.4,127.29999999999973,0.05349413791654399,-1.1999999999989257
tuna_2379g,0,6.75,2379.7,22.916666666666668,416.25,123.71111111111118,95.5,0.0,879.0,13.45,2252.6,2252.4,127.09999999999991,0.053410093709291055,-1.1999999999989257
tuna_2379g,0,6.666666666666668,2379.7,23.0,416.25,124.28923611111118,95.1,0.0,882.0,13.38,2252.4,2252.4,127.29999999999973,0.05349413791654399,-1.1999999999961972
tuna_2379g,0,6.583333333333336,2379.7,23.083333333333332,416.75,124.86805555555563,95.3,0.0,887.0,13.19,2252.7000000000003,2252.4,126.99999999999955,0.05336807160566439,-1.1999999999961972
tuna_2379g,0,6.5,2379.7,23.166666666666668,416.75,125.44687500000008,95.5,0.0,893.0,13.13,2251.7000000000003,2252.3,127.99999999999955,0.05378829264192947,-1.1999999999961717
tuna_2379g,0,6.416666666666668,2379.7,23.25,417.25,126.02638888888896,95.8,0.0,891.0,13.11,2252.2000000000003,2252.4,127.49999999999955,0.05357818212379693,-1.1999999999961717
tuna_2379g,0,6.333333333333336,2379.7,23.333333333333332,417.25,126.60590277777784,96.0,0.0,890.0,13.2,2253.0,2252.4,126.69999999999982,0.05324200529478498,-0.9000000000005328
tuna_2379g,0,6.25,2379.7,23.416666666666668,416.75,127.18472222222229,96.1,0.0,882.0,13.26,2252.9,2252.3500000000004,126.79999999999973,0.053284027398411454,-0.5999999999994501
tuna_2379g,0,6.166666666666668,2379.7,23.5,416.75,127.76354166666674,96.3,0.0,880.0,13.38,2251.4,2252.3500000000004,128.29999999999973,0.05391435895280907,-0.29999999999835436
tuna_2379g,0,6.083333333333336,2379.7,23.583333333333332,416.5,128.34201388888897,96.5,0.0,880.0,13.38,2251.5,2252.5,128.19999999999982,0.0538723368491826,-0.29999999999835436
tuna_2379g,0,6.0,2379.7,23.666666666666668,416.5,128.9204861111112,96.1,0.0,880.0,13.75,2252.7000000000003,2252.5,126.99999999999955,0.05336807160566439,0.0
tuna_2379g,0,5.916666666666668,2379.7,23.75,416.5,129.4989583333334,96.3,0.0,880.0,13.4,2252.3,2252.75,127.39999999999964,0.05353616002017046,0.0
tuna_2379g,0,5.833333333333336,2379.7,23.833333333333332,417.25,130.0784722222223,96.5,0.0,889.0,13.26,2252.3,2252.75,127.39999999999964,0.05353616002017046,0.0
tuna_2379g,0,5.75,2379.7,23.916666666666668,417.5,130.65833333333342,96.7,0.0,918.0,13.05,2253.2000000000003,2252.65,126.49999999999955,0.05315796108753185,0.0
tuna_2379g,0,5.666666666666668,2379.7,24.0,417.75,131.23854166666675,96.9,0.0,897.0,13.07,2252.8,2252.6,126.89999999999964,0.053326049502037925,0.0
tuna_2379g,0,5.583333333333336,2379.7,24.083333333333332,417.25,131.81805555555565,97.1,0.0,895.0,13.07,2252.8,2252.6,126.89999999999964,0.053326049502037925,0.0
tuna_2379g,0,5.5,2379.7,24.166666666666668,416.5,132.39652777777786,97.3,0.0,892.0,13.09,2253.3,2252.6,126.39999999999964,0.05311593898390538,0.0
tuna_2379g,0,5.416666666666668,2379.7,24.25,417.25,132.97604166666676,97.5,0.0,885.0,13.22,2252.2000000000003,2252.45,127.49999999999955,0.05357818212379693,0.0
tuna_2379g,0,5.333333333333336,2379.7,24.333333333333332,417.0,133.55520833333344,97.1,0.0,883.0,13.2,2252.6,2252.45,127.09999999999991,0.053410093709291055,0.0
tuna_2379g,0,5.25,2379.7,24.416666666666668,417.0,134.13437500000012,97.2,0.0,883.0,13.34,2252.6,2252.4,127.09999999999991,0.053410093709291055,0.0
tuna_2379g,0,5.166666666666668,2379.7,24.5,416.75,134.71319444444455,97.4,0.0,887.0,13.26,2251.8,2252.1000000000004,127.89999999999964,0.053746270538303,0.0
tuna_2379g,0,5.083333333333336,2379.7,24.583333333333332,417.25,135.29270833333345,97.5,0.0,892.0,13.13,2252.0,2252.0,127.69999999999982,0.05366222633105006,0.0
tuna_2379g,0,5.0,2379.7,24.666666666666668,417.75,135.87291666666678,97.7,0.0,893.0,13.11,2251.9,2251.95,127.79999999999973,0.05370424843467653,0.0
tuna_2379g,0,4.916666666666668,2379.7,24.75,417.5,136.4527777777779,97.9,0.0,895.0,13.07,2251.4,2251.95,128.29999999999973,0.05391435895280907,0.0
tuna_2379g,0,4.833333333333336,2379.7,24.833333333333332,417.5,137.032638888889,98.1,0.0,905.0,12.92,2251.6,2251.9,128.0999999999999,0.05383031474555613,0.0
tuna_2379g,0,4.75,2379.7,24.916666666666668,417.75,137.61284722222234,98.2,0.0,906.0,12.91,2251.9,2251.9,127.79999999999973,0.05370424843467653,0.0
tuna_2379g,0,4.666666666666668,2379.7,25.0,417.75,138.19305555555567,98.4,0.0,912.0,12.85,2252.0,2251.9,127.69999999999982,0.05366222633105006,0.0
tuna_2379g,0,4.583333333333336,2379.7,25.083333333333332,417.75,138.773263888889,98.5,0.0,911.0,12.82,2251.7000000000003,2251.95,127.99999999999955,0.05378829264192947,0.0
tuna_2379g,0,4.5,2379.7,25.166666666666668,417.5,139.35312500000012,98.1,0.0,915.0,12.82,2252.6,2251.9,127.09999999999991,0.053410093709291055,0.0
tuna_2379g,0,4.416666666666668,2379.7,25.25,417.75,139.93333333333345,98.3,0.0,912.0,12.83,2251.4,2251.9,128.29999999999973,0.05391435895280907,0.0
tuna_2379g,0,4.333333333333336,2379.7,25.333333333333332,417.0,140.51250000000013,98.5,0.0,912.0,12.8,2252.5,2251.95,127.19999999999982,0.05345211581291752,0.0
tuna_2379g,0,4.25,2379.7,25.416666666666668,417.25,141.09201388888903,98.5,0.0,906.0,13.13,2252.3,2252.0,127.39999999999964,0.05353616002017046,0.0
tuna_2379g,0,4.166666666666668,2379.7,25.5,416.5,141.67048611111125,98.7,0.0,883.0,13.11,2252.0,2252.05,127.69999999999982,0.05366222633105006,0.0
tuna_2379g,0,4.083333333333336,2379.7,25.583333333333332,416.75,142.24930555555568,98.9,0.0,898.0,13.05,2251.8,2252.2,127.89999999999964,0.053746270538303,0.0
tuna_2379g,0,4.0,2379.7,25.666666666666668,416.5,142.8277777777779,99.0,0.0,891.0,13.04,2251.9,2252.2,127.79999999999973,0.05370424843467653,0.0
tuna_2379g,0,3.916666666666668,2379.7,25.75,417.0,143.40694444444458,99.2,0.0,910.0,12.98,2252.1,2252.05,127.59999999999991,0.05362020422742359,0.0
tuna_2379g,0,3.8333333333333357,2379.7,25.833333333333332,417.0,143.98611111111126,99.3,0.0,911.0,12.8,2253.2000000000003,2252.05,126.49999999999955,0.05315796108753185,0.0
tuna_2379g,0,3.75,2379.7,25.916666666666668,417.25,144.56562500000015,99.5,0.0,930.0,12.51,2252.4,2251.95,127.29999999999973,0.05349413791654399,0.0
tuna_2379g,0,3.666666666666668,2379.7,26.0,416.75,145.1444444444446,99.0,0.0,929.0,12.5,2252.9,2251.95,126.79999999999973,0.053284027398411454,0.0
tuna_2379g,0,3.5833333333333357,2379.7,26.083333333333332,416.75,145.72326388888902,99.1,0.0,929.0,12.48,2251.9,2252.0,127.79999999999973,0.05370424843467653,0.0
tuna_2379g,0,3.5,2379.7,26.166666666666668,417.0,146.3024305555557,99.3,0.0,940.0,12.29,2251.4,2252.25,128.29999999999973,0.05391435895280907,0.0
tuna_2379g,0,3.416666666666668,2379.7,26.25,417.25,146.8819444444446,99.5,0.0,944.0,12.24,2251.1,2252.6000000000004,128.5999999999999,0.054040425263688664,0.0
tuna_2379g,0,3.3333333333333357,2379.7,26.333333333333332,414.75,147.45798611111127,99.6,0.0,946.0,12.09,2251.6,2252.6000000000004,128.0999999999999,0.05383031474555613,0.0
tuna_2379g,0,3.25,2379.7,26.416666666666668,411.0,148.0288194444446,99.7,0.0,974.0,12.24,2252.8,2252.3,126.89999999999964,0.053326049502037925,0.0
tuna_2379g,0,3.166666666666668,2379.7,26.5,405.75,148.59236111111127,99.8,0.0,940.0,12.32,2253.9,2252.5,125.79999999999973,0.05286380636214638,0.0
tuna_2379g,0,3.0833333333333357,2379.7,26.583333333333332,400.5,149.14861111111128,99.8,0.0,944.0,12.06,2253.8,2252.5,125.89999999999964,0.052905828465772846,0.0
tuna_2379g,0,3.0,2379.7,26.666666666666668,394.0,149.6958333333335,99.9,0.0,935.0,12.29,2253.5,2253.15,126.19999999999982,0.05303189477665245,0.0
tuna_2379g,0,2.916666666666668,2379.7,26.75,388.25,150.2350694444446,100.0,0.0,944.0,12.24,2252.2000000000003,2253.5,127.49999999999955,0.05357818212379693,0.0
tuna_2379g,0,2.8333333333333357,2379.7,26.833333333333332,382.5,150.7663194444446,100.0,0.0,951.0,12.39,2251.5,2253.65,128.19999999999982,0.0538723368491826,0.2999999999983672
tuna_2379g,0,2.75,2379.7,26.916666666666668,378.0,151.2913194444446,100.0,0.0,938.0,12.41,2253.5,2253.8500000000004,126.19999999999982,0.05303189477665245,0.5999999999967344
tuna_2379g,0,2.666666666666668,2379.7,27.0,375.75,151.8131944444446,100.0,0.0,939.0,12.24,2255.8,2253.95,123.89999999999964,0.052065386393242694,0.5999999999994501
tuna_2379g,0,2.5833333333333357,2379.7,27.083333333333332,374.0,152.33263888888905,100.0,0.0,950.0,12.21,2255.1,2254.55,124.59999999999991,0.05235954111862837,0.6000000000021786
tuna_2379g,0,2.5,2379.7,27.166666666666668,372.75,152.85034722222238,99.9,0.0,941.0,12.31,2254.0,2255.3,125.69999999999982,0.05282178425851991,0.6000000000021913
tuna_2379g,0,2.416666666666668,2379.7,27.25,372.0,153.36701388888906,99.9,0.0,921.0,12.55,2256.1,2255.6000000000004,123.59999999999991,0.05193932008236329,0.8999999999978301
tuna_2379g,0,2.3333333333333357,2379.7,27.333333333333332,372.75,153.8847222222224,99.9,0.0,940.0,12.85,2257.9,2255.75,121.79999999999973,0.05118292221708608,1.4999999999945643
tuna_2379g,0,2.25,2379.7,27.416666666666668,372.5,154.4020833333335,99.9,0.0,937.0,12.39,2256.3,2255.8500000000004,123.39999999999964,0.05185527587511016,1.4999999999999956
tuna_2379g,0,2.166666666666668,2379.7,27.5,371.0,154.9173611111113,99.8,0.0,928.0,12.48,2255.5,2256.0,124.19999999999982,0.052191452704122294,1.79999999999566
tuna_2379g,0,2.0833333333333357,2379.7,27.583333333333332,368.5,155.42916666666684,99.8,0.0,939.0,12.53,2255.7000000000003,2256.1,123.99999999999955,0.052107408496869165,1.4999999999999956
tuna_2379g,0,2.0,2379.7,27.666666666666668,364.5,155.93541666666684,99.7,0.0,945.0,12.21,2255.9,2256.2,123.79999999999973,0.05202336428961623,1.4999999999999956
tuna_2379g,0,1.9166666666666679,2379.7,27.75,360.0,156.43541666666684,99.7,0.0,939.0,12.36,2256.9,2256.3500000000004,122.79999999999973,0.05160314325335115,1.79999999999566
tuna_2379g,0,1.8333333333333357,2379.7,27.833333333333332,355.75,156.92951388888906,99.6,0.0,935.0,12.36,2256.1,2256.6000000000004,123.59999999999991,0.05193932008236329,1.7999999999983884
tuna_2379g,0,1.75,2379.7,27.916666666666668,351.0,157.41701388888907,99.5,0.0,935.0,12.41,2256.8,2256.6000000000004,122.89999999999964,0.05164516535697762,1.7999999999983884
tuna_2379g,0,1.6666666666666679,2379.7,28.0,346.0,157.89756944444463,99.4,0.0,929.0,12.5,2257.9,2256.8500000000004,121.79999999999973,0.05118292221708608,1.8000000000038454
tuna_2379g,0,1.5833333333333357,2379.7,28.083333333333332,340.0,158.36979166666686,99.3,0.0,935.0,12.34,2257.4,2257.1000000000004,122.29999999999973,0.05139303273521861,2.1000000000022125
tuna_2379g,0,1.5,2379.7,28.166666666666668,334.75,158.8347222222224,99.1,0.0,970.0,11.97,2256.4,2257.3500000000004,123.29999999999973,0.05181325377148369,2.1000000000022125
tuna_2379g,0,1.4166666666666679,2379.7,28.25,329.0,159.29166666666686,99.5,0.0,958.0,11.99,2257.3,2257.65,122.39999999999964,0.051435054838845085,2.1000000000022125
tuna_2379g,0,1.3333333333333357,2379.7,28.333333333333332,324.0,159.74166666666684,99.4,0.0,958.0,11.99,2258.3,2258.1000000000004,121.39999999999964,0.051014833802580005,2.400000000000529
tuna_2379g,0,1.25,2379.7,28.416666666666668,318.5,160.18402777777794,99.2,0.0,955.0,12.04,2258.4,2258.3500000000004,121.29999999999973,0.05097281169895354,2.7000000000015603
tuna_2379g,0,1.1666666666666679,2379.7,28.5,314.0,160.62013888888904,99.0,0.0,973.0,11.75,2258.8,2258.6000000000004,120.89999999999964,0.05080472328444747,2.9999999999999147
tuna_2379g,0,1.0833333333333357,2379.7,28.583333333333332,309.0,161.04930555555572,98.7,0.0,976.0,11.72,2259.2000000000003,2259.0,120.49999999999955,0.0506366348699414,2.9999999999999787
tuna_2379g,0,1.0,2379.7,28.666666666666668,304.0,161.47152777777794,98.5,0.0,1002.0,11.32,2259.8,2259.0,119.89999999999964,0.050384502248182396,2.9999999999999147
tuna_2379g,0,0.9166666666666679,2379.7,28.75,299.25,161.88715277777794,98.2,0.0,990.0,11.5,2260.3,2259.0,119.39999999999964,0.05017439173004986,2.7000000000015603
tuna_2379g,0,0.8333333333333357,2379.7,28.833333333333332,294.5,162.2961805555557,98.0,0.0,986.0,11.62,2260.2000000000003,2259.0,119.49999999999955,0.050216413833676324,2.7000000000015603
tuna_2379g,0,0.75,2379.7,28.916666666666668,289.5,162.69826388888904,98.3,0.0,979.0,11.72,2260.4,2259.0,119.29999999999973,0.05013236962642339,2.4000000000032444
tuna_2379g,0,0.6666666666666679,2379.7,29.0,284.75,163.09375000000014,98.0,0.0,979.0,11.72,2260.0,2259.0,119.69999999999982,0.050300458040929454,2.4000000000032444
tuna_2379g,0,0.5833333333333357,2379.7,29.083333333333332,280.25,163.48298611111125,97.7,0.0,975.0,11.72,2258.4,2259.4,121.29999999999973,0.05097281169895354,2.4000000000032444
tuna_2379g,0,0.5,2379.7,29.166666666666668,275.75,163.86597222222235,97.4,0.0,969.0,11.86,2258.6,2259.7,121.09999999999991,0.0508887674917006,2.4000000000032444
tuna_2379g,0,0.41666666666666785,2379.7,29.25,271.75,164.2434027777779,97.0,0.0,958.0,11.99,2257.8,2259.65,121.89999999999964,0.05122494432071255,1.800000000001117
tuna_2379g,0,0.3333333333333357,2379.7,29.333333333333332,267.75,164.6152777777779,97.4,0.0,950.0,12.07,2258.2000000000003,2259.6,121.49999999999955,0.051056855906206476,1.800000000001117
tuna_2379g,0,0.25,2379.7,29.416666666666668,263.5,164.9812500000001,97.0,0.0,949.0,12.19,2258.7000000000003,2259.15,120.99999999999955,0.05084674538807394,1.800000000001117
tuna_2379g,0,0.16666666666666785,2379.7,29.5,259.25,165.34131944444454,96.6,0.0,949.0,12.14,2259.6,2258.7000000000003,120.09999999999991,0.050468546455435526,1.5000000000027498
tuna_2379g,0,0.0833333333333357,2379.7,29.583333333333332,255.75,165.69652777777787,96.3,0.0,945.0,12.24,2260.1,2258.65,119.59999999999991,0.05025843593730299,1.500000000002724
tuna_2379g,0,0.0,2379.7,29.666666666666668,251.75,166.04618055555565,96.4,0.0,943.0,12.24,2259.7000000000003,2258.7000000000003,119.99999999999955,0.05042652435180887,1.2000000000043698
tuna_synth_800g,1,12.402892314209602,800.0,0.0,32.0,0.0,32.0,81.8,1088.0,10.12,800.0,798.1000000000004,0.0,0.0,0.0
tuna_synth_800g,1,12.368052729057327,800.0,0.03483958515227416,32.0,0.018581112081212887,32.1,81.7,1072.0,10.35,798.2000000000003,798.1000000000004,1.7999999999997272,0.002249999999999659,0.0
tuna_synth_800g,1,12.333213143905054,800.0,0.06967917030454832,32.25,0.03730738910056025,32.1,81.7,1072.0,10.57,798.1000000000004,798.1000000000004,1.8999999999996362,0.0023749999999995454,0.0
tuna_synth_800g,1,12.298373558752779,800.0,0.10451875545682249,32.5,0.056178831058042084,32.1,81.7,1041.0,10.76,798.1000000000004,798.1000000000004,1.8999999999996362,0.0023749999999995454,0.0
tuna_synth_800g,1,12.263533973600506,800.0,0.13935834060909663,31.5,0.07446961326298603,32.2,81.7,1023.0,11.01,798.1000000000004,798.1000000000004,1.8999999999996362,0.0023749999999995454,0.0
tuna_synth_800g,1,12.22869438844823,800.0,0.17419792576137083,31.25,0.09261523052979548,32.2,81.6,1011.0,11.19,798.1000000000004,798.1000000000004,1.8999999999996362,0.0023749999999995454,0.0
tuna_synth_800g,1,12.193854803295958,800.0,0.20903751091364497,32.0,0.11119634261100837,32.3,81.6,1001.0,11.33,797.9000000000001,798.0000000000002,2.099999999999909,0.002624999999999886,0.0
tuna_synth_800g,1,12.159015218143683,800.0,0.24387709606591915,31.25,0.12934195987781782,32.4,81.5,991.0,11.52,797.9000000000001,797.9000000000001,2.099999999999909,0.002624999999999886,0.0
tuna_synth_800g,1,12.124175632991408,800.0,0.27871668121819326,31.5,0.14763274208276178,32.4,81.5,981.0,11.69,797.9000000000001,797.9000000000001,2.099999999999909,0.002624999999999886,0.0
tuna_synth_800g,1,12.089336047839135,800.0,0.31355626637046746,31.75,0.1660686892258402,32.5,81.4,972.0,11.8,797.9000000000001,797.9000000000001,2.099999999999909,0.002624999999999886,0.0
tuna_synth_800g,1,12.05449646268686,800.0,0.34839585152274166,31.75,0.1845046363689186,32.5,81.3,963.0,11.97,797.9000000000001,797.9000000000001,2.099999999999909,0.002624999999999886,0.0
tuna_synth_800g,1,12.019656877534587,800.0,0.38323543667501575,31.75,0.202940583511997,32.5,81.1,950.0,12.12,797.9000000000001,797.9000000000001,2.099999999999909,0.002624999999999886,0.0
tuna_synth_800g,1,11.984817292382312,800.0,0.41807502182728995,32.0,0.2215216955932099,32.6,81.0,945.0,12.24,797.9000000000001,797.9000000000001,2.099999999999909,0.002624999999999886,0.0
tuna_synth_800g,1,11.949977707230039,800.0,0.4529146069795641,31.5,0.2398124777981538,32.6,80.9,942.0,12.34,797.9000000000001,797.9000000000001,2.099999999999909,0.002624999999999886,0.0
tuna_synth_800g,1,11.915138122077764,800.0,0.4877541921318383,31.5,0.25810326000309775,32.7,80.8,932.0,12.48,797.9000000000001,797.9000000000001,2.099999999999909,0.002624999999999886,0.0
tuna_synth_800g,1,11.880298536925489,800.0,0.5225937772841125,31.75,0.27653920714617614,32.7,80.6,926.0,12.55,797.9000000000001,797.9000000000001,2.099999999999909,0.002624999999999886,0.0
tuna_synth_800g,1,11.845458951773216,800.0,0.5574333624363865,31.75,0.2949751542892545,32.8,80.5,918.0,12.71,797.9000000000001,797.9000000000001,2.099999999999909,0.002624999999999886,0.0
tuna_synth_800g,1,11.81061936662094,800.0,0.5922729475886608,32.0,0.3135562663704674,32.8,80.3,909.0,12.8,797.9000000000001,797.9000000000001,2.099999999999909,0.002624999999999886,0.0
tuna_synth_800g,1,11.775779781468668,800.0,0.6271125327409349,32.0,0.3321373784516803,32.9,80.2,891.0,12.92,797.9000000000001,797.9000000000001,2.099999999999909,0.002624999999999886,0.0
tuna_synth_800g,1,11.740940196316393,800.0,0.6619521178932091,32.0,0.35071849053289317,32.9,80.0,902.0,13.0,797.9000000000001,797.9000000000001,2.099999999999909,0.002624999999999886,0.0
tuna_synth_800g,1,11.706100611164118,800.0,0.6967917030454833,31.75,0.36915443767597156,33.0,79.7,894.0,13.13,797.9000000000001,797.9000000000001,2.099999999999909,0.002624999999999886,0.0
tuna_synth_800g,1,11.671261026011845,800.0,0.7316312881977574,31.5,0.38744521988091546,33.0,79.6,886.0,13.26,797.9000000000001,797.9000000000001,2.099999999999909,0.002624999999999886,0.0
tuna_synth_800g,1,11.63642144085957,800.0,0.7664708733500315,31.75,0.4058811670239939,33.1,79.5,880.0,13.15,797.9000000000001,797.9000000000001,2.099999999999909,0.002624999999999886,0.0
tuna_synth_800g,1,11.601581855707296,800.0,0.8013104585023058,32.25,0.4246074440433413,33.1,79.5,881.0,13.4,797.9000000000001,797.9000000000001,2.099999999999909,0.002624999999999886,0.0
tuna_synth_800g,1,11.566742270555022,800.0,0.8361500436545799,32.25,0.4433337210626886,33.1,79.4,871.0,13.45,797.9000000000001,797.9000000000001,2.099999999999909,0.002624999999999886,0.0
tuna_synth_800g,1,11.531902685402748,800.0,0.8709896288068542,32.0,0.46191483314390147,33.2,79.3,879.0,13.4,797.9000000000001,797.9000000000001,2.099999999999909,0.002624999999999886,0.0
tuna_synth_800g,1,11.497063100250474,800.0,0.9058292139591282,31.75,0.4803507802869799,33.2,79.3,881.0,13.4,797.9000000000001,797.9000000000001,2.099999999999909,0.002624999999999886,0.0
tuna_synth_800g,1,11.462223515098199,800.0,0.9406687991114024,31.75,0.4987867274300583,33.3,79.1,880.0,13.49,797.9000000000001,797.9000000000001,2.099999999999909,0.002624999999999886,0.0
tuna_synth_800g,1,11.427383929945925,800.0,0.9755083842636766,34.0,0.518529159016347,33.3,79.0,867.0,13.59,797.9000000000001,797.9000000000001,2.099999999999909,0.002624999999999886,0.0
tuna_synth_800g,1,11.39254434479365,800.0,1.0103479694159507,38.0,0.5405942296127874,33.4,78.9,871.0,13.51,797.9000000000001,797.9000000000001,2.099999999999909,0.002624999999999886,0.0
tuna_synth_800g,1,11.357704759641377,800.0,1.045187554568225,40.5,0.5641109495905724,33.4,78.8,865.0,13.4,797.9000000000001,797.9000000000001,2.099999999999909,0.002624999999999886,0.0
tuna_synth_800g,1,11.322865174489102,800.0,1.080027139720499,42.75,0.5889341540115677,33.5,78.7,855.0,13.81,797.9000000000001,797.9000000000001,2.099999999999909,0.002624999999999886,0.0
tuna_synth_800g,1,11.28802558933683,800.0,1.114866724872773,45.25,0.6152090078139079,33.5,78.6,855.0,13.94,773.1000000000003,785.5000000000002,26.89999999999975,0.03362499999999969,0.0
tuna_synth_800g,1,11.253186004184554,800.0,1.1497063100250473,47.0,0.6425000161831892,33.6,78.4,847.0,14.04,773.1000000000003,773.1000000000003,26.89999999999975,0.03362499999999969,0.0
tuna_synth_800g,1,11.21834641903228,800.0,1.1845458951773216,49.0,0.6709523440575464,33.6,78.4,855.0,14.02,771.2000000000002,772.1500000000002,28.79999999999984,0.0359999999999998,0.0
tuna_synth_800g,1,11.183506833880006,800.0,1.2193854803295956,52.75,0.7015821460039208,33.6,78.3,848.0,14.02,771.2000000000002,771.2000000000002,28.79999999999984,0.0359999999999998,0.0
tuna_synth_800g,1,11.148667248727731,800.0,1.2542250654818698,57.25,0.7348249168367157,33.7,78.1,843.0,14.15,771.2000000000002,771.2000000000002,28.79999999999984,0.0359999999999998,0.0
tuna_synth_800g,1,11.113827663575458,800.0,1.289064650634144,64.0,0.7719871409991415,33.7,78.1,838.0,14.23,769.5000000000003,770.3500000000003,30.49999999999966,0.038124999999999576,0.0
tuna_synth_800g,1,11.078988078423183,800.0,1.3239042357864181,71.0,0.8132139834293326,33.8,77.9,837.0,14.32,769.5000000000003,769.5000000000003,30.49999999999966,0.038124999999999576,0.0
tuna_synth_800g,1,11.04414849327091,800.0,1.3587438209386924,79.25,0.8592312688179613,33.9,77.8,838.0,14.02,769.3000000000001,769.4000000000002,30.699999999999932,0.038374999999999916,0.0
tuna_synth_800g,1,11.009308908118635,800.0,1.3935834060909666,86.75,0.9096035023506244,34.0,77.7,831.0,14.36,768.9,769.1,31.100000000000023,0.03887500000000003,0.0
tuna_synth_800g,1,10.97446932296636,800.0,1.4284229912432407,95.25,0.9649113437798597,34.0,77.5,831.0,14.42,768.9,768.9,31.100000000000023,0.03887500000000003,0.0
tuna_synth_800g,1,10.939629737814087,800.0,1.4632625763955147,104.75,1.0257354528582048,34.0,77.2,830.0,14.49,768.9,768.9,31.100000000000023,0.03887500000000003,0.0
tuna_synth_800g,1,10.904790152661812,800.0,1.498102161547789,114.0,1.0919306646475258,34.1,77.0,824.0,14.71,768.9,768.9,31.100000000000023,0.03887500000000003,0.0
tuna_synth_800g,1,10.86995056750954,800.0,1.532941746700063,123.75,1.163787309024091,34.2,76.9,827.0,14.51,766.4,767.65,33.60000000000002,0.04200000000000003,0.0
tuna_synth_800g,1,10.835110982357264,800.0,1.5677813318523373,133.0,1.2410150561116322,34.3,76.7,830.0,14.6,766.4,766.4,33.60000000000002,0.04200000000000003,0.0
tuna_synth_800g,1,10.800271397204991,800.0,1.6026209170046115,141.5,1.3231784110957456,34.4,76.6,897.0,14.42,766.0000000000003,766.2000000000002,33.99999999999966,0.04249999999999957,-1.435149120792683
tuna_synth_800g,1,10.765431812052716,800.0,1.6374605021568855,150.75,1.4107128687908344,34.4,76.5,822.0,14.62,764.5000000000003,765.2500000000003,35.49999999999966,0.044374999999999575,-4.305447362371522
tuna_synth_800g,1,10.730592226900441,800.0,1.6723000873091598,160.25,1.5037635941350334,34.6,76.4,823.0,14.58,764.3000000000001,764.4000000000002,35.69999999999993,0.044624999999999915,-5.740596483160961
tuna_synth_800g,1,10.695752641748168,800.0,1.7071396724614338,169.5,1.6021854221902077,34.7,76.3,819.0,14.6,762.6000000000003,763.4500000000002,37.39999999999975,0.04674999999999969,-7.175745603956908
tuna_synth_800g,1,10.660913056595893,800.0,1.7419792576137083,178.25,1.705688023080089,34.8,76.2,819.0,14.71,762.6000000000003,762.6000000000003,37.39999999999975,0.04674999999999969,-16.504214889094566
tuna_synth_800g,1,10.62607347144362,800.0,1.7768188427659823,186.5,1.813981066928408,34.9,76.0,819.0,14.49,762.6000000000003,762.6000000000003,37.39999999999975,0.04674999999999969,-16.504214889094566
tuna_synth_800g,1,10.591233886291345,800.0,1.8116584279182564,194.25,1.9267742238588954,35.1,75.5,819.0,14.6,762.6000000000003,762.6000000000003,37.39999999999975,0.04674999999999969,-16.504214889094566
tuna_synth_800g,1,10.556394301139072,800.0,1.8464980130705306,202.75,2.0445029886859554,35.2,75.4,821.0,14.6,761.1000000000003,761.8500000000003,38.89999999999975,0.04862499999999969,-22.96238593265022
tuna_synth_800g,1,10.521554715986797,800.0,1.8813375982228049,210.5,2.166731866595184,35.4,75.3,821.0,14.71,761.1000000000003,761.1000000000003,38.89999999999975,0.04862499999999969,-22.96238593265022
tuna_synth_800g,1,10.486715130834522,800.0,1.916177183375079,218.25,2.293460857586581,35.6,75.1,822.0,14.67,758.6000000000003,759.8500000000003,41.39999999999975,0.051749999999999685,-24.39753505343964
tuna_synth_800g,1,10.451875545682249,800.0,1.9510167685273532,225.75,2.4245447967220124,35.8,75.0,825.0,14.67,758.6000000000003,758.6000000000003,41.39999999999975,0.051749999999999685,-24.39753505343964
tuna_synth_800g,1,10.417035960529974,800.0,1.9858563536796272,232.75,2.5596933541252094,35.9,74.8,817.0,14.71,757.8000000000001,758.2000000000002,42.19999999999993,0.052749999999999915,-22.96238593265022
tuna_synth_800g,1,10.382196375377701,800.0,2.0206959388319015,240.0,2.6990516947343055,36.1,74.4,816.0,14.73,755.7000000000002,756.7500000000001,44.29999999999984,0.0553749999999998,-22.96238593265022
tuna_synth_800g,1,10.347356790225426,800.0,2.0555355239841755,247.25,2.842619818549302,36.3,74.3,818.0,14.8,755.7000000000002,755.7000000000002,44.29999999999984,0.0553749999999998,-22.96238593265022
tuna_synth_800g,1,10.312517205073153,800.0,2.09037510913645,253.25,2.989671900879526,36.5,74.1,822.0,14.67,755.2000000000002,755.4500000000002,44.79999999999984,0.0559999999999998,-22.96238593265022
tuna_synth_800g,1,10.277677619920878,800.0,2.125214694288724,259.5,3.140353106663112,36.7,73.9,821.0,14.62,754.1000000000003,754.6500000000002,45.89999999999975,0.05737499999999969,-22.24481137225566
tuna_synth_800g,1,10.242838034768603,800.0,2.160054279440998,265.25,3.2943731060237904,37.0,73.3,822.0,14.67,750.8,752.45,49.200000000000045,0.061500000000000055,-22.24481137225566
tuna_synth_800g,1,10.20799844961633,800.0,2.194893864593272,271.25,3.4518770638996963,37.2,73.2,817.0,14.73,750.8,750.8,49.200000000000045,0.061500000000000055,-23.679960493045
tuna_synth_800g,1,10.173158864464057,800.0,2.229733449745546,277.5,3.613010145228964,37.4,72.9,816.0,14.73,750.8,750.8,49.200000000000045,0.061500000000000055,-23.679960493045
tuna_synth_800g,1,10.138319279311782,800.0,2.2645730348978206,283.25,3.7774820201353254,37.7,72.7,795.0,14.6,750.8,750.8,49.200000000000045,0.061500000000000055,-23.679960493045
tuna_synth_800g,1,10.103479694159507,800.0,2.2994126200500946,288.0,3.9447120288662414,37.9,72.4,822.0,14.58,747.8999999999999,749.3499999999999,52.100000000000136,0.06512500000000017,-24.3975350534429
tuna_synth_800g,1,10.068640109007234,800.0,2.3342522052023686,293.25,4.1149905012979815,38.2,71.8,823.0,14.62,747.8,747.8499999999999,52.200000000000045,0.06525000000000006,-25.83268417423249
tuna_synth_800g,1,10.033800523854959,800.0,2.369091790354643,297.75,4.287881942616142,38.5,71.4,823.0,14.67,747.8,747.8,52.200000000000045,0.06525000000000006,-24.3975350534429
tuna_synth_800g,1,9.998960938702684,800.0,2.403931375506917,302.5,4.463531517758858,38.9,71.0,823.0,14.67,745.3999999999999,746.5999999999999,54.600000000000136,0.06825000000000017,-24.3975350534429
tuna_synth_800g,1,9.96412135355041,800.0,2.438770960659191,306.75,4.641648896849859,39.1,70.1,823.0,14.51,744.6000000000001,745.0,55.399999999999864,0.06924999999999983,-25.83268417423249
tuna_synth_800g,1,9.929281768398136,800.0,2.4736105458114657,311.0,4.822234079889148,39.4,69.8,814.0,14.62,744.5000000000002,744.5500000000002,55.49999999999977,0.06937499999999971,-24.3975350534429
tuna_synth_800g,1,9.894442183245863,800.0,2.5084501309637397,315.0,5.005141901938587,39.7,69.6,818.0,14.67,744.5000000000002,744.5000000000002,55.49999999999977,0.06937499999999971,-23.679960493045
tuna_synth_800g,1,9.859602598093588,800.0,2.5432897161160137,319.25,5.190517527936312,40.0,69.1,819.0,14.62,744.0000000000002,744.2500000000002,55.99999999999977,0.06999999999999972,-22.24481137225566
tuna_synth_800g,1,9.824763012941315,800.0,2.578129301268288,322.75,5.37792546306792,40.3,68.8,821.0,14.62,740.8999999999999,742.45,59.100000000000136,0.07387500000000018,-22.24481137225566
tuna_synth_800g,1,9.78992342778904,800.0,2.6129688864205622,326.5,5.567510872271546,40.7,68.5,782.0,14.62,739.2,740.05,60.799999999999955,0.07599999999999994,-26.55025873462728
tuna_synth_800g,1,9.755083842636765,800.0,2.6478084715728363,329.75,5.75898342567092,41.0,68.2,823.0,14.62,739.2,739.2,60.799999999999955,0.07599999999999994,-27.267833295021994
tuna_synth_800g,1,9.720244257484492,800.0,2.6826480567251108,332.5,5.952052793389772,41.3,67.6,823.0,14.67,737.3999999999999,738.3,62.600000000000136,0.07825000000000017,-27.98540785541981
tuna_synth_800g,1,9.685404672332217,800.0,2.717487641877385,336.0,6.147154470242507,41.6,67.2,822.0,14.58,737.3999999999999,737.3999999999999,62.600000000000136,0.07825000000000017,-27.98540785541997
tuna_synth_800g,1,9.650565087179944,800.0,2.752327227029659,339.0,6.343998126352856,42.0,66.4,822.0,14.53,737.3,737.3499999999999,62.700000000000045,0.07837500000000006,-25.832684174235666
tuna_synth_800g,1,9.615725502027669,800.0,2.7871668121819333,341.5,6.54229343184455,42.4,65.8,819.0,14.6,735.3999999999999,736.3499999999999,64.60000000000014,0.08075000000000017,-25.832684174235666
tuna_synth_800g,1,9.580885916875395,800.0,2.8220063973342073,344.25,6.742185551655723,42.7,65.2,816.0,14.6,735.3999999999999,735.3999999999999,64.60000000000014,0.08075000000000017,-26.550258734630546
tuna_synth_800g,1,9.54604633172312,800.0,2.8568459824864814,346.75,6.943529320848241,43.0,64.4,816.0,14.73,733.5000000000002,734.45,66.49999999999977,0.08312499999999971,-26.55025873462728
tuna_synth_800g,1,9.511206746570846,800.0,2.8916855676387554,349.0,7.146179574483968,43.4,63.6,816.0,14.76,733.5000000000002,733.5000000000002,66.49999999999977,0.08312499999999971,-26.55025873462728
tuna_synth_800g,1,9.476367161418572,800.0,2.9265251527910294,350.75,7.349845982686637,43.7,62.7,807.0,14.73,733.5000000000002,733.5000000000002,66.49999999999977,0.08312499999999971,-26.55025873462728
tuna_synth_800g,1,9.441527576266298,800.0,2.961364737943304,353.25,7.554964040270652,44.1,61.4,817.0,14.73,729.6000000000001,731.5500000000002,70.39999999999986,0.08799999999999983,-27.267833295018733
tuna_synth_800g,1,9.406687991114024,800.0,2.996204323095578,354.75,7.760953087483473,44.6,60.3,815.0,14.76,729.6000000000001,729.6000000000001,70.39999999999986,0.08799999999999983,-27.267833295018733
tuna_synth_800g,1,9.37184840596175,800.0,3.031043908247852,357.25,7.968393784077638,45.0,59.5,816.0,14.83,729.6000000000001,729.6000000000001,70.39999999999986,0.08799999999999983,-26.55025873462728
tuna_synth_800g,1,9.337008820809476,800.0,3.065883493400126,358.25,8.176415140424341,45.2,58.8,813.0,14.78,727.6,728.6000000000001,72.39999999999998,0.09049999999999997,-27.267833295018733
tuna_synth_800g,1,9.302169235657201,800.0,3.1007230785524005,360.25,8.385597816276121,45.6,58.0,809.0,14.89,726.6000000000001,727.1000000000001,73.39999999999986,0.09174999999999983,-27.267833295021994
tuna_synth_800g,1,9.267329650504927,800.0,3.1355626637046745,362.0,8.59579664669484,46.0,57.1,813.0,14.87,726.6000000000001,726.6000000000001,73.39999999999986,0.09174999999999983,-27.267833295018733
tuna_synth_800g,1,9.232490065352653,800.0,3.1704022488569485,363.5,8.806866466742369,46.4,56.1,813.0,14.85,726.3,726.45,73.70000000000005,0.09212500000000005,-26.55025873462728
tuna_synth_800g,1,9.197650480200378,800.0,3.205241834009223,365.25,9.018952441356838,46.8,55.2,811.0,14.85,725.3999999999997,725.8499999999999,74.60000000000025,0.09325000000000032,-26.55025873462728
tuna_synth_800g,1,9.162810895048105,800.0,3.240081419161497,366.25,9.231619075723845,47.2,54.0,814.0,14.85,724.1,724.7499999999999,75.89999999999998,0.09487499999999997,-26.55025873462728
tuna_synth_800g,1,9.12797130989583,800.0,3.274921004313771,367.5,9.445011534781525,47.5,53.2,810.0,14.73,724.1,724.1,75.89999999999998,0.09487499999999997,-25.832684174235666
tuna_synth_800g,1,9.093131724743557,800.0,3.3097605894660456,368.5,9.658984653591741,48.0,52.1,784.0,14.85,724.1,724.1,75.89999999999998,0.09487499999999997,-25.832684174235666
tuna_synth_800g,1,9.058292139591282,800.0,3.3446001746183196,370.25,9.8739739269689,48.4,50.7,838.0,14.73,720.8,722.45,79.20000000000005,0.09900000000000006,-26.55025873462728
tuna_synth_800g,1,9.023452554439007,800.0,3.379439759770594,371.5,10.08968902503673,48.8,49.6,816.0,14.56,720.8,720.8,79.20000000000005,0.09900000000000006,-27.267833295018733
tuna_synth_800g,1,8.988612969286734,800.0,3.4142793449228677,373.0,10.306275112733367,49.1,48.5,814.0,14.8,720.8,720.8,79.20000000000005,0.09900000000000006,-26.55025873462728
tuna_synth_800g,1,8.95377338413446,800.0,3.449118930075142,374.25,10.523587025120678,49.5,47.8,807.0,14.85,719.7999999999998,720.3,80.20000000000016,0.1002500000000002,-25.832684174235666
tuna_synth_800g,1,8.918933798982184,800.0,3.4839585152274166,374.5,10.741044102446123,49.9,46.8,811.0,14.87,719.7999999999998,719.7999999999998,80.20000000000016,0.1002500000000002,-25.832684174235666
tuna_synth_800g,1,8.884094213829911,800.0,3.51879810037969,375.5,10.959081839524105,50.3,45.7,816.0,14.78,716.7999999999998,718.2999999999998,83.20000000000016,0.1040000000000002,-26.55025873462728
tuna_synth_800g,1,8.849254628677638,800.0,3.5536376855319647,376.5,11.177700236354626,50.8,44.6,816.0,14.73,716.6999999999999,716.7499999999999,83.30000000000007,0.10412500000000008,-27.267833295018733
tuna_synth_800g,1,8.814415043525363,800.0,3.588477270684239,378.0,11.397189622813952,51.1,43.8,822.0,14.78,716.6999999999999,716.6999999999999,83.30000000000007,0.10412500000000008,-27.267833295018733
tuna_synth_800g,1,8.779575458373088,800.0,3.6233168558365128,379.25,11.617404833963953,51.6,42.8,827.0,14.73,713.5000000000001,715.1,86.49999999999989,0.10812499999999986,-27.267833295018733
tuna_synth_800g,1,8.744735873220815,800.0,3.6581564409887872,379.25,11.837620045113953,52.0,42.1,797.0,15.49,713.5000000000001,713.5000000000001,86.49999999999989,0.10812499999999986,-27.267833295018733
tuna_synth_800g,1,8.70989628806854,800.0,3.6929960261410613,379.5,12.057980421202087,52.3,41.3,815.0,14.76,713.5000000000001,713.5000000000001,86.49999999999989,0.10812499999999986,-22.96238593264718
tuna_synth_800g,1,8.675056702916267,800.0,3.7278356112933353,380.25,12.278776292104624,52.7,40.4,816.0,14.73,712.6999999999999,713.1,87.30000000000007,0.10912500000000008,-17.93936400988407
tuna_synth_800g,1,8.640217117763992,800.0,3.7626751964456098,381.25,12.5001528227597,53.0,39.6,818.0,14.73,712.5000000000001,712.6,87.49999999999989,0.10937499999999986,-17.93936400988407
tuna_synth_800g,1,8.605377532611719,800.0,3.797514781597884,382.25,12.722110013167313,53.5,38.6,817.0,14.62,711.0000000000001,711.7500000000001,88.99999999999989,0.11124999999999986,-17.93936400988407
tuna_synth_800g,1,8.570537947459444,800.0,3.832354366750158,383.0,12.94450269838933,53.9,37.5,816.0,14.73,710.8999999999997,710.9499999999999,89.10000000000025,0.11137500000000031,-17.93936400988407
tuna_synth_800g,1,8.53569836230717,800.0,3.867193951902432,383.0,13.166895383611347,54.2,36.9,810.0,14.85,710.8999999999997,710.8999999999997,89.10000000000025,0.11137500000000031,-17.93936400988407
tuna_synth_800g,1,8.500858777154896,800.0,3.9020335370547063,384.0,13.3898687285859,54.7,35.9,813.0,14.94,710.8999999999997,710.8999999999997,89.10000000000025,0.11137500000000031,-15.786640328701466
tuna_synth_800g,1,8.466019192002623,800.0,3.93687312220698,384.25,13.61298723849859,55.0,35.2,811.0,14.73,707.8999999999997,709.3999999999997,92.10000000000025,0.11512500000000031,-15.786640328701466
tuna_synth_800g,1,8.431179606850348,800.0,3.9717127073592544,385.0,13.836541243225684,55.5,34.4,814.0,14.8,707.8999999999997,707.8999999999997,92.10000000000025,0.11512500000000031,-17.93936400988407
tuna_synth_800g,1,8.396340021698073,800.0,4.006552292511529,385.0,14.060095247952775,55.9,33.6,810.0,14.94,707.8999999999997,707.8999999999997,92.10000000000025,0.11512500000000031,-17.93936400988407
tuna_synth_800g,1,8.3615004365458,800.0,4.041391877663803,385.5,14.283939582556139,56.2,32.9,804.0,14.99,705.2999999999998,706.5999999999998,94.70000000000016,0.1183750000000002,-20.8096622514663
tuna_synth_800g,1,8.326660851393525,800.0,4.076231462816077,386.5,14.508364576912037,56.6,32.4,802.0,15.06,705.2999999999998,705.2999999999998,94.70000000000016,0.1183750000000002,-20.8096622514663
tuna_synth_800g,1,8.29182126624125,800.0,4.111071047968351,386.75,14.73293473620607,57.1,31.7,807.0,15.06,705.2999999999998,705.2999999999998,94.70000000000016,0.1183750000000002,-18.6569385702837
tuna_synth_800g,1,8.256981681088977,800.0,4.145910633120625,387.5,14.957940390314507,57.3,31.3,805.0,15.03,705.2999999999998,705.2999999999998,94.70000000000016,0.1183750000000002,-18.6569385702837
tuna_synth_800g,1,8.222142095936702,800.0,4.1807502182729,388.0,15.183236374299213,57.7,30.7,798.0,15.17,705.2999999999998,705.2999999999998,94.70000000000016,0.1183750000000002,-14.351491207908794
tuna_synth_800g,1,8.187302510784427,800.0,4.215589803425174,388.75,15.408967853098325,58.0,30.3,795.0,15.24,704.5000000000001,704.9,95.49999999999989,0.11937499999999986,-14.351491207907161
tuna_synth_800g,1,8.152462925632154,800.0,4.250429388577448,388.75,15.634699331897435,58.4,29.9,806.0,15.03,704.5000000000001,704.5000000000001,95.49999999999989,0.11937499999999986,-14.351491207907161
tuna_synth_800g,1,8.11762334047988,800.0,4.285268973729722,389.75,15.861011470449084,58.8,28.5,799.0,15.03,703.6999999999999,704.1,96.30000000000007,0.12037500000000008,-12.916342087117823
tuna_synth_800g,1,8.082783755327606,800.0,4.320108558881996,389.75,16.08732360900073,59.1,27.5,796.0,15.27,700.8999999999996,702.2999999999997,99.10000000000036,0.12387500000000046,-12.916342087117823
tuna_synth_800g,1,8.047944170175331,800.0,4.35494814403427,389.5,16.313490582614246,59.6,26.2,797.0,15.2,700.8999999999996,700.8999999999996,99.10000000000036,0.12387500000000046,-12.916342087117823
tuna_synth_800g,1,8.013104585023058,800.0,4.389787729186544,390.25,16.540093051042163,60.0,25.0,795.0,15.22,700.8999999999996,700.8999999999996,99.10000000000036,0.12387500000000046,-11.481192966328486
tuna_synth_800g,1,7.978264999870783,800.0,4.424627314338819,390.75,16.766985849346344,60.3,24.3,791.0,15.13,700.8999999999996,700.8999999999996,99.10000000000036,0.12387500000000046,-11.481192966328486
tuna_synth_800g,1,7.94342541471851,800.0,4.459466899491092,390.75,16.99387864765053,60.6,23.4,793.0,15.36,700.7999999999998,700.8499999999997,99.20000000000016,0.1240000000000002,-11.481192966325223
tuna_synth_800g,1,7.908585829566235,800.0,4.494306484643367,392.25,17.221642435583522,61.1,22.4,787.0,15.36,700.3999999999996,700.5999999999997,99.60000000000036,0.12450000000000046,-11.48119296632196
tuna_synth_800g,1,7.873746244413961,800.0,4.529146069795641,392.25,17.449406223516515,61.3,21.7,787.0,15.36,699.7999999999997,700.0999999999997,100.20000000000027,0.12525000000000033,-11.481192966325223
tuna_synth_800g,1,7.838906659261687,800.0,4.563985654947915,391.75,17.67687968157324,61.7,20.9,785.0,15.46,698.7999999999997,699.2999999999997,101.20000000000027,0.12650000000000033,-11.481192966325223
tuna_synth_800g,1,7.804067074109413,800.0,4.598825240100189,392.5,17.904788634444365,62.2,20.2,784.0,15.39,698.0,698.3999999999999,102.0,0.1275,-11.481192966325223
tuna_synth_800g,1,7.769227488957138,800.0,4.633664825252464,393.0,18.13298791719176,62.6,19.1,785.0,15.49,696.6999999999998,697.3499999999999,103.30000000000018,0.12912500000000024,-11.481192966325223
tuna_synth_800g,1,7.734387903804865,800.0,4.668504410404737,394.0,18.361767859691696,63.0,18.0,778.0,15.71,696.6999999999998,696.6999999999998,103.30000000000018,0.12912500000000024,-11.481192966325223
tuna_synth_800g,1,7.69954831865259,800.0,4.703343995557012,393.75,18.590402637253494,63.2,17.1,783.0,15.46,695.7999999999998,696.2499999999998,104.20000000000016,0.1302500000000002,-12.198767526723035
tuna_synth_800g,1,7.664708733500316,800.0,4.738183580709286,395.25,18.8199084044441,63.6,16.0,784.0,15.44,695.7999999999998,695.7999999999998,104.20000000000016,0.1302500000000002,-12.916342087116117
tuna_synth_800g,1,7.629869148348042,800.0,4.77302316586156,395.0,19.049269006696573,64.0,15.0,783.0,15.56,695.5000000000001,695.65,104.49999999999989,0.13062499999999985,-12.198767526721568
tuna_synth_800g,1,7.595029563195768,800.0,4.807862751013834,395.5,19.27891993882531,64.4,14.0,784.0,15.51,694.5,695.0,105.5,0.131875,-12.198767526721568
tuna_synth_800g,1,7.560189978043493,800.0,4.842702336166109,395.25,19.508425706015917,64.8,13.1,784.0,15.51,694.5,694.5,105.5,0.131875,-12.916342087116117
tuna_synth_800g,1,7.5253503928912195,800.0,4.877541921318382,396.5,19.7386572978972,65.2,12.9,782.0,15.49,694.1,694.3,105.89999999999998,0.13237499999999996,-12.198767526721568
tuna_synth_800g,1,7.490510807738945,800.0,4.912381506470657,396.25,19.96874372484034,65.5,12.1,784.0,15.49,694.1,694.1,105.89999999999998,0.13237499999999996,-11.481192966325223
tuna_synth_800g,1,7.455671222586671,800.0,4.947221091622931,396.5,20.19897531672162,65.9,11.5,779.0,15.61,694.1,694.1,105.89999999999998,0.13237499999999996,-11.481192966325223
tuna_synth_800g,1,7.4208316374343966,800.0,4.982060676775205,396.5,20.429206908602897,66.3,11.2,779.0,16.43,693.2999999999998,693.6999999999999,106.70000000000016,0.1333750000000002,-11.481192966328486
tuna_synth_800g,1,7.3859920522821225,800.0,5.016900261927479,396.5,20.65943850048418,66.7,10.7,784.0,15.49,693.1999999999998,693.2499999999998,106.80000000000018,0.13350000000000023,-12.198767526721568
tuna_synth_800g,1,7.3511524671298485,800.0,5.051739847079753,397.5,20.890250752117996,67.0,10.5,784.0,15.63,693.1999999999998,693.1999999999998,106.80000000000018,0.13350000000000023,-12.198767526721568
tuna_synth_800g,1,7.3163128819775745,800.0,5.0865794322320275,397.5,21.12106300375181,67.4,10.1,775.0,15.71,693.1999999999998,693.1999999999998,106.80000000000018,0.13350000000000023,-12.198767526721568
tuna_synth_800g,1,7.2814732968253,800.0,5.1214190173843015,397.75,21.35202042032376,67.9,9.4,709.0,15.71,692.0000000000001,692.5999999999999,107.99999999999989,0.13499999999999987,-12.916342087116117
tuna_synth_800g,1,7.2466337116730255,800.0,5.156258602536576,398.0,21.583123001833847,68.2,9.4,777.0,15.58,692.0000000000001,692.0000000000001,107.99999999999989,0.13499999999999987,-12.916342087116117
tuna_synth_800g,1,7.211794126520752,800.0,5.19109818768885,398.0,21.81422558334393,68.5,9.1,784.0,15.49,692.0000000000001,692.0000000000001,107.99999999999989,0.13499999999999987,-12.198767526721568
tuna_synth_800g,1,7.176954541368477,800.0,5.2259377728411245,397.5,22.045037834977748,68.9,8.8,784.0,15.49,692.0000000000001,692.0000000000001,107.99999999999989,0.13499999999999987,-12.198767526721568
tuna_synth_800g,1,7.142114956216203,800.0,5.2607773579933985,398.5,22.276430746364106,69.1,8.6,784.0,15.49,692.0000000000001,692.0000000000001,107.99999999999989,0.13499999999999987,-12.198767526721568
tuna_synth_800g,1,7.107275371063929,800.0,5.2956169431456726,398.25,22.507678492812325,69.3,8.6,774.0,15.76,692.0000000000001,692.0000000000001,107.99999999999989,0.13499999999999987,-12.198767526721568
tuna_synth_800g,1,7.072435785911655,800.0,5.330456528297947,398.5,22.73907140419868,69.8,8.3,778.0,15.83,692.0000000000001,692.0000000000001,107.99999999999989,0.13499999999999987,-12.198767526721568
tuna_synth_800g,1,7.03759620075938,800.0,5.3652961134502215,398.75,22.97060948052317,70.1,8.5,756.0,15.49,692.0000000000001,692.0000000000001,107.99999999999989,0.13499999999999987,-8.610894724746437
tuna_synth_800g,1,7.002756615607107,800.0,5.400135698602495,399.0,23.202292721785792,70.5,8.3,786.0,15.58,692.0000000000001,692.0000000000001,107.99999999999989,0.13499999999999987,-5.74059648316261
tuna_synth_800g,1,6.967917030454832,800.0,5.43497528375477,399.25,23.43412112798655,70.9,8.1,768.0,15.86,692.0000000000001,692.0000000000001,107.99999999999989,0.13499999999999987,-5.02302192276456
tuna_synth_800g,1,6.933077445302558,800.0,5.469814868907044,399.0,23.665804369249173,71.1,8.3,769.0,15.76,692.0000000000001,692.0000000000001,107.99999999999989,0.13499999999999987,-2.8702982415788583
tuna_synth_800g,1,6.898237860150284,800.0,5.504654454059318,399.25,23.89763277544993,71.4,8.2,779.0,15.63,691.3999999999997,691.6999999999999,108.60000000000025,0.13575000000000031,-2.8702982415788583
tuna_synth_800g,1,6.86339827499801,800.0,5.539494039211592,399.25,24.12946118165069,71.6,8.0,779.0,15.56,691.3999999999997,691.3999999999997,108.60000000000025,0.13575000000000031,-2.8702982415788583
tuna_synth_800g,1,6.828558689845735,800.0,5.574333624363867,399.75,24.361579917727717,71.9,7.8,784.0,15.49,690.6999999999998,691.0499999999997,109.30000000000018,0.13662500000000022,-2.8702982415788583
tuna_synth_800g,1,6.793719104693462,800.0,5.60917320951614,400.75,24.594279313557283,72.3,8.0,784.0,15.53,690.6999999999998,690.6999999999998,109.30000000000018,0.13662500000000022,-3.587872801975131
tuna_synth_800g,1,6.758879519541187,800.0,5.644012794668415,401.5,24.82741420420125,72.6,7.9,784.0,15.49,689.8999999999997,690.2999999999997,110.10000000000025,0.1376250000000003,-3.587872801975131
tuna_synth_800g,1,6.724039934388913,800.0,5.678852379820689,401.75,25.060694259783354,72.9,7.9,793.0,15.29,689.8999999999997,689.8999999999997,110.10000000000025,0.1376250000000003,-3.587872801975131
tuna_synth_800g,1,6.689200349236639,800.0,5.713691964972963,402.0,25.29411948030359,73.2,8.1,791.0,14.8,689.8999999999997,689.8999999999997,110.10000000000025,0.1376250000000003,-0.7175745603947146
tuna_synth_800g,1,6.654360764084365,800.0,5.748531550125237,402.0,25.527544700823825,73.5,8.0,794.0,15.34,689.3999999999996,689.6499999999996,110.60000000000036,0.13825000000000046,-0.7175745603947146
tuna_synth_800g,1,6.619521178932091,800.0,5.783371135277511,402.0,25.76096992134406,73.8,7.9,795.0,15.32,689.3999999999996,689.3999999999996,110.60000000000036,0.13825000000000046,-4.305447362371551
tuna_synth_800g,1,6.584681593779817,800.0,5.818210720429785,402.5,25.994685471740567,74.1,8.1,789.0,15.27,689.0,689.1999999999998,111.0,0.13875,-3.587872801973573
tuna_synth_800g,1,6.549842008627543,800.0,5.853050305582059,403.25,26.228836516951475,74.4,8.0,778.0,15.22,689.0,689.0,111.0,0.13875,-3.587872801973573
tuna_synth_800g,1,6.515002423475268,800.0,5.887889890734334,403.5,26.463132727100522,74.6,7.9,799.0,15.1,689.0,689.0,111.0,0.13875,-2.8702982415788583
tuna_synth_800g,1,6.480162838322994,800.0,5.922729475886608,403.75,26.697574102187698,74.9,7.9,810.0,14.83,689.0,689.0,111.0,0.13875,-2.8702982415788583
tuna_synth_800g,1,6.44532325317072,800.0,5.957569061038882,404.0,26.932160642213013,75.3,8.2,814.0,14.76,688.2999999999997,688.6499999999999,111.70000000000027,0.13962500000000033,-2.8702982415788583
tuna_synth_800g,1,6.410483668018446,800.0,5.992408646191156,404.25,27.16689234717646,75.7,8.1,823.0,14.53,688.1999999999999,688.2499999999998,111.80000000000007,0.1397500000000001,-2.8702982415788583
tuna_synth_800g,1,6.375644082866172,800.0,6.02724823134343,404.75,27.401914382016177,76.1,8.1,827.0,14.58,686.5999999999999,687.3999999999999,113.40000000000009,0.14175000000000013,-5.7405964831577165
tuna_synth_800g,1,6.340804497713898,800.0,6.062087816495704,404.25,27.636646086979624,76.3,8.3,833.0,14.15,686.5999999999999,686.5999999999999,113.40000000000009,0.14175000000000013,-6.458171043555694
tuna_synth_800g,1,6.305964912561623,800.0,6.096927401647979,404.5,27.871522956881204,76.5,8.3,831.0,14.4,686.5999999999999,686.5999999999999,113.40000000000009,0.14175000000000013,-6.458171043555694
tuna_synth_800g,1,6.27112532740935,800.0,6.131766986800252,405.0,28.106690156659056,76.8,8.2,833.0,14.36,686.5999999999999,686.5999999999999,113.40000000000009,0.14175000000000013,-6.458171043555694
tuna_synth_800g,1,6.236285742257075,800.0,6.166606571952527,405.5,28.342147686313176,77.0,8.5,843.0,14.15,686.5999999999999,686.5999999999999,113.40000000000009,0.14175000000000013,-6.458171043555694
tuna_synth_800g,1,6.201446157104801,800.0,6.201446157104801,405.25,28.57746005102916,77.2,8.4,839.0,14.1,686.5999999999999,686.5999999999999,113.40000000000009,0.14175000000000013,-6.458171043555694
tuna_synth_800g,1,6.166606571952527,800.0,6.236285742257075,405.5,28.812917580683283,77.5,8.4,841.0,14.25,686.5,686.55,113.5,0.141875,-6.458171043555694
tuna_synth_800g,1,6.131766986800253,800.0,6.271125327409349,405.5,29.048375110337403,77.7,8.4,833.0,14.36,686.0,686.25,114.0,0.1425,-7.175745603955304
tuna_synth_800g,1,6.096927401647978,800.0,6.305964912561624,406.25,29.284268134805927,77.9,8.3,846.0,13.98,686.0,686.0,114.0,0.1425,-7.175745603955304
tuna_synth_800g,1,6.062087816495705,800.0,6.340804497713897,406.25,29.52016115927445,78.2,8.8,848.0,14.06,685.8999999999996,685.9499999999998,114.10000000000036,0.14262500000000045,-7.1757456039535805
tuna_synth_800g,1,6.02724823134343,800.0,6.375644082866172,406.0,29.755909018804836,78.6,8.8,838.0,14.23,685.7999999999998,685.8499999999997,114.20000000000016,0.1427500000000002,-6.458171043555603
tuna_synth_800g,1,5.992408646191156,800.0,6.410483668018446,406.5,29.991947208211496,78.9,8.7,846.0,14.04,685.2999999999998,685.5499999999998,114.70000000000016,0.1433750000000002,-6.458171043555603
tuna_synth_800g,1,5.957569061038882,800.0,6.44532325317072,407.0,30.22827572749442,79.1,9.0,854.0,13.9,685.2999999999998,685.2999999999998,114.70000000000016,0.1433750000000002,-6.458171043555603
tuna_synth_800g,1,5.922729475886608,800.0,6.480162838322994,406.75,30.46445908183921,79.4,8.9,854.0,13.98,685.1999999999998,685.2499999999998,114.80000000000018,0.14350000000000024,-5.7405964831577165
tuna_synth_800g,1,5.887889890734333,800.0,6.515002423475269,406.75,30.700642436184,79.7,8.9,847.0,14.94,684.7999999999997,684.9999999999998,115.20000000000027,0.14400000000000035,-5.7405964831577165
tuna_synth_800g,1,5.85305030558206,800.0,6.549842008627542,407.25,30.937116120405058,80.0,8.9,846.0,14.04,684.5999999999999,684.6999999999998,115.40000000000009,0.1442500000000001,-6.458171043555603
tuna_synth_800g,1,5.818210720429785,800.0,6.584681593779817,407.0,31.173444639687986,80.1,9.2,855.0,13.94,683.5000000000001,684.05,116.49999999999989,0.14562499999999987,-6.458171043555603
tuna_synth_800g,1,5.783371135277511,800.0,6.619521178932091,407.0,31.409773158970914,80.3,9.2,848.0,14.04,683.5000000000001,683.5000000000001,116.49999999999989,0.14562499999999987,-6.458171043555603
tuna_synth_800g,1,5.748531550125237,800.0,6.654360764084365,407.5,31.64639200813011,80.5,9.2,855.0,13.96,683.2999999999997,683.3999999999999,116.70000000000027,0.14587500000000034,-6.458171043555603
tuna_synth_800g,1,5.713691964972963,800.0,6.689200349236639,407.0,31.88272052741304,80.7,9.2,848.0,14.02,683.0999999999999,683.1999999999998,116.90000000000009,0.14612500000000012,-6.458171043558866
tuna_synth_800g,1,5.678852379820689,800.0,6.724039934388913,407.75,32.11948454151037,80.9,9.2,862.0,13.9,682.6999999999998,682.8999999999999,117.30000000000018,0.14662500000000023,-7.175745603953489
tuna_synth_800g,1,5.644012794668414,800.0,6.758879519541188,407.0,32.355813060793295,81.1,9.4,861.0,13.71,682.6999999999998,682.6999999999998,117.30000000000018,0.14662500000000023,-7.175745603953489
tuna_synth_800g,1,5.609173209516141,800.0,6.793719104693461,407.75,32.59257707489063,81.4,9.4,849.0,14.02,682.2999999999997,682.4999999999998,117.70000000000027,0.14712500000000034,-6.458171043558939
tuna_synth_800g,1,5.574333624363867,800.0,6.828558689845735,408.0,32.82948625392609,81.7,9.4,859.0,13.87,682.1999999999998,682.2499999999998,117.80000000000018,0.14725000000000021,-6.458171043558939
tuna_synth_800g,1,5.539494039211592,800.0,6.86339827499801,407.25,33.06595993814715,82.0,9.4,821.0,14.04,681.8999999999996,682.0499999999997,118.10000000000036,0.14762500000000045,-5.740596483164316
tuna_synth_800g,1,5.504654454059318,800.0,6.898237860150284,408.0,33.30286911718261,82.0,9.6,851.0,13.85,681.8999999999996,681.8999999999996,118.10000000000036,0.14762500000000045,-5.74059648316417
tuna_synth_800g,1,5.4698148689070445,800.0,6.933077445302557,408.25,33.539923461156214,82.3,9.6,835.0,14.15,681.8999999999996,681.8999999999996,118.10000000000036,0.14762500000000045,-5.74059648316417
tuna_synth_800g,1,5.434975283754769,800.0,6.967917030454833,407.75,33.776687475253546,82.6,9.6,839.0,14.29,681.8999999999996,681.8999999999996,118.10000000000036,0.14762500000000045,-5.74059648316417
tuna_synth_800g,1,5.4001356986024955,800.0,7.002756615607106,407.75,34.01345148935087,82.9,9.6,847.0,14.1,681.3999999999996,681.6499999999996,118.60000000000036,0.14825000000000046,-5.740596483164316
tuna_synth_800g,1,5.3652961134502215,800.0,7.03759620075938,408.5,34.25065099826261,83.1,9.6,842.0,14.19,681.3999999999996,681.3999999999996,118.60000000000036,0.14825000000000046,-6.458171043558939
tuna_synth_800g,1,5.330456528297947,800.0,7.072435785911655,408.75,34.487995672112476,83.2,10.0,848.0,14.04,681.3999999999996,681.3999999999996,118.60000000000036,0.14825000000000046,-6.458171043558939
tuna_synth_800g,1,5.2956169431456726,800.0,7.107275371063929,407.75,34.7247596862098,83.4,10.0,841.0,14.17,681.3999999999996,681.3999999999996,118.60000000000036,0.14825000000000046,-5.740596483164316
tuna_synth_800g,1,5.260777357993399,800.0,7.1421149562162025,408.5,34.96195919512154,83.7,9.9,836.0,14.36,681.3999999999996,681.3999999999996,118.60000000000036,0.14825000000000046,-5.74059648316417
tuna_synth_800g,1,5.225937772841124,800.0,7.176954541368478,408.75,35.199303868971406,83.9,10.0,848.0,14.04,681.3999999999996,681.3999999999996,118.60000000000036,0.14825000000000046,-5.74059648316417
tuna_synth_800g,1,5.1910981876888505,800.0,7.2117941265207515,408.5,35.436503377883135,84.0,10.0,819.0,14.15,681.3999999999996,681.3999999999996,118.60000000000036,0.14825000000000046,-5.74059648316417
tuna_synth_800g,1,5.156258602536576,800.0,7.2466337116730255,408.75,35.673848051733,84.5,10.0,843.0,14.15,681.3999999999996,681.3999999999996,118.60000000000036,0.14825000000000046,-5.740596483164096
tuna_synth_800g,1,5.1214190173843015,800.0,7.2814732968253,409.25,35.911483055459136,84.9,10.0,839.0,13.94,681.0,681.1999999999998,119.0,0.14875,-5.740596483160833
tuna_synth_800g,1,5.0865794322320275,800.0,7.3163128819775745,409.0,36.148972894247144,85.3,10.0,853.0,13.94,681.0,681.0,119.0,0.14875,-5.740596483160907
tuna_synth_800g,1,5.051739847079754,800.0,7.351152467129848,409.25,36.38660789797328,85.1,10.4,852.0,14.04,680.6999999999998,680.8499999999999,119.30000000000018,0.14912500000000023,-5.740596483157644
tuna_synth_800g,1,5.016900261927479,800.0,7.3859920522821225,409.75,36.62453323157568,85.3,10.4,866.0,13.73,680.6999999999998,680.6999999999998,119.30000000000018,0.14912500000000023,-5.0230219227662465
tuna_synth_800g,1,4.982060676775205,800.0,7.4208316374343966,409.0,36.86202307036369,85.5,10.4,859.0,13.85,680.6999999999998,680.6999999999998,119.30000000000018,0.14912500000000023,-4.305447362374869
tuna_synth_800g,1,4.947221091622931,800.0,7.455671222586671,409.0,37.09951290915169,85.7,10.4,855.0,13.85,680.6999999999998,680.6999999999998,119.30000000000018,0.14912500000000023,-4.305447362374759
tuna_synth_800g,1,4.912381506470656,800.0,7.4905108077389455,410.0,37.337583407692236,86.0,10.4,866.0,13.65,680.6999999999998,680.6999999999998,119.30000000000018,0.14912500000000023,-4.305447362374759
tuna_synth_800g,1,4.877541921318382,800.0,7.5253503928912195,409.75,37.57550874129464,86.1,10.4,858.0,13.81,680.6999999999998,680.6999999999998,119.30000000000018,0.14912500000000023,-2.152723681187352
tuna_synth_800g,1,4.842702336166109,800.0,7.560189978043493,410.5,37.81386956971145,86.2,0.0,864.0,13.51,680.6999999999998,680.6999999999998,119.30000000000018,0.14912500000000023,0.0
tuna_synth_800g,1,4.807862751013834,800.0,7.595029563195768,409.75,38.051794903313855,86.4,0.0,865.0,13.69,680.0,680.3499999999999,120.0,0.15,0.0
tuna_synth_800g,1,4.77302316586156,800.0,7.629869148348042,410.25,38.29001056679253,86.6,0.0,880.0,13.32,680.0,680.0,120.0,0.15,0.0
tuna_synth_800g,1,4.738183580709286,800.0,7.664708733500316,410.25,38.5282262302712,86.9,0.0,871.0,13.57,680.0,680.0,120.0,0.15,0.0
tuna_synth_800g,1,4.703343995557011,800.0,7.699548318652591,410.0,38.76629672881174,87.1,0.0,880.0,13.4,680.0,680.0,120.0,0.15,0.0
tuna_synth_800g,1,4.668504410404738,800.0,7.734387903804864,411.0,39.00494788710482,87.0,0.0,897.0,13.45,680.0,680.0,120.0,0.15,0.0
tuna_synth_800g,1,4.633664825252464,800.0,7.769227488957138,410.75,39.24345388045976,87.2,0.0,879.0,13.4,680.0,680.0,120.0,0.15,0.0
tuna_synth_800g,1,4.598825240100189,800.0,7.804067074109413,410.75,39.48195987381471,87.4,0.0,880.0,13.4,680.0,680.0,120.0,0.15,0.0
tuna_synth_800g,1,4.563985654947915,800.0,7.838906659261687,411.0,39.72061103210779,87.6,0.0,883.0,13.34,680.0,680.0,120.0,0.15,0.0
tuna_synth_800g,1,4.529146069795642,800.0,7.87374624441396,411.25,39.959407355339,87.8,0.0,885.0,13.32,680.0,680.0,120.0,0.15,0.0
tuna_synth_800g,1,4.494306484643366,800.0,7.908585829566236,411.0,40.198058513632084,88.0,0.0,883.0,13.75,680.0,680.0,120.0,0.15,0.0
tuna_synth_800g,1,4.459466899491093,800.0,7.943425414718509,411.0,40.436709671925165,88.1,0.0,879.0,13.42,680.0,680.0,120.0,0.15,0.0
tuna_synth_800g,1,4.424627314338819,800.0,7.978264999870783,410.75,40.675215665280106,88.3,0.0,879.0,13.4,680.0,680.0,120.0,0.15,0.0
tuna_synth_800g,1,4.389787729186544,800.0,8.013104585023058,411.0,40.91386682357319,88.6,0.0,871.0,13.4,680.0,680.0,120.0,0.15,0.0
tuna_synth_800g,1,4.354948144034271,800.0,8.047944170175331,411.0,41.15251798186627,88.9,0.0,882.0,13.4,680.0,680.0,120.0,0.15,0.0
tuna_synth_800g,1,4.320108558881996,800.0,8.082783755327606,411.25,41.39131430509748,89.3,0.0,880.0,13.73,680.0,680.0,120.0,0.15,0.0
tuna_synth_800g,1,4.285268973729721,800.0,8.11762334047988,410.75,41.62982029845242,89.0,0.0,878.0,13.42,680.0,680.0,120.0,0.15,0.0
tuna_synth_800g,1,4.250429388577448,800.0,8.152462925632154,410.75,41.868326291807364,89.1,0.0,879.0,13.49,680.0,680.0,120.0,0.15,0.0
tuna_synth_800g,1,4.215589803425175,800.0,8.187302510784427,411.25,42.10712261503858,89.3,0.0,878.0,13.38,680.0,680.0,120.0,0.15,0.0
tuna_synth_800g,1,4.1807502182729,800.0,8.222142095936702,412.0,42.346354433084194,89.5,0.0,886.0,13.3,680.0,680.0,120.0,0.15,0.0
tuna_synth_800g,1,4.145910633120625,800.0,8.256981681088977,411.75,42.58544108619168,89.6,0.0,893.0,13.22,680.0,680.0,120.0,0.15,0.0
tuna_synth_800g,1,4.111071047968352,800.0,8.29182126624125,411.5,42.824382574361024,89.8,0.0,880.0,13.34,680.0,680.0,120.0,0.15,0.0
tuna_synth_800g,1,4.076231462816077,800.0,8.326660851393525,411.5,43.06332406253037,89.9,0.0,877.0,13.4,680.0,680.0,120.0,0.15,0.0
tuna_synth_800g,1,4.041391877663802,800.0,8.3615004365458,412.5,43.30284621045225,90.1,0.0,880.0,13.4,680.0,680.0,120.0,0.15,0.0
tuna_synth_800g,1,4.006552292511529,800.0,8.396340021698073,412.0,43.54207802849787,90.1,0.0,882.0,13.19,680.0,680.0,120.0,0.15,0.0
tuna_synth_800g,1,3.971712707359254,800.0,8.431179606850348,412.25,43.78145501148162,90.4,0.0,880.0,13.4,680.0,680.0,120.0,0.15,0.0
tuna_synth_800g,1,3.936873122206981,800.0,8.466019192002621,411.75,44.0205416645891,90.7,0.0,866.0,13.67,680.0,680.0,120.0,0.15,0.0
tuna_synth_800g,1,3.902033537054706,800.0,8.500858777154896,412.0,44.25977348263472,91.0,0.0,862.0,13.73,680.0,680.0,120.0,0.15,0.0
tuna_synth_800g,1,3.867193951902431,800.0,8.535698362307171,412.75,44.49944079549474,91.3,0.0,858.0,13.81,680.0,680.0,120.0,0.15,0.0
tuna_synth_800g,1,3.832354366750158,800.0,8.570537947459444,412.5,44.738962943416624,91.5,0.0,865.0,13.63,680.0,680.0,120.0,0.15,0.0
tuna_synth_800g,1,3.7975147815978847,800.0,8.605377532611717,413.0,44.97877542121478,91.1,0.0,875.0,13.49,680.0,680.0,120.0,0.15,0.0
tuna_synth_800g,1,3.7626751964456098,800.0,8.640217117763992,412.5,45.218297569136666,91.2,0.0,870.0,13.57,680.0,680.0,120.0,0.15,0.0
tuna_synth_800g,1,3.727835611293335,800.0,8.675056702916267,412.75,45.45796488199668,91.4,0.0,858.0,13.9,680.0,680.0,120.0,0.15,0.0
tuna_synth_800g,1,3.6929960261410617,800.0,8.70989628806854,413.75,45.69821285460924,91.5,0.0,871.0,13.53,680.0,680.0,120.0,0.15,0.0
tuna_synth_800g,1,3.658156440988787,800.0,8.744735873220815,413.25,45.93817049734553,91.6,0.0,878.0,13.42,680.0,680.0,120.0,0.15,0.0
tuna_synth_800g,1,3.6233168558365136,800.0,8.779575458373088,412.5,46.17769264526741,91.7,0.0,871.0,13.53,680.0,680.0,120.0,0.15,0.0
tuna_synth_800g,1,3.5884772706842387,800.0,8.814415043525363,413.25,46.417650288003706,91.9,0.0,865.0,13.96,680.0,680.0,120.0,0.15,0.0
tuna_synth_800g,1,3.553637685531964,800.0,8.849254628677638,413.5,46.657753095678125,92.0,0.0,867.0,13.61,680.0,680.0,120.0,0.15,0.0
tuna_synth_800g,1,3.5187981003796907,800.0,8.884094213829911,413.25,46.89771073841442,92.1,0.0,863.0,13.75,680.0,680.0,120.0,0.15,0.0
tuna_synth_800g,1,3.4839585152274175,800.0,8.918933798982184,414.25,47.13824904090324,92.3,0.0,867.0,13.65,680.0,680.0,120.0,0.15,0.0
tuna_synth_800g,1,3.449118930075141,800.0,8.953773384134461,414.25,47.37878734339207,92.6,0.0,878.0,13.42,680.0,680.0,120.0,0.15,0.0
tuna_synth_800g,1,3.4142793449228677,800.0,8.988612969286734,414.25,47.61932564588089,92.9,0.0,878.0,13.42,680.0,680.0,120.0,0.15,0.0
tuna_synth_800g,1,3.3794397597705945,800.0,9.023452554439007,414.0,47.85971878343159,93.1,0.0,919.0,13.38,680.0,680.0,120.0,0.15,0.0
tuna_synth_800g,1,3.3446001746183196,800.0,9.058292139591282,414.75,48.10054741579668,93.3,0.0,878.0,13.44,680.0,680.0,120.0,0.15,0.0
tuna_synth_800g,1,3.3097605894660447,800.0,9.093131724743557,414.25,48.341085718285505,93.0,0.0,867.0,13.49,680.0,680.0,120.0,0.15,0.0
tuna_synth_800g,1,3.2749210043137715,800.0,9.12797130989583,415.0,48.58205951558873,93.3,0.0,873.0,13.47,680.0,680.0,120.0,0.15,0.0
tuna_synth_800g,1,3.2400814191614966,800.0,9.162810895048105,415.0,48.823033312891965,93.5,0.0,882.0,13.38,680.0,680.0,120.0,0.15,0.0
tuna_synth_800g,1,3.2052418340092235,800.0,9.197650480200378,415.25,49.06415227513333,93.7,0.0,874.0,13.34,680.0,680.0,120.0,0.15,0.0
tuna_synth_800g,1,3.1704022488569485,800.0,9.232490065352653,415.25,49.3052712373747,93.9,0.0,866.0,13.4,680.0,680.0,120.0,0.15,0.0
tuna_synth_800g,1,3.1355626637046736,800.0,9.267329650504928,415.0,49.54624503467792,94.1,0.0,873.0,13.63,680.0,680.0,120.0,0.15,0.0
tuna_synth_800g,1,3.1007230785524005,800.0,9.302169235657201,415.5,49.78750916185742,94.4,0.0,868.0,13.67,680.0,680.0,120.0,0.15,0.0
tuna_synth_800g,1,3.0658834934001273,800.0,9.337008820809475,416.0,50.02906361891319,94.0,0.0,874.0,14.49,680.0,680.0,120.0,0.15,0.0
tuna_synth_800g,1,3.0310439082478524,800.0,9.37184840596175,416.5,50.270908405845226,94.2,0.0,872.0,13.42,680.0,680.0,120.0,0.15,0.0
tuna_synth_800g,1,2.9962043230955775,800.0,9.406687991114024,416.5,50.51275319277726,94.4,0.0,885.0,13.22,680.0,680.0,120.0,0.15,0.0
tuna_synth_800g,1,2.9613647379433043,800.0,9.441527576266298,416.5,50.754597979709295,94.7,0.0,890.0,13.24,680.0,680.0,120.0,0.15,0.0
tuna_synth_800g,1,2.9265251527910294,800.0,9.476367161418572,415.75,50.996007271826926,94.9,0.0,883.0,13.36,680.0,680.0,120.0,0.15,0.0
tuna_synth_800g,1,2.8916855676387563,800.0,9.511206746570846,415.5,51.237271399006424,95.1,0.0,878.0,13.51,680.0,680.0,120.0,0.15,0.0
tuna_synth_800g,1,2.8568459824864814,800.0,9.54604633172312,416.0,51.478825856062194,95.3,0.0,874.0,13.47,680.0,680.0,120.0,0.15,0.0
tuna_synth_800g,1,2.8220063973342064,800.0,9.580885916875395,416.25,51.720525478056096,95.5,0.0,879.0,13.45,680.0,680.0,120.0,0.15,0.0
tuna_synth_800g,1,2.7871668121819333,800.0,9.615725502027669,416.25,51.96222510005,95.1,0.0,882.0,13.38,680.0,680.0,120.0,0.15,0.0
tuna_synth_800g,1,2.75232722702966,800.0,9.650565087179942,416.75,52.20421505192017,95.3,0.0,887.0,13.19,680.0,680.0,120.0,0.15,0.0
tuna_synth_800g,1,2.7174876418773835,800.0,9.685404672332218,416.75,52.44620500379035,95.5,0.0,893.0,13.13,680.0,680.0,120.0,0.15,0.0
tuna_synth_800g,1,2.6826480567251103,800.0,9.720244257484492,417.25,52.688485285536785,95.8,0.0,891.0,13.11,680.0,680.0,120.0,0.15,0.0
tuna_synth_800g,1,2.647808471572837,800.0,9.755083842636765,417.25,52.930765567283224,96.0,0.0,890.0,13.2,680.0,680.0,120.0,0.15,0.0
tuna_synth_800g,1,2.6129688864205622,800.0,9.78992342778904,416.75,53.17275551915339,96.1,0.0,882.0,13.26,680.0,680.0,120.0,0.15,0.0
tuna_synth_800g,1,2.5781293012682873,800.0,9.824763012941315,416.75,53.414745471023565,96.3,0.0,880.0,13.38,680.0,680.0,120.0,0.15,0.0
tuna_synth_800g,1,2.543289716116014,800.0,9.859602598093588,416.5,53.65659025795561,96.5,0.0,880.0,13.38,680.0,680.0,120.0,0.15,0.0
tuna_synth_800g,1,2.5084501309637393,800.0,9.894442183245863,416.5,53.89843504488764,96.1,0.0,880.0,13.75,680.0,680.0,120.0,0.15,0.0
tuna_synth_800g,1,2.473610545811466,800.0,9.929281768398136,416.5,54.140279831819676,96.3,0.0,880.0,13.4,680.0,680.0,120.0,0.15,0.0
tuna_synth_800g,1,2.438770960659191,800.0,9.96412135355041,417.25,54.38256011356612,96.5,0.0,889.0,13.26,680.0,680.0,120.0,0.15,0.0
tuna_synth_800g,1,2.4039313755069163,800.0,9.998960938702686,417.5,54.62498556025069,96.7,0.0,918.0,13.05,680.0,680.0,120.0,0.15,0.0
tuna_synth_800g,1,2.369091790354643,800.0,10.033800523854959,417.75,54.8675561718734,96.9,0.0,897.0,13.07,680.0,680.0,120.0,0.15,0.0
tuna_synth_800g,1,2.33425220520237,800.0,10.068640109007232,417.25,55.10983645361985,97.1,0.0,895.0,13.07,680.0,680.0,120.0,0.15,0.0
tuna_synth_800g,1,2.299412620050095,800.0,10.103479694159507,416.5,55.35168124055188,97.3,0.0,892.0,13.09,680.0,680.0,120.0,0.15,0.0
tuna_synth_800g,1,2.26457303489782,800.0,10.138319279311782,417.25,55.59396152229832,97.5,0.0,885.0,13.22,680.0,680.0,120.0,0.15,0.0
tuna_synth_800g,1,2.229733449745547,800.0,10.173158864464055,417.0,55.836096639106636,97.1,0.0,883.0,13.2,680.0,680.0,120.0,0.15,0.0
tuna_synth_800g,1,2.194893864593272,800.0,10.20799844961633,417.0,56.07823175591494,97.2,0.0,883.0,13.34,680.0,680.0,120.0,0.15,0.0
tuna_synth_800g,1,2.160054279440999,800.0,10.242838034768603,416.75,56.32022170778511,97.4,0.0,887.0,13.26,680.0,680.0,120.0,0.15,0.0
tuna_synth_800g,1,2.125214694288724,800.0,10.277677619920878,417.25,56.562501989531555,97.5,0.0,892.0,13.13,680.0,680.0,120.0,0.15,0.0
tuna_synth_800g,1,2.090375109136449,800.0,10.312517205073153,417.75,56.805072601154265,97.7,0.0,893.0,13.11,680.0,680.0,120.0,0.15,0.0
tuna_synth_800g,1,2.055535523984176,800.0,10.347356790225426,417.5,57.047498047838836,97.9,0.0,895.0,13.07,680.0,680.0,120.0,0.15,0.0
tuna_synth_800g,1,2.020695938831903,800.0,10.3821963753777,417.5,57.289923494523414,98.1,0.0,905.0,12.92,680.0,680.0,120.0,0.15,0.0
tuna_synth_800g,1,1.985856353679626,800.0,10.417035960529976,417.75,57.532494106146125,98.2,0.0,906.0,12.91,680.0,680.0,120.0,0.15,0.0
tuna_synth_800g,1,1.951016768527353,800.0,10.451875545682249,417.75,57.77506471776883,98.4,0.0,912.0,12.85,680.0,680.0,120.0,0.15,0.0
tuna_synth_800g,1,1.9161771833750798,800.0,10.486715130834522,417.75,58.01763532939154,98.5,0.0,911.0,12.82,680.0,680.0,120.0,0.15,0.0
tuna_synth_800g,1,1.8813375982228049,800.0,10.521554715986797,417.5,58.260060776076116,98.1,0.0,915.0,12.82,680.0,680.0,120.0,0.15,0.0
tuna_synth_800g,1,1.84649801307053,800.0,10.556394301139072,417.75,58.50263138769882,98.3,0.0,912.0,12.83,680.0,680.0,120.0,0.15,0.0
tuna_synth_800g,1,1.8116584279182568,800.0,10.591233886291345,417.0,58.74476650450713,98.5,0.0,912.0,12.8,680.0,680.0,120.0,0.15,0.0
tuna_synth_800g,1,1.776818842765982,800.0,10.62607347144362,417.25,58.98704678625358,98.5,0.0,906.0,13.13,680.0,680.0,120.0,0.15,0.0
tuna_synth_800g,1,1.7419792576137088,800.0,10.660913056595893,416.5,59.228891573185614,98.7,0.0,883.0,13.11,680.0,680.0,120.0,0.15,0.0
tuna_synth_800g,1,1.7071396724614338,800.0,10.695752641748168,416.75,59.47088152505578,98.9,0.0,898.0,13.05,680.0,680.0,120.0,0.15,0.0
tuna_synth_800g,1,1.672300087309159,800.0,10.730592226900443,416.5,59.712726311987815,99.0,0.0,891.0,13.04,680.0,680.0,120.0,0.15,0.0
tuna_synth_800g,1,1.6374605021568858,800.0,10.765431812052716,417.0,59.95486142879612,99.2,0.0,910.0,12.98,680.0,680.0,120.0,0.15,0.0
tuna_synth_800g,1,1.6026209170046126,800.0,10.80027139720499,417.0,60.196996545604435,99.3,0.0,911.0,12.8,680.0,680.0,120.0,0.15,0.0
tuna_synth_800g,1,1.5677813318523377,800.0,10.835110982357264,417.25,60.43927682735088,99.5,0.0,930.0,12.51,680.0,680.0,120.0,0.15,0.0
tuna_synth_800g,1,1.5329417467000628,800.0,10.86995056750954,416.75,60.68126677922105,99.0,0.0,929.0,12.5,680.0,680.0,120.0,0.15,0.0
tuna_synth_800g,1,1.4981021615477896,800.0,10.904790152661812,416.75,60.923256731091215,99.1,0.0,929.0,12.48,680.0,680.0,120.0,0.15,0.0
tuna_synth_800g,1,1.4632625763955147,800.0,10.939629737814087,417.0,61.16539184789952,99.3,0.0,940.0,12.29,680.0,680.0,120.0,0.15,0.0
tuna_synth_800g,1,1.4284229912432416,800.0,10.97446932296636,417.25,61.40767212964597,99.5,0.0,944.0,12.24,680.0,680.0,120.0,0.15,0.0
tuna_synth_800g,1,1.3935834060909666,800.0,11.009308908118635,414.75,61.64850076201106,99.6,0.0,946.0,12.09,680.0,680.0,120.0,0.15,0.0
tuna_synth_800g,1,1.3587438209386917,800.0,11.04414849327091,411.0,61.887151920304134,99.7,0.0,974.0,12.24,680.0,680.0,120.0,0.15,0.0
tuna_synth_800g,1,1.3239042357864186,800.0,11.078988078423183,405.75,62.122754614896394,99.8,0.0,940.0,12.32,680.0,680.0,120.0,0.15,0.0
tuna_synth_800g,1,1.2890646506341454,800.0,11.113827663575456,400.5,62.35530884578783,99.8,0.0,944.0,12.06,680.0,680.0,120.0,0.15,0.0
tuna_synth_800g,1,1.2542250654818687,800.0,11.148667248727733,394.0,62.58408878828776,99.9,0.0,935.0,12.29,680.0,680.0,120.0,0.15,0.0
tuna_synth_800g,1,1.2193854803295956,800.0,11.183506833880006,388.25,62.8095299372106,100.0,0.0,944.0,12.24,680.0,680.0,120.0,0.15,0.0
tuna_synth_800g,1,1.1845458951773224,800.0,11.21834641903228,382.5,63.031632292556345,100.0,0.0,951.0,12.39,680.0,680.0,120.0,0.15,0.0
tuna_synth_800g,1,1.1497063100250475,800.0,11.253186004184554,378.0,63.251121679015675,100.0,0.0,938.0,12.41,680.0,680.0,120.0,0.15,0.0
tuna_synth_800g,1,1.1148667248727726,800.0,11.28802558933683,375.75,63.46930458103179,100.0,0.0,939.0,12.24,680.0,680.0,120.0,0.15,0.0
tuna_synth_800g,1,1.0800271397204995,800.0,11.322865174489102,374.0,63.68647132848097,100.0,0.0,950.0,12.21,680.0,680.0,120.0,0.15,0.0
tuna_synth_800g,1,1.0451875545682245,800.0,11.357704759641377,372.75,63.90291225123947,99.9,0.0,941.0,12.31,680.0,680.0,120.0,0.15,0.0
tuna_synth_800g,1,1.0103479694159514,800.0,11.39254434479365,372.0,64.11891767918358,99.9,0.0,921.0,12.55,680.0,680.0,120.0,0.15,0.0
tuna_synth_800g,1,0.9755083842636765,800.0,11.427383929945925,372.75,64.33535860194208,99.9,0.0,940.0,12.85,680.0,680.0,120.0,0.15,0.0
tuna_synth_800g,1,0.9406687991114016,800.0,11.4622235150982,372.5,64.55165435976245,99.9,0.0,937.0,12.39,680.0,680.0,120.0,0.15,0.0
tuna_synth_800g,1,0.9058292139591284,800.0,11.497063100250474,371.0,64.767079127954,99.8,0.0,928.0,12.48,680.0,680.0,120.0,0.15,0.0
tuna_synth_800g,1,0.8709896288068553,800.0,11.531902685402747,368.5,64.98105224676422,99.8,0.0,939.0,12.53,680.0,680.0,120.0,0.15,0.0
tuna_synth_800g,1,0.8361500436545803,800.0,11.566742270555022,364.5,65.19270272656429,99.7,0.0,945.0,12.21,680.0,680.0,120.0,0.15,0.0
tuna_synth_800g,1,0.8013104585023054,800.0,11.601581855707296,360.0,65.40174023747794,99.7,0.0,939.0,12.36,680.0,680.0,120.0,0.15,0.0
tuna_synth_800g,1,0.7664708733500323,800.0,11.63642144085957,355.75,65.60830994444329,99.6,0.0,935.0,12.36,680.0,680.0,120.0,0.15,0.0
tuna_synth_800g,1,0.7316312881977574,800.0,11.671261026011845,351.0,65.8121215175841,99.5,0.0,935.0,12.41,680.0,680.0,120.0,0.15,0.0
tuna_synth_800g,1,0.6967917030454842,800.0,11.706100611164118,346.0,66.01302979196223,99.4,0.0,929.0,12.5,680.0,680.0,120.0,0.15,0.0
tuna_synth_800g,1,0.6619521178932093,800.0,11.740940196316393,340.0,66.21045410782511,99.3,0.0,935.0,12.34,680.0,680.0,120.0,0.15,0.0
tuna_synth_800g,1,0.6271125327409344,800.0,11.775779781468668,334.75,66.40482995998717,99.1,0.0,970.0,11.97,680.0,680.0,120.0,0.15,0.0
tuna_synth_800g,1,0.5922729475886612,800.0,11.81061936662094,329.0,66.59586701857214,99.5,0.0,958.0,11.99,680.0,680.0,120.0,0.15,0.0
tuna_synth_800g,1,0.5574333624363863,800.0,11.845458951773216,324.0,66.78400077839441,99.4,0.0,958.0,11.99,680.0,680.0,120.0,0.15,0.0
tuna_synth_800g,1,0.5225937772841114,800.0,11.88029853692549,318.5,66.96894090957774,99.2,0.0,955.0,12.04,680.0,680.0,120.0,0.15,0.0
tuna_synth_800g,1,0.48775419213183824,800.0,11.915138122077764,314.0,67.15126807187463,99.0,0.0,973.0,11.75,680.0,680.0,120.0,0.15,0.0
tuna_synth_800g,1,0.4529146069795651,800.0,11.949977707230037,309.0,67.33069193540885,98.7,0.0,976.0,11.72,680.0,680.0,120.0,0.15,0.0
tuna_synth_800g,1,0.41807502182729017,800.0,11.984817292382312,304.0,67.50721250018037,98.5,0.0,1002.0,11.32,680.0,680.0,120.0,0.15,0.0
tuna_synth_800g,1,0.38323543667501525,800.0,12.019656877534587,299.25,67.68097493112734,98.2,0.0,990.0,11.5,680.0,680.0,120.0,0.15,0.0
tuna_synth_800g,1,0.3483958515227421,800.0,12.05449646268686,294.5,67.85197922824975,98.0,0.0,986.0,11.62,680.0,680.0,120.0,0.15,0.0
tuna_synth_800g,1,0.3135562663704672,800.0,12.089336047839135,289.5,68.02008022660947,98.3,0.0,979.0,11.72,680.0,680.0,120.0,0.15,0.0
tuna_synth_800g,1,0.27871668121819404,800.0,12.124175632991408,284.75,68.18542309114463,98.0,0.0,979.0,11.72,680.0,680.0,120.0,0.15,0.0
tuna_synth_800g,1,0.24387709606591912,800.0,12.159015218143683,280.25,68.34815298679338,97.7,0.0,975.0,11.72,680.0,680.0,120.0,0.15,0.0
tuna_synth_800g,1,0.2090375109136442,800.0,12.193854803295958,275.75,68.5082699135557,97.4,0.0,969.0,11.86,680.0,680.0,120.0,0.15,0.0
tuna_synth_800g,1,0.17419792576137105,800.0,12.22869438844823,271.75,68.66606420130788,97.0,0.0,958.0,11.99,680.0,680.0,120.0,0.15,0.0
tuna_synth_800g,1,0.1393583406090979,800.0,12.263533973600504,267.75,68.82153585004988,97.4,0.0,950.0,12.07,680.0,680.0,120.0,0.15,0.0
tuna_synth_800g,1,0.10451875545682121,800.0,12.29837355875278,263.5,68.97453969484363,97.0,0.0,949.0,12.19,680.0,680.0,120.0,0.15,0.0
tuna_synth_800g,1,0.06967917030454807,800.0,12.333213143905054,259.25,69.12507573568907,96.6,0.0,949.0,12.14,680.0,680.0,120.0,0.15,0.0
tuna_synth_800g,1,0.03483958515227492,800.0,12.368052729057327,255.75,69.27357946740064,96.3,0.0,945.0,12.24,680.0,680.0,120.0,0.15,0.0
tuna_synth_800g,1,0.0,800.0,12.402892314209602,251.75,69.41976056010206,96.4,0.0,943.0,12.24,680.0,680.0,120.0,0.15,0.0
tuna_synth_6000g,1,62.16872830766906,6000.0,0.0,32.0,0.0,32.0,81.8,1088.0,10.12,6000.0,5985.750000000003,0.0,0.0,0.0
tuna_synth_6000g,1,61.99409704837786,6000.0,0.1746312592912052,32.0,0.0931366716219761,32.1,81.7,1072.0,10.35,5986.500000000002,5985.750000000003,13.499999999998181,0.0022499999999996967,0.0
tuna_synth_6000g,1,61.81946578908665,6000.0,0.3492625185824104,32.25,0.18700097349099887,32.1,81.7,1072.0,10.57,5985.750000000003,5985.750000000003,14.249999999997272,0.0023749999999995454,0.0
tuna_synth_6000g,1,61.644834529795446,6000.0,0.5238937778736157,32.5,0.2815929056070683,32.1,81.7,1041.0,10.76,5985.750000000003,5985.750000000003,14.249999999997272,0.0023749999999995454,0.0
tuna_synth_6000g,1,61.47020327050424,6000.0,0.6985250371648208,31.5,0.3732743167349511,32.2,81.7,1023.0,11.01,5985.750000000003,5985.750000000003,14.249999999997272,0.0023749999999995454,0.0
tuna_synth_6000g,1,61.29557201121304,6000.0,0.8731562964560262,31.25,0.46422809761578704,32.2,81.6,1011.0,11.19,5985.750000000003,5985.750000000003,14.249999999997272,0.0023749999999995454,0.0
tuna_synth_6000g,1,61.12094075192183,6000.0,1.0477875557472314,32.0,0.5573647692377631,32.3,81.6,1001.0,11.33,5984.250000000001,5985.000000000002,15.74999999999909,0.0026249999999998484,0.0
tuna_synth_6000g,1,60.946309492630625,6000.0,1.2224188150384367,31.25,0.6483185501185992,32.4,81.5,991.0,11.52,5984.250000000001,5984.250000000001,15.74999999999909,0.0026249999999998484,0.0
tuna_synth_6000g,1,60.77167823333942,6000.0,1.3970500743296417,31.5,0.7399999612464819,32.4,81.5,981.0,11.69,5984.250000000001,5984.250000000001,15.74999999999909,0.0026249999999998484,0.0
tuna_synth_6000g,1,60.59704697404822,6000.0,1.571681333620847,31.75,0.8324090026214115,32.5,81.4,972.0,11.8,5984.250000000001,5984.250000000001,15.74999999999909,0.0026249999999998484,0.0
tuna_synth_6000g,1,60.42241571475701,6000.0,1.7463125929120524,31.75,0.9248180439963408,32.5,81.3,963.0,11.97,5984.250000000001,5984.250000000001,15.74999999999909,0.0026249999999998484,0.0
tuna_synth_6000g,1,60.247784455465805,6000.0,1.9209438522032574,31.75,1.0172270853712702,32.5,81.1,950.0,12.12,5984.250000000001,5984.250000000001,15.74999999999909,0.0026249999999998484,0.0
tuna_synth_6000g,1,60.0731531961746,6000.0,2.0955751114944627,32.0,1.110363756993246,32.6,81.0,945.0,12.24,5984.250000000001,5984.250000000001,15.74999999999909,0.0026249999999998484,0.0
tuna_synth_6000g,1,59.8985219368834,6000.0,2.270206370785668,31.5,1.2020451681211288,32.6,80.9,942.0,12.34,5984.250000000001,5984.250000000001,15.74999999999909,0.0026249999999998484,0.0
tuna_synth_6000g,1,59.72389067759219,6000.0,2.4448376300768735,31.5,1.2937265792490114,32.7,80.8,932.0,12.48,5984.250000000001,5984.250000000001,15.74999999999909,0.0026249999999998484,0.0
tuna_synth_6000g,1,59.549259418300984,6000.0,2.619468889368078,31.75,1.3861356206239408,32.7,80.6,926.0,12.55,5984.250000000001,5984.250000000001,15.74999999999909,0.0026249999999998484,0.0
tuna_synth_6000g,1,59.37462815900978,6000.0,2.7941001486592834,31.75,1.4785446619988702,32.8,80.5,918.0,12.71,5984.250000000001,5984.250000000001,15.74999999999909,0.0026249999999998484,0.0
tuna_synth_6000g,1,59.19999689971858,6000.0,2.968731407950489,32.0,1.5716813336208464,32.8,80.3,909.0,12.8,5984.250000000001,5984.250000000001,15.74999999999909,0.0026249999999998484,0.0
tuna_synth_6000g,1,59.02536564042737,6000.0,3.143362667241694,32.0,1.6648180052428223,32.9,80.2,891.0,12.92,5984.250000000001,5984.250000000001,15.74999999999909,0.0026249999999998484,0.0
tuna_synth_6000g,1,58.850734381136164,6000.0,3.3179939265328993,32.0,1.7579546768647982,32.9,80.0,902.0,13.0,5984.250000000001,5984.250000000001,15.74999999999909,0.0026249999999998484,0.0
tuna_synth_6000g,1,58.67610312184496,6000.0,3.492625185824105,31.75,1.8503637182397277,33.0,79.7,894.0,13.13,5984.250000000001,5984.250000000001,15.74999999999909,0.0026249999999998484,0.0
tuna_synth_6000g,1,58.50147186255376,6000.0,3.66725644511531,31.5,1.9420451293676102,33.0,79.6,886.0,13.26,5984.250000000001,5984.250000000001,15.74999999999909,0.0026249999999998484,0.0
tuna_synth_6000g,1,58.326840603262546,6000.0,3.8418877044065147,31.75,2.0344541707425394,33.1,79.5,880.0,13.15,5984.250000000001,5984.250000000001,15.74999999999909,0.0026249999999998484,0.0
tuna_synth_6000g,1,58.15220934397134,6000.0,4.01651896369772,32.25,2.1283184726115625,33.1,79.5,881.0,13.4,5984.250000000001,5984.250000000001,15.74999999999909,0.0026249999999998484,0.0
tuna_synth_6000g,1,57.97757808468014,6000.0,4.1911502229889255,32.25,2.222182774480585,33.1,79.4,871.0,13.45,5984.250000000001,5984.250000000001,15.74999999999909,0.0026249999999998484,0.0
tuna_synth_6000g,1,57.80294682538893,6000.0,4.365781482280131,32.0,2.3153194461025612,33.2,79.3,879.0,13.4,5984.250000000001,5984.250000000001,15.74999999999909,0.0026249999999998484,0.0
tuna_synth_6000g,1,57.628315566097726,6000.0,4.540412741571336,31.75,2.4077284874774905,33.2,79.3,881.0,13.4,5984.250000000001,5984.250000000001,15.74999999999909,0.0026249999999998484,0.0
tuna_synth_6000g,1,57.45368430680652,6000.0,4.715044000862541,31.75,2.50013752885242,33.3,79.1,880.0,13.49,5984.250000000001,5984.250000000001,15.74999999999909,0.0026249999999998484,0.0
tuna_synth_6000g,1,57.27905304751532,6000.0,4.889675260153747,34.0,2.59909524245077,33.3,79.0,867.0,13.59,5984.250000000001,5984.250000000001,15.74999999999909,0.0026249999999998484,0.0
tuna_synth_6000g,1,57.104421788224116,6000.0,5.064306519444951,38.0,2.7096950400018667,33.4,78.9,871.0,13.51,5984.250000000001,5984.250000000001,15.74999999999909,0.0026249999999998484,0.0
tuna_synth_6000g,1,56.929790528932905,6000.0,5.238937778736156,40.5,2.82757114002343,33.4,78.8,865.0,13.4,5984.250000000001,5984.250000000001,15.74999999999909,0.0026249999999998484,0.0
tuna_synth_6000g,1,56.7551592696417,6000.0,5.4135690380273624,42.75,2.9519959122684134,33.5,78.7,855.0,13.81,5984.250000000001,5984.250000000001,15.74999999999909,0.0026249999999998484,0.0
tuna_synth_6000g,1,56.5805280103505,6000.0,5.588200297318567,45.25,3.083696986983864,33.5,78.6,855.0,13.94,5798.250000000002,5891.250000000002,201.74999999999818,0.0336249999999997,0.0
tuna_synth_6000g,1,56.40589675105929,6000.0,5.762831556609773,47.0,3.2204914734286416,33.6,78.4,847.0,14.04,5798.250000000002,5798.250000000002,201.74999999999818,0.0336249999999997,0.0
tuna_synth_6000g,1,56.231265491768085,6000.0,5.937462815900978,49.0,3.363107001849792,33.6,78.4,855.0,14.02,5784.000000000001,5791.125000000002,215.9999999999991,0.03599999999999985,0.0
tuna_synth_6000g,1,56.05663423247688,6000.0,6.112094075192183,52.75,3.5166369839766434,33.6,78.3,848.0,14.02,5784.000000000001,5784.000000000001,215.9999999999991,0.03599999999999985,0.0
tuna_synth_6000g,1,55.88200297318568,6000.0,6.286725334483388,57.25,3.6832643105503347,33.7,78.1,843.0,14.15,5784.000000000001,5784.000000000001,215.9999999999991,0.03599999999999985,0.0
tuna_synth_6000g,1,55.70737171389447,6000.0,6.461356593774593,64.0,3.869537653794287,33.7,78.1,838.0,14.23,5771.250000000003,5777.625000000002,228.74999999999727,0.03812499999999955,0.0
tuna_synth_6000g,1,55.532740454603264,6000.0,6.6359878530657985,71.0,4.076184643955546,33.8,77.9,837.0,14.32,5771.250000000003,5771.250000000003,228.74999999999727,0.03812499999999955,0.0
tuna_synth_6000g,1,55.35810919531206,6000.0,6.810619112357004,79.25,4.306843432269346,33.9,77.8,838.0,14.02,5769.75,5770.500000000002,230.25,0.038375,0.0
tuna_synth_6000g,1,55.18347793602085,6000.0,6.98525037164821,86.75,4.559331127994547,34.0,77.7,831.0,14.36,5766.75,5768.25,233.25,0.038875,0.0
tuna_synth_6000g,1,55.00884667672965,6000.0,7.159881630939414,95.25,4.836558252119335,34.0,77.5,831.0,14.42,5766.75,5766.75,233.25,0.038875,0.0
tuna_synth_6000g,1,54.83421541743844,6000.0,7.33451289023062,104.75,5.141435325631898,34.0,77.2,830.0,14.49,5766.75,5766.75,233.25,0.038875,0.0
tuna_synth_6000g,1,54.65958415814724,6000.0,7.509144149521825,114.0,5.4732347182851875,34.1,77.0,824.0,14.71,5766.75,5766.75,233.25,0.038875,0.0
tuna_synth_6000g,1,54.48495289885604,6000.0,7.6837754088130295,123.75,5.833411690573298,34.2,76.9,827.0,14.51,5748.0,5757.375,252.0,0.042,0.0
tuna_synth_6000g,1,54.310321639564826,6000.0,7.8584066681042355,133.0,6.2205109820021365,34.3,76.7,830.0,14.6,5748.0,5748.0,252.0,0.042,0.0
tuna_synth_6000g,1,54.13569038027362,6000.0,8.03303792739544,141.5,6.632349701830562,34.4,76.6,897.0,14.42,5745.000000000003,5746.500000000002,254.99999999999727,0.042499999999999545,-2.1473818692169315
tuna_synth_6000g,1,53.96105912098242,6000.0,8.207669186686646,150.75,7.071110740799715,34.4,76.5,822.0,14.62,5733.750000000003,5739.375000000003,266.24999999999727,0.04437499999999955,-6.442145607640378
tuna_synth_6000g,1,53.78642786169121,6000.0,8.382300445977851,160.25,7.537521729156642,34.6,76.4,823.0,14.58,5732.250000000001,5733.000000000002,267.7499999999991,0.044624999999999845,-8.589527476852123
tuna_synth_6000g,1,53.611796602400005,6000.0,8.556931705269056,169.5,8.030855036654296,34.7,76.3,819.0,14.6,5719.500000000002,5725.875000000002,280.4999999999982,0.046749999999999695,-10.736909346076835
tuna_synth_6000g,1,53.4371653431088,6000.0,8.731562964560261,178.25,8.549655402798585,34.8,76.2,819.0,14.71,5719.500000000002,5719.500000000002,280.4999999999982,0.046749999999999695,-24.694891495967337
tuna_synth_6000g,1,53.2625340838176,6000.0,8.906194223851466,186.5,9.092467567095415,34.9,76.0,819.0,14.49,5719.500000000002,5719.500000000002,280.4999999999982,0.046749999999999695,-24.694891495967337
tuna_synth_6000g,1,53.087902824526395,6000.0,9.080825483142672,194.25,9.65783626905069,35.1,75.5,819.0,14.6,5719.500000000002,5719.500000000002,280.4999999999982,0.046749999999999695,-24.694891495967337
tuna_synth_6000g,1,52.913271565235185,6000.0,9.255456742433879,202.75,10.247944399405556,35.2,75.4,821.0,14.6,5708.250000000002,5713.875000000002,291.7499999999982,0.048624999999999696,-34.35810990742647
tuna_synth_6000g,1,52.73864030594398,6000.0,9.430088001725082,210.5,10.860609067418867,35.4,75.3,821.0,14.71,5708.250000000002,5708.250000000002,291.7499999999982,0.048624999999999696,-34.358109907426794
tuna_synth_6000g,1,52.56400904665278,6000.0,9.604719261016287,218.25,11.495830273090625,35.6,75.1,822.0,14.67,5689.500000000002,5698.875000000002,310.4999999999982,0.0517499999999997,-36.50549177663836
tuna_synth_6000g,1,52.38937778736157,6000.0,9.779350520307494,225.75,12.152880386173786,35.8,75.0,825.0,14.67,5689.500000000002,5689.500000000002,310.4999999999982,0.0517499999999997,-36.50549177663836
tuna_synth_6000g,1,52.214746528070364,6000.0,9.953981779598697,232.75,12.830304146174251,35.9,74.8,817.0,14.71,5683.5,5686.500000000001,316.5,0.05275,-34.358109907426794
tuna_synth_6000g,1,52.04011526877916,6000.0,10.128613038889902,240.0,13.52882918333907,36.1,74.4,816.0,14.73,5667.750000000001,5675.625,332.2499999999991,0.05537499999999985,-34.358109907426794
tuna_synth_6000g,1,51.86548400948796,6000.0,10.30324429818111,247.25,14.248455497668244,36.3,74.3,818.0,14.8,5667.750000000001,5667.750000000001,332.2499999999991,0.05537499999999985,-34.358109907426794
tuna_synth_6000g,1,51.690852750196754,6000.0,10.477875557472313,253.25,14.98554493792654,36.5,74.1,822.0,14.67,5664.000000000001,5665.875000000001,335.9999999999991,0.05599999999999985,-34.358109907426794
tuna_synth_6000g,1,51.516221490905544,6000.0,10.652506816763518,259.5,15.740825134361003,36.7,73.9,821.0,14.62,5655.750000000002,5659.875000000002,344.2499999999982,0.0573749999999997,-33.28441897281964
tuna_synth_6000g,1,51.34159023161434,6000.0,10.827138076054725,265.25,16.512840826477536,37.0,73.3,822.0,14.67,5631.0,5643.375000000001,369.0,0.0615,-33.28441897281964
tuna_synth_6000g,1,51.16695897232313,6000.0,11.00176933534593,271.25,17.302319644523195,37.2,73.2,817.0,14.73,5631.0,5631.0,369.0,0.0615,-35.431800842033795
tuna_synth_6000g,1,50.992327713031926,6000.0,11.176400594637133,277.5,18.109989218745017,37.4,72.9,816.0,14.73,5631.0,5631.0,369.0,0.0615,-35.431800842033795
tuna_synth_6000g,1,50.81769645374072,6000.0,11.35103185392834,283.25,18.934394288648914,37.7,72.7,795.0,14.6,5631.0,5631.0,369.0,0.0615,-35.431800842033795
tuna_synth_6000g,1,50.64306519444952,6000.0,11.525663113219546,288.0,19.7726243332467,37.9,72.4,822.0,14.58,5609.249999999999,5620.125,390.7500000000009,0.06512500000000015,-36.50549177664617
tuna_synth_6000g,1,50.468433935158316,6000.0,11.700294372510749,293.25,20.62613461303247,38.2,71.8,823.0,14.62,5608.5,5608.875,391.5,0.06525,-38.652873645857895
tuna_synth_6000g,1,50.293802675867106,6000.0,11.874925631801956,297.75,21.492742237265077,38.5,71.4,823.0,14.67,5608.5,5608.5,391.5,0.06525,-36.50549177664617
tuna_synth_6000g,1,50.1191714165759,6000.0,12.049556891093161,302.5,22.37317483619157,38.9,71.0,823.0,14.67,5590.499999999999,5599.5,409.5000000000009,0.06825000000000016,-36.50549177664617
tuna_synth_6000g,1,49.9445401572847,6000.0,12.224188150384366,306.75,23.265977149317855,39.1,70.1,823.0,14.51,5584.500000000001,5587.5,415.4999999999991,0.06924999999999985,-38.652873645857895
tuna_synth_6000g,1,49.76990889799349,6000.0,12.398819409675571,311.0,24.171149176643937,39.4,69.8,814.0,14.62,5583.750000000002,5584.125000000002,416.2499999999982,0.0693749999999997,-36.50549177664617
tuna_synth_6000g,1,49.595277638702285,6000.0,12.573450668966776,315.0,25.087963287922765,39.7,69.6,818.0,14.67,5583.750000000002,5583.750000000002,416.2499999999982,0.0693749999999997,-35.431800842033795
tuna_synth_6000g,1,49.42064637941108,6000.0,12.748081928257982,319.25,26.017147113401386,40.0,69.1,819.0,14.62,5580.000000000002,5581.875000000002,419.9999999999982,0.0699999999999997,-33.28441897281964
tuna_synth_6000g,1,49.24601512011988,6000.0,12.922713187549187,322.75,26.956517762338656,40.3,68.8,821.0,14.62,5556.749999999999,5568.375,443.2500000000009,0.07387500000000015,-33.28441897281964
tuna_synth_6000g,1,49.071383860828675,6000.0,13.097344446840392,326.5,27.906802864981632,40.7,68.5,782.0,14.62,5544.0,5550.375,456.0,0.076,-39.72656458045962
tuna_synth_6000g,1,48.896752601537464,6000.0,13.271975706131597,329.75,28.866547160836216,41.0,68.2,823.0,14.62,5544.0,5544.0,456.0,0.076,-40.80025551506939
tuna_synth_6000g,1,48.72212134224626,6000.0,13.446606965422804,332.5,29.83429538940831,41.3,67.6,823.0,14.67,5530.499999999999,5537.25,469.5000000000009,0.07825000000000015,-41.87394644967635
tuna_synth_6000g,1,48.54749008295506,6000.0,13.621238224714007,336.0,30.81223044143906,41.6,67.2,822.0,14.58,5530.499999999999,5530.499999999999,469.5000000000009,0.07825000000000015,-41.87394644967935
tuna_synth_6000g,1,48.37285882366385,6000.0,13.795869484005213,339.0,31.798897056434367,42.0,66.4,822.0,14.53,5529.749999999999,5530.124999999999,470.2500000000009,0.07837500000000015,-38.652873645860495
tuna_synth_6000g,1,48.198227564372644,6000.0,13.97050074329642,341.5,32.79283997390014,42.4,65.8,819.0,14.6,5515.499999999999,5522.624999999999,484.5000000000009,0.08075000000000015,-38.652873645860495
tuna_synth_6000g,1,48.02359630508144,6000.0,14.145132002587623,344.25,33.79478682408343,42.7,65.2,816.0,14.6,5515.499999999999,5515.499999999999,484.5000000000009,0.08075000000000015,-39.726564580468064
tuna_synth_6000g,1,47.84896504579024,6000.0,14.319763261878828,346.75,34.80400997673719,43.0,64.4,816.0,14.73,5501.250000000001,5508.375,498.7499999999991,0.08312499999999985,-39.72656458046525
tuna_synth_6000g,1,47.67433378649903,6000.0,14.494394521170035,349.0,35.81978180161436,43.4,63.6,816.0,14.76,5501.250000000001,5501.250000000001,498.7499999999991,0.08312499999999985,-39.726564580465045
tuna_synth_6000g,1,47.49970252720782,6000.0,14.66902578046124,350.75,36.840647038220865,43.7,62.7,807.0,14.73,5501.250000000001,5501.250000000001,498.7499999999991,0.08312499999999985,-39.726564580465045
tuna_synth_6000g,1,47.32507126791662,6000.0,14.843657039752443,353.25,37.86878857729784,44.1,61.4,817.0,14.73,5472.000000000001,5486.625000000001,527.9999999999991,0.08799999999999984,-40.80025551506681
tuna_synth_6000g,1,47.15044000862541,6000.0,15.01828829904365,354.75,38.90129589785709,44.6,60.3,815.0,14.76,5472.000000000001,5472.000000000001,527.9999999999991,0.08799999999999984,-40.80025551506681
tuna_synth_6000g,1,46.975808749334206,6000.0,15.192919558334856,357.25,39.9410795208868,45.0,59.5,816.0,14.83,5472.000000000001,5472.000000000001,527.9999999999991,0.08799999999999984,-39.726564580465045
tuna_synth_6000g,1,46.801177490043,6000.0,15.367550817626059,358.25,40.98377366490471,45.2,58.8,813.0,14.78,5457.000000000001,5464.500000000001,542.9999999999991,0.09049999999999984,-40.80025551506681
tuna_synth_6000g,1,46.6265462307518,6000.0,15.542182076917266,360.25,42.032288850898986,45.6,58.0,809.0,14.89,5449.500000000001,5453.250000000001,550.4999999999991,0.09174999999999985,-40.80025551506982
tuna_synth_6000g,1,46.451914971460596,6000.0,15.716813336208471,362.0,43.08589744862258,46.0,57.1,813.0,14.87,5449.500000000001,5449.500000000001,550.4999999999991,0.09174999999999985,-40.80025551506681
tuna_synth_6000g,1,46.27728371216939,6000.0,15.891444595499674,363.5,44.14387182782847,46.4,56.1,813.0,14.85,5447.249999999999,5448.375,552.7500000000009,0.09212500000000015,-39.726564580465045
tuna_synth_6000g,1,46.10265245287818,6000.0,16.06607585479088,365.25,45.206939618763684,46.8,55.2,811.0,14.85,5440.499999999998,5443.874999999998,559.5000000000018,0.0932500000000003,-39.726564580465045
tuna_synth_6000g,1,45.92802119358698,6000.0,16.240707114082085,366.25,46.272917930687086,47.2,54.0,814.0,14.85,5430.75,5435.624999999999,569.25,0.094875,-39.726564580465045
tuna_synth_6000g,1,45.75338993429577,6000.0,16.41533837337329,367.5,47.34253439384572,47.5,53.2,810.0,14.73,5430.75,5430.75,569.25,0.094875,-38.652873645860495
tuna_synth_6000g,1,45.578758675004565,6000.0,16.5899696326645,368.5,48.41506137799254,48.0,52.1,784.0,14.85,5430.75,5430.75,569.25,0.094875,-38.652873645860495
tuna_synth_6000g,1,45.40412741571336,6000.0,16.764600891955702,370.25,49.49268177386868,48.4,50.7,838.0,14.73,5405.999999999999,5418.375,594.0000000000009,0.09900000000000016,-39.726564580465045
tuna_synth_6000g,1,45.22949615642216,6000.0,16.93923215124691,371.5,50.57394032098006,48.8,49.6,816.0,14.56,5405.999999999999,5405.999999999999,594.0000000000009,0.09900000000000016,-40.80025551506681
tuna_synth_6000g,1,45.054864897130955,6000.0,17.113863410538112,373.0,51.65956464957372,49.1,48.5,814.0,14.8,5405.999999999999,5405.999999999999,594.0000000000009,0.09900000000000016,-39.726564580465045
tuna_synth_6000g,1,44.880233637839744,6000.0,17.28849466982932,374.25,52.748827129402606,49.5,47.8,807.0,14.85,5398.499999999999,5402.249999999999,601.5000000000009,0.10025000000000016,-38.652873645860495
tuna_synth_6000g,1,44.70560237854854,6000.0,17.463125929120523,374.5,53.838817239478544,49.9,46.8,811.0,14.87,5398.499999999999,5398.499999999999,601.5000000000009,0.10025000000000016,-38.652873645860495
tuna_synth_6000g,1,44.53097111925734,6000.0,17.637757188411726,375.5,54.93171787054267,50.3,45.7,816.0,14.78,5375.999999999999,5387.249999999999,624.0000000000009,0.10400000000000015,-39.726564580465045
tuna_synth_6000g,1,44.35633985996613,6000.0,17.812388447702933,376.5,56.02752902259498,50.8,44.6,816.0,14.73,5375.25,5375.625,624.75,0.104125,-40.80025551506681
tuna_synth_6000g,1,44.181708600674924,6000.0,17.98701970699414,378.0,57.127705956129574,51.1,43.8,822.0,14.78,5375.25,5375.25,624.75,0.104125,-40.80025551506681
tuna_synth_6000g,1,44.00707734138372,6000.0,18.161650966285343,379.25,58.2315210408994,51.6,42.8,827.0,14.73,5351.250000000001,5363.25,648.7499999999991,0.10812499999999985,-40.80025551506681
tuna_synth_6000g,1,43.83244608209252,6000.0,18.33628222557655,379.25,59.33533612566923,52.0,42.1,797.0,15.49,5351.250000000001,5351.250000000001,648.7499999999991,0.10812499999999985,-40.80025551506681
tuna_synth_6000g,1,43.657814822801306,6000.0,18.510913484867757,379.5,60.439878840686106,52.3,41.3,815.0,14.76,5351.250000000001,5351.250000000001,648.7499999999991,0.10812499999999985,-34.35810990742368
tuna_synth_6000g,1,43.48318356351011,6000.0,18.685544744158957,380.25,61.546604446444114,52.7,40.4,816.0,14.73,5345.25,5348.25,654.75,0.109125,-26.842273365181423
tuna_synth_6000g,1,43.3085523042189,6000.0,18.860176003450164,381.25,62.65624057319032,53.0,39.6,818.0,14.73,5343.750000000001,5344.5,656.2499999999991,0.10937499999999985,-26.842273365181423
tuna_synth_6000g,1,43.13392104492769,6000.0,19.03480726274137,382.25,63.76878722092471,53.5,38.6,817.0,14.62,5332.500000000001,5338.125000000001,667.4999999999991,0.11124999999999985,-26.842273365181423
tuna_synth_6000g,1,42.959289785636486,6000.0,19.209438522032574,383.0,64.88351675940022,53.9,37.5,816.0,14.73,5331.749999999998,5332.125,668.2500000000018,0.11137500000000031,-26.842273365181423
tuna_synth_6000g,1,42.78465852634528,6000.0,19.38406978132378,383.0,65.99824629787575,54.2,36.9,810.0,14.85,5331.749999999998,5331.749999999998,668.2500000000018,0.11137500000000031,-26.842273365181423
tuna_synth_6000g,1,42.61002726705408,6000.0,19.558701040614988,384.0,67.11588635733946,54.7,35.9,813.0,14.94,5331.749999999998,5331.749999999998,668.2500000000018,0.11137500000000031,-23.621200561362787
tuna_synth_6000g,1,42.435396007762876,6000.0,19.73333229990619,384.25,68.23425404705023,55.0,35.2,811.0,14.73,5309.249999999998,5320.499999999998,690.7500000000018,0.1151250000000003,-23.621200561362787
tuna_synth_6000g,1,42.26076474847167,6000.0,19.907963559197395,385.0,69.35480462750212,55.5,34.4,814.0,14.8,5309.249999999998,5309.249999999998,690.7500000000018,0.1151250000000003,-26.842273365181423
tuna_synth_6000g,1,42.08613348918046,6000.0,20.0825948184886,385.0,70.47535520795402,55.9,33.6,810.0,14.94,5309.249999999998,5309.249999999998,690.7500000000018,0.1151250000000003,-26.842273365181423
tuna_synth_6000g,1,41.91150222988926,6000.0,20.257226077779805,385.5,71.59736104890003,56.2,32.9,804.0,14.99,5289.749999999998,5299.499999999998,710.2500000000018,0.1183750000000003,-31.13703710360778
tuna_synth_6000g,1,41.73687097059805,6000.0,20.431857337071012,386.5,72.7222774108342,56.6,32.4,802.0,15.06,5289.749999999998,5289.749999999998,710.2500000000018,0.1183750000000003,-31.13703710360778
tuna_synth_6000g,1,41.562239711306844,6000.0,20.60648859636222,386.75,73.84792140301542,57.1,31.7,807.0,15.06,5289.749999999998,5289.749999999998,710.2500000000018,0.1183750000000003,-27.915964299789145
tuna_synth_6000g,1,41.38760845201564,6000.0,20.781119855653422,387.5,74.97574828593778,57.3,31.3,805.0,15.03,5289.749999999998,5289.749999999998,710.2500000000018,0.1183750000000003,-27.915964299789145
tuna_synth_6000g,1,41.21297719272444,6000.0,20.955751114944626,388.0,76.10503042935426,57.7,30.7,798.0,15.17,5289.749999999998,5289.749999999998,710.2500000000018,0.1183750000000003,-21.473818692143276
tuna_synth_6000g,1,41.038345933433234,6000.0,21.130382374235833,388.75,77.23649546351186,58.0,30.3,795.0,15.24,5283.750000000001,5286.75,716.2499999999991,0.11937499999999984,-21.473818692143055
tuna_synth_6000g,1,40.86371467414203,6000.0,21.305013633527036,388.75,78.36796049766946,58.4,29.9,806.0,15.03,5283.750000000001,5283.750000000001,716.2499999999991,0.11937499999999984,-21.473818692143055
tuna_synth_6000g,1,40.68908341485082,6000.0,21.479644892818243,389.75,79.50233605281525,58.8,28.5,799.0,15.03,5277.749999999999,5280.75,722.2500000000009,0.12037500000000015,-19.326436822931704
tuna_synth_6000g,1,40.51445215555961,6000.0,21.65427615210945,389.75,80.63671160796105,59.1,27.5,796.0,15.27,5256.749999999997,5267.249999999998,743.2500000000027,0.12387500000000046,-19.326436822931704
tuna_synth_6000g,1,40.33982089626841,6000.0,21.828907411400653,389.5,81.77035953285979,59.6,26.2,797.0,15.2,5256.749999999997,5256.749999999997,743.2500000000027,0.12387500000000046,-19.326436822931704
tuna_synth_6000g,1,40.1651896369772,6000.0,22.00353867069186,390.25,82.90619034849966,60.0,25.0,795.0,15.22,5256.749999999997,5256.749999999997,743.2500000000027,0.12387500000000046,-17.17905495372
tuna_synth_6000g,1,39.990558377686,6000.0,22.178169929983063,390.75,84.04347642463364,60.3,24.3,791.0,15.13,5256.749999999997,5256.749999999997,743.2500000000027,0.12387500000000046,-17.17905495372
tuna_synth_6000g,1,39.8159271183948,6000.0,22.352801189274267,390.75,85.1807625007676,60.6,23.4,793.0,15.36,5255.999999999999,5256.374999999998,744.0000000000009,0.12400000000000015,-17.17905495371462
tuna_synth_6000g,1,39.64129585910359,6000.0,22.527432448565474,392.25,86.32241435838387,61.1,22.4,787.0,15.36,5252.999999999997,5254.499999999998,747.0000000000027,0.12450000000000046,-17.179054953706807
tuna_synth_6000g,1,39.46666459981238,6000.0,22.70206370785668,392.25,87.46406621600012,61.3,21.7,787.0,15.36,5248.499999999998,5250.749999999998,751.5000000000018,0.1252500000000003,-17.17905495371462
tuna_synth_6000g,1,39.29203334052118,6000.0,22.876694967147884,391.75,88.60426281312228,61.7,20.9,785.0,15.46,5240.999999999998,5244.749999999998,759.0000000000018,0.1265000000000003,-17.17905495371462
tuna_synth_6000g,1,39.11740208122997,6000.0,23.05132622643909,392.5,89.74664230098557,62.2,20.2,784.0,15.39,5235.0,5237.999999999999,765.0,0.1275,-17.17905495371462
tuna_synth_6000g,1,38.942770821938765,6000.0,23.225957485730298,393.0,90.89047704934296,62.6,19.1,785.0,15.49,5225.249999999999,5230.125,774.7500000000009,0.12912500000000016,-17.17905495371462
tuna_synth_6000g,1,38.76813956264756,6000.0,23.400588745021498,394.0,92.03722231868855,63.0,18.0,778.0,15.71,5225.249999999999,5225.249999999999,774.7500000000009,0.12912500000000016,-17.17905495371462
tuna_synth_6000g,1,38.59350830335636,6000.0,23.575220004312705,393.75,93.18323995778708,63.2,17.1,783.0,15.46,5218.499999999999,5221.874999999999,781.5000000000009,0.13025000000000014,-18.2527458883242
tuna_synth_6000g,1,38.418877044065155,6000.0,23.74985126360391,395.25,94.33362337836789,63.6,16.0,784.0,15.44,5218.499999999999,5218.499999999999,781.5000000000009,0.13025000000000014,-19.32643682292875
tuna_synth_6000g,1,38.24424578477395,6000.0,23.924482522895115,395.0,95.48327916870167,64.0,15.0,783.0,15.56,5216.250000000001,5217.375,783.7499999999991,0.13062499999999985,-18.2527458883242
tuna_synth_6000g,1,38.06961452548274,6000.0,24.099113782186322,395.5,96.63439021952954,64.4,14.0,784.0,15.51,5208.75,5212.5,791.25,0.131875,-18.2527458883242
tuna_synth_6000g,1,37.89498326619153,6000.0,24.27374504147753,395.25,97.78477364011034,64.8,13.1,784.0,15.51,5208.75,5208.75,791.25,0.131875,-19.32643682292875
tuna_synth_6000g,1,37.72035200690033,6000.0,24.448376300768732,396.5,98.93879521192639,65.2,12.9,782.0,15.49,5205.75,5207.25,794.25,0.132375,-18.2527458883242
tuna_synth_6000g,1,37.545720747609124,6000.0,24.623007560059936,396.25,100.0920891534954,65.5,12.1,784.0,15.49,5205.75,5205.75,794.25,0.132375,-17.17905495371462
tuna_synth_6000g,1,37.37108948831792,6000.0,24.797638819351143,396.5,101.24611072531144,65.9,11.5,779.0,15.61,5205.75,5205.75,794.25,0.132375,-17.17905495371462
tuna_synth_6000g,1,37.19645822902672,6000.0,24.972270078642346,396.5,102.4001322971275,66.3,11.2,779.0,16.43,5199.749999999998,5202.749999999999,800.2500000000018,0.1333750000000003,-17.179054953719827
tuna_synth_6000g,1,37.021826969735514,6000.0,25.146901337933553,396.5,103.55415386894354,66.7,10.7,784.0,15.49,5198.999999999999,5199.374999999998,801.0000000000009,0.13350000000000015,-18.252745888324377
tuna_synth_6000g,1,36.8471957104443,6000.0,25.32153259722476,397.5,104.71108596174778,67.0,10.5,784.0,15.63,5198.999999999999,5198.999999999999,801.0000000000009,0.13350000000000015,-18.252745888324377
tuna_synth_6000g,1,36.6725644511531,6000.0,25.496163856515963,397.5,105.86801805455202,67.4,10.1,775.0,15.71,5198.999999999999,5198.999999999999,801.0000000000009,0.13350000000000015,-18.252745888324377
tuna_synth_6000g,1,36.49793319186189,6000.0,25.67079511580717,397.75,107.02567777760328,67.9,9.4,709.0,15.71,5190.000000000001,5194.5,809.9999999999991,0.13499999999999984,-19.32643682292875
tuna_synth_6000g,1,36.323301932570686,6000.0,25.845426375098373,398.0,108.18406513090162,68.2,9.4,777.0,15.58,5190.000000000001,5190.000000000001,809.9999999999991,0.13499999999999984,-19.32643682292875
tuna_synth_6000g,1,36.14867067327948,6000.0,26.020057634389577,398.0,109.34245248419994,68.5,9.1,784.0,15.49,5190.000000000001,5190.000000000001,809.9999999999991,0.13499999999999984,-18.252745888324377
tuna_synth_6000g,1,35.97403941398828,6000.0,26.194688893680784,397.5,110.49938457700418,68.9,8.8,784.0,15.49,5190.000000000001,5190.000000000001,809.9999999999991,0.13499999999999984,-18.252745888324377
tuna_synth_6000g,1,35.799408154697076,6000.0,26.36932015297199,398.5,111.6592271907966,69.1,8.6,784.0,15.49,5190.000000000001,5190.000000000001,809.9999999999991,0.13499999999999984,-18.252745888324377
tuna_synth_6000g,1,35.62477689540587,6000.0,26.543951412263194,398.25,112.81834217434198,69.3,8.6,774.0,15.76,5190.000000000001,5190.000000000001,809.9999999999991,0.13499999999999984,-18.252745888324377
tuna_synth_6000g,1,35.45014563611466,6000.0,26.7185826715544,398.5,113.97818478813441,69.8,8.3,778.0,15.83,5190.000000000001,5190.000000000001,809.9999999999991,0.13499999999999984,-18.252745888324377
tuna_synth_6000g,1,35.27551437682345,6000.0,26.893213930845608,398.75,115.13875503217388,70.1,8.5,756.0,15.49,5190.000000000001,5190.000000000001,809.9999999999991,0.13499999999999984,-12.884291215288698
tuna_synth_6000g,1,35.100883117532256,6000.0,27.067845190136808,399.0,116.3000529064604,70.5,8.3,786.0,15.58,5190.000000000001,5190.000000000001,809.9999999999991,0.13499999999999984,-8.589527476857397
tuna_synth_6000g,1,34.926251858241045,6000.0,27.242476449428015,399.25,117.46207841099395,70.9,8.1,768.0,15.86,5190.000000000001,5190.000000000001,809.9999999999991,0.13499999999999984,-7.515836542247618
tuna_synth_6000g,1,34.75162059894984,6000.0,27.41710770871922,399.0,118.62337628528047,71.1,8.3,769.0,15.76,5190.000000000001,5190.000000000001,809.9999999999991,0.13499999999999984,-4.294763738423469
tuna_synth_6000g,1,34.57698933965864,6000.0,27.591738968010425,399.25,119.78540178981405,71.4,8.2,779.0,15.63,5185.499999999998,5187.75,814.5000000000018,0.13575000000000031,-4.294763738423469
tuna_synth_6000g,1,34.402358080367435,6000.0,27.766370227301632,399.25,120.9474272943476,71.6,8.0,779.0,15.56,5185.499999999998,5185.499999999998,814.5000000000018,0.13575000000000031,-4.294763738423469
tuna_synth_6000g,1,34.227726821076224,6000.0,27.94100148659284,399.75,122.11090805937526,71.9,7.8,784.0,15.49,5180.249999999999,5182.874999999998,819.7500000000009,0.13662500000000016,-4.294763738423469
tuna_synth_6000g,1,34.05309556178502,6000.0,28.115632745884042,400.75,123.2772993453911,72.3,8.0,784.0,15.53,5180.249999999999,5180.249999999999,819.7500000000009,0.13662500000000016,-5.368454673033247
tuna_synth_6000g,1,33.87846430249382,6000.0,28.290264005175246,401.5,124.44587352214809,72.6,7.9,784.0,15.49,5174.249999999998,5177.249999999998,825.7500000000018,0.1376250000000003,-5.368454673033247
tuna_synth_6000g,1,33.70383304320261,6000.0,28.464895264466453,401.75,125.61517532915212,72.9,7.9,793.0,15.29,5174.249999999998,5174.249999999998,825.7500000000018,0.1376250000000003,-5.368454673033247
tuna_synth_6000g,1,33.529201783911404,6000.0,28.639526523757656,402.0,126.78520476640318,73.2,8.1,791.0,14.8,5174.249999999998,5174.249999999998,825.7500000000018,0.1376250000000003,-1.0736909346045487
tuna_synth_6000g,1,33.3545705246202,6000.0,28.814157783048863,402.0,127.95523420365426,73.5,8.0,794.0,15.34,5170.499999999997,5172.374999999998,829.5000000000027,0.13825000000000046,-1.0736909346045487
tuna_synth_6000g,1,33.179939265329,6000.0,28.98878904234007,402.0,129.1252636409053,73.8,7.9,795.0,15.32,5170.499999999997,5170.499999999997,829.5000000000027,0.13825000000000046,-6.442145607640312
tuna_synth_6000g,1,33.005308006037794,6000.0,29.163420301631273,402.5,130.29674833865047,74.1,8.1,789.0,15.27,5167.5,5168.999999999998,832.5,0.13875,-5.368454673030643
tuna_synth_6000g,1,32.83067674674658,6000.0,29.33805156092248,403.25,131.4704159271368,74.4,8.0,778.0,15.22,5167.5,5167.5,832.5,0.13875,-5.368454673027951
tuna_synth_6000g,1,32.65604548745538,6000.0,29.512682820213683,403.5,132.64481114587014,74.6,7.9,799.0,15.1,5167.5,5167.5,832.5,0.13875,-4.294763738423403
tuna_synth_6000g,1,32.48141422816418,6000.0,29.687314079504887,403.75,133.81993399485054,74.9,7.9,810.0,14.83,5167.5,5167.5,832.5,0.13875,-4.294763738423403
tuna_synth_6000g,1,32.306782968872966,6000.0,29.861945338796094,404.0,134.995784474078,75.3,8.2,814.0,14.76,5162.249999999998,5164.874999999999,837.7500000000018,0.1396250000000003,-4.294763738423403
tuna_synth_6000g,1,32.13215170958176,6000.0,30.0365765980873,404.25,136.1723625835525,75.7,8.1,823.0,14.53,5161.499999999999,5161.874999999998,838.5000000000009,0.13975000000000015,-4.294763738423403
tuna_synth_6000g,1,31.95752045029056,6000.0,30.211207857378504,404.75,137.3503959535211,76.1,8.1,827.0,14.58,5149.5,5155.5,850.5,0.14175,-8.589527476849497
tuna_synth_6000g,1,31.782889190999352,6000.0,30.38583911666971,404.25,138.5269740629956,76.3,8.3,833.0,14.15,5149.5,5149.5,850.5,0.14175,-9.663218411461859
tuna_synth_6000g,1,31.60825793170815,6000.0,30.560470375960914,404.5,139.70427980271714,76.5,8.3,831.0,14.4,5149.5,5149.5,850.5,0.14175,-9.663218411461859
tuna_synth_6000g,1,31.433626672416946,6000.0,30.735101635252118,405.0,140.88304080293275,76.8,8.2,833.0,14.36,5149.5,5149.5,850.5,0.14175,-9.663218411461859
tuna_synth_6000g,1,31.25899541312574,6000.0,30.909732894543325,405.5,142.0632570636425,77.0,8.5,843.0,14.15,5149.5,5149.5,850.5,0.14175,-9.663218411461859
tuna_synth_6000g,1,31.08436415383453,6000.0,31.08436415383453,405.25,143.24274569410517,77.2,8.4,839.0,14.1,5149.5,5149.5,850.5,0.14175,-9.663218411461859
tuna_synth_6000g,1,30.90973289454333,6000.0,31.258995413125735,405.5,144.42296195481492,77.5,8.4,841.0,14.25,5148.75,5149.125,851.25,0.141875,-9.663218411461859
tuna_synth_6000g,1,30.73510163525212,6000.0,31.433626672416942,405.5,145.60317821552465,77.7,8.4,833.0,14.36,5145.0,5146.875,855.0,0.1425,-10.736909346074132
tuna_synth_6000g,1,30.560470375960914,6000.0,31.60825793170815,406.25,146.78557736697553,77.9,8.3,846.0,13.98,5145.0,5145.0,855.0,0.1425,-10.736909346074132
tuna_synth_6000g,1,30.385839116669715,6000.0,31.78288919099935,406.25,147.9679765184264,78.2,8.8,848.0,14.06,5144.249999999997,5144.624999999998,855.7500000000027,0.14262500000000045,-10.736909346071528
tuna_synth_6000g,1,30.211207857378508,6000.0,31.957520450290556,406.0,149.14964803963022,78.6,8.8,838.0,14.23,5143.499999999998,5143.874999999998,856.5000000000018,0.1427500000000003,-9.663218411461859
tuna_synth_6000g,1,30.0365765980873,6000.0,32.13215170958176,406.5,150.33277482132812,78.9,8.7,846.0,14.04,5139.749999999998,5141.624999999998,860.2500000000018,0.1433750000000003,-9.663218411461859
tuna_synth_6000g,1,29.861945338796097,6000.0,32.306782968872966,407.0,151.51735686352012,79.1,9.0,854.0,13.9,5139.749999999998,5139.749999999998,860.2500000000018,0.1433750000000003,-9.663218411461859
tuna_synth_6000g,1,29.687314079504894,6000.0,32.48141422816417,406.75,152.70121127546508,79.4,8.9,854.0,13.98,5138.999999999999,5139.374999999998,861.0000000000009,0.14350000000000016,-8.589527476849497
tuna_synth_6000g,1,29.512682820213683,6000.0,32.65604548745538,406.75,153.88506568741002,79.7,8.9,847.0,14.94,5135.999999999998,5137.499999999998,864.0000000000018,0.1440000000000003,-8.589527476849497
tuna_synth_6000g,1,29.33805156092248,6000.0,32.83067674674658,407.25,155.07037535984907,80.0,8.9,846.0,14.04,5134.499999999999,5135.249999999998,865.5000000000009,0.14425000000000016,-9.663218411461749
tuna_synth_6000g,1,29.163420301631277,6000.0,33.00530800603779,407.0,156.2549574020411,80.1,9.2,855.0,13.94,5126.250000000001,5130.375,873.7499999999991,0.14562499999999984,-9.663218411461749
tuna_synth_6000g,1,28.988789042340066,6000.0,33.179939265329,407.0,157.4395394442331,80.3,9.2,848.0,14.04,5126.250000000001,5126.250000000001,873.7499999999991,0.14562499999999984,-9.663218411461749
tuna_synth_6000g,1,28.814157783048863,6000.0,33.3545705246202,407.5,158.62557674691922,80.5,9.2,855.0,13.96,5124.749999999998,5125.5,875.2500000000018,0.1458750000000003,-9.663218411459058
tuna_synth_6000g,1,28.63952652375766,6000.0,33.529201783911404,407.0,159.81015878911123,80.7,9.2,848.0,14.02,5123.25,5123.999999999999,876.75,0.146125,-9.663218411466957
tuna_synth_6000g,1,28.464895264466456,6000.0,33.70383304320261,407.75,160.9969237220444,80.9,9.2,862.0,13.9,5120.249999999998,5121.749999999999,879.7500000000018,0.1466250000000003,-10.736909346071418
tuna_synth_6000g,1,28.290264005175246,6000.0,33.87846430249382,407.0,162.1815057642364,81.1,9.4,861.0,13.71,5120.249999999998,5120.249999999998,879.7500000000018,0.1466250000000003,-10.736909346071418
tuna_synth_6000g,1,28.115632745884042,6000.0,34.05309556178502,407.75,163.36827069716955,81.4,9.4,849.0,14.02,5117.249999999997,5118.749999999998,882.7500000000027,0.14712500000000045,-9.663218411466957
tuna_synth_6000g,1,27.94100148659284,6000.0,34.227726821076224,408.0,164.55576326034975,81.7,9.4,859.0,13.87,5116.499999999999,5116.874999999998,883.5000000000009,0.14725000000000016,-9.663218411466957
tuna_synth_6000g,1,27.76637022730163,6000.0,34.402358080367435,407.25,165.7410729327888,82.0,9.4,821.0,14.04,5114.249999999997,5115.374999999998,885.7500000000027,0.14762500000000045,-8.589527476862429
tuna_synth_6000g,1,27.591738968010425,6000.0,34.57698933965864,408.0,166.92856549596897,82.0,9.6,851.0,13.85,5114.249999999997,5114.249999999997,885.7500000000027,0.14762500000000045,-8.589527476859825
tuna_synth_6000g,1,27.41710770871923,6000.0,34.751620598949835,408.25,168.11678568939624,82.3,9.6,835.0,14.15,5114.249999999997,5114.249999999997,885.7500000000027,0.14762500000000045,-8.589527476859825
tuna_synth_6000g,1,27.24247644942802,6000.0,34.926251858241045,407.75,169.30355062232937,82.6,9.6,839.0,14.29,5114.249999999997,5114.249999999997,885.7500000000027,0.14762500000000045,-8.589527476859825
tuna_synth_6000g,1,27.067845190136815,6000.0,35.10088311753225,407.75,170.49031555526253,82.9,9.6,847.0,14.1,5110.499999999997,5112.374999999997,889.5000000000027,0.14825000000000046,-8.589527476862429
tuna_synth_6000g,1,26.89321393084561,6000.0,35.27551437682345,408.5,171.6792633789368,83.1,9.6,842.0,14.19,5110.499999999997,5110.499999999997,889.5000000000027,0.14825000000000046,-9.663218411466957
tuna_synth_6000g,1,26.7185826715544,6000.0,35.45014563611466,408.75,172.86893883285813,83.2,10.0,848.0,14.04,5110.499999999997,5110.499999999997,889.5000000000027,0.14825000000000046,-9.663218411466957
tuna_synth_6000g,1,26.543951412263198,6000.0,35.624776895405866,407.75,174.0557037657913,83.4,10.0,841.0,14.17,5110.499999999997,5110.499999999997,889.5000000000027,0.14825000000000046,-8.589527476862429
tuna_synth_6000g,1,26.369320152971994,6000.0,35.79940815469707,408.5,175.24465158946558,83.7,9.9,836.0,14.36,5110.499999999997,5110.499999999997,889.5000000000027,0.14825000000000046,-8.589527476859825
tuna_synth_6000g,1,26.194688893680784,6000.0,35.97403941398828,408.75,176.4343270433869,83.9,10.0,848.0,14.04,5110.499999999997,5110.499999999997,889.5000000000027,0.14825000000000046,-8.589527476859825
tuna_synth_6000g,1,26.02005763438958,6000.0,36.14867067327948,408.5,177.6232748670612,84.0,10.0,819.0,14.15,5110.499999999997,5110.499999999997,889.5000000000027,0.14825000000000046,-8.589527476859825
tuna_synth_6000g,1,25.845426375098377,6000.0,36.323301932570686,408.75,178.81295032098254,84.5,10.0,843.0,14.15,5110.499999999997,5110.499999999997,889.5000000000027,0.14825000000000046,-8.58952747685722
tuna_synth_6000g,1,25.670795115807167,6000.0,36.4979331918619,409.25,180.00408103539795,84.9,10.0,839.0,13.94,5107.5,5108.999999999998,892.5,0.14875,-8.589527476854443
tuna_synth_6000g,1,25.496163856515963,6000.0,36.6725644511531,409.0,181.19448411956634,85.3,10.0,853.0,13.94,5107.5,5107.5,892.5,0.14875,-8.589527476854443
tuna_synth_6000g,1,25.32153259722476,6000.0,36.8471957104443,409.25,182.38561483398178,85.1,10.4,852.0,14.04,5105.249999999999,5106.375,894.7500000000009,0.14912500000000015,-8.58952747684941
tuna_synth_6000g,1,25.14690133793355,6000.0,37.021826969735514,409.75,183.5782008088913,85.3,10.4,866.0,13.73,5105.249999999999,5105.249999999999,894.7500000000009,0.14912500000000015,-7.515836542247618
tuna_synth_6000g,1,24.972270078642353,6000.0,37.19645822902671,409.0,184.7686038930597,85.5,10.4,859.0,13.85,5105.249999999999,5105.249999999999,894.7500000000009,0.14912500000000015,-6.442145607648125
tuna_synth_6000g,1,24.79763881935115,6000.0,37.371089488317914,409.0,185.95900697722809,85.7,10.4,855.0,13.85,5105.249999999999,5105.249999999999,894.7500000000009,0.14912500000000015,-6.442145607645521
tuna_synth_6000g,1,24.62300756005994,6000.0,37.545720747609124,410.0,187.15232058238465,86.0,10.4,866.0,13.65,5105.249999999999,5105.249999999999,894.7500000000009,0.14912500000000015,-6.442145607645521
tuna_synth_6000g,1,24.448376300768736,6000.0,37.72035200690033,409.75,188.3449065572942,86.1,10.4,858.0,13.81,5105.249999999999,5105.249999999999,894.7500000000009,0.14912500000000015,-3.221072803821524
tuna_synth_6000g,1,24.273745041477532,6000.0,37.89498326619153,410.5,189.53967542294484,86.2,0.0,864.0,13.51,5105.249999999999,5105.249999999999,894.7500000000009,0.14912500000000015,0.0
tuna_synth_6000g,1,24.099113782186322,6000.0,38.06961452548274,409.75,190.7322613978544,86.4,0.0,865.0,13.69,5100.0,5102.625,900.0,0.15,0.0
tuna_synth_6000g,1,23.92448252289512,6000.0,38.244245784773945,410.25,191.926302633258,86.6,0.0,880.0,13.32,5100.0,5100.0,900.0,0.15,0.0
tuna_synth_6000g,1,23.749851263603915,6000.0,38.41887704406515,410.25,193.1203438686616,86.9,0.0,871.0,13.57,5100.0,5100.0,900.0,0.15,0.0
tuna_synth_6000g,1,23.575220004312705,6000.0,38.59350830335636,410.0,194.31365747381815,87.1,0.0,880.0,13.4,5100.0,5100.0,900.0,0.15,0.0
tuna_synth_6000g,1,23.4005887450215,6000.0,38.76813956264756,411.0,195.5098815999629,87.0,0.0,897.0,13.45,5100.0,5100.0,900.0,0.15,0.0
tuna_synth_6000g,1,23.225957485730298,6000.0,38.942770821938765,410.75,196.70537809586062,87.2,0.0,879.0,13.4,5100.0,5100.0,900.0,0.15,0.0
tuna_synth_6000g,1,23.051326226439087,6000.0,39.117402081229976,410.75,197.90087459175834,87.4,0.0,880.0,13.4,5100.0,5100.0,900.0,0.15,0.0
tuna_synth_6000g,1,22.876694967147884,6000.0,39.29203334052118,411.0,199.0970987179031,87.6,0.0,883.0,13.34,5100.0,5100.0,900.0,0.15,0.0
tuna_synth_6000g,1,22.70206370785668,6000.0,39.46666459981238,411.25,200.2940504742949,87.8,0.0,885.0,13.32,5100.0,5100.0,900.0,0.15,0.0
tuna_synth_6000g,1,22.527432448565477,6000.0,39.641295859103586,411.0,201.49027460043968,88.0,0.0,883.0,13.75,5100.0,5100.0,900.0,0.15,0.0
tuna_synth_6000g,1,22.352801189274274,6000.0,39.81592711839479,411.0,202.68649872658443,88.1,0.0,879.0,13.42,5100.0,5100.0,900.0,0.15,0.0
tuna_synth_6000g,1,22.17816992998307,6000.0,39.99055837768599,410.75,203.88199522248215,88.3,0.0,879.0,13.4,5100.0,5100.0,900.0,0.15,0.0
tuna_synth_6000g,1,22.00353867069186,6000.0,40.1651896369772,411.0,205.0782193486269,88.6,0.0,871.0,13.4,5100.0,5100.0,900.0,0.15,0.0
tuna_synth_6000g,1,21.828907411400657,6000.0,40.33982089626841,411.0,206.2744434747717,88.9,0.0,882.0,13.4,5100.0,5100.0,900.0,0.15,0.0
tuna_synth_6000g,1,21.654276152109453,6000.0,40.51445215555961,411.25,207.47139523116348,89.3,0.0,880.0,13.73,5100.0,5100.0,900.0,0.15,0.0
tuna_synth_6000g,1,21.479644892818243,6000.0,40.68908341485082,410.75,208.6668917270612,89.0,0.0,878.0,13.42,5100.0,5100.0,900.0,0.15,0.0
tuna_synth_6000g,1,21.30501363352704,6000.0,40.863714674142024,410.75,209.8623882229589,89.1,0.0,879.0,13.49,5100.0,5100.0,900.0,0.15,0.0
tuna_synth_6000g,1,21.130382374235836,6000.0,41.03834593343323,411.25,211.0593399793507,89.3,0.0,878.0,13.38,5100.0,5100.0,900.0,0.15,0.0
tuna_synth_6000g,1,20.955751114944626,6000.0,41.21297719272444,412.0,212.25847462648366,89.5,0.0,886.0,13.3,5100.0,5100.0,900.0,0.15,0.0
tuna_synth_6000g,1,20.781119855653422,6000.0,41.38760845201564,411.75,213.45688164336954,89.6,0.0,893.0,13.22,5100.0,5100.0,900.0,0.15,0.0
tuna_synth_6000g,1,20.60648859636222,6000.0,41.562239711306844,411.5,214.65456103000838,89.8,0.0,880.0,13.34,5100.0,5100.0,900.0,0.15,0.0
tuna_synth_6000g,1,20.43185733707101,6000.0,41.736870970598055,411.5,215.85224041664722,89.9,0.0,877.0,13.4,5100.0,5100.0,900.0,0.15,0.0
tuna_synth_6000g,1,20.257226077779812,6000.0,41.91150222988925,412.5,217.05283032427425,90.1,0.0,880.0,13.4,5100.0,5100.0,900.0,0.15,0.0
tuna_synth_6000g,1,20.08259481848861,6000.0,42.086133489180455,412.0,218.2519649714072,90.1,0.0,882.0,13.19,5100.0,5100.0,900.0,0.15,0.0
tuna_synth_6000g,1,19.9079635591974,6000.0,42.260764748471665,412.25,219.45182724878717,90.4,0.0,880.0,13.4,5100.0,5100.0,900.0,0.15,0.0
tuna_synth_6000g,1,19.733332299906195,6000.0,42.43539600776287,411.75,220.65023426567308,90.7,0.0,866.0,13.67,5100.0,5100.0,900.0,0.15,0.0
tuna_synth_6000g,1,19.55870104061499,6000.0,42.61002726705407,412.0,221.84936891280603,91.0,0.0,862.0,13.73,5100.0,5100.0,900.0,0.15,0.0
tuna_synth_6000g,1,19.38406978132378,6000.0,42.78465852634528,412.75,223.0506864506801,91.3,0.0,858.0,13.81,5100.0,5100.0,900.0,0.15,0.0
tuna_synth_6000g,1,19.209438522032578,6000.0,42.959289785636486,412.5,224.25127635830717,91.5,0.0,865.0,13.63,5100.0,5100.0,900.0,0.15,0.0
tuna_synth_6000g,1,19.034807262741374,6000.0,43.13392104492769,413.0,225.45332152642828,91.1,0.0,875.0,13.49,5100.0,5100.0,900.0,0.15,0.0
tuna_synth_6000g,1,18.860176003450164,6000.0,43.3085523042189,412.5,226.65391143405532,91.2,0.0,870.0,13.57,5100.0,5100.0,900.0,0.15,0.0
tuna_synth_6000g,1,18.68554474415896,6000.0,43.4831835635101,412.75,227.85522897192942,91.4,0.0,858.0,13.9,5100.0,5100.0,900.0,0.15,0.0
tuna_synth_6000g,1,18.510913484867757,6000.0,43.657814822801306,413.75,229.05945703079166,91.5,0.0,871.0,13.53,5100.0,5100.0,900.0,0.15,0.0
tuna_synth_6000g,1,18.336282225576547,6000.0,43.83244608209252,413.25,230.26222982915985,91.6,0.0,878.0,13.42,5100.0,5100.0,900.0,0.15,0.0
tuna_synth_6000g,1,18.161650966285343,6000.0,44.00707734138372,412.5,231.46281973678688,91.7,0.0,871.0,13.53,5100.0,5100.0,900.0,0.15,0.0
tuna_synth_6000g,1,17.98701970699414,6000.0,44.181708600674924,413.25,232.66559253515507,91.9,0.0,865.0,13.96,5100.0,5100.0,900.0,0.15,0.0
tuna_synth_6000g,1,17.812388447702936,6000.0,44.35633985996613,413.5,233.8690929637703,92.0,0.0,867.0,13.61,5100.0,5100.0,900.0,0.15,0.0
tuna_synth_6000g,1,17.637757188411733,6000.0,44.53097111925733,413.25,235.0718657621385,92.1,0.0,863.0,13.75,5100.0,5100.0,900.0,0.15,0.0
tuna_synth_6000g,1,17.46312592912053,6000.0,44.705602378548534,414.25,236.27754908149484,92.3,0.0,867.0,13.65,5100.0,5100.0,900.0,0.15,0.0
tuna_synth_6000g,1,17.28849466982932,6000.0,44.880233637839744,414.25,237.4832324008512,92.6,0.0,878.0,13.42,5100.0,5100.0,900.0,0.15,0.0
tuna_synth_6000g,1,17.113863410538116,6000.0,45.05486489713095,414.25,238.68891572020755,92.9,0.0,878.0,13.42,5100.0,5100.0,900.0,0.15,0.0
tuna_synth_6000g,1,16.939232151246912,6000.0,45.22949615642215,414.0,239.8938714093169,93.1,0.0,919.0,13.38,5100.0,5100.0,900.0,0.15,0.0
tuna_synth_6000g,1,16.764600891955702,6000.0,45.40412741571336,414.75,241.10100998916735,93.3,0.0,878.0,13.44,5100.0,5100.0,900.0,0.15,0.0
tuna_synth_6000g,1,16.5899696326645,6000.0,45.578758675004565,414.25,242.3066933085237,93.0,0.0,867.0,13.49,5100.0,5100.0,900.0,0.15,0.0
tuna_synth_6000g,1,16.415338373373295,6000.0,45.75338993429577,415.0,243.51455951862118,93.3,0.0,873.0,13.47,5100.0,5100.0,900.0,0.15,0.0
tuna_synth_6000g,1,16.240707114082085,6000.0,45.92802119358698,415.0,244.7224257287187,93.5,0.0,882.0,13.38,5100.0,5100.0,900.0,0.15,0.0
tuna_synth_6000g,1,16.06607585479088,6000.0,46.10265245287818,415.25,245.93101956906324,93.7,0.0,874.0,13.34,5100.0,5100.0,900.0,0.15,0.0
tuna_synth_6000g,1,15.891444595499678,6000.0,46.277283712169385,415.25,247.13961340940781,93.9,0.0,866.0,13.4,5100.0,5100.0,900.0,0.15,0.0
tuna_synth_6000g,1,15.716813336208467,6000.0,46.451914971460596,415.0,248.34747961950532,94.1,0.0,873.0,13.63,5100.0,5100.0,900.0,0.15,0.0
tuna_synth_6000g,1,15.542182076917264,6000.0,46.6265462307518,415.5,249.5568010900969,94.4,0.0,868.0,13.67,5100.0,5100.0,900.0,0.15,0.0
tuna_synth_6000g,1,15.367550817626068,6000.0,46.801177490042996,416.0,250.7675778211826,94.0,0.0,874.0,14.49,5100.0,5100.0,900.0,0.15,0.0
tuna_synth_6000g,1,15.192919558334857,6000.0,46.975808749334206,416.5,251.97980981276237,94.2,0.0,872.0,13.42,5100.0,5100.0,900.0,0.15,0.0
tuna_synth_6000g,1,15.018288299043654,6000.0,47.15044000862541,416.5,253.19204180434215,94.4,0.0,885.0,13.22,5100.0,5100.0,900.0,0.15,0.0
tuna_synth_6000g,1,14.84365703975245,6000.0,47.32507126791661,416.5,254.40427379592194,94.7,0.0,890.0,13.24,5100.0,5100.0,900.0,0.15,0.0
tuna_synth_6000g,1,14.66902578046124,6000.0,47.49970252720782,415.75,255.61432289676057,94.9,0.0,883.0,13.36,5100.0,5100.0,900.0,0.15,0.0
tuna_synth_6000g,1,14.494394521170037,6000.0,47.67433378649903,415.5,256.82364436735213,95.1,0.0,878.0,13.51,5100.0,5100.0,900.0,0.15,0.0
tuna_synth_6000g,1,14.319763261878833,6000.0,47.84896504579023,416.0,258.0344210984378,95.3,0.0,874.0,13.47,5100.0,5100.0,900.0,0.15,0.0
tuna_synth_6000g,1,14.145132002587623,6000.0,48.02359630508144,416.25,259.24592545977055,95.5,0.0,879.0,13.45,5100.0,5100.0,900.0,0.15,0.0
tuna_synth_6000g,1,13.97050074329642,6000.0,48.198227564372644,416.25,260.4574298211033,95.1,0.0,882.0,13.38,5100.0,5100.0,900.0,0.15,0.0
tuna_synth_6000g,1,13.795869484005216,6000.0,48.37285882366385,416.75,261.6703894429301,95.3,0.0,887.0,13.19,5100.0,5100.0,900.0,0.15,0.0
tuna_synth_6000g,1,13.621238224714006,6000.0,48.54749008295506,416.75,262.883349064757,95.5,0.0,893.0,13.13,5100.0,5100.0,900.0,0.15,0.0
tuna_synth_6000g,1,13.446606965422802,6000.0,48.72212134224626,417.25,264.0977639470779,95.8,0.0,891.0,13.11,5100.0,5100.0,900.0,0.15,0.0
tuna_synth_6000g,1,13.271975706131599,6000.0,48.896752601537464,417.25,265.3121788293988,96.0,0.0,890.0,13.2,5100.0,5100.0,900.0,0.15,0.0
tuna_synth_6000g,1,13.097344446840388,6000.0,49.071383860828675,416.75,266.52513845122564,96.1,0.0,882.0,13.26,5100.0,5100.0,900.0,0.15,0.0
tuna_synth_6000g,1,12.922713187549192,6000.0,49.24601512011987,416.75,267.73809807305247,96.3,0.0,880.0,13.38,5100.0,5100.0,900.0,0.15,0.0
tuna_synth_6000g,1,12.748081928257989,6000.0,49.420646379411075,416.5,268.9503300646323,96.5,0.0,880.0,13.38,5100.0,5100.0,900.0,0.15,0.0
tuna_synth_6000g,1,12.573450668966778,6000.0,49.595277638702285,416.5,270.16256205621204,96.1,0.0,880.0,13.75,5100.0,5100.0,900.0,0.15,0.0
tuna_synth_6000g,1,12.398819409675575,6000.0,49.76990889799349,416.5,271.3747940477918,96.3,0.0,880.0,13.4,5100.0,5100.0,900.0,0.15,0.0
tuna_synth_6000g,1,12.224188150384371,6000.0,49.94454015728469,417.25,272.58920893011276,96.5,0.0,889.0,13.26,5100.0,5100.0,900.0,0.15,0.0
tuna_synth_6000g,1,12.049556891093161,6000.0,50.1191714165759,417.5,273.80435144268074,96.7,0.0,918.0,13.05,5100.0,5100.0,900.0,0.15,0.0
tuna_synth_6000g,1,11.874925631801958,6000.0,50.293802675867106,417.75,275.02022158549573,96.9,0.0,897.0,13.07,5100.0,5100.0,900.0,0.15,0.0
tuna_synth_6000g,1,11.700294372510754,6000.0,50.46843393515831,417.25,276.2346364678167,97.1,0.0,895.0,13.07,5100.0,5100.0,900.0,0.15,0.0
tuna_synth_6000g,1,11.525663113219544,6000.0,50.64306519444952,416.5,277.44686845939646,97.3,0.0,892.0,13.09,5100.0,5100.0,900.0,0.15,0.0
tuna_synth_6000g,1,11.35103185392834,6000.0,50.81769645374072,417.25,278.6612833417174,97.5,0.0,885.0,13.22,5100.0,5100.0,900.0,0.15,0.0
tuna_synth_6000g,1,11.176400594637137,6000.0,50.992327713031926,417.0,279.8749705937913,97.1,0.0,883.0,13.2,5100.0,5100.0,900.0,0.15,0.0
tuna_synth_6000g,1,11.001769335345926,6000.0,51.16695897232314,417.0,281.0886578458652,97.2,0.0,883.0,13.34,5100.0,5100.0,900.0,0.15,0.0
tuna_synth_6000g,1,10.827138076054723,6000.0,51.34159023161434,416.75,282.30161746769204,97.4,0.0,887.0,13.26,5100.0,5100.0,900.0,0.15,0.0
tuna_synth_6000g,1,10.652506816763527,6000.0,51.51622149090554,417.25,283.51603235001295,97.5,0.0,892.0,13.13,5100.0,5100.0,900.0,0.15,0.0
tuna_synth_6000g,1,10.477875557472316,6000.0,51.69085275019675,417.75,284.731902492828,97.7,0.0,893.0,13.11,5100.0,5100.0,900.0,0.15,0.0
tuna_synth_6000g,1,10.303244298181113,6000.0,51.86548400948795,417.5,285.9470450053959,97.9,0.0,895.0,13.07,5100.0,5100.0,900.0,0.15,0.0
tuna_synth_6000g,1,10.12861303888991,6000.0,52.040115268779154,417.5,287.1621875179639,98.1,0.0,905.0,12.92,5100.0,5100.0,900.0,0.15,0.0
tuna_synth_6000g,1,9.9539817795987,6000.0,52.214746528070364,417.75,288.37805766077895,98.2,0.0,906.0,12.91,5100.0,5100.0,900.0,0.15,0.0
tuna_synth_6000g,1,9.779350520307496,6000.0,52.38937778736157,417.75,289.59392780359394,98.4,0.0,912.0,12.85,5100.0,5100.0,900.0,0.15,0.0
tuna_synth_6000g,1,9.604719261016292,6000.0,52.56400904665277,417.75,290.80979794640893,98.5,0.0,911.0,12.82,5100.0,5100.0,900.0,0.15,0.0
tuna_synth_6000g,1,9.430088001725082,6000.0,52.73864030594398,417.5,292.0249404589769,98.1,0.0,915.0,12.82,5100.0,5100.0,900.0,0.15,0.0
tuna_synth_6000g,1,9.255456742433879,6000.0,52.913271565235185,417.75,293.24081060179196,98.3,0.0,912.0,12.83,5100.0,5100.0,900.0,0.15,0.0
tuna_synth_6000g,1,9.080825483142675,6000.0,53.08790282452639,417.0,294.45449785386586,98.5,0.0,912.0,12.8,5100.0,5100.0,900.0,0.15,0.0
tuna_synth_6000g,1,8.906194223851465,6000.0,53.2625340838176,417.25,295.66891273618677,98.5,0.0,906.0,13.13,5100.0,5100.0,900.0,0.15,0.0
tuna_synth_6000g,1,8.731562964560261,6000.0,53.4371653431088,416.5,296.8811447277666,98.7,0.0,883.0,13.11,5100.0,5100.0,900.0,0.15,0.0
tuna_synth_6000g,1,8.556931705269058,6000.0,53.611796602400005,416.75,298.09410434959335,98.9,0.0,898.0,13.05,5100.0,5100.0,900.0,0.15,0.0
tuna_synth_6000g,1,8.382300445977847,6000.0,53.786427861691216,416.5,299.30633634117316,99.0,0.0,891.0,13.04,5100.0,5100.0,900.0,0.15,0.0
tuna_synth_6000g,1,8.207669186686651,6000.0,53.96105912098241,417.0,300.52002359324706,99.2,0.0,910.0,12.98,5100.0,5100.0,900.0,0.15,0.0
tuna_synth_6000g,1,8.033037927395448,6000.0,54.135690380273616,417.0,301.73371084532096,99.3,0.0,911.0,12.8,5100.0,5100.0,900.0,0.15,0.0
tuna_synth_6000g,1,7.858406668104237,6000.0,54.310321639564826,417.25,302.9481257276419,99.5,0.0,930.0,12.51,5100.0,5100.0,900.0,0.15,0.0
tuna_synth_6000g,1,7.683775408813034,6000.0,54.48495289885603,416.75,304.1610853494687,99.0,0.0,929.0,12.5,5100.0,5100.0,900.0,0.15,0.0
tuna_synth_6000g,1,7.5091441495218305,6000.0,54.65958415814723,416.75,305.3740449712955,99.1,0.0,929.0,12.48,5100.0,5100.0,900.0,0.15,0.0
tuna_synth_6000g,1,7.33451289023062,6000.0,54.83421541743844,417.0,306.5877322233694,99.3,0.0,940.0,12.29,5100.0,5100.0,900.0,0.15,0.0
tuna_synth_6000g,1,7.159881630939417,6000.0,55.00884667672965,417.25,307.8021471056904,99.5,0.0,944.0,12.24,5100.0,5100.0,900.0,0.15,0.0
tuna_synth_6000g,1,6.985250371648213,6000.0,55.18347793602085,414.75,309.0092856855408,99.6,0.0,946.0,12.09,5100.0,5100.0,900.0,0.15,0.0
tuna_synth_6000g,1,6.810619112357003,6000.0,55.35810919531206,411.0,310.20550981168554,99.7,0.0,974.0,12.24,5100.0,5100.0,900.0,0.15,0.0
tuna_synth_6000g,1,6.635987853065799,6000.0,55.532740454603264,405.75,311.38645370264237,99.8,0.0,940.0,12.32,5100.0,5100.0,900.0,0.15,0.0
tuna_synth_6000g,1,6.461356593774596,6000.0,55.70737171389447,400.5,312.5521173584112,99.8,0.0,944.0,12.06,5100.0,5100.0,900.0,0.15,0.0
tuna_synth_6000g,1,6.2867253344833856,6000.0,55.88200297318568,394.0,313.69886262775674,99.9,0.0,935.0,12.29,5100.0,5100.0,900.0,0.15,0.0
tuna_synth_6000g,1,6.112094075192182,6000.0,56.05663423247688,388.25,314.82887240142026,100.0,0.0,944.0,12.24,5100.0,5100.0,900.0,0.15,0.0
tuna_synth_6000g,1,5.937462815900979,6000.0,56.231265491768085,382.5,315.9421466794017,100.0,0.0,951.0,12.39,5100.0,5100.0,900.0,0.15,0.0
tuna_synth_6000g,1,5.762831556609775,6000.0,56.40589675105929,378.0,317.0423236129363,100.0,0.0,938.0,12.41,5100.0,5100.0,900.0,0.15,0.0
tuna_synth_6000g,1,5.588200297318572,6000.0,56.58052801035049,375.75,318.13595187424744,100.0,0.0,939.0,12.24,5100.0,5100.0,900.0,0.15,0.0
tuna_synth_6000g,1,5.413569038027369,6000.0,56.755159269641695,374.0,319.2244867238293,100.0,0.0,950.0,12.21,5100.0,5100.0,900.0,0.15,0.0
tuna_synth_6000g,1,5.238937778736158,6000.0,56.929790528932905,372.75,320.30938342217587,99.9,0.0,941.0,12.31,5100.0,5100.0,900.0,0.15,0.0
tuna_synth_6000g,1,5.064306519444955,6000.0,57.10442178822411,372.0,321.39209722978137,99.9,0.0,921.0,12.55,5100.0,5100.0,900.0,0.15,0.0
tuna_synth_6000g,1,4.889675260153751,6000.0,57.27905304751531,372.75,322.476993928128,99.9,0.0,940.0,12.85,5100.0,5100.0,900.0,0.15,0.0
tuna_synth_6000g,1,4.715044000862541,6000.0,57.45368430680652,372.5,323.56116299622755,99.9,0.0,937.0,12.39,5100.0,5100.0,900.0,0.15,0.0
tuna_synth_6000g,1,4.540412741571338,6000.0,57.628315566097726,371.0,324.6409662828449,99.8,0.0,928.0,12.48,5100.0,5100.0,900.0,0.15,0.0
tuna_synth_6000g,1,4.365781482280134,6000.0,57.80294682538893,368.5,325.7134932669917,99.8,0.0,939.0,12.53,5100.0,5100.0,900.0,0.15,0.0
tuna_synth_6000g,1,4.191150222988924,6000.0,57.97757808468014,364.5,326.7743781671858,99.7,0.0,945.0,12.21,5100.0,5100.0,900.0,0.15,0.0
tuna_synth_6000g,1,4.01651896369772,6000.0,58.15220934397134,360.0,327.822165722933,99.7,0.0,939.0,12.36,5100.0,5100.0,900.0,0.15,0.0
tuna_synth_6000g,1,3.841887704406517,6000.0,58.326840603262546,355.75,328.8575835644804,99.6,0.0,935.0,12.36,5100.0,5100.0,900.0,0.15,0.0
tuna_synth_6000g,1,3.6672564451153065,6000.0,58.50147186255376,351.0,329.879176431334,99.5,0.0,935.0,12.41,5100.0,5100.0,900.0,0.15,0.0
tuna_synth_6000g,1,3.492625185824103,6000.0,58.67610312184496,346.0,330.88621669324664,99.4,0.0,929.0,12.5,5100.0,5100.0,900.0,0.15,0.0
tuna_synth_6000g,1,3.317993926532907,6000.0,58.85073438113616,340.0,331.87579382923013,99.3,0.0,935.0,12.34,5100.0,5100.0,900.0,0.15,0.0
tuna_synth_6000g,1,3.1433626672416963,6000.0,59.02536564042737,334.75,332.8500907300256,99.1,0.0,970.0,11.97,5100.0,5100.0,900.0,0.15,0.0
tuna_synth_6000g,1,2.968731407950493,6000.0,59.19999689971857,329.0,333.80765213513905,99.5,0.0,958.0,11.99,5100.0,5100.0,900.0,0.15,0.0
tuna_synth_6000g,1,2.7941001486592896,6000.0,59.374628159009774,324.0,334.75066093531154,99.4,0.0,958.0,11.99,5100.0,5100.0,900.0,0.15,0.0
tuna_synth_6000g,1,2.619468889368079,6000.0,59.549259418300984,318.5,335.677661870049,99.2,0.0,955.0,12.04,5100.0,5100.0,900.0,0.15,0.0
tuna_synth_6000g,1,2.4448376300768757,6000.0,59.72389067759219,314.0,336.5915654603396,99.0,0.0,973.0,11.75,5100.0,5100.0,900.0,0.15,0.0
tuna_synth_6000g,1,2.2702063707856723,6000.0,59.89852193688339,309.0,337.4909164456894,98.7,0.0,976.0,11.72,5100.0,5100.0,900.0,0.15,0.0
tuna_synth_6000g,1,2.095575111494462,6000.0,60.0731531961746,304.0,338.37571482609815,98.5,0.0,1002.0,11.32,5100.0,5100.0,900.0,0.15,0.0
tuna_synth_6000g,1,1.9209438522032585,6000.0,60.247784455465805,299.25,339.24668823181304,98.2,0.0,990.0,11.5,5100.0,5100.0,900.0,0.15,0.0
tuna_synth_6000g,1,1.746312592912055,6000.0,60.42241571475701,294.5,340.103836662834,98.0,0.0,986.0,11.62,5100.0,5100.0,900.0,0.15,0.0
tuna_synth_6000g,1,1.5716813336208446,6000.0,60.59704697404822,289.5,340.94643248891407,98.3,0.0,979.0,11.72,5100.0,5100.0,900.0,0.15,0.0
tuna_synth_6000g,1,1.3970500743296412,6000.0,60.77167823333942,284.75,341.7752033403002,98.0,0.0,979.0,11.72,5100.0,5100.0,900.0,0.15,0.0
tuna_synth_6000g,1,1.2224188150384379,6000.0,60.946309492630625,280.25,342.59087684723954,97.7,0.0,975.0,11.72,5100.0,5100.0,900.0,0.15,0.0
tuna_synth_6000g,1,1.0477875557472345,6000.0,61.12094075192183,275.75,343.393453009732,97.4,0.0,969.0,11.86,5100.0,5100.0,900.0,0.15,0.0
tuna_synth_6000g,1,0.8731562964560311,6000.0,61.29557201121303,271.75,344.18438708827176,97.0,0.0,958.0,11.99,5100.0,5100.0,900.0,0.15,0.0
tuna_synth_6000g,1,0.6985250371648277,6000.0,61.470203270504236,267.75,344.96367908285873,97.4,0.0,950.0,12.07,5100.0,5100.0,900.0,0.15,0.0
tuna_synth_6000g,1,0.5238937778736172,6000.0,61.644834529795446,263.5,345.7306013632459,97.0,0.0,949.0,12.19,5100.0,5100.0,900.0,0.15,0.0
tuna_synth_6000g,1,0.34926251858241386,6000.0,61.81946578908665,259.25,346.48515392943335,96.6,0.0,949.0,12.14,5100.0,5100.0,900.0,0.15,0.0
tuna_synth_6000g,1,0.17463125929121048,6000.0,61.99409704837785,255.75,347.2295196721621,96.3,0.0,945.0,12.24,5100.0,5100.0,900.0,0.15,0.0
tuna_synth_6000g,1,0.0,6000.0,62.16872830766906,251.75,347.9622433309381,96.4,0.0,943.0,12.24,5100.0,5100.0,900.0,0.15,0.0
tuna_synth_10000g,1,93.55154913390189,10000.0,0.0,32.0,0.0,32.0,81.8,1088.0,10.12,10000.0,9976.250000000004,0.0,0.0,0.0
tuna_synth_10000g,1,93.28876388352576,10000.0,0.2627852503761289,32.0,0.14015213353393535,32.1,81.7,1072.0,10.35,9977.500000000004,9976.250000000004,22.499999999996362,0.0022499999999996364,0.0
tuna_synth_10000g,1,93.02597863314963,10000.0,0.5255705007522578,32.25,0.28139920561110454,32.1,81.7,1072.0,10.57,9976.250000000004,9976.250000000004,23.749999999996362,0.002374999999999636,0.0
tuna_synth_10000g,1,92.7631933827735,10000.0,0.7883557511283866,32.5,0.4237412162315076,32.1,81.7,1041.0,10.76,9976.250000000004,9976.250000000004,23.749999999996362,0.002374999999999636,0.0
tuna_synth_10000g,1,92.50040813239737,10000.0,1.0511410015045155,31.5,0.5617034726789752,32.2,81.7,1023.0,11.01,9976.250000000004,9976.250000000004,23.749999999996362,0.002374999999999636,0.0
tuna_synth_10000g,1,92.23762288202124,10000.0,1.3139262518806445,31.25,0.6985707905832089,32.2,81.6,1011.0,11.19,9976.250000000004,9976.250000000004,23.749999999996362,0.002374999999999636,0.0
tuna_synth_10000g,1,91.97483763164512,10000.0,1.5767115022567733,32.0,0.8387229241171443,32.3,81.6,1001.0,11.33,9973.750000000002,9975.000000000004,26.24999999999818,0.002624999999999818,0.0
tuna_synth_10000g,1,91.71205238126899,10000.0,1.8394967526329022,31.25,0.975590242021378,32.4,81.5,991.0,11.52,9973.750000000002,9973.750000000002,26.24999999999818,0.002624999999999818,0.0
tuna_synth_10000g,1,91.44926713089285,10000.0,2.102282003009031,31.5,1.1135524984688456,32.4,81.5,981.0,11.69,9973.750000000002,9973.750000000002,26.24999999999818,0.002624999999999818,0.0
tuna_synth_10000g,1,91.18648188051672,10000.0,2.3650672533851598,31.75,1.252609693459547,32.5,81.4,972.0,11.8,9973.750000000002,9973.750000000002,26.24999999999818,0.002624999999999818,0.0
tuna_synth_10000g,1,90.9236966301406,10000.0,2.627852503761289,31.75,1.3916668884502486,32.5,81.3,963.0,11.97,9973.750000000002,9973.750000000002,26.24999999999818,0.002624999999999818,0.0
tuna_synth_10000g,1,90.66091137976447,10000.0,2.8906377541374173,31.75,1.5307240834409501,32.5,81.1,950.0,12.12,9973.750000000002,9973.750000000002,26.24999999999818,0.002624999999999818,0.0
tuna_synth_10000g,1,90.39812612938834,10000.0,3.1534230045135465,32.0,1.6708762169748854,32.6,81.0,945.0,12.24,9973.750000000002,9973.750000000002,26.24999999999818,0.002624999999999818,0.0
tuna_synth_10000g,1,90.1353408790122,10000.0,3.4162082548896753,31.5,1.8088384734223528,32.6,80.9,942.0,12.34,9973.750000000002,9973.750000000002,26.24999999999818,0.002624999999999818,0.0
tuna_synth_10000g,1,89.87255562863608,10000.0,3.6789935052658045,31.5,1.9468007298698202,32.7,80.8,932.0,12.48,9973.750000000002,9973.750000000002,26.24999999999818,0.002624999999999818,0.0
tuna_synth_10000g,1,89.60977037825995,10000.0,3.9417787556419333,31.75,2.085857924860522,32.7,80.6,926.0,12.55,9973.750000000002,9973.750000000002,26.24999999999818,0.002624999999999818,0.0
tuna_synth_10000g,1,89.34698512788383,10000.0,4.204564006018062,31.75,2.2249151198512234,32.8,80.5,918.0,12.71,9973.750000000002,9973.750000000002,26.24999999999818,0.002624999999999818,0.0
tuna_synth_10000g,1,89.0841998775077,10000.0,4.467349256394191,32.0,2.3650672533851584,32.8,80.3,909.0,12.8,9973.750000000002,9973.750000000002,26.24999999999818,0.002624999999999818,0.0
tuna_synth_10000g,1,88.82141462713156,10000.0,4.7301345067703195,32.0,2.5052193869190935,32.9,80.2,891.0,12.92,9973.750000000002,9973.750000000002,26.24999999999818,0.002624999999999818,0.0
tuna_synth_10000g,1,88.55862937675543,10000.0,4.992919757146448,32.0,2.6453715204530286,32.9,80.0,902.0,13.0,9973.750000000002,9973.750000000002,26.24999999999818,0.002624999999999818,0.0
tuna_synth_10000g,1,88.29584412637931,10000.0,5.255705007522578,31.75,2.78442871544373,33.0,79.7,894.0,13.13,9973.750000000002,9973.750000000002,26.24999999999818,0.002624999999999818,0.0
tuna_synth_10000g,1,88.03305887600318,10000.0,5.518490257898707,31.5,2.922390971891198,33.0,79.6,886.0,13.26,9973.750000000002,9973.750000000002,26.24999999999818,0.002624999999999818,0.0
tuna_synth_10000g,1,87.77027362562706,10000.0,5.781275508274835,31.75,3.0614481668818994,33.1,79.5,880.0,13.15,9973.750000000002,9973.750000000002,26.24999999999818,0.002624999999999818,0.0
tuna_synth_10000g,1,87.50748837525092,10000.0,6.044060758650964,32.25,3.202695238959069,33.1,79.5,881.0,13.4,9973.750000000002,9973.750000000002,26.24999999999818,0.002624999999999818,0.0
tuna_synth_10000g,1,87.24470312487479,10000.0,6.306846009027093,32.25,3.3439423110362374,33.1,79.4,871.0,13.45,9973.750000000002,9973.750000000002,26.24999999999818,0.002624999999999818,0.0
tuna_synth_10000g,1,86.98191787449866,10000.0,6.569631259403223,32.0,3.4840944445701734,33.2,79.3,879.0,13.4,9973.750000000002,9973.750000000002,26.24999999999818,0.002624999999999818,0.0
tuna_synth_10000g,1,86.71913262412254,10000.0,6.8324165097793506,31.75,3.6231516395608745,33.2,79.3,881.0,13.4,9973.750000000002,9973.750000000002,26.24999999999818,0.002624999999999818,0.0
tuna_synth_10000g,1,86.45634737374641,10000.0,7.095201760155479,31.75,3.762208834551576,33.3,79.1,880.0,13.49,9973.750000000002,9973.750000000002,26.24999999999818,0.002624999999999818,0.0
tuna_synth_10000g,1,86.19356212337027,10000.0,7.357987010531609,34.0,3.9111204764313823,33.3,79.0,867.0,13.59,9973.750000000002,9973.750000000002,26.24999999999818,0.002624999999999818,0.0
tuna_synth_10000g,1,85.93077687299414,10000.0,7.620772260907737,38.0,4.077551135002931,33.4,78.9,871.0,13.51,9973.750000000002,9973.750000000002,26.24999999999818,0.002624999999999818,0.0
tuna_synth_10000g,1,85.66799162261802,10000.0,7.8835575112838665,40.5,4.254931179006817,33.4,78.8,865.0,13.4,9973.750000000002,9973.750000000002,26.24999999999818,0.002624999999999818,0.0
tuna_synth_10000g,1,85.40520637224189,10000.0,8.146342761659996,42.75,4.4421656698998095,33.5,78.7,855.0,13.81,9973.750000000002,9973.750000000002,26.24999999999818,0.002624999999999818,0.0
tuna_synth_10000g,1,85.14242112186577,10000.0,8.409128012036124,45.25,4.64034954622514,33.5,78.6,855.0,13.94,9663.750000000004,9818.750000000004,336.24999999999636,0.033624999999999634,0.0
tuna_synth_10000g,1,84.87963587148963,10000.0,8.671913262412254,47.0,4.846197992353107,33.6,78.4,847.0,14.04,9663.750000000004,9663.750000000004,336.24999999999636,0.033624999999999634,0.0
tuna_synth_10000g,1,84.6168506211135,10000.0,8.934698512788382,49.0,5.060805946826945,33.6,78.4,855.0,14.02,9640.000000000002,9651.875000000004,359.9999999999982,0.03599999999999982,0.0
tuna_synth_10000g,1,84.35406537073737,10000.0,9.19748376316451,52.75,5.291837979449292,33.6,78.3,848.0,14.02,9640.000000000002,9640.000000000002,359.9999999999982,0.03599999999999982,0.0
tuna_synth_10000g,1,84.09128012036125,10000.0,9.460269013540639,57.25,5.542578905849847,33.7,78.1,843.0,14.15,9640.000000000002,9640.000000000002,359.9999999999982,0.03599999999999982,0.0
tuna_synth_10000g,1,83.82849486998512,10000.0,9.723054263916769,64.0,5.822883172917718,33.7,78.1,838.0,14.23,9618.750000000005,9629.375000000004,381.24999999999454,0.03812499999999945,0.0
tuna_synth_10000g,1,83.565709619609,10000.0,9.985839514292897,71.0,6.133845719196137,33.8,77.9,837.0,14.32,9618.750000000005,9618.750000000005,381.24999999999454,0.03812499999999945,0.0
tuna_synth_10000g,1,83.30292436923285,10000.0,10.248624764669026,79.25,6.480941237401274,33.9,77.8,838.0,14.02,9616.25,9617.500000000004,383.75,0.038375,0.0
tuna_synth_10000g,1,83.04013911885673,10000.0,10.511410015045156,86.75,6.860884911903427,34.0,77.7,831.0,14.36,9611.25,9613.75,388.75,0.038875,0.0
tuna_synth_10000g,1,82.7773538684806,10000.0,10.774195265421284,95.25,7.278056496875531,34.0,77.5,831.0,14.42,9611.25,9611.25,388.75,0.038875,0.0
tuna_synth_10000g,1,82.51456861810448,10000.0,11.036980515797413,104.75,7.736835746490522,34.0,77.2,830.0,14.49,9611.25,9611.25,388.75,0.038875,0.0
tuna_synth_10000g,1,82.25178336772835,10000.0,11.299765766173541,114.0,8.236127722205167,34.1,77.0,824.0,14.71,9611.25,9611.25,388.75,0.038875,0.0
tuna_synth_10000g,1,81.98899811735222,10000.0,11.56255101654967,123.75,8.778122301105933,34.2,76.9,827.0,14.51,9580.0,9595.625,420.0,0.042,0.0
tuna_synth_10000g,1,81.72621286697608,10000.0,11.825336266925799,133.0,9.360629606106352,34.3,76.7,830.0,14.6,9580.0,9580.0,420.0,0.042,0.0
tuna_synth_10000g,1,81.46342761659996,10000.0,12.088121517301929,141.5,9.980364821576723,34.4,76.6,897.0,14.42,9575.000000000005,9577.500000000004,424.99999999999454,0.042499999999999455,-2.378367884446843
tuna_synth_10000g,1,81.20064236622383,10000.0,12.350906767678056,150.75,10.640612763146745,34.4,76.5,822.0,14.62,9556.250000000004,9565.625000000004,443.74999999999636,0.04437499999999964,-7.135103653326686
tuna_synth_10000g,1,80.9378571158477,10000.0,12.613692018054186,160.25,11.342468369359656,34.6,76.4,823.0,14.58,9553.75,9555.000000000002,446.25,0.044625,-9.51347153776664
tuna_synth_10000g,1,80.67507186547158,10000.0,12.876477268430314,169.5,12.08483670167222,34.7,76.3,819.0,14.6,9532.500000000002,9543.125,467.4999999999982,0.04674999999999982,-11.891839422223866
tuna_synth_10000g,1,80.41228661509544,10000.0,13.139262518806445,178.25,12.86552788299797,34.8,76.2,819.0,14.71,9532.500000000002,9532.500000000002,467.4999999999982,0.04674999999999982,-27.351230671102222
tuna_synth_10000g,1,80.14950136471931,10000.0,13.402047769182573,186.5,13.682352036250437,34.9,76.0,819.0,14.49,9532.500000000002,9532.500000000002,467.4999999999982,0.04674999999999982,-27.351230671102222
tuna_synth_10000g,1,79.88671611434319,10000.0,13.664833019558701,194.25,14.533119284343153,35.1,75.5,819.0,14.6,9532.500000000002,9532.500000000002,467.4999999999982,0.04674999999999982,-27.351230671102222
tuna_synth_10000g,1,79.62393086396706,10000.0,13.92761826993483,202.75,15.421114442905822,35.2,75.4,821.0,14.6,9513.750000000004,9523.125000000004,486.24999999999636,0.048624999999999634,-38.053886151087056
tuna_synth_10000g,1,79.36114561359093,10000.0,14.190403520310959,210.5,16.34305269630874,35.4,75.3,821.0,14.71,9513.750000000004,9513.750000000004,486.24999999999636,0.048624999999999634,-38.05388615109064
tuna_synth_10000g,1,79.0983603632148,10000.0,14.453188770687087,218.25,17.298934044551906,35.6,75.1,822.0,14.67,9482.500000000002,9498.125000000004,517.4999999999982,0.05174999999999982,-40.43225403553044
tuna_synth_10000g,1,78.83557511283867,10000.0,14.715974021063218,225.75,18.28766354909209,35.8,75.0,825.0,14.67,9482.500000000002,9482.500000000002,517.4999999999982,0.05174999999999982,-40.43225403553044
tuna_synth_10000g,1,78.57278986246254,10000.0,14.978759271439346,232.75,19.307051332842825,35.9,74.8,817.0,14.71,9472.5,9477.5,527.5,0.05275,-38.05388615109064
tuna_synth_10000g,1,78.31000461208642,10000.0,15.241544521815474,240.0,20.358192334347336,36.1,74.4,816.0,14.73,9446.250000000002,9459.375,553.7499999999982,0.05537499999999982,-38.05388615109064
tuna_synth_10000g,1,78.04721936171028,10000.0,15.504329772191605,247.25,21.441086553605633,36.3,74.3,818.0,14.8,9446.250000000002,9446.250000000002,553.7499999999982,0.05537499999999982,-38.05388615109064
tuna_synth_10000g,1,77.78443411133415,10000.0,15.767115022567733,253.25,22.550259297901544,36.5,74.1,822.0,14.67,9440.000000000002,9443.125000000002,559.9999999999982,0.05599999999999982,-38.05388615109064
tuna_synth_10000g,1,77.52164886095802,10000.0,16.02990027294386,259.5,23.686805505778302,36.7,73.9,821.0,14.62,9426.250000000002,9433.125000000002,573.7499999999982,0.057374999999999815,-36.8647022088728
tuna_synth_10000g,1,77.2588636105819,10000.0,16.292685523319992,265.25,24.848535300149436,37.0,73.3,822.0,14.67,9385.0,9405.625,615.0,0.0615,-36.8647022088728
tuna_synth_10000g,1,76.99607836020577,10000.0,16.55547077369612,271.25,26.036543619558184,37.2,73.2,817.0,14.73,9385.0,9385.0,615.0,0.0615,-39.24307009331247
tuna_synth_10000g,1,76.73329310982965,10000.0,16.818256024072248,277.5,27.25192540254778,37.4,72.9,816.0,14.73,9385.0,9385.0,615.0,0.0615,-39.24307009331247
tuna_synth_10000g,1,76.4705078594535,10000.0,17.081041274448378,283.25,28.492490772031754,37.7,72.7,795.0,14.6,9385.0,9385.0,615.0,0.0615,-39.24307009331247
tuna_synth_10000g,1,76.20772260907738,10000.0,17.343826524824507,288.0,29.753859973837173,37.9,72.4,822.0,14.58,9348.749999999998,9366.875,651.2500000000018,0.06512500000000018,-40.43225403553736
tuna_synth_10000g,1,75.94493735870125,10000.0,17.606611775200633,293.25,31.038222885050505,38.2,71.8,823.0,14.62,9347.5,9348.125,652.5,0.06525,-42.81062191998449
tuna_synth_10000g,1,75.68215210832513,10000.0,17.869397025576763,297.75,32.342294690042046,38.5,71.4,823.0,14.67,9347.5,9347.5,652.5,0.06525,-40.43225403553736
tuna_synth_10000g,1,75.419366857949,10000.0,18.132182275952893,302.5,33.66717032735503,38.9,71.0,823.0,14.67,9317.499999999998,9332.5,682.5000000000018,0.06825000000000019,-40.43225403553736
tuna_synth_10000g,1,75.15658160757286,10000.0,18.39496752632902,306.75,35.01065991990299,39.1,70.1,823.0,14.51,9307.500000000002,9312.5,692.4999999999982,0.06924999999999981,-42.81062191998449
tuna_synth_10000g,1,74.89379635719673,10000.0,18.657752776705152,311.0,36.37276346768593,39.4,69.8,814.0,14.62,9306.250000000002,9306.875000000002,693.7499999999982,0.06937499999999981,-40.43225403553736
tuna_synth_10000g,1,74.63101110682061,10000.0,18.920538027081278,315.0,37.7523860321606,39.7,69.6,818.0,14.67,9306.250000000002,9306.250000000002,693.7499999999982,0.06937499999999981,-39.24307009331247
tuna_synth_10000g,1,74.36822585644448,10000.0,19.183323277457408,319.25,39.150622551870256,40.0,69.1,819.0,14.62,9300.000000000002,9303.125000000002,699.9999999999982,0.06999999999999981,-36.8647022088728
tuna_synth_10000g,1,74.10544060606836,10000.0,19.446108527833537,322.75,40.56418821118517,40.3,68.8,821.0,14.62,9261.249999999998,9280.625,738.7500000000018,0.07387500000000018,-36.8647022088728
tuna_synth_10000g,1,73.84265535569222,10000.0,19.708893778209667,326.5,41.994177948648606,40.7,68.5,782.0,14.62,9240.0,9250.625,760.0,0.076,-43.999805862199196
tuna_synth_10000g,1,73.57987010531609,10000.0,19.971679028585793,329.75,43.43840188717408,41.0,68.2,823.0,14.62,9240.0,9240.0,760.0,0.076,-45.188989804420906
tuna_synth_10000g,1,73.31708485493996,10000.0,20.234464278961923,332.5,44.89467014967513,41.3,67.6,823.0,14.67,9217.499999999998,9228.75,782.5000000000018,0.07825000000000018,-46.378173746642325
tuna_synth_10000g,1,73.05429960456384,10000.0,20.497249529338053,336.0,46.366267551781455,41.6,67.2,822.0,14.58,9217.499999999998,9217.499999999998,782.5000000000018,0.07825000000000018,-46.378173746645786
tuna_synth_10000g,1,72.79151435418771,10000.0,20.76003477971418,339.0,47.85100421640658,42.0,66.4,822.0,14.53,9216.25,9216.875,783.75,0.078375,-42.81062191998434
tuna_synth_10000g,1,72.52872910381157,10000.0,21.022820030090312,341.5,49.34669026646405,42.4,65.8,819.0,14.6,9192.499999999998,9204.375,807.5000000000018,0.08075000000000018,-42.81062191998434
tuna_synth_10000g,1,72.26594385343545,10000.0,21.285605280466438,344.25,50.85442064049708,42.7,65.2,816.0,14.6,9192.499999999998,9192.499999999998,807.5000000000018,0.08075000000000018,-43.9998058622098
tuna_synth_10000g,1,72.00315860305932,10000.0,21.548390530842568,346.75,52.37310039996247,43.0,64.4,816.0,14.73,9168.750000000002,9180.625,831.2499999999982,0.08312499999999982,-43.99980586220257
tuna_synth_10000g,1,71.74037335268319,10000.0,21.811175781218697,349.0,53.90163460631695,43.4,63.6,816.0,14.76,9168.750000000002,9168.750000000002,831.2499999999982,0.08312499999999982,-43.99980586220257
tuna_synth_10000g,1,71.47758810230707,10000.0,22.073961031594827,350.75,55.43783338247406,43.7,62.7,807.0,14.73,9168.750000000002,9168.750000000002,831.2499999999982,0.08312499999999982,-43.99980586220257
tuna_synth_10000g,1,71.21480285193093,10000.0,22.336746281970953,353.25,56.984981544063515,44.1,61.4,817.0,14.73,9120.000000000002,9144.375000000002,879.9999999999982,0.08799999999999981,-45.18898980441734
tuna_synth_10000g,1,70.9520176015548,10000.0,22.599531532347083,354.75,58.53869933691238,44.6,60.3,815.0,14.76,9120.000000000002,9120.000000000002,879.9999999999982,0.08799999999999981,-45.18898980441734
tuna_synth_10000g,1,70.68923235117867,10000.0,22.862316782723212,357.25,60.10336651519357,45.0,59.5,816.0,14.83,9120.000000000002,9120.000000000002,879.9999999999982,0.08799999999999981,-43.99980586220257
tuna_synth_10000g,1,70.42644710080255,10000.0,23.12510203309934,358.25,61.672413447647706,45.2,58.8,813.0,14.78,9095.0,9107.5,905.0,0.0905,-45.18898980441734
tuna_synth_10000g,1,70.16366185042642,10000.0,23.38788728347547,360.25,63.25021988844771,45.6,58.0,809.0,14.89,9082.500000000002,9088.75,917.4999999999982,0.09174999999999982,-45.188989804424565
tuna_synth_10000g,1,69.90087660005028,10000.0,23.650672533851598,362.0,64.83569089905035,46.0,57.1,813.0,14.87,9082.500000000002,9082.500000000002,917.4999999999982,0.09174999999999982,-45.18898980441734
tuna_synth_10000g,1,69.63809134967416,10000.0,23.913457784227727,363.5,66.4277315409124,46.4,56.1,813.0,14.85,9078.749999999998,9080.625,921.2500000000018,0.09212500000000018,-43.99980586220257
tuna_synth_10000g,1,69.37530609929803,10000.0,24.176243034603857,365.25,68.02743675257709,46.8,55.2,811.0,14.85,9067.499999999996,9073.124999999996,932.5000000000036,0.09325000000000036,-43.99980586220257
tuna_synth_10000g,1,69.1125208489219,10000.0,24.439028284979987,366.25,69.63152171841472,47.2,54.0,814.0,14.85,9051.25,9059.374999999998,948.75,0.094875,-43.99980586220257
tuna_synth_10000g,1,68.84973559854578,10000.0,24.701813535356113,367.5,71.24108137696851,47.5,53.2,810.0,14.73,9051.25,9051.25,948.75,0.094875,-42.81062191998434
tuna_synth_10000g,1,68.58695034816964,10000.0,24.964598785732242,368.5,72.85502078969523,48.0,52.1,784.0,14.85,9051.25,9051.25,948.75,0.094875,-42.81062191998434
tuna_synth_10000g,1,68.32416509779351,10000.0,25.227384036108372,370.25,74.47662477222458,48.4,50.7,838.0,14.73,9010.0,9030.625,990.0,0.099,-43.99980586220257
tuna_synth_10000g,1,68.06137984741738,10000.0,25.4901692864845,371.5,76.10370344747011,48.8,49.6,816.0,14.56,9010.0,9010.0,990.0,0.099,-45.18898980441734
tuna_synth_10000g,1,67.79859459704126,10000.0,25.752954536860628,373.0,77.73735175397505,49.1,48.5,814.0,14.8,9010.0,9010.0,990.0,0.099,-43.99980586220257
tuna_synth_10000g,1,67.53580934666513,10000.0,26.015739787236758,374.25,79.37647475319615,49.5,47.8,807.0,14.85,8997.499999999998,9003.75,1002.5000000000018,0.10025000000000019,-42.81062191998434
tuna_synth_10000g,1,67.27302409628899,10000.0,26.27852503761289,374.5,81.01669269096048,49.9,46.8,811.0,14.87,8997.499999999998,8997.499999999998,1002.5000000000018,0.10025000000000019,-42.81062191998434
tuna_synth_10000g,1,67.01023884591288,10000.0,26.541310287989013,375.5,82.66129038289775,50.3,45.7,816.0,14.78,8959.999999999998,8978.749999999998,1040.0000000000018,0.10400000000000018,-43.99980586220257
tuna_synth_10000g,1,66.74745359553674,10000.0,26.804095538365146,376.5,84.31026782900796,50.8,44.6,816.0,14.73,8958.75,8959.375,1041.25,0.104125,-45.18898980441734
tuna_synth_10000g,1,66.48466834516061,10000.0,27.066880788741276,378.0,85.96581490637757,51.1,43.8,822.0,14.78,8958.75,8958.75,1041.25,0.104125,-45.18898980441734
tuna_synth_10000g,1,66.22188309478449,10000.0,27.329666039117402,379.25,87.62683667646336,51.6,42.8,827.0,14.73,8918.750000000002,8938.75,1081.2499999999982,0.10812499999999982,-45.18898980441734
tuna_synth_10000g,1,65.95909784440835,10000.0,27.592451289493532,379.25,89.28785844654914,52.0,42.1,797.0,15.49,8918.750000000002,8918.750000000002,1081.2499999999982,0.10812499999999982,-45.18898980441734
tuna_synth_10000g,1,65.69631259403222,10000.0,27.85523653986966,379.5,90.94997515517815,52.3,41.3,815.0,14.76,8918.750000000002,8918.750000000002,1081.2499999999982,0.10812499999999982,-38.053886151087404
tuna_synth_10000g,1,65.4335273436561,10000.0,28.118021790245788,380.25,92.61537667943686,52.7,40.4,816.0,14.73,8908.75,8913.75,1091.25,0.109125,-29.729598555545948
tuna_synth_10000g,1,65.17074209327997,10000.0,28.380807040621917,381.25,94.28515795786852,53.0,39.6,818.0,14.73,8906.250000000002,8907.5,1093.7499999999982,0.10937499999999982,-29.729598555545948
tuna_synth_10000g,1,64.90795684290384,10000.0,28.64359229099805,382.25,95.95931899047312,53.5,38.6,817.0,14.62,8887.500000000002,8896.875000000002,1112.4999999999982,0.11124999999999982,-29.729598555545948
tuna_synth_10000g,1,64.64517159252772,10000.0,28.906377541374173,383.0,97.6367648387074,53.9,37.5,816.0,14.73,8886.249999999996,8886.875,1113.7500000000036,0.11137500000000036,-29.729598555545948
tuna_synth_10000g,1,64.38238634215158,10000.0,29.169162791750306,383.0,99.31421068694169,54.2,36.9,810.0,14.85,8886.249999999996,8886.249999999996,1113.7500000000036,0.11137500000000036,-29.729598555545948
tuna_synth_10000g,1,64.11960109177545,10000.0,29.431948042126436,384.0,100.99603628934892,54.7,35.9,813.0,14.94,8886.249999999996,8886.249999999996,1113.7500000000036,0.11137500000000036,-26.162046728887425
tuna_synth_10000g,1,63.856815841399325,10000.0,29.694733292502562,384.25,102.67895683029937,55.0,35.2,811.0,14.73,8848.749999999996,8867.499999999996,1151.2500000000036,0.11512500000000037,-26.162046728887425
tuna_synth_10000g,1,63.5940305910232,10000.0,29.95751854287869,385.0,104.36516218687953,55.5,34.4,814.0,14.8,8848.749999999996,8848.749999999996,1151.2500000000036,0.11512500000000037,-29.729598555545948
tuna_synth_10000g,1,63.331245340647065,10000.0,30.22030379325482,385.0,106.05136754345969,55.9,33.6,810.0,14.94,8848.749999999996,8848.749999999996,1151.2500000000036,0.11512500000000037,-29.729598555545948
tuna_synth_10000g,1,63.06846009027094,10000.0,30.483089043630947,385.5,107.73976277712633,56.2,32.9,804.0,14.99,8816.249999999998,8832.499999999996,1183.7500000000018,0.11837500000000019,-34.48633432442977
tuna_synth_10000g,1,62.805674839894806,10000.0,30.745874294007077,386.5,109.43253776496589,56.6,32.4,802.0,15.06,8816.249999999998,8816.249999999998,1183.7500000000018,0.11837500000000019,-34.48633432442977
tuna_synth_10000g,1,62.54288958951868,10000.0,31.00865954438321,386.75,111.12640769134867,57.1,31.7,807.0,15.06,8816.249999999998,8816.249999999998,1183.7500000000018,0.11837500000000019,-30.918782497771247
tuna_synth_10000g,1,62.280104339142554,10000.0,31.271444794759333,387.5,112.82356243336116,57.3,31.3,805.0,15.03,8816.249999999998,8816.249999999998,1183.7500000000018,0.11837500000000019,-30.918782497771247
tuna_synth_10000g,1,62.01731908876642,10000.0,31.534230045135466,388.0,114.52290705246014,57.7,30.7,798.0,15.17,8816.249999999998,8816.249999999998,1183.7500000000018,0.11837500000000019,-23.783678844437123
tuna_synth_10000g,1,61.75453383839029,10000.0,31.797015295511596,388.75,116.2255364871888,58.0,30.3,795.0,15.24,8806.250000000002,8811.25,1193.7499999999982,0.11937499999999981,-23.783678844433823
tuna_synth_10000g,1,61.49174858801417,10000.0,32.05980054588772,388.75,117.92816592191748,58.4,29.9,806.0,15.03,8806.250000000002,8806.250000000002,1193.7499999999982,0.11937499999999981,-23.783678844433823
tuna_synth_10000g,1,61.228963337638035,10000.0,32.32258579626385,389.75,119.63517511081909,58.8,28.5,799.0,15.03,8796.249999999998,8801.25,1203.7500000000018,0.12037500000000018,-21.40531095999403
tuna_synth_10000g,1,60.9661780872619,10000.0,32.585371046639985,389.75,121.34218429972071,59.1,27.5,796.0,15.27,8761.249999999996,8778.749999999996,1238.7500000000036,0.12387500000000036,-21.40531095999403
tuna_synth_10000g,1,60.703392836885776,10000.0,32.84815629701611,389.5,123.04809855007908,59.6,26.2,797.0,15.2,8761.249999999996,8761.249999999996,1238.7500000000036,0.12387500000000036,-21.40531095999403
tuna_synth_10000g,1,60.44060758650965,10000.0,33.11094154739224,390.25,124.75729761606715,60.0,25.0,795.0,15.22,8761.249999999996,8761.249999999996,1238.7500000000036,0.12387500000000036,-19.02694307555398
tuna_synth_10000g,1,60.17782233613352,10000.0,33.37372679776837,390.75,126.46868655914167,60.3,24.3,791.0,15.13,8761.249999999996,8761.249999999996,1238.7500000000036,0.12387500000000036,-19.02694307555398
tuna_synth_10000g,1,59.91503708575739,10000.0,33.636512048144496,390.75,128.1800755022162,60.6,23.4,793.0,15.36,8759.999999999998,8760.624999999996,1240.0000000000018,0.12400000000000018,-19.026943075547187
tuna_synth_10000g,1,59.652251835381264,10000.0,33.89929729852062,392.25,129.89803407655015,61.1,22.4,787.0,15.36,8754.999999999996,8757.499999999996,1245.0000000000036,0.12450000000000036,-19.026943075540395
tuna_synth_10000g,1,59.38946658500513,10000.0,34.162082548896755,392.25,131.6159926508841,61.3,21.7,787.0,15.36,8747.499999999996,8751.249999999996,1252.5000000000036,0.12525000000000036,-19.026943075547187
tuna_synth_10000g,1,59.126681334629005,10000.0,34.42486779927288,391.75,133.33176134813158,61.7,20.9,785.0,15.46,8734.999999999996,8741.249999999996,1265.0000000000036,0.12650000000000036,-19.026943075547187
tuna_synth_10000g,1,58.86389608425287,10000.0,34.687653049649015,392.5,135.05081486100875,62.2,20.2,784.0,15.39,8725.0,8729.999999999998,1275.0,0.1275,-19.026943075547187
tuna_synth_10000g,1,58.601110833876746,10000.0,34.95043830002514,393.0,136.77205825097238,62.6,19.1,785.0,15.49,8708.749999999998,8716.875,1291.2500000000018,0.12912500000000018,-19.026943075547187
tuna_synth_10000g,1,58.33832558350062,10000.0,35.21322355040127,394.0,138.49768139510897,63.0,18.0,778.0,15.71,8708.749999999998,8708.749999999998,1291.2500000000018,0.12912500000000018,-19.026943075547187
tuna_synth_10000g,1,58.075540333124486,10000.0,35.4760088007774,393.75,140.2222096007023,63.2,17.1,783.0,15.46,8697.499999999998,8703.124999999998,1302.5000000000018,0.13025000000000017,-20.21612701777194
tuna_synth_10000g,1,57.81275508274836,10000.0,35.738794051153526,395.25,141.95330743755505,63.6,16.0,784.0,15.44,8697.499999999998,8697.499999999998,1302.5000000000018,0.13025000000000017,-21.405310959990437
tuna_synth_10000g,1,57.549969832372234,10000.0,36.00157930152965,395.0,143.68331033586458,64.0,15.0,783.0,15.56,8693.750000000002,8695.625,1306.2499999999982,0.13062499999999982,-20.21612701777194
tuna_synth_10000g,1,57.2871845819961,10000.0,36.264364551905786,395.5,145.41550311126056,64.4,14.0,784.0,15.51,8681.25,8687.5,1318.75,0.131875,-20.21612701777194
tuna_synth_10000g,1,57.02439933161997,10000.0,36.52714980228192,395.25,147.1466009481133,64.8,13.1,784.0,15.51,8681.25,8681.25,1318.75,0.131875,-21.405310959990437
tuna_synth_10000g,1,56.76161408124385,10000.0,36.78993505265804,396.5,148.88317347768222,65.2,12.9,782.0,15.49,8676.25,8678.75,1323.75,0.132375,-20.21612701777194
tuna_synth_10000g,1,56.498828830867716,10000.0,37.05272030303417,396.25,150.61865106870792,65.5,12.1,784.0,15.49,8676.25,8676.25,1323.75,0.132375,-19.026943075547187
tuna_synth_10000g,1,56.23604358049158,10000.0,37.315505553410304,396.5,152.35522359827684,65.9,11.5,779.0,15.61,8676.25,8676.25,1323.75,0.132375,-19.026943075547187
tuna_synth_10000g,1,55.973258330115456,10000.0,37.57829080378643,396.5,154.09179612784575,66.3,11.2,779.0,16.43,8666.249999999998,8671.25,1333.7500000000018,0.1333750000000002,-19.02694307555052
tuna_synth_10000g,1,55.71047307973933,10000.0,37.841076054162556,396.5,155.82836865741467,66.7,10.7,784.0,15.49,8664.999999999998,8665.624999999998,1335.0000000000018,0.13350000000000017,-20.21612701777194
tuna_synth_10000g,1,55.4476878293632,10000.0,38.10386130453869,397.5,157.56932094115655,67.0,10.5,784.0,15.63,8664.999999999998,8664.999999999998,1335.0000000000018,0.13350000000000017,-20.21612701777194
tuna_synth_10000g,1,55.18490257898707,10000.0,38.366646554914816,397.5,159.3102732248984,67.4,10.1,775.0,15.71,8664.999999999998,8664.999999999998,1335.0000000000018,0.13350000000000017,-20.21612701777194
tuna_synth_10000g,1,54.922117328610945,10000.0,38.62943180529094,397.75,161.05232044718346,67.9,9.4,709.0,15.71,8650.000000000002,8657.5,1349.9999999999982,0.13499999999999981,-21.405310959990437
tuna_synth_10000g,1,54.65933207823481,10000.0,38.892217055667075,398.0,162.79546260801177,68.2,9.4,777.0,15.58,8650.000000000002,8650.000000000002,1349.9999999999982,0.13499999999999981,-21.405310959990437
tuna_synth_10000g,1,54.396546827858685,10000.0,39.1550023060432,398.0,164.5386047688401,68.5,9.1,784.0,15.49,8650.000000000002,8650.000000000002,1349.9999999999982,0.13499999999999981,-20.216127017768734
tuna_synth_10000g,1,54.13376157748255,10000.0,39.417787556419334,397.5,166.27955705258196,68.9,8.8,784.0,15.49,8650.000000000002,8650.000000000002,1349.9999999999982,0.13499999999999981,-20.216127017768734
tuna_synth_10000g,1,53.870976327106426,10000.0,39.68057280679546,398.5,168.02488909049677,69.1,8.6,784.0,15.49,8650.000000000002,8650.000000000002,1349.9999999999982,0.13499999999999981,-20.216127017768734
tuna_synth_10000g,1,53.6081910767303,10000.0,39.94335805717159,398.25,169.76912618986833,69.3,8.6,774.0,15.76,8650.000000000002,8650.000000000002,1349.9999999999982,0.13499999999999981,-20.216127017768734
tuna_synth_10000g,1,53.34540582635417,10000.0,40.20614330754772,398.5,171.5144582277831,69.8,8.3,778.0,15.83,8650.000000000002,8650.000000000002,1349.9999999999982,0.13499999999999981,-20.216127017768734
tuna_synth_10000g,1,53.08262057597804,10000.0,40.468928557923846,398.75,173.26088520424113,70.1,8.5,756.0,15.49,8650.000000000002,8650.000000000002,1349.9999999999982,0.13499999999999981,-14.270207306660616
tuna_synth_10000g,1,52.819835325601915,10000.0,40.73171380829997,399.0,175.0084071192424,70.5,8.3,786.0,15.58,8650.000000000002,8650.000000000002,1349.9999999999982,0.13499999999999981,-9.513471537773658
tuna_synth_10000g,1,52.55705007522578,10000.0,40.994499058676105,399.25,176.7570239727869,70.9,8.1,768.0,15.86,8650.000000000002,8650.000000000002,1349.9999999999982,0.13499999999999981,-8.32428759554836
tuna_synth_10000g,1,52.29426482484965,10000.0,41.25728430905224,399.0,178.50454588778814,71.1,8.3,769.0,15.76,8650.000000000002,8650.000000000002,1349.9999999999982,0.13499999999999981,-4.756735768883336
tuna_synth_10000g,1,52.03147957447353,10000.0,41.52006955942836,399.25,180.25316274133266,71.4,8.2,779.0,15.63,8642.499999999996,8646.25,1357.5000000000036,0.13575000000000037,-4.756735768883336
tuna_synth_10000g,1,51.768694324097396,10000.0,41.78285480980449,399.25,182.00177959487715,71.6,8.0,779.0,15.56,8642.499999999996,8642.499999999996,1357.5000000000036,0.13575000000000037,-4.756735768883336
tuna_synth_10000g,1,51.50590907372126,10000.0,42.045640060180624,399.75,183.7525863255081,71.9,7.8,784.0,15.49,8633.749999999998,8638.124999999996,1366.2500000000018,0.1366250000000002,-4.756735768883336
tuna_synth_10000g,1,51.24312382334514,10000.0,42.30842531055675,400.75,185.507772810312,72.3,8.0,784.0,15.53,8633.749999999998,8633.749999999998,1366.2500000000018,0.1366250000000002,-5.945919711108375
tuna_synth_10000g,1,50.98033857296901,10000.0,42.571210560932876,401.5,187.2662441107456,72.6,7.9,784.0,15.49,8623.749999999996,8628.749999999996,1376.2500000000036,0.13762500000000036,-5.945919711108375
tuna_synth_10000g,1,50.71755332259288,10000.0,42.83399581130901,401.75,189.02581034972243,72.9,7.9,793.0,15.29,8623.749999999996,8623.749999999996,1376.2500000000036,0.13762500000000036,-5.945919711108375
tuna_synth_10000g,1,50.45476807221675,10000.0,43.096781061685135,402.0,190.7864715272425,73.2,8.1,791.0,14.8,8623.749999999996,8623.749999999996,1376.2500000000036,0.13762500000000036,-1.189183942221675
tuna_synth_10000g,1,50.191982821840625,10000.0,43.35956631206126,402.0,192.54713270476253,73.5,8.0,794.0,15.34,8617.499999999996,8620.624999999996,1382.5000000000036,0.13825000000000037,-1.189183942221675
tuna_synth_10000g,1,49.92919757146449,10000.0,43.622351562437395,402.0,194.3077938822826,73.8,7.9,795.0,15.32,8617.499999999996,8617.499999999996,1382.5000000000036,0.13825000000000037,-7.13510365333005
tuna_synth_10000g,1,49.666412321088366,10000.0,43.88513681281352,402.5,196.07064493688912,74.1,8.1,789.0,15.27,8612.5,8614.999999999998,1387.5,0.13875,-5.945919711105042
tuna_synth_10000g,1,49.40362707071223,10000.0,44.147922063189654,403.25,197.83678080712536,74.4,8.0,778.0,15.22,8612.5,8612.5,1387.5,0.13875,-5.945919711104914
tuna_synth_10000g,1,49.14084182033611,10000.0,44.41070731356578,403.5,199.60401161590482,74.6,7.9,799.0,15.1,8612.5,8612.5,1387.5,0.13875,-4.756735768883239
tuna_synth_10000g,1,48.87805656995998,10000.0,44.673492563941906,403.75,201.37233736322753,74.9,7.9,810.0,14.83,8612.5,8612.5,1387.5,0.13875,-4.756735768883239
tuna_synth_10000g,1,48.61527131958385,10000.0,44.93627781431804,404.0,203.14175804909348,75.3,8.2,814.0,14.76,8603.749999999996,8608.124999999998,1396.2500000000036,0.13962500000000036,-4.756735768883239
tuna_synth_10000g,1,48.35248606920772,10000.0,45.199063064694165,404.25,204.91227367350265,75.7,8.1,823.0,14.53,8602.499999999998,8603.124999999996,1397.5000000000018,0.13975000000000018,-4.756735768883239
tuna_synth_10000g,1,48.089700818831595,10000.0,45.46184831507029,404.75,206.6849791749983,76.1,8.1,827.0,14.58,8582.5,8592.5,1417.5,0.14175,-9.513471537766605
tuna_synth_10000g,1,47.82691556845546,10000.0,45.724633565446425,404.25,208.45549479940746,76.3,8.3,833.0,14.15,8582.5,8582.5,1417.5,0.14175,-10.702655479991742
tuna_synth_10000g,1,47.56413031807933,10000.0,45.98741881582256,404.5,210.22710536235985,76.5,8.3,831.0,14.4,8582.5,8582.5,1417.5,0.14175,-10.702655479991742
tuna_synth_10000g,1,47.30134506770321,10000.0,46.25020406619868,405.0,212.00090580239873,76.8,8.2,833.0,14.36,8582.5,8582.5,1417.5,0.14175,-10.702655479991742
tuna_synth_10000g,1,47.03855981732708,10000.0,46.51298931657481,405.5,213.77689611952408,77.0,8.5,843.0,14.15,8582.5,8582.5,1417.5,0.14175,-10.702655479991742
tuna_synth_10000g,1,46.77577456695094,10000.0,46.77577456695094,405.25,215.55179149810616,77.2,8.4,839.0,14.1,8582.5,8582.5,1417.5,0.14175,-10.702655479991742
tuna_synth_10000g,1,46.51298931657482,10000.0,47.03855981732707,405.5,217.3277818152315,77.5,8.4,841.0,14.25,8581.25,8581.875,1418.75,0.141875,-10.702655479991742
tuna_synth_10000g,1,46.25020406619869,10000.0,47.301345067703195,405.5,219.10377213235688,77.7,8.4,833.0,14.36,8575.0,8578.125,1425.0,0.1425,-11.891839422216911
tuna_synth_10000g,1,45.98741881582256,10000.0,47.56413031807933,406.25,220.8830472651119,77.9,8.3,846.0,13.98,8575.0,8575.0,1425.0,0.1425,-11.891839422216911
tuna_synth_10000g,1,45.72463356544643,10000.0,47.826915568455455,406.25,222.66232239786697,78.2,8.8,848.0,14.06,8573.749999999996,8574.374999999998,1426.2500000000036,0.14262500000000036,-11.89183942221675
tuna_synth_10000g,1,45.461848315070306,10000.0,48.08970081883158,406.0,224.44050259207873,78.6,8.8,838.0,14.23,8572.499999999998,8573.124999999996,1427.5000000000018,0.14275000000000018,-10.702655479991742
tuna_synth_10000g,1,45.19906306469417,10000.0,48.352486069207714,406.5,226.22087266337698,78.9,8.7,846.0,14.04,8566.249999999998,8569.374999999998,1433.7500000000018,0.14337500000000017,-10.702655479991742
tuna_synth_10000g,1,44.936277814318046,10000.0,48.61527131958384,407.0,228.00343261176175,79.1,9.0,854.0,13.9,8566.249999999998,8566.249999999998,1433.7500000000018,0.14337500000000017,-10.702655479991742
tuna_synth_10000g,1,44.67349256394191,10000.0,48.87805656995997,406.75,229.78489762160322,79.4,8.9,854.0,13.98,8564.999999999998,8565.624999999998,1435.0000000000018,0.14350000000000018,-9.513471537766605
tuna_synth_10000g,1,44.41070731356579,10000.0,49.1408418203361,406.75,231.56636263144472,79.7,8.9,847.0,14.94,8559.999999999996,8562.499999999996,1440.0000000000036,0.14400000000000035,-9.513471537766605
tuna_synth_10000g,1,44.14792206318966,10000.0,49.403627070712226,407.25,233.35001751837268,80.0,8.9,846.0,14.04,8557.499999999998,8558.749999999996,1442.5000000000018,0.14425000000000018,-10.702655479991742
tuna_synth_10000g,1,43.88513681281353,10000.0,49.66641232108836,407.0,235.13257746675743,80.1,9.2,855.0,13.94,8543.750000000002,8550.625,1456.2499999999982,0.1456249999999998,-10.702655479991742
tuna_synth_10000g,1,43.6223515624374,10000.0,49.929197571464485,407.0,236.91513741514217,80.3,9.2,848.0,14.04,8543.750000000002,8543.750000000002,1456.2499999999982,0.1456249999999998,-10.702655479991742
tuna_synth_10000g,1,43.359566312061276,10000.0,50.19198282184061,407.5,238.6998872406134,80.5,9.2,855.0,13.96,8541.249999999996,8542.5,1458.7500000000036,0.14587500000000037,-10.702655479991613
tuna_synth_10000g,1,43.09678106168514,10000.0,50.454768072216744,407.0,240.48244718899815,80.7,9.2,848.0,14.02,8538.75,8539.999999999998,1461.25,0.146125,-10.702655479998537
tuna_synth_10000g,1,42.833995811309016,10000.0,50.71755332259287,407.75,242.2682919530126,80.9,9.2,862.0,13.9,8533.749999999998,8536.25,1466.2500000000018,0.14662500000000017,-11.891839422216911
tuna_synth_10000g,1,42.57121056093288,10000.0,50.980338572969,407.0,244.05085190139735,81.1,9.4,861.0,13.71,8533.749999999998,8533.749999999998,1466.2500000000018,0.14662500000000017,-11.891839422216911
tuna_synth_10000g,1,42.30842531055676,10000.0,51.24312382334513,407.75,245.83669666541178,81.4,9.4,849.0,14.02,8528.749999999996,8531.249999999996,1471.2500000000036,0.14712500000000037,-10.702655479998665
tuna_synth_10000g,1,42.04564006018063,10000.0,51.505909073721256,408.0,247.62363636796945,81.7,9.4,859.0,13.87,8527.499999999998,8528.124999999996,1472.5000000000018,0.1472500000000002,-10.702655479998665
tuna_synth_10000g,1,41.7828548098045,10000.0,51.76869432409739,407.25,249.40729125489742,82.0,9.4,821.0,14.04,8523.749999999996,8525.624999999996,1476.2500000000036,0.14762500000000037,-9.51347153778045
tuna_synth_10000g,1,41.52006955942837,10000.0,52.031479574473515,408.0,251.1942309574551,82.0,9.6,851.0,13.85,8523.749999999996,8523.749999999996,1476.2500000000036,0.14762500000000037,-9.513471537780323
tuna_synth_10000g,1,41.257284309052245,10000.0,52.29426482484964,408.25,252.982265598556,82.3,9.6,835.0,14.15,8523.749999999996,8523.749999999996,1476.2500000000036,0.14762500000000037,-9.513471537780323
tuna_synth_10000g,1,40.994499058676105,10000.0,52.55705007522578,407.75,254.76811036257047,82.6,9.6,839.0,14.29,8523.749999999996,8523.749999999996,1476.2500000000036,0.14762500000000037,-9.513471537780323
tuna_synth_10000g,1,40.73171380829998,10000.0,52.81983532560191,407.75,256.5539551265849,82.9,9.6,847.0,14.1,8517.499999999996,8520.624999999996,1482.5000000000036,0.14825000000000035,-9.51347153778045
tuna_synth_10000g,1,40.46892855792386,10000.0,53.08262057597803,408.5,258.34308470622904,83.1,9.6,842.0,14.19,8517.499999999996,8517.499999999996,1482.5000000000036,0.14825000000000035,-10.702655479998665
tuna_synth_10000g,1,40.20614330754772,10000.0,53.34540582635417,408.75,260.1333092244164,83.2,10.0,848.0,14.04,8517.499999999996,8517.499999999996,1482.5000000000036,0.14825000000000035,-10.702655479998665
tuna_synth_10000g,1,39.943358057171594,10000.0,53.60819107673029,407.75,261.9191539884309,83.4,10.0,841.0,14.17,8517.499999999996,8517.499999999996,1482.5000000000036,0.14825000000000035,-9.51347153778045
tuna_synth_10000g,1,39.68057280679547,10000.0,53.87097632710642,408.5,263.708283568075,83.7,9.9,836.0,14.36,8517.499999999996,8517.499999999996,1482.5000000000036,0.14825000000000035,-9.513471537780323
tuna_synth_10000g,1,39.417787556419334,10000.0,54.13376157748255,408.75,265.49850808626235,83.9,10.0,848.0,14.04,8517.499999999996,8517.499999999996,1482.5000000000036,0.14825000000000035,-9.513471537780323
tuna_synth_10000g,1,39.15500230604321,10000.0,54.39654682785868,408.5,267.2876376659065,84.0,10.0,819.0,14.15,8517.499999999996,8517.499999999996,1482.5000000000036,0.14825000000000035,-9.513471537780323
tuna_synth_10000g,1,38.89221705566708,10000.0,54.659332078234804,408.75,269.0778621840939,84.5,10.0,843.0,14.15,8517.499999999996,8517.499999999996,1482.5000000000036,0.14825000000000035,-9.513471537776862
tuna_synth_10000g,1,38.62943180529095,10000.0,54.92211732861094,409.25,270.8702765793677,84.9,10.0,839.0,13.94,8512.5,8514.999999999998,1487.5,0.14875,-9.513471537769938
tuna_synth_10000g,1,38.36664655491482,10000.0,55.184902578987064,409.0,272.66159603609833,85.3,10.0,853.0,13.94,8512.5,8512.5,1487.5,0.14875,-9.513471537770068
tuna_synth_10000g,1,38.1038613045387,10000.0,55.44768782936319,409.25,274.4540104313722,85.1,10.4,852.0,14.04,8508.749999999998,8510.625,1491.2500000000018,0.14912500000000017,-9.513471537766605
tuna_synth_10000g,1,37.84107605416256,10000.0,55.71047307973932,409.75,276.2486147037325,85.3,10.4,866.0,13.73,8508.749999999998,8508.749999999998,1491.2500000000018,0.14912500000000017,-8.324287595551725
tuna_synth_10000g,1,37.57829080378644,10000.0,55.97325833011545,409.0,278.03993416046313,85.5,10.4,859.0,13.85,8508.749999999998,8508.749999999998,1491.2500000000018,0.14912500000000017,-7.135103653333608
tuna_synth_10000g,1,37.31550555341031,10000.0,56.236043580491575,409.0,279.83125361719374,85.7,10.4,855.0,13.85,8508.749999999998,8508.749999999998,1491.2500000000018,0.14912500000000017,-7.135103653330243
tuna_synth_10000g,1,37.05272030303417,10000.0,56.498828830867716,410.0,281.62695282809733,86.0,10.4,866.0,13.65,8508.749999999998,8508.749999999998,1491.2500000000018,0.14912500000000017,-7.135103653330243
tuna_synth_10000g,1,36.78993505265805,10000.0,56.761614081243835,409.75,283.4215571004576,86.1,10.4,858.0,13.81,8508.749999999998,8508.749999999998,1491.2500000000018,0.14912500000000017,-3.5675518266651216
tuna_synth_10000g,1,36.527149802281926,10000.0,57.02439933161996,410.5,285.21944618844765,86.2,0.0,864.0,13.51,8508.749999999998,8508.749999999998,1491.2500000000018,0.14912500000000017,0.0
tuna_synth_10000g,1,36.264364551905786,10000.0,57.2871845819961,409.75,287.014050460808,86.4,0.0,865.0,13.69,8500.0,8504.375,1500.0,0.15,0.0
tuna_synth_10000g,1,36.00157930152966,10000.0,57.54996983237223,410.25,288.8108446102547,86.6,0.0,880.0,13.32,8500.0,8500.0,1500.0,0.15,0.0
tuna_synth_10000g,1,35.73879405115354,10000.0,57.812755082748346,410.25,290.6076387597015,86.9,0.0,871.0,13.57,8500.0,8500.0,1500.0,0.15,0.0
tuna_synth_10000g,1,35.4760088007774,10000.0,58.075540333124486,410.0,292.40333797060504,87.1,0.0,880.0,13.4,8500.0,8500.0,1500.0,0.15,0.0
tuna_synth_10000g,1,35.213223550401274,10000.0,58.33832558350061,411.0,294.20341693568156,87.0,0.0,897.0,13.45,8500.0,8500.0,1500.0,0.15,0.0
tuna_synth_10000g,1,34.95043830002515,10000.0,58.60111083387674,410.75,296.0024009622148,87.2,0.0,879.0,13.4,8500.0,8500.0,1500.0,0.15,0.0
tuna_synth_10000g,1,34.687653049649015,10000.0,58.86389608425287,410.75,297.801384988748,87.4,0.0,880.0,13.4,8500.0,8500.0,1500.0,0.15,0.0
tuna_synth_10000g,1,34.42486779927289,10000.0,59.126681334629,411.0,299.6014639538245,87.6,0.0,883.0,13.34,8500.0,8500.0,1500.0,0.15,0.0
tuna_synth_10000g,1,34.16208254889676,10000.0,59.389466585005124,411.25,301.40263785744423,87.8,0.0,885.0,13.32,8500.0,8500.0,1500.0,0.15,0.0
tuna_synth_10000g,1,33.89929729852063,10000.0,59.65225183538126,411.0,303.20271682252076,88.0,0.0,883.0,13.75,8500.0,8500.0,1500.0,0.15,0.0
tuna_synth_10000g,1,33.6365120481445,10000.0,59.91503708575738,411.0,305.0027957875973,88.1,0.0,879.0,13.42,8500.0,8500.0,1500.0,0.15,0.0
tuna_synth_10000g,1,33.37372679776838,10000.0,60.17782233613351,410.75,306.8017798141305,88.3,0.0,879.0,13.4,8500.0,8500.0,1500.0,0.15,0.0
tuna_synth_10000g,1,33.110941547392244,10000.0,60.44060758650964,411.0,308.601858779207,88.6,0.0,871.0,13.4,8500.0,8500.0,1500.0,0.15,0.0
tuna_synth_10000g,1,32.84815629701612,10000.0,60.70339283688577,411.0,310.4019377442835,88.9,0.0,882.0,13.4,8500.0,8500.0,1500.0,0.15,0.0
tuna_synth_10000g,1,32.58537104663999,10000.0,60.966178087261895,411.25,312.2031116479032,89.3,0.0,880.0,13.73,8500.0,8500.0,1500.0,0.15,0.0
tuna_synth_10000g,1,32.32258579626385,10000.0,61.228963337638035,410.75,314.0020956744365,89.0,0.0,878.0,13.42,8500.0,8500.0,1500.0,0.15,0.0
tuna_synth_10000g,1,32.05980054588773,10000.0,61.491748588014154,410.75,315.8010797009697,89.1,0.0,879.0,13.49,8500.0,8500.0,1500.0,0.15,0.0
tuna_synth_10000g,1,31.797015295511606,10000.0,61.75453383839028,411.25,317.6022536045894,89.3,0.0,878.0,13.38,8500.0,8500.0,1500.0,0.15,0.0
tuna_synth_10000g,1,31.534230045135466,10000.0,62.01731908876642,412.0,319.40671232383886,89.5,0.0,886.0,13.3,8500.0,8500.0,1500.0,0.15,0.0
tuna_synth_10000g,1,31.27144479475934,10000.0,62.28010433914255,411.75,321.210076104545,89.6,0.0,893.0,13.22,8500.0,8500.0,1500.0,0.15,0.0
tuna_synth_10000g,1,31.00865954438322,10000.0,62.542889589518666,411.5,323.0123449467079,89.8,0.0,880.0,13.34,8500.0,8500.0,1500.0,0.15,0.0
tuna_synth_10000g,1,30.74587429400708,10000.0,62.805674839894806,411.5,324.8146137888709,89.9,0.0,877.0,13.4,8500.0,8500.0,1500.0,0.15,0.0
tuna_synth_10000g,1,30.483089043630955,10000.0,63.06846009027093,412.5,326.62126238520676,90.1,0.0,880.0,13.4,8500.0,8500.0,1500.0,0.15,0.0
tuna_synth_10000g,1,30.22030379325483,10000.0,63.33124534064706,412.0,328.4257211044562,90.1,0.0,882.0,13.19,8500.0,8500.0,1500.0,0.15,0.0
tuna_synth_10000g,1,29.957518542878695,10000.0,63.59403059102319,412.25,330.23127476224886,90.4,0.0,880.0,13.4,8500.0,8500.0,1500.0,0.15,0.0
tuna_synth_10000g,1,29.69473329250257,10000.0,63.85681584139932,411.75,332.03463854295507,90.7,0.0,866.0,13.67,8500.0,8500.0,1500.0,0.15,0.0
tuna_synth_10000g,1,29.43194804212645,10000.0,64.11960109177544,412.0,333.83909726220446,91.0,0.0,862.0,13.73,8500.0,8500.0,1500.0,0.15,0.0
tuna_synth_10000g,1,29.16916279175031,10000.0,64.38238634215158,412.75,335.6468407970836,91.3,0.0,858.0,13.81,8500.0,8500.0,1500.0,0.15,0.0
tuna_synth_10000g,1,28.906377541374184,10000.0,64.6451715925277,412.5,337.4534893934195,91.5,0.0,865.0,13.63,8500.0,8500.0,1500.0,0.15,0.0
tuna_synth_10000g,1,28.643592290998058,10000.0,64.90795684290383,413.0,339.2623278668418,91.1,0.0,875.0,13.49,8500.0,8500.0,1500.0,0.15,0.0
tuna_synth_10000g,1,28.380807040621917,10000.0,65.17074209327997,412.5,341.0689764631777,91.2,0.0,870.0,13.57,8500.0,8500.0,1500.0,0.15,0.0
tuna_synth_10000g,1,28.11802179024579,10000.0,65.4335273436561,412.75,342.87671999805684,91.4,0.0,858.0,13.9,8500.0,8500.0,1500.0,0.15,0.0
tuna_synth_10000g,1,27.855236539869665,10000.0,65.69631259403222,413.75,344.68884328710885,91.5,0.0,871.0,13.53,8500.0,8500.0,1500.0,0.15,0.0
tuna_synth_10000g,1,27.59245128949354,10000.0,65.95909784440835,413.25,346.4987766990745,91.6,0.0,878.0,13.42,8500.0,8500.0,1500.0,0.15,0.0
tuna_synth_10000g,1,27.329666039117413,10000.0,66.22188309478447,412.5,348.3054252954104,91.7,0.0,871.0,13.53,8500.0,8500.0,1500.0,0.15,0.0
tuna_synth_10000g,1,27.066880788741287,10000.0,66.4846683451606,413.25,350.11535870737595,91.9,0.0,865.0,13.96,8500.0,8500.0,1500.0,0.15,0.0
tuna_synth_10000g,1,26.804095538365146,10000.0,66.74745359553674,413.5,351.92638705788477,92.0,0.0,867.0,13.61,8500.0,8500.0,1500.0,0.15,0.0
tuna_synth_10000g,1,26.54131028798902,10000.0,67.01023884591287,413.25,353.7363204698504,92.1,0.0,863.0,13.75,8500.0,8500.0,1500.0,0.15,0.0
tuna_synth_10000g,1,26.278525037612894,10000.0,67.27302409628899,414.25,355.5506336359889,92.3,0.0,867.0,13.65,8500.0,8500.0,1500.0,0.15,0.0
tuna_synth_10000g,1,26.015739787236768,10000.0,67.53580934666512,414.25,357.3649468021274,92.6,0.0,878.0,13.42,8500.0,8500.0,1500.0,0.15,0.0
tuna_synth_10000g,1,25.752954536860642,10000.0,67.79859459704124,414.25,359.1792599682659,92.9,0.0,878.0,13.42,8500.0,8500.0,1500.0,0.15,0.0
tuna_synth_10000g,1,25.490169286484516,10000.0,68.06137984741737,414.0,360.9924781958612,93.1,0.0,919.0,13.38,8500.0,8500.0,1500.0,0.15,0.0
tuna_synth_10000g,1,25.227384036108376,10000.0,68.32416509779351,414.75,362.8089812390862,93.3,0.0,878.0,13.44,8500.0,8500.0,1500.0,0.15,0.0
tuna_synth_10000g,1,24.96459878573225,10000.0,68.58695034816964,414.25,364.6232944052247,93.0,0.0,867.0,13.49,8500.0,8500.0,1500.0,0.15,0.0
tuna_synth_10000g,1,24.701813535356123,10000.0,68.84973559854576,415.0,366.44089238699297,93.3,0.0,873.0,13.47,8500.0,8500.0,1500.0,0.15,0.0
tuna_synth_10000g,1,24.439028284979983,10000.0,69.1125208489219,415.0,368.25849036876116,93.5,0.0,882.0,13.38,8500.0,8500.0,1500.0,0.15,0.0
tuna_synth_10000g,1,24.176243034603857,10000.0,69.37530609929803,415.25,370.07718328907265,93.7,0.0,874.0,13.34,8500.0,8500.0,1500.0,0.15,0.0
tuna_synth_10000g,1,23.913457784227745,10000.0,69.63809134967414,415.25,371.89587620938414,93.9,0.0,866.0,13.4,8500.0,8500.0,1500.0,0.15,0.0
tuna_synth_10000g,1,23.650672533851605,10000.0,69.90087660005028,415.0,373.71347419115233,94.1,0.0,873.0,13.63,8500.0,8500.0,1500.0,0.15,0.0
tuna_synth_10000g,1,23.38788728347548,10000.0,70.16366185042641,415.5,375.53326205000707,94.4,0.0,868.0,13.67,8500.0,8500.0,1500.0,0.15,0.0
tuna_synth_10000g,1,23.125102033099353,10000.0,70.42644710080253,416.0,377.35523978594824,94.0,0.0,874.0,14.49,8500.0,8500.0,1500.0,0.15,0.0
tuna_synth_10000g,1,22.862316782723212,10000.0,70.68923235117867,416.5,379.17940739897585,94.2,0.0,872.0,13.42,8500.0,8500.0,1500.0,0.15,0.0
tuna_synth_10000g,1,22.599531532347086,10000.0,70.9520176015548,416.5,381.00357501200347,94.4,0.0,885.0,13.22,8500.0,8500.0,1500.0,0.15,0.0
tuna_synth_10000g,1,22.33674628197096,10000.0,71.21480285193093,416.5,382.8277426250311,94.7,0.0,890.0,13.24,8500.0,8500.0,1500.0,0.15,0.0
tuna_synth_10000g,1,22.073961031594834,10000.0,71.47758810230705,415.75,384.64862542242895,94.9,0.0,883.0,13.36,8500.0,8500.0,1500.0,0.15,0.0
tuna_synth_10000g,1,21.811175781218708,10000.0,71.74037335268318,415.5,386.4684132812837,95.1,0.0,878.0,13.51,8500.0,8500.0,1500.0,0.15,0.0
tuna_synth_10000g,1,21.548390530842582,10000.0,72.0031586030593,416.0,388.29039101722486,95.3,0.0,874.0,13.47,8500.0,8500.0,1500.0,0.15,0.0
tuna_synth_10000g,1,21.28560528046644,10000.0,72.26594385343545,416.25,390.1134636917092,95.5,0.0,879.0,13.45,8500.0,8500.0,1500.0,0.15,0.0
tuna_synth_10000g,1,21.022820030090315,10000.0,72.52872910381157,416.25,391.93653636619365,95.1,0.0,882.0,13.38,8500.0,8500.0,1500.0,0.15,0.0
tuna_synth_10000g,1,20.76003477971419,10000.0,72.7915143541877,416.75,393.7617989177645,95.3,0.0,887.0,13.19,8500.0,8500.0,1500.0,0.15,0.0
tuna_synth_10000g,1,20.49724952933805,10000.0,73.05429960456384,416.75,395.58706146933537,95.5,0.0,893.0,13.13,8500.0,8500.0,1500.0,0.15,0.0
tuna_synth_10000g,1,20.234464278961937,10000.0,73.31708485493995,417.25,397.41451389799266,95.8,0.0,891.0,13.11,8500.0,8500.0,1500.0,0.15,0.0
tuna_synth_10000g,1,19.97167902858581,10000.0,73.57987010531608,417.25,399.24196632665,96.0,0.0,890.0,13.2,8500.0,8500.0,1500.0,0.15,0.0
tuna_synth_10000g,1,19.70889377820967,10000.0,73.84265535569222,416.75,401.0672288782209,96.1,0.0,882.0,13.26,8500.0,8500.0,1500.0,0.15,0.0
tuna_synth_10000g,1,19.446108527833545,10000.0,74.10544060606834,416.75,402.89249142979173,96.3,0.0,880.0,13.38,8500.0,8500.0,1500.0,0.15,0.0
tuna_synth_10000g,1,19.18332327745742,10000.0,74.36822585644447,416.5,404.7166590428194,96.5,0.0,880.0,13.38,8500.0,8500.0,1500.0,0.15,0.0
tuna_synth_10000g,1,18.920538027081278,10000.0,74.63101110682061,416.5,406.540826655847,96.1,0.0,880.0,13.75,8500.0,8500.0,1500.0,0.15,0.0
tuna_synth_10000g,1,18.657752776705152,10000.0,74.89379635719673,416.5,408.3649942688746,96.3,0.0,880.0,13.4,8500.0,8500.0,1500.0,0.15,0.0
tuna_synth_10000g,1,18.394967526329026,10000.0,75.15658160757286,417.25,410.192446697532,96.5,0.0,889.0,13.26,8500.0,8500.0,1500.0,0.15,0.0
tuna_synth_10000g,1,18.1321822759529,10000.0,75.41936685794899,417.5,412.0209940647326,96.7,0.0,918.0,13.05,8500.0,8500.0,1500.0,0.15,0.0
tuna_synth_10000g,1,17.869397025576774,10000.0,75.68215210832511,417.75,413.85063637047637,96.9,0.0,897.0,13.07,8500.0,8500.0,1500.0,0.15,0.0
tuna_synth_10000g,1,17.606611775200648,10000.0,75.94493735870124,417.25,415.6780887991337,97.1,0.0,895.0,13.07,8500.0,8500.0,1500.0,0.15,0.0
tuna_synth_10000g,1,17.343826524824507,10000.0,76.20772260907738,416.5,417.50225641216133,97.3,0.0,892.0,13.09,8500.0,8500.0,1500.0,0.15,0.0
tuna_synth_10000g,1,17.08104127444838,10000.0,76.4705078594535,417.25,419.3297088408187,97.5,0.0,885.0,13.22,8500.0,8500.0,1500.0,0.15,0.0
tuna_synth_10000g,1,16.818256024072255,10000.0,76.73329310982963,417.0,421.1560663309328,97.1,0.0,883.0,13.2,8500.0,8500.0,1500.0,0.15,0.0
tuna_synth_10000g,1,16.55547077369613,10000.0,76.99607836020576,417.0,422.98242382104695,97.2,0.0,883.0,13.34,8500.0,8500.0,1500.0,0.15,0.0
tuna_synth_10000g,1,16.292685523320003,10000.0,77.25886361058188,416.75,424.80768637261775,97.4,0.0,887.0,13.26,8500.0,8500.0,1500.0,0.15,0.0
tuna_synth_10000g,1,16.029900272943877,10000.0,77.52164886095801,417.25,426.6351388012751,97.5,0.0,892.0,13.13,8500.0,8500.0,1500.0,0.15,0.0
tuna_synth_10000g,1,15.767115022567737,10000.0,77.78443411133415,417.75,428.46478110701895,97.7,0.0,893.0,13.11,8500.0,8500.0,1500.0,0.15,0.0
tuna_synth_10000g,1,15.50432977219161,10000.0,78.04721936171028,417.5,430.2933284742195,97.9,0.0,895.0,13.07,8500.0,8500.0,1500.0,0.15,0.0
tuna_synth_10000g,1,15.241544521815484,10000.0,78.3100046120864,417.5,432.1218758414201,98.1,0.0,905.0,12.92,8500.0,8500.0,1500.0,0.15,0.0
tuna_synth_10000g,1,14.978759271439344,10000.0,78.57278986246254,417.75,433.9515181471639,98.2,0.0,906.0,12.91,8500.0,8500.0,1500.0,0.15,0.0
tuna_synth_10000g,1,14.715974021063218,10000.0,78.83557511283867,417.75,435.78116045290767,98.4,0.0,912.0,12.85,8500.0,8500.0,1500.0,0.15,0.0
tuna_synth_10000g,1,14.453188770687092,10000.0,79.0983603632148,417.75,437.61080275865146,98.5,0.0,911.0,12.82,8500.0,8500.0,1500.0,0.15,0.0
tuna_synth_10000g,1,14.190403520310966,10000.0,79.36114561359092,417.5,439.439350125852,98.1,0.0,915.0,12.82,8500.0,8500.0,1500.0,0.15,0.0
tuna_synth_10000g,1,13.92761826993484,10000.0,79.62393086396705,417.75,441.2689924315958,98.3,0.0,912.0,12.83,8500.0,8500.0,1500.0,0.15,0.0
tuna_synth_10000g,1,13.664833019558714,10000.0,79.88671611434317,417.0,443.09534992170995,98.5,0.0,912.0,12.8,8500.0,8500.0,1500.0,0.15,0.0
tuna_synth_10000g,1,13.402047769182573,10000.0,80.14950136471931,417.25,444.9228023503673,98.5,0.0,906.0,13.13,8500.0,8500.0,1500.0,0.15,0.0
tuna_synth_10000g,1,13.139262518806447,10000.0,80.41228661509544,416.5,446.7469699633949,98.7,0.0,883.0,13.11,8500.0,8500.0,1500.0,0.15,0.0
tuna_synth_10000g,1,12.876477268430321,10000.0,80.67507186547157,416.75,448.57223251496566,98.9,0.0,898.0,13.05,8500.0,8500.0,1500.0,0.15,0.0
tuna_synth_10000g,1,12.613692018054195,10000.0,80.93785711584769,416.5,450.3964001279933,99.0,0.0,891.0,13.04,8500.0,8500.0,1500.0,0.15,0.0
tuna_synth_10000g,1,12.350906767678069,10000.0,81.20064236622382,417.0,452.22275761810744,99.2,0.0,910.0,12.98,8500.0,8500.0,1500.0,0.15,0.0
tuna_synth_10000g,1,12.088121517301943,10000.0,81.46342761659994,417.0,454.0491151082216,99.3,0.0,911.0,12.8,8500.0,8500.0,1500.0,0.15,0.0
tuna_synth_10000g,1,11.825336266925802,10000.0,81.72621286697608,417.25,455.87656753687895,99.5,0.0,930.0,12.51,8500.0,8500.0,1500.0,0.15,0.0
tuna_synth_10000g,1,11.562551016549676,10000.0,81.98899811735221,416.75,457.70183008844975,99.0,0.0,929.0,12.5,8500.0,8500.0,1500.0,0.15,0.0
tuna_synth_10000g,1,11.29976576617355,10000.0,82.25178336772834,416.75,459.5270926400206,99.1,0.0,929.0,12.48,8500.0,8500.0,1500.0,0.15,0.0
tuna_synth_10000g,1,11.03698051579741,10000.0,82.51456861810448,417.0,461.3534501301347,99.3,0.0,940.0,12.29,8500.0,8500.0,1500.0,0.15,0.0
tuna_synth_10000g,1,10.774195265421284,10000.0,82.7773538684806,417.25,463.18090255879207,99.5,0.0,944.0,12.24,8500.0,8500.0,1500.0,0.15,0.0
tuna_synth_10000g,1,10.511410015045172,10000.0,83.04013911885671,414.75,464.99740560201707,99.6,0.0,946.0,12.09,8500.0,8500.0,1500.0,0.15,0.0
tuna_synth_10000g,1,10.248624764669032,10000.0,83.30292436923285,411.0,466.79748456709353,99.7,0.0,974.0,12.24,8500.0,8500.0,1500.0,0.15,0.0
tuna_synth_10000g,1,9.985839514292906,10000.0,83.56570961960898,405.75,468.57456982276216,99.8,0.0,940.0,12.32,8500.0,8500.0,1500.0,0.15,0.0
tuna_synth_10000g,1,9.72305426391678,10000.0,83.82849486998511,400.5,470.3286613690228,99.8,0.0,944.0,12.06,8500.0,8500.0,1500.0,0.15,0.0
tuna_synth_10000g,1,9.460269013540639,10000.0,84.09128012036125,394.0,472.0542845131594,99.9,0.0,935.0,12.29,8500.0,8500.0,1500.0,0.15,0.0
tuna_synth_10000g,1,9.197483763164513,10000.0,84.35406537073737,388.25,473.75472407080156,100.0,0.0,944.0,12.24,8500.0,8500.0,1500.0,0.15,0.0
tuna_synth_10000g,1,8.934698512788387,10000.0,84.6168506211135,382.5,475.4299800419494,100.0,0.0,951.0,12.39,8500.0,8500.0,1500.0,0.15,0.0
tuna_synth_10000g,1,8.67191326241226,10000.0,84.87963587148963,378.0,477.085527119319,100.0,0.0,938.0,12.41,8500.0,8500.0,1500.0,0.15,0.0
tuna_synth_10000g,1,8.409128012036135,10000.0,85.14242112186575,375.75,478.73121974979955,100.0,0.0,939.0,12.24,8500.0,8500.0,1500.0,0.15,0.0
tuna_synth_10000g,1,8.146342761660009,10000.0,85.40520637224188,374.0,480.3692478104774,100.0,0.0,950.0,12.21,8500.0,8500.0,1500.0,0.15,0.0
tuna_synth_10000g,1,7.883557511283868,10000.0,85.66799162261802,372.75,482.0018011784391,99.9,0.0,941.0,12.31,8500.0,8500.0,1500.0,0.15,0.0
tuna_synth_10000g,1,7.620772260907742,10000.0,85.93077687299414,372.0,483.6310697307711,99.9,0.0,921.0,12.55,8500.0,8500.0,1500.0,0.15,0.0
tuna_synth_10000g,1,7.357987010531616,10000.0,86.19356212337027,372.75,485.2636230987328,99.9,0.0,940.0,12.85,8500.0,8500.0,1500.0,0.15,0.0
tuna_synth_10000g,1,7.095201760155476,10000.0,86.45634737374641,372.5,486.8950815281513,99.9,0.0,937.0,12.39,8500.0,8500.0,1500.0,0.15,0.0
tuna_synth_10000g,1,6.832416509779364,10000.0,86.71913262412252,371.0,488.5199703263104,99.8,0.0,928.0,12.48,8500.0,8500.0,1500.0,0.15,0.0
tuna_synth_10000g,1,6.569631259403238,10000.0,86.98191787449865,368.5,490.1339097390371,99.8,0.0,939.0,12.53,8500.0,8500.0,1500.0,0.15,0.0
tuna_synth_10000g,1,6.3068460090270975,10000.0,87.24470312487479,364.5,491.73033013507205,99.7,0.0,945.0,12.21,8500.0,8500.0,1500.0,0.15,0.0
tuna_synth_10000g,1,6.044060758650971,10000.0,87.50748837525092,360.0,493.30704163732884,99.7,0.0,939.0,12.36,8500.0,8500.0,1500.0,0.15,0.0
tuna_synth_10000g,1,5.781275508274845,10000.0,87.77027362562704,355.75,494.86513918435065,99.6,0.0,935.0,12.36,8500.0,8500.0,1500.0,0.15,0.0
tuna_synth_10000g,1,5.518490257898705,10000.0,88.03305887600318,351.0,496.402432899051,99.5,0.0,935.0,12.41,8500.0,8500.0,1500.0,0.15,0.0
tuna_synth_10000g,1,5.255705007522579,10000.0,88.29584412637931,346.0,497.9178278428867,99.4,0.0,929.0,12.5,8500.0,8500.0,1500.0,0.15,0.0
tuna_synth_10000g,1,4.992919757146453,10000.0,88.55862937675543,340.0,499.40694426168477,99.3,0.0,935.0,12.34,8500.0,8500.0,1500.0,0.15,0.0
tuna_synth_10000g,1,4.730134506770327,10000.0,88.82141462713156,334.75,500.87306697107493,99.1,0.0,970.0,11.97,8500.0,8500.0,1500.0,0.15,0.0
tuna_synth_10000g,1,4.4673492563942006,10000.0,89.08419987750769,329.0,502.3140060939707,99.5,0.0,958.0,11.99,8500.0,8500.0,1500.0,0.15,0.0
tuna_synth_10000g,1,4.2045640060180745,10000.0,89.34698512788381,324.0,503.73304644600177,99.4,0.0,958.0,11.99,8500.0,8500.0,1500.0,0.15,0.0
tuna_synth_10000g,1,3.941778755641934,10000.0,89.60977037825995,318.5,505.1279981500817,99.2,0.0,955.0,12.04,8500.0,8500.0,1500.0,0.15,0.0
tuna_synth_10000g,1,3.678993505265808,10000.0,89.87255562863608,314.0,506.5032409603834,99.0,0.0,973.0,11.75,8500.0,8500.0,1500.0,0.15,0.0
tuna_synth_10000g,1,3.416208254889682,10000.0,90.1353408790122,309.0,507.8565849998205,98.7,0.0,976.0,11.72,8500.0,8500.0,1500.0,0.15,0.0
tuna_synth_10000g,1,3.153423004513556,10000.0,90.39812612938833,304.0,509.1880302683929,98.5,0.0,1002.0,11.32,8500.0,8500.0,1500.0,0.15,0.0
tuna_synth_10000g,1,2.8906377541374297,10000.0,90.66091137976446,299.25,510.4986717046438,98.2,0.0,990.0,11.5,8500.0,8500.0,1500.0,0.15,0.0
tuna_synth_10000g,1,2.6278525037613036,10000.0,90.92369663014058,294.5,511.7885093085733,98.0,0.0,986.0,11.62,8500.0,8500.0,1500.0,0.15,0.0
tuna_synth_10000g,1,2.3650672533851633,10000.0,91.18648188051672,289.5,513.0564481416382,98.3,0.0,979.0,11.72,8500.0,8500.0,1500.0,0.15,0.0
tuna_synth_10000g,1,2.1022820030090372,10000.0,91.44926713089285,284.75,514.3035831423814,98.0,0.0,979.0,11.72,8500.0,8500.0,1500.0,0.15,0.0
tuna_synth_10000g,1,1.8394967526329111,10000.0,91.71205238126898,280.25,515.5310092493465,97.7,0.0,975.0,11.72,8500.0,8500.0,1500.0,0.15,0.0
tuna_synth_10000g,1,1.5767115022567708,10000.0,91.97483763164512,275.75,516.7387264625336,97.4,0.0,969.0,11.86,8500.0,8500.0,1500.0,0.15,0.0
tuna_synth_10000g,1,1.3139262518806447,10000.0,92.23762288202124,271.75,517.9289246590288,97.0,0.0,958.0,11.99,8500.0,8500.0,1500.0,0.15,0.0
tuna_synth_10000g,1,1.0511410015045328,10000.0,92.50040813239735,267.75,519.1016038388321,97.4,0.0,950.0,12.07,8500.0,8500.0,1500.0,0.15,0.0
tuna_synth_10000g,1,0.7883557511283925,10000.0,92.7631933827735,263.5,520.2556690634007,97.0,0.0,949.0,12.19,8500.0,8500.0,1500.0,0.15,0.0
tuna_synth_10000g,1,0.5255705007522664,10000.0,93.02597863314962,259.25,521.3911203327341,96.6,0.0,949.0,12.14,8500.0,8500.0,1500.0,0.15,0.0
tuna_synth_10000g,1,0.2627852503761403,10000.0,93.28876388352575,255.75,522.5112424624624,96.3,0.0,945.0,12.24,8500.0,8500.0,1500.0,0.15,0.0
tuna_synth_10000g,1,0.0,10000.0,93.55154913390189,251.75,523.6138455754989,96.4,0.0,943.0,12.24,8500.0,8500.0,1500.0,0.15,0.0
